STRUCTURE,STRUCTURE_ID,freq,unit,severity,age,sex,nace_r1,deviatn,geo,TIME_PERIOD,OBS_VALUE,OBS_FLAG
dataflow,ESTAT:HSW_AW_DE1(1.0),A,NR,D_GE4,TOTAL,F,TOTAL,DEV_1,EU_V,2005,2424,
dataflow,ESTAT:HSW_AW_DE1(1.0),A,NR,D_GE4,TOTAL,F,TOTAL,DEV_2,EU_V,2005,13354,
dataflow,ESTAT:HSW_AW_DE1(1.0),A,NR,D_GE4,TOTAL,F,TOTAL,DEV_3,EU_V,2005,43644,
dataflow,ESTAT:HSW_AW_DE1(1.0),A,NR,D_GE4,TOTAL,F,TOTAL,DEV_4,EU_V,2005,137610,
dataflow,ESTAT:HSW_AW_DE1(1.0),A,NR,D_GE4,TOTAL,F,TOTAL,DEV_5,EU_V,2005,200918,
dataflow,ESTAT:HSW_AW_DE1(1.0),A,NR,D_GE4,TOTAL,F,TOTAL,DEV_6,EU_V,2005,102991,
dataflow,ESTAT:HSW_AW_DE1(1.0),A,NR,D_GE4,TOTAL,F,TOTAL,DEV_7,EU_V,2005,147682,
dataflow,ESTAT:HSW_AW_DE1(1.0),A,NR,D_GE4,TOTAL,F,TOTAL,DEV_8,EU_V,2005,29018,
dataflow,ESTAT:HSW_AW_DE1(1.0),A,NR,D_GE4,TOTAL,F,TOTAL,DEV_9,EU_V,2005,12167,
dataflow,ESTAT:HSW_AW_DE1(1.0),A,NR,D_GE4,TOTAL,F,TOTAL,TOTAL,EU_V,2005,689808,
dataflow,ESTAT:HSW_AW_DE1(1.0),A,NR,D_GE4,TOTAL,M,TOTAL,DEV_1,EU_V,2005,16471,
dataflow,ESTAT:HSW_AW_DE1(1.0),A,NR,D_GE4,TOTAL,M,TOTAL,DEV_2,EU_V,2005,49508,
dataflow,ESTAT:HSW_AW_DE1(1.0),A,NR,D_GE4,TOTAL,M,TOTAL,DEV_3,EU_V,2005,238135,
dataflow,ESTAT:HSW_AW_DE1(1.0),A,NR,D_GE4,TOTAL,M,TOTAL,DEV_4,EU_V,2005,630635,
dataflow,ESTAT:HSW_AW_DE1(1.0),A,NR,D_GE4,TOTAL,M,TOTAL,DEV_5,EU_V,2005,482914,
dataflow,ESTAT:HSW_AW_DE1(1.0),A,NR,D_GE4,TOTAL,M,TOTAL,DEV_6,EU_V,2005,351393,
dataflow,ESTAT:HSW_AW_DE1(1.0),A,NR,D_GE4,TOTAL,M,TOTAL,DEV_7,EU_V,2005,437863,
dataflow,ESTAT:HSW_AW_DE1(1.0),A,NR,D_GE4,TOTAL,M,TOTAL,DEV_8,EU_V,2005,46121,
dataflow,ESTAT:HSW_AW_DE1(1.0),A,NR,D_GE4,TOTAL,M,TOTAL,DEV_9,EU_V,2005,40507,
dataflow,ESTAT:HSW_AW_DE1(1.0),A,NR,D_GE4,TOTAL,M,TOTAL,TOTAL,EU_V,2005,2293552,
dataflow,ESTAT:HSW_AW_DE1(1.0),A,NR,D_GE4,TOTAL,T,A,DEV_1,EU_V,2005,505,
dataflow,ESTAT:HSW_AW_DE1(1.0),A,NR,D_GE4,TOTAL,T,A,DEV_2,EU_V,2005,1985,
dataflow,ESTAT:HSW_AW_DE1(1.0),A,NR,D_GE4,TOTAL,T,A,DEV_3,EU_V,2005,13536,
dataflow,ESTAT:HSW_AW_DE1(1.0),A,NR,D_GE4,TOTAL,T,A,DEV_4,EU_V,2005,32702,
dataflow,ESTAT:HSW_AW_DE1(1.0),A,NR,D_GE4,TOTAL,T,A,DEV_5,EU_V,2005,42546,
dataflow,ESTAT:HSW_AW_DE1(1.0),A,NR,D_GE4,TOTAL,T,A,DEV_6,EU_V,2005,18336,
dataflow,ESTAT:HSW_AW_DE1(1.0),A,NR,D_GE4,TOTAL,T,A,DEV_7,EU_V,2005,19398,
dataflow,ESTAT:HSW_AW_DE1(1.0),A,NR,D_GE4,TOTAL,T,A,DEV_8,EU_V,2005,6269,
dataflow,ESTAT:HSW_AW_DE1(1.0),A,NR,D_GE4,TOTAL,T,A,DEV_9,EU_V,2005,2559,
dataflow,ESTAT:HSW_AW_DE1(1.0),A,NR,D_GE4,TOTAL,T,A,TOTAL,EU_V,2005,137840,
dataflow,ESTAT:HSW_AW_DE1(1.0),A,NR,D_GE4,TOTAL,T,B,DEV_1,EU_V,2005,18,
dataflow,ESTAT:HSW_AW_DE1(1.0),A,NR,D_GE4,TOTAL,T,B,DEV_2,EU_V,2005,51,
dataflow,ESTAT:HSW_AW_DE1(1.0),A,NR,D_GE4,TOTAL,T,B,DEV_3,EU_V,2005,363,
dataflow,ESTAT:HSW_AW_DE1(1.0),A,NR,D_GE4,TOTAL,T,B,DEV_4,EU_V,2005,656,
dataflow,ESTAT:HSW_AW_DE1(1.0),A,NR,D_GE4,TOTAL,T,B,DEV_5,EU_V,2005,1237,
dataflow,ESTAT:HSW_AW_DE1(1.0),A,NR,D_GE4,TOTAL,T,B,DEV_6,EU_V,2005,531,
dataflow,ESTAT:HSW_AW_DE1(1.0),A,NR,D_GE4,TOTAL,T,B,DEV_7,EU_V,2005,1081,
dataflow,ESTAT:HSW_AW_DE1(1.0),A,NR,D_GE4,TOTAL,T,B,DEV_8,EU_V,2005,79,
dataflow,ESTAT:HSW_AW_DE1(1.0),A,NR,D_GE4,TOTAL,T,B,DEV_9,EU_V,2005,431,
dataflow,ESTAT:HSW_AW_DE1(1.0),A,NR,D_GE4,TOTAL,T,B,TOTAL,EU_V,2005,4449,
dataflow,ESTAT:HSW_AW_DE1(1.0),A,NR,D_GE4,TOTAL,T,C,DEV_1,EU_V,2005,196,
dataflow,ESTAT:HSW_AW_DE1(1.0),A,NR,D_GE4,TOTAL,T,C,DEV_2,EU_V,2005,655,
dataflow,ESTAT:HSW_AW_DE1(1.0),A,NR,D_GE4,TOTAL,T,C,DEV_3,EU_V,2005,5045,
dataflow,ESTAT:HSW_AW_DE1(1.0),A,NR,D_GE4,TOTAL,T,C,DEV_4,EU_V,2005,4646,
dataflow,ESTAT:HSW_AW_DE1(1.0),A,NR,D_GE4,TOTAL,T,C,DEV_5,EU_V,2005,4911,
dataflow,ESTAT:HSW_AW_DE1(1.0),A,NR,D_GE4,TOTAL,T,C,DEV_6,EU_V,2005,2066,
dataflow,ESTAT:HSW_AW_DE1(1.0),A,NR,D_GE4,TOTAL,T,C,DEV_7,EU_V,2005,3688,
dataflow,ESTAT:HSW_AW_DE1(1.0),A,NR,D_GE4,TOTAL,T,C,DEV_8,EU_V,2005,111,
dataflow,ESTAT:HSW_AW_DE1(1.0),A,NR,D_GE4,TOTAL,T,C,DEV_9,EU_V,2005,462,
dataflow,ESTAT:HSW_AW_DE1(1.0),A,NR,D_GE4,TOTAL,T,C,TOTAL,EU_V,2005,21780,
dataflow,ESTAT:HSW_AW_DE1(1.0),A,NR,D_GE4,TOTAL,T,D,DEV_1,EU_V,2005,6081,
dataflow,ESTAT:HSW_AW_DE1(1.0),A,NR,D_GE4,TOTAL,T,D,DEV_2,EU_V,2005,21799,
dataflow,ESTAT:HSW_AW_DE1(1.0),A,NR,D_GE4,TOTAL,T,D,DEV_3,EU_V,2005,86461,
dataflow,ESTAT:HSW_AW_DE1(1.0),A,NR,D_GE4,TOTAL,T,D,DEV_4,EU_V,2005,285531,
dataflow,ESTAT:HSW_AW_DE1(1.0),A,NR,D_GE4,TOTAL,T,D,DEV_5,EU_V,2005,130435,
dataflow,ESTAT:HSW_AW_DE1(1.0),A,NR,D_GE4,TOTAL,T,D,DEV_6,EU_V,2005,128748,
dataflow,ESTAT:HSW_AW_DE1(1.0),A,NR,D_GE4,TOTAL,T,D,DEV_7,EU_V,2005,141471,
dataflow,ESTAT:HSW_AW_DE1(1.0),A,NR,D_GE4,TOTAL,T,D,DEV_8,EU_V,2005,5446,
dataflow,ESTAT:HSW_AW_DE1(1.0),A,NR,D_GE4,TOTAL,T,D,DEV_9,EU_V,2005,13605,
dataflow,ESTAT:HSW_AW_DE1(1.0),A,NR,D_GE4,TOTAL,T,D,TOTAL,EU_V,2005,819574,
dataflow,ESTAT:HSW_AW_DE1(1.0),A,NR,D_GE4,TOTAL,T,E,DEV_1,EU_V,2005,406,
dataflow,ESTAT:HSW_AW_DE1(1.0),A,NR,D_GE4,TOTAL,T,E,DEV_2,EU_V,2005,351,
dataflow,ESTAT:HSW_AW_DE1(1.0),A,NR,D_GE4,TOTAL,T,E,DEV_3,EU_V,2005,1717,
dataflow,ESTAT:HSW_AW_DE1(1.0),A,NR,D_GE4,TOTAL,T,E,DEV_4,EU_V,2005,4240,
dataflow,ESTAT:HSW_AW_DE1(1.0),A,NR,D_GE4,TOTAL,T,E,DEV_5,EU_V,2005,4918,
dataflow,ESTAT:HSW_AW_DE1(1.0),A,NR,D_GE4,TOTAL,T,E,DEV_6,EU_V,2005,2773,
dataflow,ESTAT:HSW_AW_DE1(1.0),A,NR,D_GE4,TOTAL,T,E,DEV_7,EU_V,2005,4103,
dataflow,ESTAT:HSW_AW_DE1(1.0),A,NR,D_GE4,TOTAL,T,E,DEV_8,EU_V,2005,396,
dataflow,ESTAT:HSW_AW_DE1(1.0),A,NR,D_GE4,TOTAL,T,E,DEV_9,EU_V,2005,317,
dataflow,ESTAT:HSW_AW_DE1(1.0),A,NR,D_GE4,TOTAL,T,E,TOTAL,EU_V,2005,19220,
dataflow,ESTAT:HSW_AW_DE1(1.0),A,NR,D_GE4,TOTAL,T,F,DEV_1,EU_V,2005,3965,
dataflow,ESTAT:HSW_AW_DE1(1.0),A,NR,D_GE4,TOTAL,T,F,DEV_2,EU_V,2005,10997,
dataflow,ESTAT:HSW_AW_DE1(1.0),A,NR,D_GE4,TOTAL,T,F,DEV_3,EU_V,2005,61955,
dataflow,ESTAT:HSW_AW_DE1(1.0),A,NR,D_GE4,TOTAL,T,F,DEV_4,EU_V,2005,127986,
dataflow,ESTAT:HSW_AW_DE1(1.0),A,NR,D_GE4,TOTAL,T,F,DEV_5,EU_V,2005,134613,
dataflow,ESTAT:HSW_AW_DE1(1.0),A,NR,D_GE4,TOTAL,T,F,DEV_6,EU_V,2005,79626,
dataflow,ESTAT:HSW_AW_DE1(1.0),A,NR,D_GE4,TOTAL,T,F,DEV_7,EU_V,2005,105977,
dataflow,ESTAT:HSW_AW_DE1(1.0),A,NR,D_GE4,TOTAL,T,F,DEV_8,EU_V,2005,3461,
dataflow,ESTAT:HSW_AW_DE1(1.0),A,NR,D_GE4,TOTAL,T,F,DEV_9,EU_V,2005,9764,
dataflow,ESTAT:HSW_AW_DE1(1.0),A,NR,D_GE4,TOTAL,T,F,TOTAL,EU_V,2005,538342,
dataflow,ESTAT:HSW_AW_DE1(1.0),A,NR,D_GE4,TOTAL,T,G,DEV_1,EU_V,2005,2022,
dataflow,ESTAT:HSW_AW_DE1(1.0),A,NR,D_GE4,TOTAL,T,G,DEV_2,EU_V,2005,4637,
dataflow,ESTAT:HSW_AW_DE1(1.0),A,NR,D_GE4,TOTAL,T,G,DEV_3,EU_V,2005,31541,
dataflow,ESTAT:HSW_AW_DE1(1.0),A,NR,D_GE4,TOTAL,T,G,DEV_4,EU_V,2005,93882,
dataflow,ESTAT:HSW_AW_DE1(1.0),A,NR,D_GE4,TOTAL,T,G,DEV_5,EU_V,2005,71015,
dataflow,ESTAT:HSW_AW_DE1(1.0),A,NR,D_GE4,TOTAL,T,G,DEV_6,EU_V,2005,56523,
dataflow,ESTAT:HSW_AW_DE1(1.0),A,NR,D_GE4,TOTAL,T,G,DEV_7,EU_V,2005,77518,
dataflow,ESTAT:HSW_AW_DE1(1.0),A,NR,D_GE4,TOTAL,T,G,DEV_8,EU_V,2005,5432,
dataflow,ESTAT:HSW_AW_DE1(1.0),A,NR,D_GE4,TOTAL,T,G,DEV_9,EU_V,2005,5920,
dataflow,ESTAT:HSW_AW_DE1(1.0),A,NR,D_GE4,TOTAL,T,G,TOTAL,EU_V,2005,348490,
dataflow,ESTAT:HSW_AW_DE1(1.0),A,NR,D_GE4,TOTAL,T,H,DEV_1,EU_V,2005,1064,
dataflow,ESTAT:HSW_AW_DE1(1.0),A,NR,D_GE4,TOTAL,T,H,DEV_2,EU_V,2005,6984,
dataflow,ESTAT:HSW_AW_DE1(1.0),A,NR,D_GE4,TOTAL,T,H,DEV_3,EU_V,2005,14587,
dataflow,ESTAT:HSW_AW_DE1(1.0),A,NR,D_GE4,TOTAL,T,H,DEV_4,EU_V,2005,33881,
dataflow,ESTAT:HSW_AW_DE1(1.0),A,NR,D_GE4,TOTAL,T,H,DEV_5,EU_V,2005,37930,
dataflow,ESTAT:HSW_AW_DE1(1.0),A,NR,D_GE4,TOTAL,T,H,DEV_6,EU_V,2005,23856,
dataflow,ESTAT:HSW_AW_DE1(1.0),A,NR,D_GE4,TOTAL,T,H,DEV_7,EU_V,2005,21353,
dataflow,ESTAT:HSW_AW_DE1(1.0),A,NR,D_GE4,TOTAL,T,H,DEV_8,EU_V,2005,2700,
dataflow,ESTAT:HSW_AW_DE1(1.0),A,NR,D_GE4,TOTAL,T,H,DEV_9,EU_V,2005,2281,
dataflow,ESTAT:HSW_AW_DE1(1.0),A,NR,D_GE4,TOTAL,T,H,TOTAL,EU_V,2005,144642,
dataflow,ESTAT:HSW_AW_DE1(1.0),A,NR,D_GE4,TOTAL,T,I,DEV_1,EU_V,2005,971,
dataflow,ESTAT:HSW_AW_DE1(1.0),A,NR,D_GE4,TOTAL,T,I,DEV_2,EU_V,2005,3152,
dataflow,ESTAT:HSW_AW_DE1(1.0),A,NR,D_GE4,TOTAL,T,I,DEV_3,EU_V,2005,18247,
dataflow,ESTAT:HSW_AW_DE1(1.0),A,NR,D_GE4,TOTAL,T,I,DEV_4,EU_V,2005,56300,
dataflow,ESTAT:HSW_AW_DE1(1.0),A,NR,D_GE4,TOTAL,T,I,DEV_5,EU_V,2005,62680,
dataflow,ESTAT:HSW_AW_DE1(1.0),A,NR,D_GE4,TOTAL,T,I,DEV_6,EU_V,2005,33400,
dataflow,ESTAT:HSW_AW_DE1(1.0),A,NR,D_GE4,TOTAL,T,I,DEV_7,EU_V,2005,50181,
dataflow,ESTAT:HSW_AW_DE1(1.0),A,NR,D_GE4,TOTAL,T,I,DEV_8,EU_V,2005,9031,
dataflow,ESTAT:HSW_AW_DE1(1.0),A,NR,D_GE4,TOTAL,T,I,DEV_9,EU_V,2005,3765,
dataflow,ESTAT:HSW_AW_DE1(1.0),A,NR,D_GE4,TOTAL,T,I,TOTAL,EU_V,2005,237728,
dataflow,ESTAT:HSW_AW_DE1(1.0),A,NR,D_GE4,TOTAL,T,J,DEV_1,EU_V,2005,97,
dataflow,ESTAT:HSW_AW_DE1(1.0),A,NR,D_GE4,TOTAL,T,J,DEV_2,EU_V,2005,119,
dataflow,ESTAT:HSW_AW_DE1(1.0),A,NR,D_GE4,TOTAL,T,J,DEV_3,EU_V,2005,567,
dataflow,ESTAT:HSW_AW_DE1(1.0),A,NR,D_GE4,TOTAL,T,J,DEV_4,EU_V,2005,2254,
dataflow,ESTAT:HSW_AW_DE1(1.0),A,NR,D_GE4,TOTAL,T,J,DEV_5,EU_V,2005,5074,
dataflow,ESTAT:HSW_AW_DE1(1.0),A,NR,D_GE4,TOTAL,T,J,DEV_6,EU_V,2005,2290,
dataflow,ESTAT:HSW_AW_DE1(1.0),A,NR,D_GE4,TOTAL,T,J,DEV_7,EU_V,2005,2312,
dataflow,ESTAT:HSW_AW_DE1(1.0),A,NR,D_GE4,TOTAL,T,J,DEV_8,EU_V,2005,1627,
dataflow,ESTAT:HSW_AW_DE1(1.0),A,NR,D_GE4,TOTAL,T,J,DEV_9,EU_V,2005,274,
dataflow,ESTAT:HSW_AW_DE1(1.0),A,NR,D_GE4,TOTAL,T,J,TOTAL,EU_V,2005,14617,
dataflow,ESTAT:HSW_AW_DE1(1.0),A,NR,D_GE4,TOTAL,T,K,DEV_1,EU_V,2005,1217,
dataflow,ESTAT:HSW_AW_DE1(1.0),A,NR,D_GE4,TOTAL,T,K,DEV_2,EU_V,2005,3482,
dataflow,ESTAT:HSW_AW_DE1(1.0),A,NR,D_GE4,TOTAL,T,K,DEV_3,EU_V,2005,17321,
dataflow,ESTAT:HSW_AW_DE1(1.0),A,NR,D_GE4,TOTAL,T,K,DEV_4,EU_V,2005,41486,
dataflow,ESTAT:HSW_AW_DE1(1.0),A,NR,D_GE4,TOTAL,T,K,DEV_5,EU_V,2005,51237,
dataflow,ESTAT:HSW_AW_DE1(1.0),A,NR,D_GE4,TOTAL,T,K,DEV_6,EU_V,2005,29086,
dataflow,ESTAT:HSW_AW_DE1(1.0),A,NR,D_GE4,TOTAL,T,K,DEV_7,EU_V,2005,33304,
dataflow,ESTAT:HSW_AW_DE1(1.0),A,NR,D_GE4,TOTAL,T,K,DEV_8,EU_V,2005,5220,
dataflow,ESTAT:HSW_AW_DE1(1.0),A,NR,D_GE4,TOTAL,T,K,DEV_9,EU_V,2005,3024,
dataflow,ESTAT:HSW_AW_DE1(1.0),A,NR,D_GE4,TOTAL,T,K,TOTAL,EU_V,2005,185376,
dataflow,ESTAT:HSW_AW_DE1(1.0),A,NR,D_GE4,TOTAL,T,L,DEV_1,EU_V,2005,610,
dataflow,ESTAT:HSW_AW_DE1(1.0),A,NR,D_GE4,TOTAL,T,L,DEV_2,EU_V,2005,1398,
dataflow,ESTAT:HSW_AW_DE1(1.0),A,NR,D_GE4,TOTAL,T,L,DEV_3,EU_V,2005,7158,
dataflow,ESTAT:HSW_AW_DE1(1.0),A,NR,D_GE4,TOTAL,T,L,DEV_4,EU_V,2005,18802,
dataflow,ESTAT:HSW_AW_DE1(1.0),A,NR,D_GE4,TOTAL,T,L,DEV_5,EU_V,2005,36524,
dataflow,ESTAT:HSW_AW_DE1(1.0),A,NR,D_GE4,TOTAL,T,L,DEV_6,EU_V,2005,16134,
dataflow,ESTAT:HSW_AW_DE1(1.0),A,NR,D_GE4,TOTAL,T,L,DEV_7,EU_V,2005,31481,
dataflow,ESTAT:HSW_AW_DE1(1.0),A,NR,D_GE4,TOTAL,T,L,DEV_8,EU_V,2005,9267,
dataflow,ESTAT:HSW_AW_DE1(1.0),A,NR,D_GE4,TOTAL,T,L,DEV_9,EU_V,2005,3108,
dataflow,ESTAT:HSW_AW_DE1(1.0),A,NR,D_GE4,TOTAL,T,L,TOTAL,EU_V,2005,124480,
dataflow,ESTAT:HSW_AW_DE1(1.0),A,NR,D_GE4,TOTAL,T,M,DEV_1,EU_V,2005,343,
dataflow,ESTAT:HSW_AW_DE1(1.0),A,NR,D_GE4,TOTAL,T,M,DEV_2,EU_V,2005,903,
dataflow,ESTAT:HSW_AW_DE1(1.0),A,NR,D_GE4,TOTAL,T,M,DEV_3,EU_V,2005,3580,
dataflow,ESTAT:HSW_AW_DE1(1.0),A,NR,D_GE4,TOTAL,T,M,DEV_4,EU_V,2005,9479,
dataflow,ESTAT:HSW_AW_DE1(1.0),A,NR,D_GE4,TOTAL,T,M,DEV_5,EU_V,2005,20108,
dataflow,ESTAT:HSW_AW_DE1(1.0),A,NR,D_GE4,TOTAL,T,M,DEV_6,EU_V,2005,9442,
dataflow,ESTAT:HSW_AW_DE1(1.0),A,NR,D_GE4,TOTAL,T,M,DEV_7,EU_V,2005,12868,
dataflow,ESTAT:HSW_AW_DE1(1.0),A,NR,D_GE4,TOTAL,T,M,DEV_8,EU_V,2005,4023,
dataflow,ESTAT:HSW_AW_DE1(1.0),A,NR,D_GE4,TOTAL,T,M,DEV_9,EU_V,2005,1135,
dataflow,ESTAT:HSW_AW_DE1(1.0),A,NR,D_GE4,TOTAL,T,M,TOTAL,EU_V,2005,61880,
dataflow,ESTAT:HSW_AW_DE1(1.0),A,NR,D_GE4,TOTAL,T,N,DEV_1,EU_V,2005,605,
dataflow,ESTAT:HSW_AW_DE1(1.0),A,NR,D_GE4,TOTAL,T,N,DEV_2,EU_V,2005,3535,
dataflow,ESTAT:HSW_AW_DE1(1.0),A,NR,D_GE4,TOTAL,T,N,DEV_3,EU_V,2005,8243,
dataflow,ESTAT:HSW_AW_DE1(1.0),A,NR,D_GE4,TOTAL,T,N,DEV_4,EU_V,2005,26331,
dataflow,ESTAT:HSW_AW_DE1(1.0),A,NR,D_GE4,TOTAL,T,N,DEV_5,EU_V,2005,42775,
dataflow,ESTAT:HSW_AW_DE1(1.0),A,NR,D_GE4,TOTAL,T,N,DEV_6,EU_V,2005,26987,
dataflow,ESTAT:HSW_AW_DE1(1.0),A,NR,D_GE4,TOTAL,T,N,DEV_7,EU_V,2005,51218,
dataflow,ESTAT:HSW_AW_DE1(1.0),A,NR,D_GE4,TOTAL,T,N,DEV_8,EU_V,2005,14952,
dataflow,ESTAT:HSW_AW_DE1(1.0),A,NR,D_GE4,TOTAL,T,N,DEV_9,EU_V,2005,3287,
dataflow,ESTAT:HSW_AW_DE1(1.0),A,NR,D_GE4,TOTAL,T,N,TOTAL,EU_V,2005,177933,
dataflow,ESTAT:HSW_AW_DE1(1.0),A,NR,D_GE4,TOTAL,T,O,DEV_1,EU_V,2005,562,
dataflow,ESTAT:HSW_AW_DE1(1.0),A,NR,D_GE4,TOTAL,T,O,DEV_2,EU_V,2005,1990,
dataflow,ESTAT:HSW_AW_DE1(1.0),A,NR,D_GE4,TOTAL,T,O,DEV_3,EU_V,2005,7464,
dataflow,ESTAT:HSW_AW_DE1(1.0),A,NR,D_GE4,TOTAL,T,O,DEV_4,EU_V,2005,19687,
dataflow,ESTAT:HSW_AW_DE1(1.0),A,NR,D_GE4,TOTAL,T,O,DEV_5,EU_V,2005,30676,
dataflow,ESTAT:HSW_AW_DE1(1.0),A,NR,D_GE4,TOTAL,T,O,DEV_6,EU_V,2005,18760,
dataflow,ESTAT:HSW_AW_DE1(1.0),A,NR,D_GE4,TOTAL,T,O,DEV_7,EU_V,2005,25608,
dataflow,ESTAT:HSW_AW_DE1(1.0),A,NR,D_GE4,TOTAL,T,O,DEV_8,EU_V,2005,6543,
dataflow,ESTAT:HSW_AW_DE1(1.0),A,NR,D_GE4,TOTAL,T,O,DEV_9,EU_V,2005,2235,
dataflow,ESTAT:HSW_AW_DE1(1.0),A,NR,D_GE4,TOTAL,T,O,TOTAL,EU_V,2005,113526,
dataflow,ESTAT:HSW_AW_DE1(1.0),A,NR,D_GE4,TOTAL,T,P,DEV_1,EU_V,2005,36,
dataflow,ESTAT:HSW_AW_DE1(1.0),A,NR,D_GE4,TOTAL,T,P,DEV_2,EU_V,2005,40,
dataflow,ESTAT:HSW_AW_DE1(1.0),A,NR,D_GE4,TOTAL,T,P,DEV_3,EU_V,2005,229,
dataflow,ESTAT:HSW_AW_DE1(1.0),A,NR,D_GE4,TOTAL,T,P,DEV_4,EU_V,2005,528,
dataflow,ESTAT:HSW_AW_DE1(1.0),A,NR,D_GE4,TOTAL,T,P,DEV_5,EU_V,2005,1646,
dataflow,ESTAT:HSW_AW_DE1(1.0),A,NR,D_GE4,TOTAL,T,P,DEV_6,EU_V,2005,470,
dataflow,ESTAT:HSW_AW_DE1(1.0),A,NR,D_GE4,TOTAL,T,P,DEV_7,EU_V,2005,468,
dataflow,ESTAT:HSW_AW_DE1(1.0),A,NR,D_GE4,TOTAL,T,P,DEV_8,EU_V,2005,72,
dataflow,ESTAT:HSW_AW_DE1(1.0),A,NR,D_GE4,TOTAL,T,P,DEV_9,EU_V,2005,60,
dataflow,ESTAT:HSW_AW_DE1(1.0),A,NR,D_GE4,TOTAL,T,P,TOTAL,EU_V,2005,3549,
dataflow,ESTAT:HSW_AW_DE1(1.0),A,NR,D_GE4,TOTAL,T,Q,DEV_2,EU_V,2005,6,
dataflow,ESTAT:HSW_AW_DE1(1.0),A,NR,D_GE4,TOTAL,T,Q,DEV_3,EU_V,2005,40,
dataflow,ESTAT:HSW_AW_DE1(1.0),A,NR,D_GE4,TOTAL,T,Q,DEV_4,EU_V,2005,81,
dataflow,ESTAT:HSW_AW_DE1(1.0),A,NR,D_GE4,TOTAL,T,Q,DEV_5,EU_V,2005,92,
dataflow,ESTAT:HSW_AW_DE1(1.0),A,NR,D_GE4,TOTAL,T,Q,DEV_6,EU_V,2005,74,
dataflow,ESTAT:HSW_AW_DE1(1.0),A,NR,D_GE4,TOTAL,T,Q,DEV_7,EU_V,2005,79,
dataflow,ESTAT:HSW_AW_DE1(1.0),A,NR,D_GE4,TOTAL,T,Q,DEV_8,EU_V,2005,12,
dataflow,ESTAT:HSW_AW_DE1(1.0),A,NR,D_GE4,TOTAL,T,Q,DEV_9,EU_V,2005,20,
dataflow,ESTAT:HSW_AW_DE1(1.0),A,NR,D_GE4,TOTAL,T,Q,TOTAL,EU_V,2005,406,
dataflow,ESTAT:HSW_AW_DE1(1.0),A,NR,D_GE4,TOTAL,T,TOTAL,DEV_1,EU_V,2005,18919,
dataflow,ESTAT:HSW_AW_DE1(1.0),A,NR,D_GE4,TOTAL,T,TOTAL,DEV_2,EU_V,2005,62908,
dataflow,ESTAT:HSW_AW_DE1(1.0),A,NR,D_GE4,TOTAL,T,TOTAL,DEV_3,EU_V,2005,281900,
dataflow,ESTAT:HSW_AW_DE1(1.0),A,NR,D_GE4,TOTAL,T,TOTAL,DEV_4,EU_V,2005,768493,
dataflow,ESTAT:HSW_AW_DE1(1.0),A,NR,D_GE4,TOTAL,T,TOTAL,DEV_5,EU_V,2005,684026,
dataflow,ESTAT:HSW_AW_DE1(1.0),A,NR,D_GE4,TOTAL,T,TOTAL,DEV_6,EU_V,2005,454587,
dataflow,ESTAT:HSW_AW_DE1(1.0),A,NR,D_GE4,TOTAL,T,TOTAL,DEV_7,EU_V,2005,585695,
dataflow,ESTAT:HSW_AW_DE1(1.0),A,NR,D_GE4,TOTAL,T,TOTAL,DEV_8,EU_V,2005,75140,
dataflow,ESTAT:HSW_AW_DE1(1.0),A,NR,D_GE4,TOTAL,T,TOTAL,DEV_9,EU_V,2005,52677,
dataflow,ESTAT:HSW_AW_DE1(1.0),A,NR,D_GE4,TOTAL,T,TOTAL,TOTAL,EU_V,2005,2984344,
dataflow,ESTAT:HSW_AW_DE1(1.0),A,NR,D_GE4,TOTAL,T,UNK,DEV_1,EU_V,2005,217,
dataflow,ESTAT:HSW_AW_DE1(1.0),A,NR,D_GE4,TOTAL,T,UNK,DEV_2,EU_V,2005,827,
dataflow,ESTAT:HSW_AW_DE1(1.0),A,NR,D_GE4,TOTAL,T,UNK,DEV_3,EU_V,2005,3842,
dataflow,ESTAT:HSW_AW_DE1(1.0),A,NR,D_GE4,TOTAL,T,UNK,DEV_4,EU_V,2005,10018,
dataflow,ESTAT:HSW_AW_DE1(1.0),A,NR,D_GE4,TOTAL,T,UNK,DEV_5,EU_V,2005,5607,
dataflow,ESTAT:HSW_AW_DE1(1.0),A,NR,D_GE4,TOTAL,T,UNK,DEV_6,EU_V,2005,5487,
dataflow,ESTAT:HSW_AW_DE1(1.0),A,NR,D_GE4,TOTAL,T,UNK,DEV_7,EU_V,2005,3587,
dataflow,ESTAT:HSW_AW_DE1(1.0),A,NR,D_GE4,TOTAL,T,UNK,DEV_8,EU_V,2005,496,
dataflow,ESTAT:HSW_AW_DE1(1.0),A,NR,D_GE4,TOTAL,T,UNK,DEV_9,EU_V,2005,429,
dataflow,ESTAT:HSW_AW_DE1(1.0),A,NR,D_GE4,TOTAL,T,UNK,TOTAL,EU_V,2005,30509,
dataflow,ESTAT:HSW_AW_DE1(1.0),A,NR,D_GE4,TOTAL,UNK,TOTAL,DEV_1,EU_V,2005,21,
dataflow,ESTAT:HSW_AW_DE1(1.0),A,NR,D_GE4,TOTAL,UNK,TOTAL,DEV_2,EU_V,2005,45,
dataflow,ESTAT:HSW_AW_DE1(1.0),A,NR,D_GE4,TOTAL,UNK,TOTAL,DEV_3,EU_V,2005,122,
dataflow,ESTAT:HSW_AW_DE1(1.0),A,NR,D_GE4,TOTAL,UNK,TOTAL,DEV_4,EU_V,2005,248,
dataflow,ESTAT:HSW_AW_DE1(1.0),A,NR,D_GE4,TOTAL,UNK,TOTAL,DEV_5,EU_V,2005,193,
dataflow,ESTAT:HSW_AW_DE1(1.0),A,NR,D_GE4,TOTAL,UNK,TOTAL,DEV_6,EU_V,2005,202,
dataflow,ESTAT:HSW_AW_DE1(1.0),A,NR,D_GE4,TOTAL,UNK,TOTAL,DEV_7,EU_V,2005,151,
dataflow,ESTAT:HSW_AW_DE1(1.0),A,NR,D_GE4,TOTAL,UNK,TOTAL,TOTAL,EU_V,2005,983,
dataflow,ESTAT:HSW_AW_DE1(1.0),A,NR,D_GE4,UNK,T,TOTAL,DEV_1,EU_V,2005,377,
dataflow,ESTAT:HSW_AW_DE1(1.0),A,NR,D_GE4,UNK,T,TOTAL,DEV_2,EU_V,2005,188,
dataflow,ESTAT:HSW_AW_DE1(1.0),A,NR,D_GE4,UNK,T,TOTAL,DEV_3,EU_V,2005,1127,
dataflow,ESTAT:HSW_AW_DE1(1.0),A,NR,D_GE4,UNK,T,TOTAL,DEV_4,EU_V,2005,7959,
dataflow,ESTAT:HSW_AW_DE1(1.0),A,NR,D_GE4,UNK,T,TOTAL,DEV_5,EU_V,2005,17516,
dataflow,ESTAT:HSW_AW_DE1(1.0),A,NR,D_GE4,UNK,T,TOTAL,DEV_6,EU_V,2005,4790,
dataflow,ESTAT:HSW_AW_DE1(1.0),A,NR,D_GE4,UNK,T,TOTAL,DEV_7,EU_V,2005,10967,
dataflow,ESTAT:HSW_AW_DE1(1.0),A,NR,D_GE4,UNK,T,TOTAL,DEV_8,EU_V,2005,2583,
dataflow,ESTAT:HSW_AW_DE1(1.0),A,NR,D_GE4,UNK,T,TOTAL,DEV_9,EU_V,2005,1536,
dataflow,ESTAT:HSW_AW_DE1(1.0),A,NR,D_GE4,UNK,T,TOTAL,TOTAL,EU_V,2005,47041,
dataflow,ESTAT:HSW_AW_DE1(1.0),A,NR,D_GE4,Y15-17,T,TOTAL,DEV_1,EU_V,2005,344,
dataflow,ESTAT:HSW_AW_DE1(1.0),A,NR,D_GE4,Y15-17,T,TOTAL,DEV_2,EU_V,2005,789,
dataflow,ESTAT:HSW_AW_DE1(1.0),A,NR,D_GE4,Y15-17,T,TOTAL,DEV_3,EU_V,2005,3405,
dataflow,ESTAT:HSW_AW_DE1(1.0),A,NR,D_GE4,Y15-17,T,TOTAL,DEV_4,EU_V,2005,11507,
dataflow,ESTAT:HSW_AW_DE1(1.0),A,NR,D_GE4,Y15-17,T,TOTAL,DEV_5,EU_V,2005,5335,
dataflow,ESTAT:HSW_AW_DE1(1.0),A,NR,D_GE4,Y15-17,T,TOTAL,DEV_6,EU_V,2005,5893,
dataflow,ESTAT:HSW_AW_DE1(1.0),A,NR,D_GE4,Y15-17,T,TOTAL,DEV_7,EU_V,2005,4628,
dataflow,ESTAT:HSW_AW_DE1(1.0),A,NR,D_GE4,Y15-17,T,TOTAL,DEV_8,EU_V,2005,520,
dataflow,ESTAT:HSW_AW_DE1(1.0),A,NR,D_GE4,Y15-17,T,TOTAL,DEV_9,EU_V,2005,627,
dataflow,ESTAT:HSW_AW_DE1(1.0),A,NR,D_GE4,Y15-17,T,TOTAL,TOTAL,EU_V,2005,33047,
dataflow,ESTAT:HSW_AW_DE1(1.0),A,NR,D_GE4,Y18-24,T,TOTAL,DEV_1,EU_V,2005,3225,
dataflow,ESTAT:HSW_AW_DE1(1.0),A,NR,D_GE4,Y18-24,T,TOTAL,DEV_2,EU_V,2005,10134,
dataflow,ESTAT:HSW_AW_DE1(1.0),A,NR,D_GE4,Y18-24,T,TOTAL,DEV_3,EU_V,2005,43096,
dataflow,ESTAT:HSW_AW_DE1(1.0),A,NR,D_GE4,Y18-24,T,TOTAL,DEV_4,EU_V,2005,139213,
dataflow,ESTAT:HSW_AW_DE1(1.0),A,NR,D_GE4,Y18-24,T,TOTAL,DEV_5,EU_V,2005,71263,
dataflow,ESTAT:HSW_AW_DE1(1.0),A,NR,D_GE4,Y18-24,T,TOTAL,DEV_6,EU_V,2005,70042,
dataflow,ESTAT:HSW_AW_DE1(1.0),A,NR,D_GE4,Y18-24,T,TOTAL,DEV_7,EU_V,2005,77908,
dataflow,ESTAT:HSW_AW_DE1(1.0),A,NR,D_GE4,Y18-24,T,TOTAL,DEV_8,EU_V,2005,9259,
dataflow,ESTAT:HSW_AW_DE1(1.0),A,NR,D_GE4,Y18-24,T,TOTAL,DEV_9,EU_V,2005,8214,
dataflow,ESTAT:HSW_AW_DE1(1.0),A,NR,D_GE4,Y18-24,T,TOTAL,TOTAL,EU_V,2005,432357,
dataflow,ESTAT:HSW_AW_DE1(1.0),A,NR,D_GE4,Y25-34,T,TOTAL,DEV_1,EU_V,2005,5146,
dataflow,ESTAT:HSW_AW_DE1(1.0),A,NR,D_GE4,Y25-34,T,TOTAL,DEV_2,EU_V,2005,17418,
dataflow,ESTAT:HSW_AW_DE1(1.0),A,NR,D_GE4,Y25-34,T,TOTAL,DEV_3,EU_V,2005,75323,
dataflow,ESTAT:HSW_AW_DE1(1.0),A,NR,D_GE4,Y25-34,T,TOTAL,DEV_4,EU_V,2005,204821,
dataflow,ESTAT:HSW_AW_DE1(1.0),A,NR,D_GE4,Y25-34,T,TOTAL,DEV_5,EU_V,2005,147057,
dataflow,ESTAT:HSW_AW_DE1(1.0),A,NR,D_GE4,Y25-34,T,TOTAL,DEV_6,EU_V,2005,122510,
dataflow,ESTAT:HSW_AW_DE1(1.0),A,NR,D_GE4,Y25-34,T,TOTAL,DEV_7,EU_V,2005,162288,
dataflow,ESTAT:HSW_AW_DE1(1.0),A,NR,D_GE4,Y25-34,T,TOTAL,DEV_8,EU_V,2005,20339,
dataflow,ESTAT:HSW_AW_DE1(1.0),A,NR,D_GE4,Y25-34,T,TOTAL,DEV_9,EU_V,2005,14867,
dataflow,ESTAT:HSW_AW_DE1(1.0),A,NR,D_GE4,Y25-34,T,TOTAL,TOTAL,EU_V,2005,769769,
dataflow,ESTAT:HSW_AW_DE1(1.0),A,NR,D_GE4,Y35-44,T,TOTAL,DEV_1,EU_V,2005,4946,
dataflow,ESTAT:HSW_AW_DE1(1.0),A,NR,D_GE4,Y35-44,T,TOTAL,DEV_2,EU_V,2005,17303,
dataflow,ESTAT:HSW_AW_DE1(1.0),A,NR,D_GE4,Y35-44,T,TOTAL,DEV_3,EU_V,2005,75158,
dataflow,ESTAT:HSW_AW_DE1(1.0),A,NR,D_GE4,Y35-44,T,TOTAL,DEV_4,EU_V,2005,196988,
dataflow,ESTAT:HSW_AW_DE1(1.0),A,NR,D_GE4,Y35-44,T,TOTAL,DEV_5,EU_V,2005,173941,
dataflow,ESTAT:HSW_AW_DE1(1.0),A,NR,D_GE4,Y35-44,T,TOTAL,DEV_6,EU_V,2005,121422,
dataflow,ESTAT:HSW_AW_DE1(1.0),A,NR,D_GE4,Y35-44,T,TOTAL,DEV_7,EU_V,2005,162527,
dataflow,ESTAT:HSW_AW_DE1(1.0),A,NR,D_GE4,Y35-44,T,TOTAL,DEV_8,EU_V,2005,19899,
dataflow,ESTAT:HSW_AW_DE1(1.0),A,NR,D_GE4,Y35-44,T,TOTAL,DEV_9,EU_V,2005,13334,
dataflow,ESTAT:HSW_AW_DE1(1.0),A,NR,D_GE4,Y35-44,T,TOTAL,TOTAL,EU_V,2005,785517,
dataflow,ESTAT:HSW_AW_DE1(1.0),A,NR,D_GE4,Y45-54,T,TOTAL,DEV_1,EU_V,2005,3453,
dataflow,ESTAT:HSW_AW_DE1(1.0),A,NR,D_GE4,Y45-54,T,TOTAL,DEV_2,EU_V,2005,11926,
dataflow,ESTAT:HSW_AW_DE1(1.0),A,NR,D_GE4,Y45-54,T,TOTAL,DEV_3,EU_V,2005,57370,
dataflow,ESTAT:HSW_AW_DE1(1.0),A,NR,D_GE4,Y45-54,T,TOTAL,DEV_4,EU_V,2005,142027,
dataflow,ESTAT:HSW_AW_DE1(1.0),A,NR,D_GE4,Y45-54,T,TOTAL,DEV_5,EU_V,2005,163462,
dataflow,ESTAT:HSW_AW_DE1(1.0),A,NR,D_GE4,Y45-54,T,TOTAL,DEV_6,EU_V,2005,88854,
dataflow,ESTAT:HSW_AW_DE1(1.0),A,NR,D_GE4,Y45-54,T,TOTAL,DEV_7,EU_V,2005,116403,
dataflow,ESTAT:HSW_AW_DE1(1.0),A,NR,D_GE4,Y45-54,T,TOTAL,DEV_8,EU_V,2005,15469,
dataflow,ESTAT:HSW_AW_DE1(1.0),A,NR,D_GE4,Y45-54,T,TOTAL,DEV_9,EU_V,2005,9737,
dataflow,ESTAT:HSW_AW_DE1(1.0),A,NR,D_GE4,Y45-54,T,TOTAL,TOTAL,EU_V,2005,608700,
dataflow,ESTAT:HSW_AW_DE1(1.0),A,NR,D_GE4,Y55-64,T,TOTAL,DEV_1,EU_V,2005,1334,
dataflow,ESTAT:HSW_AW_DE1(1.0),A,NR,D_GE4,Y55-64,T,TOTAL,DEV_2,EU_V,2005,4740,
dataflow,ESTAT:HSW_AW_DE1(1.0),A,NR,D_GE4,Y55-64,T,TOTAL,DEV_3,EU_V,2005,24375,
dataflow,ESTAT:HSW_AW_DE1(1.0),A,NR,D_GE4,Y55-64,T,TOTAL,DEV_4,EU_V,2005,60190,
dataflow,ESTAT:HSW_AW_DE1(1.0),A,NR,D_GE4,Y55-64,T,TOTAL,DEV_5,EU_V,2005,93987,
dataflow,ESTAT:HSW_AW_DE1(1.0),A,NR,D_GE4,Y55-64,T,TOTAL,DEV_6,EU_V,2005,38212,
dataflow,ESTAT:HSW_AW_DE1(1.0),A,NR,D_GE4,Y55-64,T,TOTAL,DEV_7,EU_V,2005,48898,
dataflow,ESTAT:HSW_AW_DE1(1.0),A,NR,D_GE4,Y55-64,T,TOTAL,DEV_8,EU_V,2005,6458,
dataflow,ESTAT:HSW_AW_DE1(1.0),A,NR,D_GE4,Y55-64,T,TOTAL,DEV_9,EU_V,2005,4205,
dataflow,ESTAT:HSW_AW_DE1(1.0),A,NR,D_GE4,Y55-64,T,TOTAL,TOTAL,EU_V,2005,282400,
dataflow,ESTAT:HSW_AW_DE1(1.0),A,NR,D_GE4,Y_GE65,T,TOTAL,DEV_1,EU_V,2005,91,
dataflow,ESTAT:HSW_AW_DE1(1.0),A,NR,D_GE4,Y_GE65,T,TOTAL,DEV_2,EU_V,2005,411,
dataflow,ESTAT:HSW_AW_DE1(1.0),A,NR,D_GE4,Y_GE65,T,TOTAL,DEV_3,EU_V,2005,2045,
dataflow,ESTAT:HSW_AW_DE1(1.0),A,NR,D_GE4,Y_GE65,T,TOTAL,DEV_4,EU_V,2005,5616,
dataflow,ESTAT:HSW_AW_DE1(1.0),A,NR,D_GE4,Y_GE65,T,TOTAL,DEV_5,EU_V,2005,11400,
dataflow,ESTAT:HSW_AW_DE1(1.0),A,NR,D_GE4,Y_GE65,T,TOTAL,DEV_6,EU_V,2005,2830,
dataflow,ESTAT:HSW_AW_DE1(1.0),A,NR,D_GE4,Y_GE65,T,TOTAL,DEV_7,EU_V,2005,2062,
dataflow,ESTAT:HSW_AW_DE1(1.0),A,NR,D_GE4,Y_GE65,T,TOTAL,DEV_8,EU_V,2005,610,
dataflow,ESTAT:HSW_AW_DE1(1.0),A,NR,D_GE4,Y_GE65,T,TOTAL,DEV_9,EU_V,2005,151,
dataflow,ESTAT:HSW_AW_DE1(1.0),A,NR,D_GE4,Y_GE65,T,TOTAL,TOTAL,EU_V,2005,25220,
dataflow,ESTAT:HSW_AW_DE1(1.0),A,NR,FAT,TOTAL,F,TOTAL,DEV_1,EU_V,2005,7,
dataflow,ESTAT:HSW_AW_DE1(1.0),A,NR,FAT,TOTAL,F,TOTAL,DEV_3,EU_V,2005,9,
dataflow,ESTAT:HSW_AW_DE1(1.0),A,NR,FAT,TOTAL,F,TOTAL,DEV_4,EU_V,2005,121,
dataflow,ESTAT:HSW_AW_DE1(1.0),A,NR,FAT,TOTAL,F,TOTAL,DEV_5,EU_V,2005,39,
dataflow,ESTAT:HSW_AW_DE1(1.0),A,NR,FAT,TOTAL,F,TOTAL,DEV_6,EU_V,2005,15,
dataflow,ESTAT:HSW_AW_DE1(1.0),A,NR,FAT,TOTAL,F,TOTAL,DEV_7,EU_V,2005,4,
dataflow,ESTAT:HSW_AW_DE1(1.0),A,NR,FAT,TOTAL,F,TOTAL,DEV_8,EU_V,2005,20,
dataflow,ESTAT:HSW_AW_DE1(1.0),A,NR,FAT,TOTAL,F,TOTAL,DEV_9,EU_V,2005,17,
dataflow,ESTAT:HSW_AW_DE1(1.0),A,NR,FAT,TOTAL,F,TOTAL,TOTAL,EU_V,2005,234,
dataflow,ESTAT:HSW_AW_DE1(1.0),A,NR,FAT,TOTAL,M,TOTAL,DEV_1,EU_V,2005,238,
dataflow,ESTAT:HSW_AW_DE1(1.0),A,NR,FAT,TOTAL,M,TOTAL,DEV_2,EU_V,2005,88,
dataflow,ESTAT:HSW_AW_DE1(1.0),A,NR,FAT,TOTAL,M,TOTAL,DEV_3,EU_V,2005,625,
dataflow,ESTAT:HSW_AW_DE1(1.0),A,NR,FAT,TOTAL,M,TOTAL,DEV_4,EU_V,2005,1557,
dataflow,ESTAT:HSW_AW_DE1(1.0),A,NR,FAT,TOTAL,M,TOTAL,DEV_5,EU_V,2005,815,
dataflow,ESTAT:HSW_AW_DE1(1.0),A,NR,FAT,TOTAL,M,TOTAL,DEV_6,EU_V,2005,261,
dataflow,ESTAT:HSW_AW_DE1(1.0),A,NR,FAT,TOTAL,M,TOTAL,DEV_7,EU_V,2005,88,
dataflow,ESTAT:HSW_AW_DE1(1.0),A,NR,FAT,TOTAL,M,TOTAL,DEV_8,EU_V,2005,178,
dataflow,ESTAT:HSW_AW_DE1(1.0),A,NR,FAT,TOTAL,M,TOTAL,DEV_9,EU_V,2005,136,
dataflow,ESTAT:HSW_AW_DE1(1.0),A,NR,FAT,TOTAL,M,TOTAL,TOTAL,EU_V,2005,3986,
dataflow,ESTAT:HSW_AW_DE1(1.0),A,NR,FAT,TOTAL,T,A,DEV_1,EU_V,2005,19,
dataflow,ESTAT:HSW_AW_DE1(1.0),A,NR,FAT,TOTAL,T,A,DEV_2,EU_V,2005,5,
dataflow,ESTAT:HSW_AW_DE1(1.0),A,NR,FAT,TOTAL,T,A,DEV_3,EU_V,2005,88,
dataflow,ESTAT:HSW_AW_DE1(1.0),A,NR,FAT,TOTAL,T,A,DEV_4,EU_V,2005,156,
dataflow,ESTAT:HSW_AW_DE1(1.0),A,NR,FAT,TOTAL,T,A,DEV_5,EU_V,2005,85,
dataflow,ESTAT:HSW_AW_DE1(1.0),A,NR,FAT,TOTAL,T,A,DEV_6,EU_V,2005,21,
dataflow,ESTAT:HSW_AW_DE1(1.0),A,NR,FAT,TOTAL,T,A,DEV_7,EU_V,2005,14,
dataflow,ESTAT:HSW_AW_DE1(1.0),A,NR,FAT,TOTAL,T,A,DEV_8,EU_V,2005,21,
dataflow,ESTAT:HSW_AW_DE1(1.0),A,NR,FAT,TOTAL,T,A,DEV_9,EU_V,2005,12,
dataflow,ESTAT:HSW_AW_DE1(1.0),A,NR,FAT,TOTAL,T,A,TOTAL,EU_V,2005,421,
dataflow,ESTAT:HSW_AW_DE1(1.0),A,NR,FAT,TOTAL,T,B,DEV_3,EU_V,2005,4,
dataflow,ESTAT:HSW_AW_DE1(1.0),A,NR,FAT,TOTAL,T,B,DEV_5,EU_V,2005,11,
dataflow,ESTAT:HSW_AW_DE1(1.0),A,NR,FAT,TOTAL,T,B,TOTAL,EU_V,2005,21,
dataflow,ESTAT:HSW_AW_DE1(1.0),A,NR,FAT,TOTAL,T,C,DEV_1,EU_V,2005,5,
dataflow,ESTAT:HSW_AW_DE1(1.0),A,NR,FAT,TOTAL,T,C,DEV_2,EU_V,2005,9,
dataflow,ESTAT:HSW_AW_DE1(1.0),A,NR,FAT,TOTAL,T,C,DEV_3,EU_V,2005,29,
dataflow,ESTAT:HSW_AW_DE1(1.0),A,NR,FAT,TOTAL,T,C,DEV_4,EU_V,2005,22,
dataflow,ESTAT:HSW_AW_DE1(1.0),A,NR,FAT,TOTAL,T,C,DEV_5,EU_V,2005,16,
dataflow,ESTAT:HSW_AW_DE1(1.0),A,NR,FAT,TOTAL,T,C,DEV_6,EU_V,2005,11,
dataflow,ESTAT:HSW_AW_DE1(1.0),A,NR,FAT,TOTAL,T,C,DEV_8,EU_V,2005,7,
dataflow,ESTAT:HSW_AW_DE1(1.0),A,NR,FAT,TOTAL,T,C,DEV_9,EU_V,2005,4,
dataflow,ESTAT:HSW_AW_DE1(1.0),A,NR,FAT,TOTAL,T,C,TOTAL,EU_V,2005,105,
dataflow,ESTAT:HSW_AW_DE1(1.0),A,NR,FAT,TOTAL,T,D,DEV_1,EU_V,2005,71,
dataflow,ESTAT:HSW_AW_DE1(1.0),A,NR,FAT,TOTAL,T,D,DEV_2,EU_V,2005,38,
dataflow,ESTAT:HSW_AW_DE1(1.0),A,NR,FAT,TOTAL,T,D,DEV_3,EU_V,2005,126,
dataflow,ESTAT:HSW_AW_DE1(1.0),A,NR,FAT,TOTAL,T,D,DEV_4,EU_V,2005,359,
dataflow,ESTAT:HSW_AW_DE1(1.0),A,NR,FAT,TOTAL,T,D,DEV_5,EU_V,2005,158,
dataflow,ESTAT:HSW_AW_DE1(1.0),A,NR,FAT,TOTAL,T,D,DEV_6,EU_V,2005,72,
dataflow,ESTAT:HSW_AW_DE1(1.0),A,NR,FAT,TOTAL,T,D,DEV_7,EU_V,2005,19,
dataflow,ESTAT:HSW_AW_DE1(1.0),A,NR,FAT,TOTAL,T,D,DEV_8,EU_V,2005,35,
dataflow,ESTAT:HSW_AW_DE1(1.0),A,NR,FAT,TOTAL,T,D,DEV_9,EU_V,2005,36,
dataflow,ESTAT:HSW_AW_DE1(1.0),A,NR,FAT,TOTAL,T,D,TOTAL,EU_V,2005,914,
dataflow,ESTAT:HSW_AW_DE1(1.0),A,NR,FAT,TOTAL,T,E,DEV_1,EU_V,2005,11,
dataflow,ESTAT:HSW_AW_DE1(1.0),A,NR,FAT,TOTAL,T,E,DEV_3,EU_V,2005,6,
dataflow,ESTAT:HSW_AW_DE1(1.0),A,NR,FAT,TOTAL,T,E,DEV_4,EU_V,2005,12,
dataflow,ESTAT:HSW_AW_DE1(1.0),A,NR,FAT,TOTAL,T,E,DEV_5,EU_V,2005,13,
dataflow,ESTAT:HSW_AW_DE1(1.0),A,NR,FAT,TOTAL,T,E,DEV_8,EU_V,2005,4,
dataflow,ESTAT:HSW_AW_DE1(1.0),A,NR,FAT,TOTAL,T,E,DEV_9,EU_V,2005,6,
dataflow,ESTAT:HSW_AW_DE1(1.0),A,NR,FAT,TOTAL,T,E,TOTAL,EU_V,2005,56,
dataflow,ESTAT:HSW_AW_DE1(1.0),A,NR,FAT,TOTAL,T,F,DEV_1,EU_V,2005,62,
dataflow,ESTAT:HSW_AW_DE1(1.0),A,NR,FAT,TOTAL,T,F,DEV_2,EU_V,2005,11,
dataflow,ESTAT:HSW_AW_DE1(1.0),A,NR,FAT,TOTAL,T,F,DEV_3,EU_V,2005,232,
dataflow,ESTAT:HSW_AW_DE1(1.0),A,NR,FAT,TOTAL,T,F,DEV_4,EU_V,2005,295,
dataflow,ESTAT:HSW_AW_DE1(1.0),A,NR,FAT,TOTAL,T,F,DEV_5,EU_V,2005,372,
dataflow,ESTAT:HSW_AW_DE1(1.0),A,NR,FAT,TOTAL,T,F,DEV_6,EU_V,2005,49,
dataflow,ESTAT:HSW_AW_DE1(1.0),A,NR,FAT,TOTAL,T,F,DEV_7,EU_V,2005,20,
dataflow,ESTAT:HSW_AW_DE1(1.0),A,NR,FAT,TOTAL,T,F,DEV_8,EU_V,2005,38,
dataflow,ESTAT:HSW_AW_DE1(1.0),A,NR,FAT,TOTAL,T,F,DEV_9,EU_V,2005,28,
dataflow,ESTAT:HSW_AW_DE1(1.0),A,NR,FAT,TOTAL,T,F,TOTAL,EU_V,2005,1107,
dataflow,ESTAT:HSW_AW_DE1(1.0),A,NR,FAT,TOTAL,T,G,DEV_1,EU_V,2005,19,
dataflow,ESTAT:HSW_AW_DE1(1.0),A,NR,FAT,TOTAL,T,G,DEV_2,EU_V,2005,5,
dataflow,ESTAT:HSW_AW_DE1(1.0),A,NR,FAT,TOTAL,T,G,DEV_3,EU_V,2005,45,
dataflow,ESTAT:HSW_AW_DE1(1.0),A,NR,FAT,TOTAL,T,G,DEV_4,EU_V,2005,180,
dataflow,ESTAT:HSW_AW_DE1(1.0),A,NR,FAT,TOTAL,T,G,DEV_5,EU_V,2005,33,
dataflow,ESTAT:HSW_AW_DE1(1.0),A,NR,FAT,TOTAL,T,G,DEV_6,EU_V,2005,29,
dataflow,ESTAT:HSW_AW_DE1(1.0),A,NR,FAT,TOTAL,T,G,DEV_7,EU_V,2005,4,
dataflow,ESTAT:HSW_AW_DE1(1.0),A,NR,FAT,TOTAL,T,G,DEV_8,EU_V,2005,20,
dataflow,ESTAT:HSW_AW_DE1(1.0),A,NR,FAT,TOTAL,T,G,DEV_9,EU_V,2005,14,
dataflow,ESTAT:HSW_AW_DE1(1.0),A,NR,FAT,TOTAL,T,G,TOTAL,EU_V,2005,349,
dataflow,ESTAT:HSW_AW_DE1(1.0),A,NR,FAT,TOTAL,T,H,DEV_4,EU_V,2005,20,
dataflow,ESTAT:HSW_AW_DE1(1.0),A,NR,FAT,TOTAL,T,H,DEV_5,EU_V,2005,10,
dataflow,ESTAT:HSW_AW_DE1(1.0),A,NR,FAT,TOTAL,T,H,DEV_6,EU_V,2005,6,
dataflow,ESTAT:HSW_AW_DE1(1.0),A,NR,FAT,TOTAL,T,H,DEV_8,EU_V,2005,6,
dataflow,ESTAT:HSW_AW_DE1(1.0),A,NR,FAT,TOTAL,T,H,TOTAL,EU_V,2005,48,
dataflow,ESTAT:HSW_AW_DE1(1.0),A,NR,FAT,TOTAL,T,I,DEV_1,EU_V,2005,26,
dataflow,ESTAT:HSW_AW_DE1(1.0),A,NR,FAT,TOTAL,T,I,DEV_2,EU_V,2005,14,
dataflow,ESTAT:HSW_AW_DE1(1.0),A,NR,FAT,TOTAL,T,I,DEV_3,EU_V,2005,63,
dataflow,ESTAT:HSW_AW_DE1(1.0),A,NR,FAT,TOTAL,T,I,DEV_4,EU_V,2005,398,
dataflow,ESTAT:HSW_AW_DE1(1.0),A,NR,FAT,TOTAL,T,I,DEV_5,EU_V,2005,52,
dataflow,ESTAT:HSW_AW_DE1(1.0),A,NR,FAT,TOTAL,T,I,DEV_6,EU_V,2005,59,
dataflow,ESTAT:HSW_AW_DE1(1.0),A,NR,FAT,TOTAL,T,I,DEV_7,EU_V,2005,13,
dataflow,ESTAT:HSW_AW_DE1(1.0),A,NR,FAT,TOTAL,T,I,DEV_8,EU_V,2005,30,
dataflow,ESTAT:HSW_AW_DE1(1.0),A,NR,FAT,TOTAL,T,I,DEV_9,EU_V,2005,24,
dataflow,ESTAT:HSW_AW_DE1(1.0),A,NR,FAT,TOTAL,T,I,TOTAL,EU_V,2005,679,
dataflow,ESTAT:HSW_AW_DE1(1.0),A,NR,FAT,TOTAL,T,J,DEV_4,EU_V,2005,15,
dataflow,ESTAT:HSW_AW_DE1(1.0),A,NR,FAT,TOTAL,T,J,TOTAL,EU_V,2005,23,
dataflow,ESTAT:HSW_AW_DE1(1.0),A,NR,FAT,TOTAL,T,K,DEV_1,EU_V,2005,18,
dataflow,ESTAT:HSW_AW_DE1(1.0),A,NR,FAT,TOTAL,T,K,DEV_3,EU_V,2005,12,
dataflow,ESTAT:HSW_AW_DE1(1.0),A,NR,FAT,TOTAL,T,K,DEV_4,EU_V,2005,98,
dataflow,ESTAT:HSW_AW_DE1(1.0),A,NR,FAT,TOTAL,T,K,DEV_5,EU_V,2005,39,
dataflow,ESTAT:HSW_AW_DE1(1.0),A,NR,FAT,TOTAL,T,K,DEV_6,EU_V,2005,14,
dataflow,ESTAT:HSW_AW_DE1(1.0),A,NR,FAT,TOTAL,T,K,DEV_7,EU_V,2005,7,
dataflow,ESTAT:HSW_AW_DE1(1.0),A,NR,FAT,TOTAL,T,K,DEV_8,EU_V,2005,16,
dataflow,ESTAT:HSW_AW_DE1(1.0),A,NR,FAT,TOTAL,T,K,DEV_9,EU_V,2005,7,
dataflow,ESTAT:HSW_AW_DE1(1.0),A,NR,FAT,TOTAL,T,K,TOTAL,EU_V,2005,214,
dataflow,ESTAT:HSW_AW_DE1(1.0),A,NR,FAT,TOTAL,T,L,DEV_1,EU_V,2005,4,
dataflow,ESTAT:HSW_AW_DE1(1.0),A,NR,FAT,TOTAL,T,L,DEV_3,EU_V,2005,11,
dataflow,ESTAT:HSW_AW_DE1(1.0),A,NR,FAT,TOTAL,T,L,DEV_4,EU_V,2005,33,
dataflow,ESTAT:HSW_AW_DE1(1.0),A,NR,FAT,TOTAL,T,L,DEV_5,EU_V,2005,11,
dataflow,ESTAT:HSW_AW_DE1(1.0),A,NR,FAT,TOTAL,T,L,DEV_8,EU_V,2005,4,
dataflow,ESTAT:HSW_AW_DE1(1.0),A,NR,FAT,TOTAL,T,L,DEV_9,EU_V,2005,10,
dataflow,ESTAT:HSW_AW_DE1(1.0),A,NR,FAT,TOTAL,T,L,TOTAL,EU_V,2005,77,
dataflow,ESTAT:HSW_AW_DE1(1.0),A,NR,FAT,TOTAL,T,M,DEV_4,EU_V,2005,13,
dataflow,ESTAT:HSW_AW_DE1(1.0),A,NR,FAT,TOTAL,T,M,DEV_5,EU_V,2005,4,
dataflow,ESTAT:HSW_AW_DE1(1.0),A,NR,FAT,TOTAL,T,M,DEV_9,EU_V,2005,5,
dataflow,ESTAT:HSW_AW_DE1(1.0),A,NR,FAT,TOTAL,T,M,TOTAL,EU_V,2005,29,
dataflow,ESTAT:HSW_AW_DE1(1.0),A,NR,FAT,TOTAL,T,N,DEV_4,EU_V,2005,22,
dataflow,ESTAT:HSW_AW_DE1(1.0),A,NR,FAT,TOTAL,T,N,DEV_5,EU_V,2005,6,
dataflow,ESTAT:HSW_AW_DE1(1.0),A,NR,FAT,TOTAL,T,N,DEV_8,EU_V,2005,5,
dataflow,ESTAT:HSW_AW_DE1(1.0),A,NR,FAT,TOTAL,T,N,TOTAL,EU_V,2005,40,
dataflow,ESTAT:HSW_AW_DE1(1.0),A,NR,FAT,TOTAL,T,O,DEV_1,EU_V,2005,8,
dataflow,ESTAT:HSW_AW_DE1(1.0),A,NR,FAT,TOTAL,T,O,DEV_3,EU_V,2005,7,
dataflow,ESTAT:HSW_AW_DE1(1.0),A,NR,FAT,TOTAL,T,O,DEV_4,EU_V,2005,42,
dataflow,ESTAT:HSW_AW_DE1(1.0),A,NR,FAT,TOTAL,T,O,DEV_5,EU_V,2005,23,
dataflow,ESTAT:HSW_AW_DE1(1.0),A,NR,FAT,TOTAL,T,O,DEV_6,EU_V,2005,5,
dataflow,ESTAT:HSW_AW_DE1(1.0),A,NR,FAT,TOTAL,T,O,DEV_8,EU_V,2005,7,
dataflow,ESTAT:HSW_AW_DE1(1.0),A,NR,FAT,TOTAL,T,O,TOTAL,EU_V,2005,98,
dataflow,ESTAT:HSW_AW_DE1(1.0),A,NR,FAT,TOTAL,T,P,TOTAL,EU_V,2005,5,
dataflow,ESTAT:HSW_AW_DE1(1.0),A,NR,FAT,TOTAL,T,TOTAL,DEV_1,EU_V,2005,245,
dataflow,ESTAT:HSW_AW_DE1(1.0),A,NR,FAT,TOTAL,T,TOTAL,DEV_2,EU_V,2005,90,
dataflow,ESTAT:HSW_AW_DE1(1.0),A,NR,FAT,TOTAL,T,TOTAL,DEV_3,EU_V,2005,634,
dataflow,ESTAT:HSW_AW_DE1(1.0),A,NR,FAT,TOTAL,T,TOTAL,DEV_4,EU_V,2005,1678,
dataflow,ESTAT:HSW_AW_DE1(1.0),A,NR,FAT,TOTAL,T,TOTAL,DEV_5,EU_V,2005,854,
dataflow,ESTAT:HSW_AW_DE1(1.0),A,NR,FAT,TOTAL,T,TOTAL,DEV_6,EU_V,2005,276,
dataflow,ESTAT:HSW_AW_DE1(1.0),A,NR,FAT,TOTAL,T,TOTAL,DEV_7,EU_V,2005,92,
dataflow,ESTAT:HSW_AW_DE1(1.0),A,NR,FAT,TOTAL,T,TOTAL,DEV_8,EU_V,2005,198,
dataflow,ESTAT:HSW_AW_DE1(1.0),A,NR,FAT,TOTAL,T,TOTAL,DEV_9,EU_V,2005,153,
dataflow,ESTAT:HSW_AW_DE1(1.0),A,NR,FAT,TOTAL,T,TOTAL,TOTAL,EU_V,2005,4220,
dataflow,ESTAT:HSW_AW_DE1(1.0),A,NR,FAT,TOTAL,T,UNK,DEV_3,EU_V,2005,4,
dataflow,ESTAT:HSW_AW_DE1(1.0),A,NR,FAT,TOTAL,T,UNK,DEV_4,EU_V,2005,9,
dataflow,ESTAT:HSW_AW_DE1(1.0),A,NR,FAT,TOTAL,T,UNK,DEV_5,EU_V,2005,15,
dataflow,ESTAT:HSW_AW_DE1(1.0),A,NR,FAT,TOTAL,T,UNK,DEV_6,EU_V,2005,4,
dataflow,ESTAT:HSW_AW_DE1(1.0),A,NR,FAT,TOTAL,T,UNK,TOTAL,EU_V,2005,34,
dataflow,ESTAT:HSW_AW_DE1(1.0),A,NR,FAT,UNK,T,TOTAL,DEV_4,EU_V,2005,12,
dataflow,ESTAT:HSW_AW_DE1(1.0),A,NR,FAT,UNK,T,TOTAL,DEV_5,EU_V,2005,10,
dataflow,ESTAT:HSW_AW_DE1(1.0),A,NR,FAT,UNK,T,TOTAL,TOTAL,EU_V,2005,24,
dataflow,ESTAT:HSW_AW_DE1(1.0),A,NR,FAT,Y15-17,T,TOTAL,DEV_4,EU_V,2005,6,
dataflow,ESTAT:HSW_AW_DE1(1.0),A,NR,FAT,Y15-17,T,TOTAL,DEV_5,EU_V,2005,4,
dataflow,ESTAT:HSW_AW_DE1(1.0),A,NR,FAT,Y15-17,T,TOTAL,TOTAL,EU_V,2005,19,
dataflow,ESTAT:HSW_AW_DE1(1.0),A,NR,FAT,Y18-24,T,TOTAL,DEV_1,EU_V,2005,27,
dataflow,ESTAT:HSW_AW_DE1(1.0),A,NR,FAT,Y18-24,T,TOTAL,DEV_2,EU_V,2005,4,
dataflow,ESTAT:HSW_AW_DE1(1.0),A,NR,FAT,Y18-24,T,TOTAL,DEV_3,EU_V,2005,49,
dataflow,ESTAT:HSW_AW_DE1(1.0),A,NR,FAT,Y18-24,T,TOTAL,DEV_4,EU_V,2005,135,
dataflow,ESTAT:HSW_AW_DE1(1.0),A,NR,FAT,Y18-24,T,TOTAL,DEV_5,EU_V,2005,59,
dataflow,ESTAT:HSW_AW_DE1(1.0),A,NR,FAT,Y18-24,T,TOTAL,DEV_6,EU_V,2005,22,
dataflow,ESTAT:HSW_AW_DE1(1.0),A,NR,FAT,Y18-24,T,TOTAL,DEV_8,EU_V,2005,17,
dataflow,ESTAT:HSW_AW_DE1(1.0),A,NR,FAT,Y18-24,T,TOTAL,DEV_9,EU_V,2005,4,
dataflow,ESTAT:HSW_AW_DE1(1.0),A,NR,FAT,Y18-24,T,TOTAL,TOTAL,EU_V,2005,320,
dataflow,ESTAT:HSW_AW_DE1(1.0),A,NR,FAT,Y25-34,T,TOTAL,DEV_1,EU_V,2005,54,
dataflow,ESTAT:HSW_AW_DE1(1.0),A,NR,FAT,Y25-34,T,TOTAL,DEV_2,EU_V,2005,18,
dataflow,ESTAT:HSW_AW_DE1(1.0),A,NR,FAT,Y25-34,T,TOTAL,DEV_3,EU_V,2005,119,
dataflow,ESTAT:HSW_AW_DE1(1.0),A,NR,FAT,Y25-34,T,TOTAL,DEV_4,EU_V,2005,390,
dataflow,ESTAT:HSW_AW_DE1(1.0),A,NR,FAT,Y25-34,T,TOTAL,DEV_5,EU_V,2005,130,
dataflow,ESTAT:HSW_AW_DE1(1.0),A,NR,FAT,Y25-34,T,TOTAL,DEV_6,EU_V,2005,60,
dataflow,ESTAT:HSW_AW_DE1(1.0),A,NR,FAT,Y25-34,T,TOTAL,DEV_7,EU_V,2005,14,
dataflow,ESTAT:HSW_AW_DE1(1.0),A,NR,FAT,Y25-34,T,TOTAL,DEV_8,EU_V,2005,24,
dataflow,ESTAT:HSW_AW_DE1(1.0),A,NR,FAT,Y25-34,T,TOTAL,DEV_9,EU_V,2005,31,
dataflow,ESTAT:HSW_AW_DE1(1.0),A,NR,FAT,Y25-34,T,TOTAL,TOTAL,EU_V,2005,840,
dataflow,ESTAT:HSW_AW_DE1(1.0),A,NR,FAT,Y35-44,T,TOTAL,DEV_1,EU_V,2005,62,
dataflow,ESTAT:HSW_AW_DE1(1.0),A,NR,FAT,Y35-44,T,TOTAL,DEV_2,EU_V,2005,31,
dataflow,ESTAT:HSW_AW_DE1(1.0),A,NR,FAT,Y35-44,T,TOTAL,DEV_3,EU_V,2005,151,
dataflow,ESTAT:HSW_AW_DE1(1.0),A,NR,FAT,Y35-44,T,TOTAL,DEV_4,EU_V,2005,417,
dataflow,ESTAT:HSW_AW_DE1(1.0),A,NR,FAT,Y35-44,T,TOTAL,DEV_5,EU_V,2005,189,
dataflow,ESTAT:HSW_AW_DE1(1.0),A,NR,FAT,Y35-44,T,TOTAL,DEV_6,EU_V,2005,71,
dataflow,ESTAT:HSW_AW_DE1(1.0),A,NR,FAT,Y35-44,T,TOTAL,DEV_7,EU_V,2005,29,
dataflow,ESTAT:HSW_AW_DE1(1.0),A,NR,FAT,Y35-44,T,TOTAL,DEV_8,EU_V,2005,49,
dataflow,ESTAT:HSW_AW_DE1(1.0),A,NR,FAT,Y35-44,T,TOTAL,DEV_9,EU_V,2005,44,
dataflow,ESTAT:HSW_AW_DE1(1.0),A,NR,FAT,Y35-44,T,TOTAL,TOTAL,EU_V,2005,1043,
dataflow,ESTAT:HSW_AW_DE1(1.0),A,NR,FAT,Y45-54,T,TOTAL,DEV_1,EU_V,2005,73,
dataflow,ESTAT:HSW_AW_DE1(1.0),A,NR,FAT,Y45-54,T,TOTAL,DEV_2,EU_V,2005,26,
dataflow,ESTAT:HSW_AW_DE1(1.0),A,NR,FAT,Y45-54,T,TOTAL,DEV_3,EU_V,2005,193,
dataflow,ESTAT:HSW_AW_DE1(1.0),A,NR,FAT,Y45-54,T,TOTAL,DEV_4,EU_V,2005,414,
dataflow,ESTAT:HSW_AW_DE1(1.0),A,NR,FAT,Y45-54,T,TOTAL,DEV_5,EU_V,2005,245,
dataflow,ESTAT:HSW_AW_DE1(1.0),A,NR,FAT,Y45-54,T,TOTAL,DEV_6,EU_V,2005,76,
dataflow,ESTAT:HSW_AW_DE1(1.0),A,NR,FAT,Y45-54,T,TOTAL,DEV_7,EU_V,2005,28,
dataflow,ESTAT:HSW_AW_DE1(1.0),A,NR,FAT,Y45-54,T,TOTAL,DEV_8,EU_V,2005,69,
dataflow,ESTAT:HSW_AW_DE1(1.0),A,NR,FAT,Y45-54,T,TOTAL,DEV_9,EU_V,2005,52,
dataflow,ESTAT:HSW_AW_DE1(1.0),A,NR,FAT,Y45-54,T,TOTAL,TOTAL,EU_V,2005,1176,
dataflow,ESTAT:HSW_AW_DE1(1.0),A,NR,FAT,Y55-64,T,TOTAL,DEV_1,EU_V,2005,26,
dataflow,ESTAT:HSW_AW_DE1(1.0),A,NR,FAT,Y55-64,T,TOTAL,DEV_2,EU_V,2005,8,
dataflow,ESTAT:HSW_AW_DE1(1.0),A,NR,FAT,Y55-64,T,TOTAL,DEV_3,EU_V,2005,103,
dataflow,ESTAT:HSW_AW_DE1(1.0),A,NR,FAT,Y55-64,T,TOTAL,DEV_4,EU_V,2005,249,
dataflow,ESTAT:HSW_AW_DE1(1.0),A,NR,FAT,Y55-64,T,TOTAL,DEV_5,EU_V,2005,164,
dataflow,ESTAT:HSW_AW_DE1(1.0),A,NR,FAT,Y55-64,T,TOTAL,DEV_6,EU_V,2005,39,
dataflow,ESTAT:HSW_AW_DE1(1.0),A,NR,FAT,Y55-64,T,TOTAL,DEV_7,EU_V,2005,14,
dataflow,ESTAT:HSW_AW_DE1(1.0),A,NR,FAT,Y55-64,T,TOTAL,DEV_8,EU_V,2005,32,
dataflow,ESTAT:HSW_AW_DE1(1.0),A,NR,FAT,Y55-64,T,TOTAL,DEV_9,EU_V,2005,20,
dataflow,ESTAT:HSW_AW_DE1(1.0),A,NR,FAT,Y55-64,T,TOTAL,TOTAL,EU_V,2005,655,
dataflow,ESTAT:HSW_AW_DE1(1.0),A,NR,FAT,Y_GE65,T,TOTAL,DEV_3,EU_V,2005,14,
dataflow,ESTAT:HSW_AW_DE1(1.0),A,NR,FAT,Y_GE65,T,TOTAL,DEV_4,EU_V,2005,55,
dataflow,ESTAT:HSW_AW_DE1(1.0),A,NR,FAT,Y_GE65,T,TOTAL,DEV_5,EU_V,2005,53,
dataflow,ESTAT:HSW_AW_DE1(1.0),A,NR,FAT,Y_GE65,T,TOTAL,DEV_6,EU_V,2005,6,
dataflow,ESTAT:HSW_AW_DE1(1.0),A,NR,FAT,Y_GE65,T,TOTAL,DEV_7,EU_V,2005,4,
dataflow,ESTAT:HSW_AW_DE1(1.0),A,NR,FAT,Y_GE65,T,TOTAL,DEV_8,EU_V,2005,7,
dataflow,ESTAT:HSW_AW_DE1(1.0),A,NR,FAT,Y_GE65,T,TOTAL,TOTAL,EU_V,2005,143,
