STRUCTURE,STRUCTURE_ID,freq,isced97,age,sex,geo,TIME_PERIOD,OBS_VALUE,OBS_FLAG
dataflow,ESTAT:HLTH_EHIS_ST8(1.0),A,ED0-2,TOTAL,F,AT,2008,60.9,
dataflow,ESTAT:HLTH_EHIS_ST8(1.0),A,ED0-2,TOTAL,F,BE,2008,58.7,u
dataflow,ESTAT:HLTH_EHIS_ST8(1.0),A,ED0-2,TOTAL,F,BG,2008,56.8,
dataflow,ESTAT:HLTH_EHIS_ST8(1.0),A,ED0-2,TOTAL,F,CY,2008,60.7,
dataflow,ESTAT:HLTH_EHIS_ST8(1.0),A,ED0-2,TOTAL,F,CZ,2008,56.5,
dataflow,ESTAT:HLTH_EHIS_ST8(1.0),A,ED0-2,TOTAL,F,EL,2008,60.6,
dataflow,ESTAT:HLTH_EHIS_ST8(1.0),A,ED0-2,TOTAL,F,ES,2008,61.6,
dataflow,ESTAT:HLTH_EHIS_ST8(1.0),A,ED0-2,TOTAL,F,HU,2008,48,
dataflow,ESTAT:HLTH_EHIS_ST8(1.0),A,ED0-2,TOTAL,F,LV,2008,58.7,
dataflow,ESTAT:HLTH_EHIS_ST8(1.0),A,ED0-2,TOTAL,F,MT,2008,59.4,
dataflow,ESTAT:HLTH_EHIS_ST8(1.0),A,ED0-2,TOTAL,F,PL,2008,55.8,
dataflow,ESTAT:HLTH_EHIS_ST8(1.0),A,ED0-2,TOTAL,F,RO,2008,55.8,
dataflow,ESTAT:HLTH_EHIS_ST8(1.0),A,ED0-2,TOTAL,F,SI,2008,53.3,
dataflow,ESTAT:HLTH_EHIS_ST8(1.0),A,ED0-2,TOTAL,F,SK,2008,55.8,
dataflow,ESTAT:HLTH_EHIS_ST8(1.0),A,ED0-2,TOTAL,F,TR,2008,52,
dataflow,ESTAT:HLTH_EHIS_ST8(1.0),A,ED0-2,TOTAL,M,AT,2008,64.9,
dataflow,ESTAT:HLTH_EHIS_ST8(1.0),A,ED0-2,TOTAL,M,BE,2008,64,u
dataflow,ESTAT:HLTH_EHIS_ST8(1.0),A,ED0-2,TOTAL,M,BG,2008,63.8,
dataflow,ESTAT:HLTH_EHIS_ST8(1.0),A,ED0-2,TOTAL,M,CY,2008,69.5,
dataflow,ESTAT:HLTH_EHIS_ST8(1.0),A,ED0-2,TOTAL,M,CZ,2008,64.4,
dataflow,ESTAT:HLTH_EHIS_ST8(1.0),A,ED0-2,TOTAL,M,EL,2008,70.4,
dataflow,ESTAT:HLTH_EHIS_ST8(1.0),A,ED0-2,TOTAL,M,ES,2008,72,
dataflow,ESTAT:HLTH_EHIS_ST8(1.0),A,ED0-2,TOTAL,M,HU,2008,57.1,
dataflow,ESTAT:HLTH_EHIS_ST8(1.0),A,ED0-2,TOTAL,M,LV,2008,65.7,
dataflow,ESTAT:HLTH_EHIS_ST8(1.0),A,ED0-2,TOTAL,M,MT,2008,64,
dataflow,ESTAT:HLTH_EHIS_ST8(1.0),A,ED0-2,TOTAL,M,PL,2008,63.1,
dataflow,ESTAT:HLTH_EHIS_ST8(1.0),A,ED0-2,TOTAL,M,RO,2008,61.9,
dataflow,ESTAT:HLTH_EHIS_ST8(1.0),A,ED0-2,TOTAL,M,SI,2008,62.5,
dataflow,ESTAT:HLTH_EHIS_ST8(1.0),A,ED0-2,TOTAL,M,SK,2008,68.1,
dataflow,ESTAT:HLTH_EHIS_ST8(1.0),A,ED0-2,TOTAL,M,TR,2008,57.1,
dataflow,ESTAT:HLTH_EHIS_ST8(1.0),A,ED0-2,TOTAL,T,AT,2008,62.3,
dataflow,ESTAT:HLTH_EHIS_ST8(1.0),A,ED0-2,TOTAL,T,BE,2008,61.1,u
dataflow,ESTAT:HLTH_EHIS_ST8(1.0),A,ED0-2,TOTAL,T,BG,2008,60,
dataflow,ESTAT:HLTH_EHIS_ST8(1.0),A,ED0-2,TOTAL,T,CY,2008,64.7,
dataflow,ESTAT:HLTH_EHIS_ST8(1.0),A,ED0-2,TOTAL,T,CZ,2008,59.5,
dataflow,ESTAT:HLTH_EHIS_ST8(1.0),A,ED0-2,TOTAL,T,EL,2008,65.1,
dataflow,ESTAT:HLTH_EHIS_ST8(1.0),A,ED0-2,TOTAL,T,ES,2008,66.7,
dataflow,ESTAT:HLTH_EHIS_ST8(1.0),A,ED0-2,TOTAL,T,HU,2008,51.3,
dataflow,ESTAT:HLTH_EHIS_ST8(1.0),A,ED0-2,TOTAL,T,LV,2008,62.2,
dataflow,ESTAT:HLTH_EHIS_ST8(1.0),A,ED0-2,TOTAL,T,MT,2008,61.3,
dataflow,ESTAT:HLTH_EHIS_ST8(1.0),A,ED0-2,TOTAL,T,PL,2008,58.8,
dataflow,ESTAT:HLTH_EHIS_ST8(1.0),A,ED0-2,TOTAL,T,RO,2008,58.1,
dataflow,ESTAT:HLTH_EHIS_ST8(1.0),A,ED0-2,TOTAL,T,SI,2008,56.8,
dataflow,ESTAT:HLTH_EHIS_ST8(1.0),A,ED0-2,TOTAL,T,SK,2008,60.6,
dataflow,ESTAT:HLTH_EHIS_ST8(1.0),A,ED0-2,TOTAL,T,TR,2008,54.3,
dataflow,ESTAT:HLTH_EHIS_ST8(1.0),A,ED0-2,Y15-24,F,AT,2008,70.7,
dataflow,ESTAT:HLTH_EHIS_ST8(1.0),A,ED0-2,Y15-24,F,BE,2008,62.2,u
dataflow,ESTAT:HLTH_EHIS_ST8(1.0),A,ED0-2,Y15-24,F,BG,2008,80.4,
dataflow,ESTAT:HLTH_EHIS_ST8(1.0),A,ED0-2,Y15-24,F,CY,2008,80.1,
dataflow,ESTAT:HLTH_EHIS_ST8(1.0),A,ED0-2,Y15-24,F,CZ,2008,67.2,
dataflow,ESTAT:HLTH_EHIS_ST8(1.0),A,ED0-2,Y15-24,F,EL,2008,83.2,
dataflow,ESTAT:HLTH_EHIS_ST8(1.0),A,ED0-2,Y15-24,F,ES,2008,74.3,
dataflow,ESTAT:HLTH_EHIS_ST8(1.0),A,ED0-2,Y15-24,F,HU,2008,65.5,
dataflow,ESTAT:HLTH_EHIS_ST8(1.0),A,ED0-2,Y15-24,F,LV,2008,75.1,
dataflow,ESTAT:HLTH_EHIS_ST8(1.0),A,ED0-2,Y15-24,F,PL,2008,72.7,u
dataflow,ESTAT:HLTH_EHIS_ST8(1.0),A,ED0-2,Y15-24,F,RO,2008,77.2,u
dataflow,ESTAT:HLTH_EHIS_ST8(1.0),A,ED0-2,Y15-24,F,SI,2008,65.0,
dataflow,ESTAT:HLTH_EHIS_ST8(1.0),A,ED0-2,Y15-24,F,SK,2008,74.4,
dataflow,ESTAT:HLTH_EHIS_ST8(1.0),A,ED0-2,Y15-24,F,TR,2008,62.8,
dataflow,ESTAT:HLTH_EHIS_ST8(1.0),A,ED0-2,Y15-24,M,AT,2008,72.4,
dataflow,ESTAT:HLTH_EHIS_ST8(1.0),A,ED0-2,Y15-24,M,BE,2008,65.7,u
dataflow,ESTAT:HLTH_EHIS_ST8(1.0),A,ED0-2,Y15-24,M,BG,2008,82.7,u
dataflow,ESTAT:HLTH_EHIS_ST8(1.0),A,ED0-2,Y15-24,M,CY,2008,84.5,
dataflow,ESTAT:HLTH_EHIS_ST8(1.0),A,ED0-2,Y15-24,M,CZ,2008,72.4,
dataflow,ESTAT:HLTH_EHIS_ST8(1.0),A,ED0-2,Y15-24,M,EL,2008,85.1,
dataflow,ESTAT:HLTH_EHIS_ST8(1.0),A,ED0-2,Y15-24,M,ES,2008,79.9,
dataflow,ESTAT:HLTH_EHIS_ST8(1.0),A,ED0-2,Y15-24,M,HU,2008,72.4,
dataflow,ESTAT:HLTH_EHIS_ST8(1.0),A,ED0-2,Y15-24,M,LV,2008,75.8,
dataflow,ESTAT:HLTH_EHIS_ST8(1.0),A,ED0-2,Y15-24,M,PL,2008,74.1,u
dataflow,ESTAT:HLTH_EHIS_ST8(1.0),A,ED0-2,Y15-24,M,RO,2008,79.2,u
dataflow,ESTAT:HLTH_EHIS_ST8(1.0),A,ED0-2,Y15-24,M,SI,2008,70.6,
dataflow,ESTAT:HLTH_EHIS_ST8(1.0),A,ED0-2,Y15-24,M,SK,2008,77.8,
dataflow,ESTAT:HLTH_EHIS_ST8(1.0),A,ED0-2,Y15-24,M,TR,2008,66.4,
dataflow,ESTAT:HLTH_EHIS_ST8(1.0),A,ED0-2,Y15-24,T,AT,2008,71.6,
dataflow,ESTAT:HLTH_EHIS_ST8(1.0),A,ED0-2,Y15-24,T,BE,2008,64,u
dataflow,ESTAT:HLTH_EHIS_ST8(1.0),A,ED0-2,Y15-24,T,BG,2008,81.5,
dataflow,ESTAT:HLTH_EHIS_ST8(1.0),A,ED0-2,Y15-24,T,CY,2008,82.4,
dataflow,ESTAT:HLTH_EHIS_ST8(1.0),A,ED0-2,Y15-24,T,CZ,2008,69.9,
dataflow,ESTAT:HLTH_EHIS_ST8(1.0),A,ED0-2,Y15-24,T,EL,2008,84.3,
dataflow,ESTAT:HLTH_EHIS_ST8(1.0),A,ED0-2,Y15-24,T,ES,2008,77.4,
dataflow,ESTAT:HLTH_EHIS_ST8(1.0),A,ED0-2,Y15-24,T,HU,2008,69.1,
dataflow,ESTAT:HLTH_EHIS_ST8(1.0),A,ED0-2,Y15-24,T,LV,2008,75.5,
dataflow,ESTAT:HLTH_EHIS_ST8(1.0),A,ED0-2,Y15-24,T,MT,2008,74.1,u
dataflow,ESTAT:HLTH_EHIS_ST8(1.0),A,ED0-2,Y15-24,T,PL,2008,73.4,u
dataflow,ESTAT:HLTH_EHIS_ST8(1.0),A,ED0-2,Y15-24,T,RO,2008,78.2,u
dataflow,ESTAT:HLTH_EHIS_ST8(1.0),A,ED0-2,Y15-24,T,SI,2008,67.9,
dataflow,ESTAT:HLTH_EHIS_ST8(1.0),A,ED0-2,Y15-24,T,SK,2008,76.2,
dataflow,ESTAT:HLTH_EHIS_ST8(1.0),A,ED0-2,Y15-24,T,TR,2008,64.4,
dataflow,ESTAT:HLTH_EHIS_ST8(1.0),A,ED0-2,Y25-34,F,AT,2008,67.9,
dataflow,ESTAT:HLTH_EHIS_ST8(1.0),A,ED0-2,Y25-34,F,BE,2008,55.4,u
dataflow,ESTAT:HLTH_EHIS_ST8(1.0),A,ED0-2,Y25-34,F,BG,2008,71.5,
dataflow,ESTAT:HLTH_EHIS_ST8(1.0),A,ED0-2,Y25-34,F,CY,2008,67.9,
dataflow,ESTAT:HLTH_EHIS_ST8(1.0),A,ED0-2,Y25-34,F,EL,2008,74.3,
dataflow,ESTAT:HLTH_EHIS_ST8(1.0),A,ED0-2,Y25-34,F,ES,2008,69.1,
dataflow,ESTAT:HLTH_EHIS_ST8(1.0),A,ED0-2,Y25-34,F,HU,2008,59.5,u
dataflow,ESTAT:HLTH_EHIS_ST8(1.0),A,ED0-2,Y25-34,F,LV,2008,65.1,
dataflow,ESTAT:HLTH_EHIS_ST8(1.0),A,ED0-2,Y25-34,F,PL,2008,64.8,
dataflow,ESTAT:HLTH_EHIS_ST8(1.0),A,ED0-2,Y25-34,F,RO,2008,65.8,
dataflow,ESTAT:HLTH_EHIS_ST8(1.0),A,ED0-2,Y25-34,F,TR,2008,53.6,
dataflow,ESTAT:HLTH_EHIS_ST8(1.0),A,ED0-2,Y25-34,M,AT,2008,65,
dataflow,ESTAT:HLTH_EHIS_ST8(1.0),A,ED0-2,Y25-34,M,BE,2008,63.9,u
dataflow,ESTAT:HLTH_EHIS_ST8(1.0),A,ED0-2,Y25-34,M,BG,2008,73.8,
dataflow,ESTAT:HLTH_EHIS_ST8(1.0),A,ED0-2,Y25-34,M,CY,2008,72.3,
dataflow,ESTAT:HLTH_EHIS_ST8(1.0),A,ED0-2,Y25-34,M,EL,2008,77.9,
dataflow,ESTAT:HLTH_EHIS_ST8(1.0),A,ED0-2,Y25-34,M,ES,2008,76,
dataflow,ESTAT:HLTH_EHIS_ST8(1.0),A,ED0-2,Y25-34,M,HU,2008,63.7,
dataflow,ESTAT:HLTH_EHIS_ST8(1.0),A,ED0-2,Y25-34,M,LV,2008,66.7,
dataflow,ESTAT:HLTH_EHIS_ST8(1.0),A,ED0-2,Y25-34,M,PL,2008,66.6,u
dataflow,ESTAT:HLTH_EHIS_ST8(1.0),A,ED0-2,Y25-34,M,RO,2008,69.1,u
dataflow,ESTAT:HLTH_EHIS_ST8(1.0),A,ED0-2,Y25-34,M,TR,2008,57.8,
dataflow,ESTAT:HLTH_EHIS_ST8(1.0),A,ED0-2,Y25-34,T,AT,2008,66.7,
dataflow,ESTAT:HLTH_EHIS_ST8(1.0),A,ED0-2,Y25-34,T,BE,2008,59.5,u
dataflow,ESTAT:HLTH_EHIS_ST8(1.0),A,ED0-2,Y25-34,T,BG,2008,72.7,
dataflow,ESTAT:HLTH_EHIS_ST8(1.0),A,ED0-2,Y25-34,T,CY,2008,70.5,
dataflow,ESTAT:HLTH_EHIS_ST8(1.0),A,ED0-2,Y25-34,T,CZ,2008,59,u
dataflow,ESTAT:HLTH_EHIS_ST8(1.0),A,ED0-2,Y25-34,T,EL,2008,76.3,
dataflow,ESTAT:HLTH_EHIS_ST8(1.0),A,ED0-2,Y25-34,T,ES,2008,73.1,
dataflow,ESTAT:HLTH_EHIS_ST8(1.0),A,ED0-2,Y25-34,T,HU,2008,61.6,
dataflow,ESTAT:HLTH_EHIS_ST8(1.0),A,ED0-2,Y25-34,T,LV,2008,66.1,
dataflow,ESTAT:HLTH_EHIS_ST8(1.0),A,ED0-2,Y25-34,T,MT,2008,62.3,u
dataflow,ESTAT:HLTH_EHIS_ST8(1.0),A,ED0-2,Y25-34,T,PL,2008,65.8,u
dataflow,ESTAT:HLTH_EHIS_ST8(1.0),A,ED0-2,Y25-34,T,RO,2008,67.2,
dataflow,ESTAT:HLTH_EHIS_ST8(1.0),A,ED0-2,Y25-34,T,SI,2008,67.5,u
dataflow,ESTAT:HLTH_EHIS_ST8(1.0),A,ED0-2,Y25-34,T,TR,2008,55.4,
dataflow,ESTAT:HLTH_EHIS_ST8(1.0),A,ED0-2,Y35-44,F,AT,2008,64.6,
dataflow,ESTAT:HLTH_EHIS_ST8(1.0),A,ED0-2,Y35-44,F,BE,2008,54.9,
dataflow,ESTAT:HLTH_EHIS_ST8(1.0),A,ED0-2,Y35-44,F,BG,2008,64.1,
dataflow,ESTAT:HLTH_EHIS_ST8(1.0),A,ED0-2,Y35-44,F,CY,2008,61.4,
dataflow,ESTAT:HLTH_EHIS_ST8(1.0),A,ED0-2,Y35-44,F,EL,2008,68.3,
dataflow,ESTAT:HLTH_EHIS_ST8(1.0),A,ED0-2,Y35-44,F,ES,2008,64.3,
dataflow,ESTAT:HLTH_EHIS_ST8(1.0),A,ED0-2,Y35-44,F,HU,2008,51.3,
dataflow,ESTAT:HLTH_EHIS_ST8(1.0),A,ED0-2,Y35-44,F,LV,2008,60.7,u
dataflow,ESTAT:HLTH_EHIS_ST8(1.0),A,ED0-2,Y35-44,F,PL,2008,58.5,
dataflow,ESTAT:HLTH_EHIS_ST8(1.0),A,ED0-2,Y35-44,F,RO,2008,63,
dataflow,ESTAT:HLTH_EHIS_ST8(1.0),A,ED0-2,Y35-44,F,SI,2008,52.8,u
dataflow,ESTAT:HLTH_EHIS_ST8(1.0),A,ED0-2,Y35-44,F,TR,2008,51.6,
dataflow,ESTAT:HLTH_EHIS_ST8(1.0),A,ED0-2,Y35-44,M,AT,2008,69,
dataflow,ESTAT:HLTH_EHIS_ST8(1.0),A,ED0-2,Y35-44,M,BE,2008,63.9,u
dataflow,ESTAT:HLTH_EHIS_ST8(1.0),A,ED0-2,Y35-44,M,BG,2008,68,
dataflow,ESTAT:HLTH_EHIS_ST8(1.0),A,ED0-2,Y35-44,M,CY,2008,69.5,
dataflow,ESTAT:HLTH_EHIS_ST8(1.0),A,ED0-2,Y35-44,M,EL,2008,71.1,
dataflow,ESTAT:HLTH_EHIS_ST8(1.0),A,ED0-2,Y35-44,M,ES,2008,72.6,
dataflow,ESTAT:HLTH_EHIS_ST8(1.0),A,ED0-2,Y35-44,M,HU,2008,60.9,
dataflow,ESTAT:HLTH_EHIS_ST8(1.0),A,ED0-2,Y35-44,M,LV,2008,65,
dataflow,ESTAT:HLTH_EHIS_ST8(1.0),A,ED0-2,Y35-44,M,MT,2008,63.3,u
dataflow,ESTAT:HLTH_EHIS_ST8(1.0),A,ED0-2,Y35-44,M,PL,2008,62.2,u
dataflow,ESTAT:HLTH_EHIS_ST8(1.0),A,ED0-2,Y35-44,M,RO,2008,67.9,u
dataflow,ESTAT:HLTH_EHIS_ST8(1.0),A,ED0-2,Y35-44,M,SI,2008,59.6,u
dataflow,ESTAT:HLTH_EHIS_ST8(1.0),A,ED0-2,Y35-44,M,TR,2008,54.3,
dataflow,ESTAT:HLTH_EHIS_ST8(1.0),A,ED0-2,Y35-44,T,AT,2008,66.2,
dataflow,ESTAT:HLTH_EHIS_ST8(1.0),A,ED0-2,Y35-44,T,BE,2008,59.6,u
dataflow,ESTAT:HLTH_EHIS_ST8(1.0),A,ED0-2,Y35-44,T,BG,2008,66.4,
dataflow,ESTAT:HLTH_EHIS_ST8(1.0),A,ED0-2,Y35-44,T,CY,2008,65.5,
dataflow,ESTAT:HLTH_EHIS_ST8(1.0),A,ED0-2,Y35-44,T,EL,2008,69.8,
dataflow,ESTAT:HLTH_EHIS_ST8(1.0),A,ED0-2,Y35-44,T,ES,2008,68.9,
dataflow,ESTAT:HLTH_EHIS_ST8(1.0),A,ED0-2,Y35-44,T,HU,2008,56.2,
dataflow,ESTAT:HLTH_EHIS_ST8(1.0),A,ED0-2,Y35-44,T,LV,2008,63.6,
dataflow,ESTAT:HLTH_EHIS_ST8(1.0),A,ED0-2,Y35-44,T,MT,2008,64.3,u
dataflow,ESTAT:HLTH_EHIS_ST8(1.0),A,ED0-2,Y35-44,T,PL,2008,60.4,
dataflow,ESTAT:HLTH_EHIS_ST8(1.0),A,ED0-2,Y35-44,T,RO,2008,65,
dataflow,ESTAT:HLTH_EHIS_ST8(1.0),A,ED0-2,Y35-44,T,SI,2008,56.2,u
dataflow,ESTAT:HLTH_EHIS_ST8(1.0),A,ED0-2,Y35-44,T,TR,2008,52.8,
dataflow,ESTAT:HLTH_EHIS_ST8(1.0),A,ED0-2,Y45-54,F,AT,2008,61.7,
dataflow,ESTAT:HLTH_EHIS_ST8(1.0),A,ED0-2,Y45-54,F,BE,2008,55.6,u
dataflow,ESTAT:HLTH_EHIS_ST8(1.0),A,ED0-2,Y45-54,F,BG,2008,58.8,
dataflow,ESTAT:HLTH_EHIS_ST8(1.0),A,ED0-2,Y45-54,F,CY,2008,59.5,
dataflow,ESTAT:HLTH_EHIS_ST8(1.0),A,ED0-2,Y45-54,F,EL,2008,64.9,
dataflow,ESTAT:HLTH_EHIS_ST8(1.0),A,ED0-2,Y45-54,F,ES,2008,62.5,
dataflow,ESTAT:HLTH_EHIS_ST8(1.0),A,ED0-2,Y45-54,F,HU,2008,48.4,
dataflow,ESTAT:HLTH_EHIS_ST8(1.0),A,ED0-2,Y45-54,F,LV,2008,58.7,
dataflow,ESTAT:HLTH_EHIS_ST8(1.0),A,ED0-2,Y45-54,F,MT,2008,58.9,
dataflow,ESTAT:HLTH_EHIS_ST8(1.0),A,ED0-2,Y45-54,F,PL,2008,54.1,
dataflow,ESTAT:HLTH_EHIS_ST8(1.0),A,ED0-2,Y45-54,F,RO,2008,56.5,
dataflow,ESTAT:HLTH_EHIS_ST8(1.0),A,ED0-2,Y45-54,F,SI,2008,52.6,
dataflow,ESTAT:HLTH_EHIS_ST8(1.0),A,ED0-2,Y45-54,F,SK,2008,52.3,u
dataflow,ESTAT:HLTH_EHIS_ST8(1.0),A,ED0-2,Y45-54,F,TR,2008,49,
dataflow,ESTAT:HLTH_EHIS_ST8(1.0),A,ED0-2,Y45-54,M,AT,2008,63.4,
dataflow,ESTAT:HLTH_EHIS_ST8(1.0),A,ED0-2,Y45-54,M,BE,2008,60.7,u
dataflow,ESTAT:HLTH_EHIS_ST8(1.0),A,ED0-2,Y45-54,M,BG,2008,62.6,
dataflow,ESTAT:HLTH_EHIS_ST8(1.0),A,ED0-2,Y45-54,M,CY,2008,67,
dataflow,ESTAT:HLTH_EHIS_ST8(1.0),A,ED0-2,Y45-54,M,EL,2008,72.6,
dataflow,ESTAT:HLTH_EHIS_ST8(1.0),A,ED0-2,Y45-54,M,ES,2008,70.9,
dataflow,ESTAT:HLTH_EHIS_ST8(1.0),A,ED0-2,Y45-54,M,HU,2008,47.5,
dataflow,ESTAT:HLTH_EHIS_ST8(1.0),A,ED0-2,Y45-54,M,LV,2008,63.8,
dataflow,ESTAT:HLTH_EHIS_ST8(1.0),A,ED0-2,Y45-54,M,MT,2008,64.6,
dataflow,ESTAT:HLTH_EHIS_ST8(1.0),A,ED0-2,Y45-54,M,PL,2008,56.1,
dataflow,ESTAT:HLTH_EHIS_ST8(1.0),A,ED0-2,Y45-54,M,RO,2008,60.2,
dataflow,ESTAT:HLTH_EHIS_ST8(1.0),A,ED0-2,Y45-54,M,SI,2008,61.4,u
dataflow,ESTAT:HLTH_EHIS_ST8(1.0),A,ED0-2,Y45-54,M,TR,2008,55,
dataflow,ESTAT:HLTH_EHIS_ST8(1.0),A,ED0-2,Y45-54,T,AT,2008,62.2,
dataflow,ESTAT:HLTH_EHIS_ST8(1.0),A,ED0-2,Y45-54,T,BE,2008,58.1,u
dataflow,ESTAT:HLTH_EHIS_ST8(1.0),A,ED0-2,Y45-54,T,BG,2008,60.6,
dataflow,ESTAT:HLTH_EHIS_ST8(1.0),A,ED0-2,Y45-54,T,CY,2008,62.8,
dataflow,ESTAT:HLTH_EHIS_ST8(1.0),A,ED0-2,Y45-54,T,CZ,2008,51.2,u
dataflow,ESTAT:HLTH_EHIS_ST8(1.0),A,ED0-2,Y45-54,T,EL,2008,68.3,
dataflow,ESTAT:HLTH_EHIS_ST8(1.0),A,ED0-2,Y45-54,T,ES,2008,66.6,
dataflow,ESTAT:HLTH_EHIS_ST8(1.0),A,ED0-2,Y45-54,T,HU,2008,48.1,
dataflow,ESTAT:HLTH_EHIS_ST8(1.0),A,ED0-2,Y45-54,T,LV,2008,61.9,
dataflow,ESTAT:HLTH_EHIS_ST8(1.0),A,ED0-2,Y45-54,T,MT,2008,61.4,
dataflow,ESTAT:HLTH_EHIS_ST8(1.0),A,ED0-2,Y45-54,T,PL,2008,55,
dataflow,ESTAT:HLTH_EHIS_ST8(1.0),A,ED0-2,Y45-54,T,RO,2008,57.7,
dataflow,ESTAT:HLTH_EHIS_ST8(1.0),A,ED0-2,Y45-54,T,SI,2008,56.8,
dataflow,ESTAT:HLTH_EHIS_ST8(1.0),A,ED0-2,Y45-54,T,SK,2008,54.2,u
dataflow,ESTAT:HLTH_EHIS_ST8(1.0),A,ED0-2,Y45-54,T,TR,2008,51.8,
dataflow,ESTAT:HLTH_EHIS_ST8(1.0),A,ED0-2,Y55-64,F,AT,2008,61.4,
dataflow,ESTAT:HLTH_EHIS_ST8(1.0),A,ED0-2,Y55-64,F,BE,2008,62.1,u
dataflow,ESTAT:HLTH_EHIS_ST8(1.0),A,ED0-2,Y55-64,F,BG,2008,54.4,
dataflow,ESTAT:HLTH_EHIS_ST8(1.0),A,ED0-2,Y55-64,F,CY,2008,60.1,
dataflow,ESTAT:HLTH_EHIS_ST8(1.0),A,ED0-2,Y55-64,F,CZ,2008,54.8,u
dataflow,ESTAT:HLTH_EHIS_ST8(1.0),A,ED0-2,Y55-64,F,EL,2008,61.6,
dataflow,ESTAT:HLTH_EHIS_ST8(1.0),A,ED0-2,Y55-64,F,ES,2008,59.3,
dataflow,ESTAT:HLTH_EHIS_ST8(1.0),A,ED0-2,Y55-64,F,HU,2008,44.9,
dataflow,ESTAT:HLTH_EHIS_ST8(1.0),A,ED0-2,Y55-64,F,LV,2008,56.1,
dataflow,ESTAT:HLTH_EHIS_ST8(1.0),A,ED0-2,Y55-64,F,MT,2008,62,
dataflow,ESTAT:HLTH_EHIS_ST8(1.0),A,ED0-2,Y55-64,F,PL,2008,55.3,
dataflow,ESTAT:HLTH_EHIS_ST8(1.0),A,ED0-2,Y55-64,F,RO,2008,53.2,
dataflow,ESTAT:HLTH_EHIS_ST8(1.0),A,ED0-2,Y55-64,F,SI,2008,57.0,
dataflow,ESTAT:HLTH_EHIS_ST8(1.0),A,ED0-2,Y55-64,F,SK,2008,54.6,u
dataflow,ESTAT:HLTH_EHIS_ST8(1.0),A,ED0-2,Y55-64,F,TR,2008,46.2,
dataflow,ESTAT:HLTH_EHIS_ST8(1.0),A,ED0-2,Y55-64,M,AT,2008,59.5,
dataflow,ESTAT:HLTH_EHIS_ST8(1.0),A,ED0-2,Y55-64,M,BE,2008,65.8,u
dataflow,ESTAT:HLTH_EHIS_ST8(1.0),A,ED0-2,Y55-64,M,BG,2008,58.4,
dataflow,ESTAT:HLTH_EHIS_ST8(1.0),A,ED0-2,Y55-64,M,CY,2008,66,
dataflow,ESTAT:HLTH_EHIS_ST8(1.0),A,ED0-2,Y55-64,M,EL,2008,70.5,
dataflow,ESTAT:HLTH_EHIS_ST8(1.0),A,ED0-2,Y55-64,M,ES,2008,69.2,
dataflow,ESTAT:HLTH_EHIS_ST8(1.0),A,ED0-2,Y55-64,M,HU,2008,43.1,
dataflow,ESTAT:HLTH_EHIS_ST8(1.0),A,ED0-2,Y55-64,M,LV,2008,58.8,
dataflow,ESTAT:HLTH_EHIS_ST8(1.0),A,ED0-2,Y55-64,M,MT,2008,66.4,
dataflow,ESTAT:HLTH_EHIS_ST8(1.0),A,ED0-2,Y55-64,M,PL,2008,56.5,
dataflow,ESTAT:HLTH_EHIS_ST8(1.0),A,ED0-2,Y55-64,M,RO,2008,57,
dataflow,ESTAT:HLTH_EHIS_ST8(1.0),A,ED0-2,Y55-64,M,SI,2008,57.7,u
dataflow,ESTAT:HLTH_EHIS_ST8(1.0),A,ED0-2,Y55-64,M,SK,2008,52.9,u
dataflow,ESTAT:HLTH_EHIS_ST8(1.0),A,ED0-2,Y55-64,M,TR,2008,53.8,
dataflow,ESTAT:HLTH_EHIS_ST8(1.0),A,ED0-2,Y55-64,T,AT,2008,60.8,
dataflow,ESTAT:HLTH_EHIS_ST8(1.0),A,ED0-2,Y55-64,T,BE,2008,63.8,u
dataflow,ESTAT:HLTH_EHIS_ST8(1.0),A,ED0-2,Y55-64,T,BG,2008,56.3,
dataflow,ESTAT:HLTH_EHIS_ST8(1.0),A,ED0-2,Y55-64,T,CY,2008,62.7,
dataflow,ESTAT:HLTH_EHIS_ST8(1.0),A,ED0-2,Y55-64,T,CZ,2008,54.1,
dataflow,ESTAT:HLTH_EHIS_ST8(1.0),A,ED0-2,Y55-64,T,EL,2008,65.4,
dataflow,ESTAT:HLTH_EHIS_ST8(1.0),A,ED0-2,Y55-64,T,ES,2008,63.7,
dataflow,ESTAT:HLTH_EHIS_ST8(1.0),A,ED0-2,Y55-64,T,HU,2008,44.3,
dataflow,ESTAT:HLTH_EHIS_ST8(1.0),A,ED0-2,Y55-64,T,LV,2008,57.6,
dataflow,ESTAT:HLTH_EHIS_ST8(1.0),A,ED0-2,Y55-64,T,MT,2008,63.8,
dataflow,ESTAT:HLTH_EHIS_ST8(1.0),A,ED0-2,Y55-64,T,PL,2008,55.7,
dataflow,ESTAT:HLTH_EHIS_ST8(1.0),A,ED0-2,Y55-64,T,RO,2008,54.4,
dataflow,ESTAT:HLTH_EHIS_ST8(1.0),A,ED0-2,Y55-64,T,SI,2008,57.2,
dataflow,ESTAT:HLTH_EHIS_ST8(1.0),A,ED0-2,Y55-64,T,SK,2008,54,
dataflow,ESTAT:HLTH_EHIS_ST8(1.0),A,ED0-2,Y55-64,T,TR,2008,49.6,
dataflow,ESTAT:HLTH_EHIS_ST8(1.0),A,ED0-2,Y65-74,F,AT,2008,59.9,
dataflow,ESTAT:HLTH_EHIS_ST8(1.0),A,ED0-2,Y65-74,F,BE,2008,61.7,u
dataflow,ESTAT:HLTH_EHIS_ST8(1.0),A,ED0-2,Y65-74,F,BG,2008,47.5,
dataflow,ESTAT:HLTH_EHIS_ST8(1.0),A,ED0-2,Y65-74,F,CY,2008,57.9,
dataflow,ESTAT:HLTH_EHIS_ST8(1.0),A,ED0-2,Y65-74,F,CZ,2008,57.1,u
dataflow,ESTAT:HLTH_EHIS_ST8(1.0),A,ED0-2,Y65-74,F,EL,2008,56.5,
dataflow,ESTAT:HLTH_EHIS_ST8(1.0),A,ED0-2,Y65-74,F,ES,2008,56.6,
dataflow,ESTAT:HLTH_EHIS_ST8(1.0),A,ED0-2,Y65-74,F,HU,2008,45.8,
dataflow,ESTAT:HLTH_EHIS_ST8(1.0),A,ED0-2,Y65-74,F,LV,2008,51.4,
dataflow,ESTAT:HLTH_EHIS_ST8(1.0),A,ED0-2,Y65-74,F,MT,2008,58.8,
dataflow,ESTAT:HLTH_EHIS_ST8(1.0),A,ED0-2,Y65-74,F,PL,2008,51,
dataflow,ESTAT:HLTH_EHIS_ST8(1.0),A,ED0-2,Y65-74,F,RO,2008,47.6,
dataflow,ESTAT:HLTH_EHIS_ST8(1.0),A,ED0-2,Y65-74,F,SI,2008,46.6,
dataflow,ESTAT:HLTH_EHIS_ST8(1.0),A,ED0-2,Y65-74,F,SK,2008,47.6,
dataflow,ESTAT:HLTH_EHIS_ST8(1.0),A,ED0-2,Y65-74,F,TR,2008,42.8,
dataflow,ESTAT:HLTH_EHIS_ST8(1.0),A,ED0-2,Y65-74,M,AT,2008,60.3,
dataflow,ESTAT:HLTH_EHIS_ST8(1.0),A,ED0-2,Y65-74,M,BE,2008,65.2,u
dataflow,ESTAT:HLTH_EHIS_ST8(1.0),A,ED0-2,Y65-74,M,BG,2008,53.1,
dataflow,ESTAT:HLTH_EHIS_ST8(1.0),A,ED0-2,Y65-74,M,CY,2008,68.6,
dataflow,ESTAT:HLTH_EHIS_ST8(1.0),A,ED0-2,Y65-74,M,EL,2008,66.5,
dataflow,ESTAT:HLTH_EHIS_ST8(1.0),A,ED0-2,Y65-74,M,ES,2008,71.3,
dataflow,ESTAT:HLTH_EHIS_ST8(1.0),A,ED0-2,Y65-74,M,HU,2008,50.6,
dataflow,ESTAT:HLTH_EHIS_ST8(1.0),A,ED0-2,Y65-74,M,LV,2008,57.2,
dataflow,ESTAT:HLTH_EHIS_ST8(1.0),A,ED0-2,Y65-74,M,MT,2008,62.5,
dataflow,ESTAT:HLTH_EHIS_ST8(1.0),A,ED0-2,Y65-74,M,PL,2008,54.1,
dataflow,ESTAT:HLTH_EHIS_ST8(1.0),A,ED0-2,Y65-74,M,RO,2008,51.9,
dataflow,ESTAT:HLTH_EHIS_ST8(1.0),A,ED0-2,Y65-74,M,SI,2008,52.5,u
dataflow,ESTAT:HLTH_EHIS_ST8(1.0),A,ED0-2,Y65-74,M,SK,2008,53.3,u
dataflow,ESTAT:HLTH_EHIS_ST8(1.0),A,ED0-2,Y65-74,M,TR,2008,52.6,
dataflow,ESTAT:HLTH_EHIS_ST8(1.0),A,ED0-2,Y65-74,T,AT,2008,60,
dataflow,ESTAT:HLTH_EHIS_ST8(1.0),A,ED0-2,Y65-74,T,BE,2008,63.1,u
dataflow,ESTAT:HLTH_EHIS_ST8(1.0),A,ED0-2,Y65-74,T,BG,2008,49.6,
dataflow,ESTAT:HLTH_EHIS_ST8(1.0),A,ED0-2,Y65-74,T,CY,2008,62.2,
dataflow,ESTAT:HLTH_EHIS_ST8(1.0),A,ED0-2,Y65-74,T,CZ,2008,58.3,
dataflow,ESTAT:HLTH_EHIS_ST8(1.0),A,ED0-2,Y65-74,T,EL,2008,60.6,
dataflow,ESTAT:HLTH_EHIS_ST8(1.0),A,ED0-2,Y65-74,T,ES,2008,62.8,
dataflow,ESTAT:HLTH_EHIS_ST8(1.0),A,ED0-2,Y65-74,T,HU,2008,47.3,
dataflow,ESTAT:HLTH_EHIS_ST8(1.0),A,ED0-2,Y65-74,T,LV,2008,53.6,
dataflow,ESTAT:HLTH_EHIS_ST8(1.0),A,ED0-2,Y65-74,T,MT,2008,60.2,
dataflow,ESTAT:HLTH_EHIS_ST8(1.0),A,ED0-2,Y65-74,T,PL,2008,52,
dataflow,ESTAT:HLTH_EHIS_ST8(1.0),A,ED0-2,Y65-74,T,RO,2008,49,
dataflow,ESTAT:HLTH_EHIS_ST8(1.0),A,ED0-2,Y65-74,T,SI,2008,47.9,
dataflow,ESTAT:HLTH_EHIS_ST8(1.0),A,ED0-2,Y65-74,T,SK,2008,48.9,
dataflow,ESTAT:HLTH_EHIS_ST8(1.0),A,ED0-2,Y65-74,T,TR,2008,47.1,
dataflow,ESTAT:HLTH_EHIS_ST8(1.0),A,ED0-2,Y75-84,F,AT,2008,49,
dataflow,ESTAT:HLTH_EHIS_ST8(1.0),A,ED0-2,Y75-84,F,BE,2008,55.6,u
dataflow,ESTAT:HLTH_EHIS_ST8(1.0),A,ED0-2,Y75-84,F,BG,2008,38,
dataflow,ESTAT:HLTH_EHIS_ST8(1.0),A,ED0-2,Y75-84,F,CY,2008,46.7,
dataflow,ESTAT:HLTH_EHIS_ST8(1.0),A,ED0-2,Y75-84,F,CZ,2008,39.5,u
dataflow,ESTAT:HLTH_EHIS_ST8(1.0),A,ED0-2,Y75-84,F,EL,2008,46,
dataflow,ESTAT:HLTH_EHIS_ST8(1.0),A,ED0-2,Y75-84,F,ES,2008,52.6,
dataflow,ESTAT:HLTH_EHIS_ST8(1.0),A,ED0-2,Y75-84,F,HU,2008,37.9,
dataflow,ESTAT:HLTH_EHIS_ST8(1.0),A,ED0-2,Y75-84,F,LV,2008,44.1,
dataflow,ESTAT:HLTH_EHIS_ST8(1.0),A,ED0-2,Y75-84,F,MT,2008,52.8,
dataflow,ESTAT:HLTH_EHIS_ST8(1.0),A,ED0-2,Y75-84,F,PL,2008,44.8,
dataflow,ESTAT:HLTH_EHIS_ST8(1.0),A,ED0-2,Y75-84,F,RO,2008,41.1,
dataflow,ESTAT:HLTH_EHIS_ST8(1.0),A,ED0-2,Y75-84,F,SI,2008,45.5,
dataflow,ESTAT:HLTH_EHIS_ST8(1.0),A,ED0-2,Y75-84,F,SK,2008,39.4,
dataflow,ESTAT:HLTH_EHIS_ST8(1.0),A,ED0-2,Y75-84,F,TR,2008,39.2,
dataflow,ESTAT:HLTH_EHIS_ST8(1.0),A,ED0-2,Y75-84,M,AT,2008,50.5,
dataflow,ESTAT:HLTH_EHIS_ST8(1.0),A,ED0-2,Y75-84,M,BE,2008,64,u
dataflow,ESTAT:HLTH_EHIS_ST8(1.0),A,ED0-2,Y75-84,M,BG,2008,43.6,
dataflow,ESTAT:HLTH_EHIS_ST8(1.0),A,ED0-2,Y75-84,M,CY,2008,57,
dataflow,ESTAT:HLTH_EHIS_ST8(1.0),A,ED0-2,Y75-84,M,EL,2008,58.3,
dataflow,ESTAT:HLTH_EHIS_ST8(1.0),A,ED0-2,Y75-84,M,ES,2008,63.7,
dataflow,ESTAT:HLTH_EHIS_ST8(1.0),A,ED0-2,Y75-84,M,HU,2008,37.8,u
dataflow,ESTAT:HLTH_EHIS_ST8(1.0),A,ED0-2,Y75-84,M,LV,2008,52.6,
dataflow,ESTAT:HLTH_EHIS_ST8(1.0),A,ED0-2,Y75-84,M,MT,2008,61.2,
dataflow,ESTAT:HLTH_EHIS_ST8(1.0),A,ED0-2,Y75-84,M,PL,2008,52.8,
dataflow,ESTAT:HLTH_EHIS_ST8(1.0),A,ED0-2,Y75-84,M,RO,2008,42.6,
dataflow,ESTAT:HLTH_EHIS_ST8(1.0),A,ED0-2,Y75-84,M,SK,2008,47.9,u
dataflow,ESTAT:HLTH_EHIS_ST8(1.0),A,ED0-2,Y75-84,M,TR,2008,45.3,
dataflow,ESTAT:HLTH_EHIS_ST8(1.0),A,ED0-2,Y75-84,T,AT,2008,49.4,
dataflow,ESTAT:HLTH_EHIS_ST8(1.0),A,ED0-2,Y75-84,T,BE,2008,58.8,u
dataflow,ESTAT:HLTH_EHIS_ST8(1.0),A,ED0-2,Y75-84,T,BG,2008,40,
dataflow,ESTAT:HLTH_EHIS_ST8(1.0),A,ED0-2,Y75-84,T,CY,2008,50.4,
dataflow,ESTAT:HLTH_EHIS_ST8(1.0),A,ED0-2,Y75-84,T,CZ,2008,40.1,
dataflow,ESTAT:HLTH_EHIS_ST8(1.0),A,ED0-2,Y75-84,T,EL,2008,51,
dataflow,ESTAT:HLTH_EHIS_ST8(1.0),A,ED0-2,Y75-84,T,ES,2008,57,
dataflow,ESTAT:HLTH_EHIS_ST8(1.0),A,ED0-2,Y75-84,T,HU,2008,37.9,
dataflow,ESTAT:HLTH_EHIS_ST8(1.0),A,ED0-2,Y75-84,T,LV,2008,46.5,
dataflow,ESTAT:HLTH_EHIS_ST8(1.0),A,ED0-2,Y75-84,T,MT,2008,55.8,
dataflow,ESTAT:HLTH_EHIS_ST8(1.0),A,ED0-2,Y75-84,T,PL,2008,46.8,
dataflow,ESTAT:HLTH_EHIS_ST8(1.0),A,ED0-2,Y75-84,T,RO,2008,41.6,
dataflow,ESTAT:HLTH_EHIS_ST8(1.0),A,ED0-2,Y75-84,T,SI,2008,47.4,
dataflow,ESTAT:HLTH_EHIS_ST8(1.0),A,ED0-2,Y75-84,T,SK,2008,41.4,
dataflow,ESTAT:HLTH_EHIS_ST8(1.0),A,ED0-2,Y75-84,T,TR,2008,41.6,
dataflow,ESTAT:HLTH_EHIS_ST8(1.0),A,ED0-2,Y_GE85,F,AT,2008,42.8,u
dataflow,ESTAT:HLTH_EHIS_ST8(1.0),A,ED0-2,Y_GE85,F,BG,2008,34.7,u
dataflow,ESTAT:HLTH_EHIS_ST8(1.0),A,ED0-2,Y_GE85,F,CY,2008,43.1,u
dataflow,ESTAT:HLTH_EHIS_ST8(1.0),A,ED0-2,Y_GE85,F,EL,2008,42.1,
dataflow,ESTAT:HLTH_EHIS_ST8(1.0),A,ED0-2,Y_GE85,F,ES,2008,52.7,u
dataflow,ESTAT:HLTH_EHIS_ST8(1.0),A,ED0-2,Y_GE85,F,HU,2008,34.7,u
dataflow,ESTAT:HLTH_EHIS_ST8(1.0),A,ED0-2,Y_GE85,F,LV,2008,47.3,u
dataflow,ESTAT:HLTH_EHIS_ST8(1.0),A,ED0-2,Y_GE85,F,MT,2008,55.3,u
dataflow,ESTAT:HLTH_EHIS_ST8(1.0),A,ED0-2,Y_GE85,F,PL,2008,42.7,
dataflow,ESTAT:HLTH_EHIS_ST8(1.0),A,ED0-2,Y_GE85,F,RO,2008,34.5,
dataflow,ESTAT:HLTH_EHIS_ST8(1.0),A,ED0-2,Y_GE85,F,SK,2008,32.6,u
dataflow,ESTAT:HLTH_EHIS_ST8(1.0),A,ED0-2,Y_GE85,F,TR,2008,31.2,u
dataflow,ESTAT:HLTH_EHIS_ST8(1.0),A,ED0-2,Y_GE85,M,AT,2008,54.6,u
dataflow,ESTAT:HLTH_EHIS_ST8(1.0),A,ED0-2,Y_GE85,M,BG,2008,40,u
dataflow,ESTAT:HLTH_EHIS_ST8(1.0),A,ED0-2,Y_GE85,M,CY,2008,41.3,u
dataflow,ESTAT:HLTH_EHIS_ST8(1.0),A,ED0-2,Y_GE85,M,EL,2008,49.1,u
dataflow,ESTAT:HLTH_EHIS_ST8(1.0),A,ED0-2,Y_GE85,M,ES,2008,55.1,
dataflow,ESTAT:HLTH_EHIS_ST8(1.0),A,ED0-2,Y_GE85,M,PL,2008,47.9,u
dataflow,ESTAT:HLTH_EHIS_ST8(1.0),A,ED0-2,Y_GE85,M,RO,2008,37.5,
dataflow,ESTAT:HLTH_EHIS_ST8(1.0),A,ED0-2,Y_GE85,M,TR,2008,40.9,u
dataflow,ESTAT:HLTH_EHIS_ST8(1.0),A,ED0-2,Y_GE85,T,AT,2008,44.4,u
dataflow,ESTAT:HLTH_EHIS_ST8(1.0),A,ED0-2,Y_GE85,T,BG,2008,37.1,u
dataflow,ESTAT:HLTH_EHIS_ST8(1.0),A,ED0-2,Y_GE85,T,CY,2008,42.4,u
dataflow,ESTAT:HLTH_EHIS_ST8(1.0),A,ED0-2,Y_GE85,T,EL,2008,44.7,
dataflow,ESTAT:HLTH_EHIS_ST8(1.0),A,ED0-2,Y_GE85,T,ES,2008,53.6,u
dataflow,ESTAT:HLTH_EHIS_ST8(1.0),A,ED0-2,Y_GE85,T,HU,2008,37.4,
dataflow,ESTAT:HLTH_EHIS_ST8(1.0),A,ED0-2,Y_GE85,T,LV,2008,46.5,
dataflow,ESTAT:HLTH_EHIS_ST8(1.0),A,ED0-2,Y_GE85,T,MT,2008,52.2,u
dataflow,ESTAT:HLTH_EHIS_ST8(1.0),A,ED0-2,Y_GE85,T,PL,2008,43.8,u
dataflow,ESTAT:HLTH_EHIS_ST8(1.0),A,ED0-2,Y_GE85,T,RO,2008,35.6,
dataflow,ESTAT:HLTH_EHIS_ST8(1.0),A,ED0-2,Y_GE85,T,SK,2008,32.7,u
dataflow,ESTAT:HLTH_EHIS_ST8(1.0),A,ED0-2,Y_GE85,T,TR,2008,35,
dataflow,ESTAT:HLTH_EHIS_ST8(1.0),A,ED3_4,TOTAL,F,AT,2008,67.7,
dataflow,ESTAT:HLTH_EHIS_ST8(1.0),A,ED3_4,TOTAL,F,BE,2008,60.6,u
dataflow,ESTAT:HLTH_EHIS_ST8(1.0),A,ED3_4,TOTAL,F,BG,2008,64.4,
dataflow,ESTAT:HLTH_EHIS_ST8(1.0),A,ED3_4,TOTAL,F,CY,2008,70.6,
dataflow,ESTAT:HLTH_EHIS_ST8(1.0),A,ED3_4,TOTAL,F,CZ,2008,59.7,
dataflow,ESTAT:HLTH_EHIS_ST8(1.0),A,ED3_4,TOTAL,F,EL,2008,72.3,
dataflow,ESTAT:HLTH_EHIS_ST8(1.0),A,ED3_4,TOTAL,F,ES,2008,67.9,
dataflow,ESTAT:HLTH_EHIS_ST8(1.0),A,ED3_4,TOTAL,F,HU,2008,56.5,
dataflow,ESTAT:HLTH_EHIS_ST8(1.0),A,ED3_4,TOTAL,F,LV,2008,62.5,
dataflow,ESTAT:HLTH_EHIS_ST8(1.0),A,ED3_4,TOTAL,F,MT,2008,65.5,
dataflow,ESTAT:HLTH_EHIS_ST8(1.0),A,ED3_4,TOTAL,F,PL,2008,61.9,
dataflow,ESTAT:HLTH_EHIS_ST8(1.0),A,ED3_4,TOTAL,F,RO,2008,63.7,
dataflow,ESTAT:HLTH_EHIS_ST8(1.0),A,ED3_4,TOTAL,F,SI,2008,63.3,
dataflow,ESTAT:HLTH_EHIS_ST8(1.0),A,ED3_4,TOTAL,F,SK,2008,64,
dataflow,ESTAT:HLTH_EHIS_ST8(1.0),A,ED3_4,TOTAL,F,TR,2008,59.7,
dataflow,ESTAT:HLTH_EHIS_ST8(1.0),A,ED3_4,TOTAL,M,AT,2008,69.8,
dataflow,ESTAT:HLTH_EHIS_ST8(1.0),A,ED3_4,TOTAL,M,BE,2008,66.7,u
dataflow,ESTAT:HLTH_EHIS_ST8(1.0),A,ED3_4,TOTAL,M,BG,2008,70.3,
dataflow,ESTAT:HLTH_EHIS_ST8(1.0),A,ED3_4,TOTAL,M,CY,2008,77,u
dataflow,ESTAT:HLTH_EHIS_ST8(1.0),A,ED3_4,TOTAL,M,CZ,2008,66.2,
dataflow,ESTAT:HLTH_EHIS_ST8(1.0),A,ED3_4,TOTAL,M,EL,2008,77.7,
dataflow,ESTAT:HLTH_EHIS_ST8(1.0),A,ED3_4,TOTAL,M,ES,2008,74.7,
dataflow,ESTAT:HLTH_EHIS_ST8(1.0),A,ED3_4,TOTAL,M,HU,2008,62.2,
dataflow,ESTAT:HLTH_EHIS_ST8(1.0),A,ED3_4,TOTAL,M,LV,2008,65.7,
dataflow,ESTAT:HLTH_EHIS_ST8(1.0),A,ED3_4,TOTAL,M,MT,2008,71.3,
dataflow,ESTAT:HLTH_EHIS_ST8(1.0),A,ED3_4,TOTAL,M,PL,2008,64.7,
dataflow,ESTAT:HLTH_EHIS_ST8(1.0),A,ED3_4,TOTAL,M,RO,2008,66.3,
dataflow,ESTAT:HLTH_EHIS_ST8(1.0),A,ED3_4,TOTAL,M,SI,2008,66.6,
dataflow,ESTAT:HLTH_EHIS_ST8(1.0),A,ED3_4,TOTAL,M,SK,2008,66.8,
dataflow,ESTAT:HLTH_EHIS_ST8(1.0),A,ED3_4,TOTAL,M,TR,2008,62.3,
dataflow,ESTAT:HLTH_EHIS_ST8(1.0),A,ED3_4,TOTAL,T,AT,2008,68.8,
dataflow,ESTAT:HLTH_EHIS_ST8(1.0),A,ED3_4,TOTAL,T,BE,2008,63.6,u
dataflow,ESTAT:HLTH_EHIS_ST8(1.0),A,ED3_4,TOTAL,T,BG,2008,67.4,
dataflow,ESTAT:HLTH_EHIS_ST8(1.0),A,ED3_4,TOTAL,T,CY,2008,73.8,
dataflow,ESTAT:HLTH_EHIS_ST8(1.0),A,ED3_4,TOTAL,T,CZ,2008,62.9,
dataflow,ESTAT:HLTH_EHIS_ST8(1.0),A,ED3_4,TOTAL,T,EL,2008,74.9,
dataflow,ESTAT:HLTH_EHIS_ST8(1.0),A,ED3_4,TOTAL,T,ES,2008,71.3,
dataflow,ESTAT:HLTH_EHIS_ST8(1.0),A,ED3_4,TOTAL,T,HU,2008,59.5,
dataflow,ESTAT:HLTH_EHIS_ST8(1.0),A,ED3_4,TOTAL,T,LV,2008,64,
dataflow,ESTAT:HLTH_EHIS_ST8(1.0),A,ED3_4,TOTAL,T,MT,2008,68.3,
dataflow,ESTAT:HLTH_EHIS_ST8(1.0),A,ED3_4,TOTAL,T,PL,2008,63.2,
dataflow,ESTAT:HLTH_EHIS_ST8(1.0),A,ED3_4,TOTAL,T,RO,2008,65,
dataflow,ESTAT:HLTH_EHIS_ST8(1.0),A,ED3_4,TOTAL,T,SI,2008,65.1,
dataflow,ESTAT:HLTH_EHIS_ST8(1.0),A,ED3_4,TOTAL,T,SK,2008,65.4,
dataflow,ESTAT:HLTH_EHIS_ST8(1.0),A,ED3_4,TOTAL,T,TR,2008,61.2,
dataflow,ESTAT:HLTH_EHIS_ST8(1.0),A,ED3_4,Y15-24,F,AT,2008,70.6,
dataflow,ESTAT:HLTH_EHIS_ST8(1.0),A,ED3_4,Y15-24,F,BE,2008,58.5,u
dataflow,ESTAT:HLTH_EHIS_ST8(1.0),A,ED3_4,Y15-24,F,BG,2008,80.4,
dataflow,ESTAT:HLTH_EHIS_ST8(1.0),A,ED3_4,Y15-24,F,CY,2008,79.5,u
dataflow,ESTAT:HLTH_EHIS_ST8(1.0),A,ED3_4,Y15-24,F,CZ,2008,64.2,
dataflow,ESTAT:HLTH_EHIS_ST8(1.0),A,ED3_4,Y15-24,F,EL,2008,80,
dataflow,ESTAT:HLTH_EHIS_ST8(1.0),A,ED3_4,Y15-24,F,ES,2008,72,
dataflow,ESTAT:HLTH_EHIS_ST8(1.0),A,ED3_4,Y15-24,F,HU,2008,65.5,
dataflow,ESTAT:HLTH_EHIS_ST8(1.0),A,ED3_4,Y15-24,F,LV,2008,73.5,
dataflow,ESTAT:HLTH_EHIS_ST8(1.0),A,ED3_4,Y15-24,F,MT,2008,70.6,
dataflow,ESTAT:HLTH_EHIS_ST8(1.0),A,ED3_4,Y15-24,F,PL,2008,70.7,
dataflow,ESTAT:HLTH_EHIS_ST8(1.0),A,ED3_4,Y15-24,F,RO,2008,75.3,u
dataflow,ESTAT:HLTH_EHIS_ST8(1.0),A,ED3_4,Y15-24,F,SI,2008,68.4,
dataflow,ESTAT:HLTH_EHIS_ST8(1.0),A,ED3_4,Y15-24,F,SK,2008,73,
dataflow,ESTAT:HLTH_EHIS_ST8(1.0),A,ED3_4,Y15-24,F,TR,2008,63.2,
dataflow,ESTAT:HLTH_EHIS_ST8(1.0),A,ED3_4,Y15-24,M,AT,2008,75,
dataflow,ESTAT:HLTH_EHIS_ST8(1.0),A,ED3_4,Y15-24,M,BE,2008,66.8,u
dataflow,ESTAT:HLTH_EHIS_ST8(1.0),A,ED3_4,Y15-24,M,BG,2008,82.5,
dataflow,ESTAT:HLTH_EHIS_ST8(1.0),A,ED3_4,Y15-24,M,CY,2008,81.2,u
dataflow,ESTAT:HLTH_EHIS_ST8(1.0),A,ED3_4,Y15-24,M,CZ,2008,71.5,
dataflow,ESTAT:HLTH_EHIS_ST8(1.0),A,ED3_4,Y15-24,M,EL,2008,82.6,
dataflow,ESTAT:HLTH_EHIS_ST8(1.0),A,ED3_4,Y15-24,M,ES,2008,81,
dataflow,ESTAT:HLTH_EHIS_ST8(1.0),A,ED3_4,Y15-24,M,HU,2008,71.2,
dataflow,ESTAT:HLTH_EHIS_ST8(1.0),A,ED3_4,Y15-24,M,LV,2008,72.7,
dataflow,ESTAT:HLTH_EHIS_ST8(1.0),A,ED3_4,Y15-24,M,MT,2008,75.2,
dataflow,ESTAT:HLTH_EHIS_ST8(1.0),A,ED3_4,Y15-24,M,PL,2008,73.3,u
dataflow,ESTAT:HLTH_EHIS_ST8(1.0),A,ED3_4,Y15-24,M,RO,2008,77.4,u
dataflow,ESTAT:HLTH_EHIS_ST8(1.0),A,ED3_4,Y15-24,M,SI,2008,69.5,
dataflow,ESTAT:HLTH_EHIS_ST8(1.0),A,ED3_4,Y15-24,M,SK,2008,75.3,
dataflow,ESTAT:HLTH_EHIS_ST8(1.0),A,ED3_4,Y15-24,M,TR,2008,66.8,
dataflow,ESTAT:HLTH_EHIS_ST8(1.0),A,ED3_4,Y15-24,T,AT,2008,72.9,
dataflow,ESTAT:HLTH_EHIS_ST8(1.0),A,ED3_4,Y15-24,T,BE,2008,62.7,u
dataflow,ESTAT:HLTH_EHIS_ST8(1.0),A,ED3_4,Y15-24,T,BG,2008,81.5,
dataflow,ESTAT:HLTH_EHIS_ST8(1.0),A,ED3_4,Y15-24,T,CY,2008,80.4,u
dataflow,ESTAT:HLTH_EHIS_ST8(1.0),A,ED3_4,Y15-24,T,CZ,2008,68.1,
dataflow,ESTAT:HLTH_EHIS_ST8(1.0),A,ED3_4,Y15-24,T,EL,2008,81.3,
dataflow,ESTAT:HLTH_EHIS_ST8(1.0),A,ED3_4,Y15-24,T,ES,2008,76.1,
dataflow,ESTAT:HLTH_EHIS_ST8(1.0),A,ED3_4,Y15-24,T,HU,2008,68.5,
dataflow,ESTAT:HLTH_EHIS_ST8(1.0),A,ED3_4,Y15-24,T,LV,2008,73,
dataflow,ESTAT:HLTH_EHIS_ST8(1.0),A,ED3_4,Y15-24,T,MT,2008,72.9,
dataflow,ESTAT:HLTH_EHIS_ST8(1.0),A,ED3_4,Y15-24,T,PL,2008,71.9,u
dataflow,ESTAT:HLTH_EHIS_ST8(1.0),A,ED3_4,Y15-24,T,RO,2008,76.4,u
dataflow,ESTAT:HLTH_EHIS_ST8(1.0),A,ED3_4,Y15-24,T,SI,2008,69.0,
dataflow,ESTAT:HLTH_EHIS_ST8(1.0),A,ED3_4,Y15-24,T,SK,2008,74.3,
dataflow,ESTAT:HLTH_EHIS_ST8(1.0),A,ED3_4,Y15-24,T,TR,2008,65.3,
dataflow,ESTAT:HLTH_EHIS_ST8(1.0),A,ED3_4,Y25-34,F,AT,2008,70.3,
dataflow,ESTAT:HLTH_EHIS_ST8(1.0),A,ED3_4,Y25-34,F,BE,2008,60.2,u
dataflow,ESTAT:HLTH_EHIS_ST8(1.0),A,ED3_4,Y25-34,F,BG,2008,74.2,
dataflow,ESTAT:HLTH_EHIS_ST8(1.0),A,ED3_4,Y25-34,F,CY,2008,70.5,
dataflow,ESTAT:HLTH_EHIS_ST8(1.0),A,ED3_4,Y25-34,F,CZ,2008,64,
dataflow,ESTAT:HLTH_EHIS_ST8(1.0),A,ED3_4,Y25-34,F,EL,2008,72.9,
dataflow,ESTAT:HLTH_EHIS_ST8(1.0),A,ED3_4,Y25-34,F,ES,2008,68.1,
dataflow,ESTAT:HLTH_EHIS_ST8(1.0),A,ED3_4,Y25-34,F,HU,2008,60.7,
dataflow,ESTAT:HLTH_EHIS_ST8(1.0),A,ED3_4,Y25-34,F,LV,2008,67.9,
dataflow,ESTAT:HLTH_EHIS_ST8(1.0),A,ED3_4,Y25-34,F,MT,2008,65.9,
dataflow,ESTAT:HLTH_EHIS_ST8(1.0),A,ED3_4,Y25-34,F,PL,2008,66.9,
dataflow,ESTAT:HLTH_EHIS_ST8(1.0),A,ED3_4,Y25-34,F,RO,2008,68.7,
dataflow,ESTAT:HLTH_EHIS_ST8(1.0),A,ED3_4,Y25-34,F,SI,2008,66.2,
dataflow,ESTAT:HLTH_EHIS_ST8(1.0),A,ED3_4,Y25-34,F,SK,2008,69.3,
dataflow,ESTAT:HLTH_EHIS_ST8(1.0),A,ED3_4,Y25-34,F,TR,2008,59.7,
dataflow,ESTAT:HLTH_EHIS_ST8(1.0),A,ED3_4,Y25-34,M,AT,2008,73.1,
dataflow,ESTAT:HLTH_EHIS_ST8(1.0),A,ED3_4,Y25-34,M,BE,2008,66,u
dataflow,ESTAT:HLTH_EHIS_ST8(1.0),A,ED3_4,Y25-34,M,BG,2008,75.2,
dataflow,ESTAT:HLTH_EHIS_ST8(1.0),A,ED3_4,Y25-34,M,CY,2008,77.1,
dataflow,ESTAT:HLTH_EHIS_ST8(1.0),A,ED3_4,Y25-34,M,CZ,2008,67.9,
dataflow,ESTAT:HLTH_EHIS_ST8(1.0),A,ED3_4,Y25-34,M,EL,2008,80.7,
dataflow,ESTAT:HLTH_EHIS_ST8(1.0),A,ED3_4,Y25-34,M,ES,2008,75.8,
dataflow,ESTAT:HLTH_EHIS_ST8(1.0),A,ED3_4,Y25-34,M,HU,2008,67.2,
dataflow,ESTAT:HLTH_EHIS_ST8(1.0),A,ED3_4,Y25-34,M,LV,2008,69.6,
dataflow,ESTAT:HLTH_EHIS_ST8(1.0),A,ED3_4,Y25-34,M,MT,2008,72.4,
dataflow,ESTAT:HLTH_EHIS_ST8(1.0),A,ED3_4,Y25-34,M,PL,2008,69.2,u
dataflow,ESTAT:HLTH_EHIS_ST8(1.0),A,ED3_4,Y25-34,M,RO,2008,72.1,u
dataflow,ESTAT:HLTH_EHIS_ST8(1.0),A,ED3_4,Y25-34,M,SI,2008,68.9,
dataflow,ESTAT:HLTH_EHIS_ST8(1.0),A,ED3_4,Y25-34,M,SK,2008,70.4,
dataflow,ESTAT:HLTH_EHIS_ST8(1.0),A,ED3_4,Y25-34,M,TR,2008,61.3,
dataflow,ESTAT:HLTH_EHIS_ST8(1.0),A,ED3_4,Y25-34,T,AT,2008,71.8,
dataflow,ESTAT:HLTH_EHIS_ST8(1.0),A,ED3_4,Y25-34,T,BE,2008,63.1,u
dataflow,ESTAT:HLTH_EHIS_ST8(1.0),A,ED3_4,Y25-34,T,BG,2008,74.7,
dataflow,ESTAT:HLTH_EHIS_ST8(1.0),A,ED3_4,Y25-34,T,CY,2008,73.9,
dataflow,ESTAT:HLTH_EHIS_ST8(1.0),A,ED3_4,Y25-34,T,CZ,2008,66.2,
dataflow,ESTAT:HLTH_EHIS_ST8(1.0),A,ED3_4,Y25-34,T,EL,2008,76.9,
dataflow,ESTAT:HLTH_EHIS_ST8(1.0),A,ED3_4,Y25-34,T,ES,2008,72.1,
dataflow,ESTAT:HLTH_EHIS_ST8(1.0),A,ED3_4,Y25-34,T,HU,2008,64.3,
dataflow,ESTAT:HLTH_EHIS_ST8(1.0),A,ED3_4,Y25-34,T,LV,2008,68.8,
dataflow,ESTAT:HLTH_EHIS_ST8(1.0),A,ED3_4,Y25-34,T,MT,2008,68.7,
dataflow,ESTAT:HLTH_EHIS_ST8(1.0),A,ED3_4,Y25-34,T,PL,2008,68.1,
dataflow,ESTAT:HLTH_EHIS_ST8(1.0),A,ED3_4,Y25-34,T,RO,2008,70.3,
dataflow,ESTAT:HLTH_EHIS_ST8(1.0),A,ED3_4,Y25-34,T,SI,2008,67.8,
dataflow,ESTAT:HLTH_EHIS_ST8(1.0),A,ED3_4,Y25-34,T,SK,2008,69.9,
dataflow,ESTAT:HLTH_EHIS_ST8(1.0),A,ED3_4,Y25-34,T,TR,2008,60.6,
dataflow,ESTAT:HLTH_EHIS_ST8(1.0),A,ED3_4,Y35-44,F,AT,2008,69.9,
dataflow,ESTAT:HLTH_EHIS_ST8(1.0),A,ED3_4,Y35-44,F,BE,2008,60.5,
dataflow,ESTAT:HLTH_EHIS_ST8(1.0),A,ED3_4,Y35-44,F,BG,2008,69.3,
dataflow,ESTAT:HLTH_EHIS_ST8(1.0),A,ED3_4,Y35-44,F,CY,2008,68.5,
dataflow,ESTAT:HLTH_EHIS_ST8(1.0),A,ED3_4,Y35-44,F,CZ,2008,59.8,
dataflow,ESTAT:HLTH_EHIS_ST8(1.0),A,ED3_4,Y35-44,F,EL,2008,72.4,
dataflow,ESTAT:HLTH_EHIS_ST8(1.0),A,ED3_4,Y35-44,F,ES,2008,66.2,
dataflow,ESTAT:HLTH_EHIS_ST8(1.0),A,ED3_4,Y35-44,F,HU,2008,57.9,
dataflow,ESTAT:HLTH_EHIS_ST8(1.0),A,ED3_4,Y35-44,F,LV,2008,63.9,
dataflow,ESTAT:HLTH_EHIS_ST8(1.0),A,ED3_4,Y35-44,F,MT,2008,65.6,
dataflow,ESTAT:HLTH_EHIS_ST8(1.0),A,ED3_4,Y35-44,F,PL,2008,62.4,
dataflow,ESTAT:HLTH_EHIS_ST8(1.0),A,ED3_4,Y35-44,F,RO,2008,65.9,
dataflow,ESTAT:HLTH_EHIS_ST8(1.0),A,ED3_4,Y35-44,F,SI,2008,64.5,
dataflow,ESTAT:HLTH_EHIS_ST8(1.0),A,ED3_4,Y35-44,F,SK,2008,63.2,
dataflow,ESTAT:HLTH_EHIS_ST8(1.0),A,ED3_4,Y35-44,F,TR,2008,55.7,
dataflow,ESTAT:HLTH_EHIS_ST8(1.0),A,ED3_4,Y35-44,M,AT,2008,71.9,
dataflow,ESTAT:HLTH_EHIS_ST8(1.0),A,ED3_4,Y35-44,M,BE,2008,64.9,u
dataflow,ESTAT:HLTH_EHIS_ST8(1.0),A,ED3_4,Y35-44,M,BG,2008,72.7,
dataflow,ESTAT:HLTH_EHIS_ST8(1.0),A,ED3_4,Y35-44,M,CY,2008,75.4,
dataflow,ESTAT:HLTH_EHIS_ST8(1.0),A,ED3_4,Y35-44,M,CZ,2008,70.3,
dataflow,ESTAT:HLTH_EHIS_ST8(1.0),A,ED3_4,Y35-44,M,EL,2008,75.9,
dataflow,ESTAT:HLTH_EHIS_ST8(1.0),A,ED3_4,Y35-44,M,ES,2008,71.7,
dataflow,ESTAT:HLTH_EHIS_ST8(1.0),A,ED3_4,Y35-44,M,HU,2008,62.9,
dataflow,ESTAT:HLTH_EHIS_ST8(1.0),A,ED3_4,Y35-44,M,LV,2008,66.8,
dataflow,ESTAT:HLTH_EHIS_ST8(1.0),A,ED3_4,Y35-44,M,MT,2008,70.7,
dataflow,ESTAT:HLTH_EHIS_ST8(1.0),A,ED3_4,Y35-44,M,PL,2008,65.6,u
dataflow,ESTAT:HLTH_EHIS_ST8(1.0),A,ED3_4,Y35-44,M,RO,2008,69.7,u
dataflow,ESTAT:HLTH_EHIS_ST8(1.0),A,ED3_4,Y35-44,M,SI,2008,68.3,
dataflow,ESTAT:HLTH_EHIS_ST8(1.0),A,ED3_4,Y35-44,M,SK,2008,68.2,
dataflow,ESTAT:HLTH_EHIS_ST8(1.0),A,ED3_4,Y35-44,M,TR,2008,56.6,
dataflow,ESTAT:HLTH_EHIS_ST8(1.0),A,ED3_4,Y35-44,T,AT,2008,71,
dataflow,ESTAT:HLTH_EHIS_ST8(1.0),A,ED3_4,Y35-44,T,BE,2008,62.8,
dataflow,ESTAT:HLTH_EHIS_ST8(1.0),A,ED3_4,Y35-44,T,BG,2008,71.1,
dataflow,ESTAT:HLTH_EHIS_ST8(1.0),A,ED3_4,Y35-44,T,CY,2008,71.7,
dataflow,ESTAT:HLTH_EHIS_ST8(1.0),A,ED3_4,Y35-44,T,CZ,2008,64.6,
dataflow,ESTAT:HLTH_EHIS_ST8(1.0),A,ED3_4,Y35-44,T,EL,2008,74,
dataflow,ESTAT:HLTH_EHIS_ST8(1.0),A,ED3_4,Y35-44,T,ES,2008,69,
dataflow,ESTAT:HLTH_EHIS_ST8(1.0),A,ED3_4,Y35-44,T,HU,2008,60.7,
dataflow,ESTAT:HLTH_EHIS_ST8(1.0),A,ED3_4,Y35-44,T,LV,2008,65.5,
dataflow,ESTAT:HLTH_EHIS_ST8(1.0),A,ED3_4,Y35-44,T,MT,2008,67.7,
dataflow,ESTAT:HLTH_EHIS_ST8(1.0),A,ED3_4,Y35-44,T,PL,2008,64,
dataflow,ESTAT:HLTH_EHIS_ST8(1.0),A,ED3_4,Y35-44,T,RO,2008,67.7,
dataflow,ESTAT:HLTH_EHIS_ST8(1.0),A,ED3_4,Y35-44,T,SI,2008,66.7,
dataflow,ESTAT:HLTH_EHIS_ST8(1.0),A,ED3_4,Y35-44,T,SK,2008,65.8,
dataflow,ESTAT:HLTH_EHIS_ST8(1.0),A,ED3_4,Y35-44,T,TR,2008,56.3,
dataflow,ESTAT:HLTH_EHIS_ST8(1.0),A,ED3_4,Y45-54,F,AT,2008,68,
dataflow,ESTAT:HLTH_EHIS_ST8(1.0),A,ED3_4,Y45-54,F,BE,2008,61.2,
dataflow,ESTAT:HLTH_EHIS_ST8(1.0),A,ED3_4,Y45-54,F,BG,2008,62.3,
dataflow,ESTAT:HLTH_EHIS_ST8(1.0),A,ED3_4,Y45-54,F,CY,2008,69.1,
dataflow,ESTAT:HLTH_EHIS_ST8(1.0),A,ED3_4,Y45-54,F,CZ,2008,57,
dataflow,ESTAT:HLTH_EHIS_ST8(1.0),A,ED3_4,Y45-54,F,EL,2008,67.7,
dataflow,ESTAT:HLTH_EHIS_ST8(1.0),A,ED3_4,Y45-54,F,ES,2008,68,
dataflow,ESTAT:HLTH_EHIS_ST8(1.0),A,ED3_4,Y45-54,F,HU,2008,53.6,
dataflow,ESTAT:HLTH_EHIS_ST8(1.0),A,ED3_4,Y45-54,F,LV,2008,59.7,
dataflow,ESTAT:HLTH_EHIS_ST8(1.0),A,ED3_4,Y45-54,F,MT,2008,62.9,
dataflow,ESTAT:HLTH_EHIS_ST8(1.0),A,ED3_4,Y45-54,F,PL,2008,58.6,
dataflow,ESTAT:HLTH_EHIS_ST8(1.0),A,ED3_4,Y45-54,F,RO,2008,58.4,
dataflow,ESTAT:HLTH_EHIS_ST8(1.0),A,ED3_4,Y45-54,F,SI,2008,61.8,
dataflow,ESTAT:HLTH_EHIS_ST8(1.0),A,ED3_4,Y45-54,F,SK,2008,62.7,
dataflow,ESTAT:HLTH_EHIS_ST8(1.0),A,ED3_4,Y45-54,F,TR,2008,55.8,
dataflow,ESTAT:HLTH_EHIS_ST8(1.0),A,ED3_4,Y45-54,M,AT,2008,68.4,
dataflow,ESTAT:HLTH_EHIS_ST8(1.0),A,ED3_4,Y45-54,M,BE,2008,67,
dataflow,ESTAT:HLTH_EHIS_ST8(1.0),A,ED3_4,Y45-54,M,BG,2008,68,
dataflow,ESTAT:HLTH_EHIS_ST8(1.0),A,ED3_4,Y45-54,M,CY,2008,75.7,
dataflow,ESTAT:HLTH_EHIS_ST8(1.0),A,ED3_4,Y45-54,M,CZ,2008,63.4,
dataflow,ESTAT:HLTH_EHIS_ST8(1.0),A,ED3_4,Y45-54,M,EL,2008,71.2,
dataflow,ESTAT:HLTH_EHIS_ST8(1.0),A,ED3_4,Y45-54,M,ES,2008,74.2,
dataflow,ESTAT:HLTH_EHIS_ST8(1.0),A,ED3_4,Y45-54,M,HU,2008,58.8,
dataflow,ESTAT:HLTH_EHIS_ST8(1.0),A,ED3_4,Y45-54,M,LV,2008,61.9,
dataflow,ESTAT:HLTH_EHIS_ST8(1.0),A,ED3_4,Y45-54,M,MT,2008,68.4,
dataflow,ESTAT:HLTH_EHIS_ST8(1.0),A,ED3_4,Y45-54,M,PL,2008,60.7,
dataflow,ESTAT:HLTH_EHIS_ST8(1.0),A,ED3_4,Y45-54,M,RO,2008,62.8,
dataflow,ESTAT:HLTH_EHIS_ST8(1.0),A,ED3_4,Y45-54,M,SI,2008,63.8,
dataflow,ESTAT:HLTH_EHIS_ST8(1.0),A,ED3_4,Y45-54,M,SK,2008,63.7,
dataflow,ESTAT:HLTH_EHIS_ST8(1.0),A,ED3_4,Y45-54,M,TR,2008,62,
dataflow,ESTAT:HLTH_EHIS_ST8(1.0),A,ED3_4,Y45-54,T,AT,2008,68.2,
dataflow,ESTAT:HLTH_EHIS_ST8(1.0),A,ED3_4,Y45-54,T,BE,2008,64,
dataflow,ESTAT:HLTH_EHIS_ST8(1.0),A,ED3_4,Y45-54,T,BG,2008,65.3,
dataflow,ESTAT:HLTH_EHIS_ST8(1.0),A,ED3_4,Y45-54,T,CY,2008,72.3,
dataflow,ESTAT:HLTH_EHIS_ST8(1.0),A,ED3_4,Y45-54,T,CZ,2008,60.2,
dataflow,ESTAT:HLTH_EHIS_ST8(1.0),A,ED3_4,Y45-54,T,EL,2008,69.3,
dataflow,ESTAT:HLTH_EHIS_ST8(1.0),A,ED3_4,Y45-54,T,ES,2008,71,
dataflow,ESTAT:HLTH_EHIS_ST8(1.0),A,ED3_4,Y45-54,T,HU,2008,56.3,
dataflow,ESTAT:HLTH_EHIS_ST8(1.0),A,ED3_4,Y45-54,T,LV,2008,60.7,
dataflow,ESTAT:HLTH_EHIS_ST8(1.0),A,ED3_4,Y45-54,T,MT,2008,65.4,
dataflow,ESTAT:HLTH_EHIS_ST8(1.0),A,ED3_4,Y45-54,T,PL,2008,59.6,
dataflow,ESTAT:HLTH_EHIS_ST8(1.0),A,ED3_4,Y45-54,T,RO,2008,60.6,
dataflow,ESTAT:HLTH_EHIS_ST8(1.0),A,ED3_4,Y45-54,T,SI,2008,62.9,
dataflow,ESTAT:HLTH_EHIS_ST8(1.0),A,ED3_4,Y45-54,T,SK,2008,63.2,
dataflow,ESTAT:HLTH_EHIS_ST8(1.0),A,ED3_4,Y45-54,T,TR,2008,59.8,
dataflow,ESTAT:HLTH_EHIS_ST8(1.0),A,ED3_4,Y55-64,F,AT,2008,66.8,
dataflow,ESTAT:HLTH_EHIS_ST8(1.0),A,ED3_4,Y55-64,F,BE,2008,62.9,
dataflow,ESTAT:HLTH_EHIS_ST8(1.0),A,ED3_4,Y55-64,F,BG,2008,56.8,
dataflow,ESTAT:HLTH_EHIS_ST8(1.0),A,ED3_4,Y55-64,F,CY,2008,68,
dataflow,ESTAT:HLTH_EHIS_ST8(1.0),A,ED3_4,Y55-64,F,CZ,2008,60.3,
dataflow,ESTAT:HLTH_EHIS_ST8(1.0),A,ED3_4,Y55-64,F,EL,2008,68.8,
dataflow,ESTAT:HLTH_EHIS_ST8(1.0),A,ED3_4,Y55-64,F,ES,2008,66.8,
dataflow,ESTAT:HLTH_EHIS_ST8(1.0),A,ED3_4,Y55-64,F,HU,2008,52.4,
dataflow,ESTAT:HLTH_EHIS_ST8(1.0),A,ED3_4,Y55-64,F,LV,2008,59.3,
dataflow,ESTAT:HLTH_EHIS_ST8(1.0),A,ED3_4,Y55-64,F,MT,2008,61.4,
dataflow,ESTAT:HLTH_EHIS_ST8(1.0),A,ED3_4,Y55-64,F,PL,2008,59.2,
dataflow,ESTAT:HLTH_EHIS_ST8(1.0),A,ED3_4,Y55-64,F,RO,2008,57.3,
dataflow,ESTAT:HLTH_EHIS_ST8(1.0),A,ED3_4,Y55-64,F,SI,2008,64.6,
dataflow,ESTAT:HLTH_EHIS_ST8(1.0),A,ED3_4,Y55-64,F,SK,2008,60.7,
dataflow,ESTAT:HLTH_EHIS_ST8(1.0),A,ED3_4,Y55-64,F,TR,2008,52.6,u
dataflow,ESTAT:HLTH_EHIS_ST8(1.0),A,ED3_4,Y55-64,M,AT,2008,63.9,
dataflow,ESTAT:HLTH_EHIS_ST8(1.0),A,ED3_4,Y55-64,M,BE,2008,67.7,
dataflow,ESTAT:HLTH_EHIS_ST8(1.0),A,ED3_4,Y55-64,M,BG,2008,62.7,
dataflow,ESTAT:HLTH_EHIS_ST8(1.0),A,ED3_4,Y55-64,M,CY,2008,77.8,
dataflow,ESTAT:HLTH_EHIS_ST8(1.0),A,ED3_4,Y55-64,M,CZ,2008,62,
dataflow,ESTAT:HLTH_EHIS_ST8(1.0),A,ED3_4,Y55-64,M,EL,2008,77.4,
dataflow,ESTAT:HLTH_EHIS_ST8(1.0),A,ED3_4,Y55-64,M,ES,2008,72.6,
dataflow,ESTAT:HLTH_EHIS_ST8(1.0),A,ED3_4,Y55-64,M,HU,2008,58.5,
dataflow,ESTAT:HLTH_EHIS_ST8(1.0),A,ED3_4,Y55-64,M,LV,2008,60.4,
dataflow,ESTAT:HLTH_EHIS_ST8(1.0),A,ED3_4,Y55-64,M,MT,2008,71.1,
dataflow,ESTAT:HLTH_EHIS_ST8(1.0),A,ED3_4,Y55-64,M,PL,2008,60.2,
dataflow,ESTAT:HLTH_EHIS_ST8(1.0),A,ED3_4,Y55-64,M,RO,2008,58.1,
dataflow,ESTAT:HLTH_EHIS_ST8(1.0),A,ED3_4,Y55-64,M,SI,2008,66.2,
dataflow,ESTAT:HLTH_EHIS_ST8(1.0),A,ED3_4,Y55-64,M,SK,2008,62.5,
dataflow,ESTAT:HLTH_EHIS_ST8(1.0),A,ED3_4,Y55-64,M,TR,2008,58.1,
dataflow,ESTAT:HLTH_EHIS_ST8(1.0),A,ED3_4,Y55-64,T,AT,2008,65.3,
dataflow,ESTAT:HLTH_EHIS_ST8(1.0),A,ED3_4,Y55-64,T,BE,2008,65.1,
dataflow,ESTAT:HLTH_EHIS_ST8(1.0),A,ED3_4,Y55-64,T,BG,2008,59.5,
dataflow,ESTAT:HLTH_EHIS_ST8(1.0),A,ED3_4,Y55-64,T,CY,2008,72.9,
dataflow,ESTAT:HLTH_EHIS_ST8(1.0),A,ED3_4,Y55-64,T,CZ,2008,61.2,
dataflow,ESTAT:HLTH_EHIS_ST8(1.0),A,ED3_4,Y55-64,T,EL,2008,73.3,
dataflow,ESTAT:HLTH_EHIS_ST8(1.0),A,ED3_4,Y55-64,T,ES,2008,69.6,
dataflow,ESTAT:HLTH_EHIS_ST8(1.0),A,ED3_4,Y55-64,T,HU,2008,55.5,
dataflow,ESTAT:HLTH_EHIS_ST8(1.0),A,ED3_4,Y55-64,T,LV,2008,59.7,
dataflow,ESTAT:HLTH_EHIS_ST8(1.0),A,ED3_4,Y55-64,T,MT,2008,66.7,
dataflow,ESTAT:HLTH_EHIS_ST8(1.0),A,ED3_4,Y55-64,T,PL,2008,59.7,
dataflow,ESTAT:HLTH_EHIS_ST8(1.0),A,ED3_4,Y55-64,T,RO,2008,57.7,
dataflow,ESTAT:HLTH_EHIS_ST8(1.0),A,ED3_4,Y55-64,T,SI,2008,65.5,
dataflow,ESTAT:HLTH_EHIS_ST8(1.0),A,ED3_4,Y55-64,T,SK,2008,61.6,
dataflow,ESTAT:HLTH_EHIS_ST8(1.0),A,ED3_4,Y55-64,T,TR,2008,56.2,
dataflow,ESTAT:HLTH_EHIS_ST8(1.0),A,ED3_4,Y65-74,F,AT,2008,64.3,
dataflow,ESTAT:HLTH_EHIS_ST8(1.0),A,ED3_4,Y65-74,F,BE,2008,62,u
dataflow,ESTAT:HLTH_EHIS_ST8(1.0),A,ED3_4,Y65-74,F,BG,2008,50.4,
dataflow,ESTAT:HLTH_EHIS_ST8(1.0),A,ED3_4,Y65-74,F,CY,2008,65.1,
dataflow,ESTAT:HLTH_EHIS_ST8(1.0),A,ED3_4,Y65-74,F,CZ,2008,58.5,
dataflow,ESTAT:HLTH_EHIS_ST8(1.0),A,ED3_4,Y65-74,F,EL,2008,68.9,
dataflow,ESTAT:HLTH_EHIS_ST8(1.0),A,ED3_4,Y65-74,F,ES,2008,64.4,
dataflow,ESTAT:HLTH_EHIS_ST8(1.0),A,ED3_4,Y65-74,F,HU,2008,55.5,
dataflow,ESTAT:HLTH_EHIS_ST8(1.0),A,ED3_4,Y65-74,F,LV,2008,56.6,
dataflow,ESTAT:HLTH_EHIS_ST8(1.0),A,ED3_4,Y65-74,F,MT,2008,63.3,u
dataflow,ESTAT:HLTH_EHIS_ST8(1.0),A,ED3_4,Y65-74,F,PL,2008,56.4,
dataflow,ESTAT:HLTH_EHIS_ST8(1.0),A,ED3_4,Y65-74,F,RO,2008,52.4,
dataflow,ESTAT:HLTH_EHIS_ST8(1.0),A,ED3_4,Y65-74,F,SI,2008,51.5,u
dataflow,ESTAT:HLTH_EHIS_ST8(1.0),A,ED3_4,Y65-74,F,SK,2008,56.3,
dataflow,ESTAT:HLTH_EHIS_ST8(1.0),A,ED3_4,Y65-74,M,AT,2008,65.7,
dataflow,ESTAT:HLTH_EHIS_ST8(1.0),A,ED3_4,Y65-74,M,BE,2008,72.5,
dataflow,ESTAT:HLTH_EHIS_ST8(1.0),A,ED3_4,Y65-74,M,BG,2008,58.4,
dataflow,ESTAT:HLTH_EHIS_ST8(1.0),A,ED3_4,Y65-74,M,CY,2008,76,
dataflow,ESTAT:HLTH_EHIS_ST8(1.0),A,ED3_4,Y65-74,M,CZ,2008,66.8,
dataflow,ESTAT:HLTH_EHIS_ST8(1.0),A,ED3_4,Y65-74,M,EL,2008,75.2,u
dataflow,ESTAT:HLTH_EHIS_ST8(1.0),A,ED3_4,Y65-74,M,ES,2008,74.6,
dataflow,ESTAT:HLTH_EHIS_ST8(1.0),A,ED3_4,Y65-74,M,HU,2008,51.1,
dataflow,ESTAT:HLTH_EHIS_ST8(1.0),A,ED3_4,Y65-74,M,LV,2008,58.3,
dataflow,ESTAT:HLTH_EHIS_ST8(1.0),A,ED3_4,Y65-74,M,MT,2008,69.1,
dataflow,ESTAT:HLTH_EHIS_ST8(1.0),A,ED3_4,Y65-74,M,PL,2008,60.2,
dataflow,ESTAT:HLTH_EHIS_ST8(1.0),A,ED3_4,Y65-74,M,RO,2008,54.1,
dataflow,ESTAT:HLTH_EHIS_ST8(1.0),A,ED3_4,Y65-74,M,SI,2008,63.5,
dataflow,ESTAT:HLTH_EHIS_ST8(1.0),A,ED3_4,Y65-74,M,SK,2008,57.6,
dataflow,ESTAT:HLTH_EHIS_ST8(1.0),A,ED3_4,Y65-74,M,TR,2008,56.2,u
dataflow,ESTAT:HLTH_EHIS_ST8(1.0),A,ED3_4,Y65-74,T,AT,2008,65,
dataflow,ESTAT:HLTH_EHIS_ST8(1.0),A,ED3_4,Y65-74,T,BE,2008,67.2,u
dataflow,ESTAT:HLTH_EHIS_ST8(1.0),A,ED3_4,Y65-74,T,BG,2008,53.8,
dataflow,ESTAT:HLTH_EHIS_ST8(1.0),A,ED3_4,Y65-74,T,CY,2008,71.1,
dataflow,ESTAT:HLTH_EHIS_ST8(1.0),A,ED3_4,Y65-74,T,CZ,2008,62.4,
dataflow,ESTAT:HLTH_EHIS_ST8(1.0),A,ED3_4,Y65-74,T,EL,2008,71.6,
dataflow,ESTAT:HLTH_EHIS_ST8(1.0),A,ED3_4,Y65-74,T,ES,2008,70.1,
dataflow,ESTAT:HLTH_EHIS_ST8(1.0),A,ED3_4,Y65-74,T,HU,2008,53.2,
dataflow,ESTAT:HLTH_EHIS_ST8(1.0),A,ED3_4,Y65-74,T,LV,2008,57.2,
dataflow,ESTAT:HLTH_EHIS_ST8(1.0),A,ED3_4,Y65-74,T,MT,2008,67.1,
dataflow,ESTAT:HLTH_EHIS_ST8(1.0),A,ED3_4,Y65-74,T,PL,2008,58.3,
dataflow,ESTAT:HLTH_EHIS_ST8(1.0),A,ED3_4,Y65-74,T,RO,2008,53.3,
dataflow,ESTAT:HLTH_EHIS_ST8(1.0),A,ED3_4,Y65-74,T,SI,2008,58.5,
dataflow,ESTAT:HLTH_EHIS_ST8(1.0),A,ED3_4,Y65-74,T,SK,2008,56.9,
dataflow,ESTAT:HLTH_EHIS_ST8(1.0),A,ED3_4,Y65-74,T,TR,2008,53,u
dataflow,ESTAT:HLTH_EHIS_ST8(1.0),A,ED3_4,Y75-84,F,AT,2008,53.4,
dataflow,ESTAT:HLTH_EHIS_ST8(1.0),A,ED3_4,Y75-84,F,BE,2008,58.9,u
dataflow,ESTAT:HLTH_EHIS_ST8(1.0),A,ED3_4,Y75-84,F,BG,2008,41.2,
dataflow,ESTAT:HLTH_EHIS_ST8(1.0),A,ED3_4,Y75-84,F,CY,2008,63.8,u
dataflow,ESTAT:HLTH_EHIS_ST8(1.0),A,ED3_4,Y75-84,F,CZ,2008,48,
dataflow,ESTAT:HLTH_EHIS_ST8(1.0),A,ED3_4,Y75-84,F,EL,2008,66.4,u
dataflow,ESTAT:HLTH_EHIS_ST8(1.0),A,ED3_4,Y75-84,F,ES,2008,59.4,
dataflow,ESTAT:HLTH_EHIS_ST8(1.0),A,ED3_4,Y75-84,F,HU,2008,43.3,
dataflow,ESTAT:HLTH_EHIS_ST8(1.0),A,ED3_4,Y75-84,F,LV,2008,52.3,
dataflow,ESTAT:HLTH_EHIS_ST8(1.0),A,ED3_4,Y75-84,F,MT,2008,58.2,u
dataflow,ESTAT:HLTH_EHIS_ST8(1.0),A,ED3_4,Y75-84,F,PL,2008,51.2,
dataflow,ESTAT:HLTH_EHIS_ST8(1.0),A,ED3_4,Y75-84,F,RO,2008,43.6,
dataflow,ESTAT:HLTH_EHIS_ST8(1.0),A,ED3_4,Y75-84,F,SK,2008,49.9,
dataflow,ESTAT:HLTH_EHIS_ST8(1.0),A,ED3_4,Y75-84,M,AT,2008,59.8,
dataflow,ESTAT:HLTH_EHIS_ST8(1.0),A,ED3_4,Y75-84,M,BE,2008,63.3,u
dataflow,ESTAT:HLTH_EHIS_ST8(1.0),A,ED3_4,Y75-84,M,BG,2008,49.2,
dataflow,ESTAT:HLTH_EHIS_ST8(1.0),A,ED3_4,Y75-84,M,CY,2008,74.7,u
dataflow,ESTAT:HLTH_EHIS_ST8(1.0),A,ED3_4,Y75-84,M,CZ,2008,52.1,u
dataflow,ESTAT:HLTH_EHIS_ST8(1.0),A,ED3_4,Y75-84,M,EL,2008,68.5,u
dataflow,ESTAT:HLTH_EHIS_ST8(1.0),A,ED3_4,Y75-84,M,ES,2008,64,
dataflow,ESTAT:HLTH_EHIS_ST8(1.0),A,ED3_4,Y75-84,M,HU,2008,56.7,
dataflow,ESTAT:HLTH_EHIS_ST8(1.0),A,ED3_4,Y75-84,M,LV,2008,58.6,u
dataflow,ESTAT:HLTH_EHIS_ST8(1.0),A,ED3_4,Y75-84,M,MT,2008,59.4,u
dataflow,ESTAT:HLTH_EHIS_ST8(1.0),A,ED3_4,Y75-84,M,PL,2008,56.9,
dataflow,ESTAT:HLTH_EHIS_ST8(1.0),A,ED3_4,Y75-84,M,RO,2008,46.5,
dataflow,ESTAT:HLTH_EHIS_ST8(1.0),A,ED3_4,Y75-84,M,SI,2008,58.1,u
dataflow,ESTAT:HLTH_EHIS_ST8(1.0),A,ED3_4,Y75-84,M,SK,2008,56.1,u
dataflow,ESTAT:HLTH_EHIS_ST8(1.0),A,ED3_4,Y75-84,T,AT,2008,56.3,
dataflow,ESTAT:HLTH_EHIS_ST8(1.0),A,ED3_4,Y75-84,T,BE,2008,60.8,u
dataflow,ESTAT:HLTH_EHIS_ST8(1.0),A,ED3_4,Y75-84,T,BG,2008,44,
dataflow,ESTAT:HLTH_EHIS_ST8(1.0),A,ED3_4,Y75-84,T,CY,2008,70.4,
dataflow,ESTAT:HLTH_EHIS_ST8(1.0),A,ED3_4,Y75-84,T,CZ,2008,49.5,
dataflow,ESTAT:HLTH_EHIS_ST8(1.0),A,ED3_4,Y75-84,T,EL,2008,67.5,
dataflow,ESTAT:HLTH_EHIS_ST8(1.0),A,ED3_4,Y75-84,T,ES,2008,61.6,
dataflow,ESTAT:HLTH_EHIS_ST8(1.0),A,ED3_4,Y75-84,T,HU,2008,49.7,
dataflow,ESTAT:HLTH_EHIS_ST8(1.0),A,ED3_4,Y75-84,T,LV,2008,54,
dataflow,ESTAT:HLTH_EHIS_ST8(1.0),A,ED3_4,Y75-84,T,MT,2008,58.8,
dataflow,ESTAT:HLTH_EHIS_ST8(1.0),A,ED3_4,Y75-84,T,PL,2008,53.2,
dataflow,ESTAT:HLTH_EHIS_ST8(1.0),A,ED3_4,Y75-84,T,RO,2008,45,
dataflow,ESTAT:HLTH_EHIS_ST8(1.0),A,ED3_4,Y75-84,T,SI,2008,57.7,u
dataflow,ESTAT:HLTH_EHIS_ST8(1.0),A,ED3_4,Y75-84,T,SK,2008,52.4,
dataflow,ESTAT:HLTH_EHIS_ST8(1.0),A,ED3_4,Y_GE85,F,AT,2008,50.2,u
dataflow,ESTAT:HLTH_EHIS_ST8(1.0),A,ED3_4,Y_GE85,F,BE,2008,49.2,u
dataflow,ESTAT:HLTH_EHIS_ST8(1.0),A,ED3_4,Y_GE85,F,PL,2008,46.4,
dataflow,ESTAT:HLTH_EHIS_ST8(1.0),A,ED3_4,Y_GE85,M,AT,2008,56.2,u
dataflow,ESTAT:HLTH_EHIS_ST8(1.0),A,ED3_4,Y_GE85,M,PL,2008,41.5,u
dataflow,ESTAT:HLTH_EHIS_ST8(1.0),A,ED3_4,Y_GE85,T,AT,2008,52.3,u
dataflow,ESTAT:HLTH_EHIS_ST8(1.0),A,ED3_4,Y_GE85,T,BE,2008,53.5,u
dataflow,ESTAT:HLTH_EHIS_ST8(1.0),A,ED3_4,Y_GE85,T,ES,2008,70,u
dataflow,ESTAT:HLTH_EHIS_ST8(1.0),A,ED3_4,Y_GE85,T,PL,2008,44.3,
dataflow,ESTAT:HLTH_EHIS_ST8(1.0),A,ED3_4,Y_GE85,T,RO,2008,38.3,u
dataflow,ESTAT:HLTH_EHIS_ST8(1.0),A,ED5_6,TOTAL,F,AT,2008,67.2,
dataflow,ESTAT:HLTH_EHIS_ST8(1.0),A,ED5_6,TOTAL,F,BE,2008,61,
dataflow,ESTAT:HLTH_EHIS_ST8(1.0),A,ED5_6,TOTAL,F,BG,2008,68.6,
dataflow,ESTAT:HLTH_EHIS_ST8(1.0),A,ED5_6,TOTAL,F,CY,2008,73,
dataflow,ESTAT:HLTH_EHIS_ST8(1.0),A,ED5_6,TOTAL,F,CZ,2008,60.5,
dataflow,ESTAT:HLTH_EHIS_ST8(1.0),A,ED5_6,TOTAL,F,EL,2008,70.6,
dataflow,ESTAT:HLTH_EHIS_ST8(1.0),A,ED5_6,TOTAL,F,ES,2008,69.4,
dataflow,ESTAT:HLTH_EHIS_ST8(1.0),A,ED5_6,TOTAL,F,HU,2008,61.3,
dataflow,ESTAT:HLTH_EHIS_ST8(1.0),A,ED5_6,TOTAL,F,LV,2008,67.6,
dataflow,ESTAT:HLTH_EHIS_ST8(1.0),A,ED5_6,TOTAL,F,MT,2008,66.2,
dataflow,ESTAT:HLTH_EHIS_ST8(1.0),A,ED5_6,TOTAL,F,PL,2008,64.6,
dataflow,ESTAT:HLTH_EHIS_ST8(1.0),A,ED5_6,TOTAL,F,RO,2008,68,
dataflow,ESTAT:HLTH_EHIS_ST8(1.0),A,ED5_6,TOTAL,F,SI,2008,65.1,
dataflow,ESTAT:HLTH_EHIS_ST8(1.0),A,ED5_6,TOTAL,F,SK,2008,66.8,
dataflow,ESTAT:HLTH_EHIS_ST8(1.0),A,ED5_6,TOTAL,F,TR,2008,59.7,
dataflow,ESTAT:HLTH_EHIS_ST8(1.0),A,ED5_6,TOTAL,M,AT,2008,70.9,
dataflow,ESTAT:HLTH_EHIS_ST8(1.0),A,ED5_6,TOTAL,M,BE,2008,65.2,u
dataflow,ESTAT:HLTH_EHIS_ST8(1.0),A,ED5_6,TOTAL,M,BG,2008,69.9,
dataflow,ESTAT:HLTH_EHIS_ST8(1.0),A,ED5_6,TOTAL,M,CY,2008,77.7,
dataflow,ESTAT:HLTH_EHIS_ST8(1.0),A,ED5_6,TOTAL,M,CZ,2008,66.8,
dataflow,ESTAT:HLTH_EHIS_ST8(1.0),A,ED5_6,TOTAL,M,EL,2008,75.3,
dataflow,ESTAT:HLTH_EHIS_ST8(1.0),A,ED5_6,TOTAL,M,ES,2008,74.1,
dataflow,ESTAT:HLTH_EHIS_ST8(1.0),A,ED5_6,TOTAL,M,HU,2008,64.7,
dataflow,ESTAT:HLTH_EHIS_ST8(1.0),A,ED5_6,TOTAL,M,LV,2008,71.5,
dataflow,ESTAT:HLTH_EHIS_ST8(1.0),A,ED5_6,TOTAL,M,MT,2008,71.4,
dataflow,ESTAT:HLTH_EHIS_ST8(1.0),A,ED5_6,TOTAL,M,PL,2008,67.6,
dataflow,ESTAT:HLTH_EHIS_ST8(1.0),A,ED5_6,TOTAL,M,RO,2008,70,u
dataflow,ESTAT:HLTH_EHIS_ST8(1.0),A,ED5_6,TOTAL,M,SI,2008,69.7,
dataflow,ESTAT:HLTH_EHIS_ST8(1.0),A,ED5_6,TOTAL,M,SK,2008,69.9,
dataflow,ESTAT:HLTH_EHIS_ST8(1.0),A,ED5_6,TOTAL,M,TR,2008,62.3,
dataflow,ESTAT:HLTH_EHIS_ST8(1.0),A,ED5_6,TOTAL,T,AT,2008,69.3,
dataflow,ESTAT:HLTH_EHIS_ST8(1.0),A,ED5_6,TOTAL,T,BE,2008,63,
dataflow,ESTAT:HLTH_EHIS_ST8(1.0),A,ED5_6,TOTAL,T,BG,2008,69.1,
dataflow,ESTAT:HLTH_EHIS_ST8(1.0),A,ED5_6,TOTAL,T,CY,2008,75.3,
dataflow,ESTAT:HLTH_EHIS_ST8(1.0),A,ED5_6,TOTAL,T,CZ,2008,63.8,
dataflow,ESTAT:HLTH_EHIS_ST8(1.0),A,ED5_6,TOTAL,T,EL,2008,73.2,
dataflow,ESTAT:HLTH_EHIS_ST8(1.0),A,ED5_6,TOTAL,T,ES,2008,71.7,
dataflow,ESTAT:HLTH_EHIS_ST8(1.0),A,ED5_6,TOTAL,T,HU,2008,62.8,
dataflow,ESTAT:HLTH_EHIS_ST8(1.0),A,ED5_6,TOTAL,T,LV,2008,68.9,
dataflow,ESTAT:HLTH_EHIS_ST8(1.0),A,ED5_6,TOTAL,T,MT,2008,68.9,
dataflow,ESTAT:HLTH_EHIS_ST8(1.0),A,ED5_6,TOTAL,T,PL,2008,65.9,
dataflow,ESTAT:HLTH_EHIS_ST8(1.0),A,ED5_6,TOTAL,T,RO,2008,68.9,
dataflow,ESTAT:HLTH_EHIS_ST8(1.0),A,ED5_6,TOTAL,T,SI,2008,67.1,
dataflow,ESTAT:HLTH_EHIS_ST8(1.0),A,ED5_6,TOTAL,T,SK,2008,68.2,
dataflow,ESTAT:HLTH_EHIS_ST8(1.0),A,ED5_6,TOTAL,T,TR,2008,61.4,
dataflow,ESTAT:HLTH_EHIS_ST8(1.0),A,ED5_6,Y15-24,F,AT,2008,66.2,
dataflow,ESTAT:HLTH_EHIS_ST8(1.0),A,ED5_6,Y15-24,F,BE,2008,60.7,u
dataflow,ESTAT:HLTH_EHIS_ST8(1.0),A,ED5_6,Y15-24,F,CY,2008,76.4,
dataflow,ESTAT:HLTH_EHIS_ST8(1.0),A,ED5_6,Y15-24,F,EL,2008,79.2,u
dataflow,ESTAT:HLTH_EHIS_ST8(1.0),A,ED5_6,Y15-24,F,ES,2008,75.6,
dataflow,ESTAT:HLTH_EHIS_ST8(1.0),A,ED5_6,Y15-24,F,HU,2008,66.8,u
dataflow,ESTAT:HLTH_EHIS_ST8(1.0),A,ED5_6,Y15-24,F,LV,2008,76.1,
dataflow,ESTAT:HLTH_EHIS_ST8(1.0),A,ED5_6,Y15-24,F,MT,2008,64.1,
dataflow,ESTAT:HLTH_EHIS_ST8(1.0),A,ED5_6,Y15-24,F,PL,2008,70.1,
dataflow,ESTAT:HLTH_EHIS_ST8(1.0),A,ED5_6,Y15-24,F,RO,2008,73.5,u
dataflow,ESTAT:HLTH_EHIS_ST8(1.0),A,ED5_6,Y15-24,F,SK,2008,70.4,
dataflow,ESTAT:HLTH_EHIS_ST8(1.0),A,ED5_6,Y15-24,F,TR,2008,58.9,
dataflow,ESTAT:HLTH_EHIS_ST8(1.0),A,ED5_6,Y15-24,M,AT,2008,70.7,
dataflow,ESTAT:HLTH_EHIS_ST8(1.0),A,ED5_6,Y15-24,M,BE,2008,62.9,u
dataflow,ESTAT:HLTH_EHIS_ST8(1.0),A,ED5_6,Y15-24,M,CY,2008,80.5,u
dataflow,ESTAT:HLTH_EHIS_ST8(1.0),A,ED5_6,Y15-24,M,ES,2008,77,
dataflow,ESTAT:HLTH_EHIS_ST8(1.0),A,ED5_6,Y15-24,M,LV,2008,73.1,u
dataflow,ESTAT:HLTH_EHIS_ST8(1.0),A,ED5_6,Y15-24,M,MT,2008,70.7,u
dataflow,ESTAT:HLTH_EHIS_ST8(1.0),A,ED5_6,Y15-24,M,PL,2008,72.1,u
dataflow,ESTAT:HLTH_EHIS_ST8(1.0),A,ED5_6,Y15-24,M,RO,2008,78.6,u
dataflow,ESTAT:HLTH_EHIS_ST8(1.0),A,ED5_6,Y15-24,M,SK,2008,78.6,u
dataflow,ESTAT:HLTH_EHIS_ST8(1.0),A,ED5_6,Y15-24,M,TR,2008,61.1,
dataflow,ESTAT:HLTH_EHIS_ST8(1.0),A,ED5_6,Y15-24,T,AT,2008,68.3,
dataflow,ESTAT:HLTH_EHIS_ST8(1.0),A,ED5_6,Y15-24,T,BE,2008,61.6,u
dataflow,ESTAT:HLTH_EHIS_ST8(1.0),A,ED5_6,Y15-24,T,BG,2008,91,u
dataflow,ESTAT:HLTH_EHIS_ST8(1.0),A,ED5_6,Y15-24,T,CY,2008,77.5,
dataflow,ESTAT:HLTH_EHIS_ST8(1.0),A,ED5_6,Y15-24,T,EL,2008,80,
dataflow,ESTAT:HLTH_EHIS_ST8(1.0),A,ED5_6,Y15-24,T,ES,2008,76.3,
dataflow,ESTAT:HLTH_EHIS_ST8(1.0),A,ED5_6,Y15-24,T,HU,2008,64.6,u
dataflow,ESTAT:HLTH_EHIS_ST8(1.0),A,ED5_6,Y15-24,T,LV,2008,75.3,
dataflow,ESTAT:HLTH_EHIS_ST8(1.0),A,ED5_6,Y15-24,T,MT,2008,66.9,
dataflow,ESTAT:HLTH_EHIS_ST8(1.0),A,ED5_6,Y15-24,T,PL,2008,70.8,
dataflow,ESTAT:HLTH_EHIS_ST8(1.0),A,ED5_6,Y15-24,T,RO,2008,75.2,u
dataflow,ESTAT:HLTH_EHIS_ST8(1.0),A,ED5_6,Y15-24,T,SK,2008,73.4,
dataflow,ESTAT:HLTH_EHIS_ST8(1.0),A,ED5_6,Y15-24,T,TR,2008,60.1,
dataflow,ESTAT:HLTH_EHIS_ST8(1.0),A,ED5_6,Y25-34,F,AT,2008,69.7,
dataflow,ESTAT:HLTH_EHIS_ST8(1.0),A,ED5_6,Y25-34,F,BE,2008,59,
dataflow,ESTAT:HLTH_EHIS_ST8(1.0),A,ED5_6,Y25-34,F,BG,2008,76.1,
dataflow,ESTAT:HLTH_EHIS_ST8(1.0),A,ED5_6,Y25-34,F,CY,2008,72,
dataflow,ESTAT:HLTH_EHIS_ST8(1.0),A,ED5_6,Y25-34,F,CZ,2008,56.9,u
dataflow,ESTAT:HLTH_EHIS_ST8(1.0),A,ED5_6,Y25-34,F,EL,2008,71.3,
dataflow,ESTAT:HLTH_EHIS_ST8(1.0),A,ED5_6,Y25-34,F,ES,2008,69.6,
dataflow,ESTAT:HLTH_EHIS_ST8(1.0),A,ED5_6,Y25-34,F,HU,2008,63.5,
dataflow,ESTAT:HLTH_EHIS_ST8(1.0),A,ED5_6,Y25-34,F,LV,2008,72.4,
dataflow,ESTAT:HLTH_EHIS_ST8(1.0),A,ED5_6,Y25-34,F,MT,2008,68.8,
dataflow,ESTAT:HLTH_EHIS_ST8(1.0),A,ED5_6,Y25-34,F,PL,2008,66.6,
dataflow,ESTAT:HLTH_EHIS_ST8(1.0),A,ED5_6,Y25-34,F,RO,2008,71.8,
dataflow,ESTAT:HLTH_EHIS_ST8(1.0),A,ED5_6,Y25-34,F,SI,2008,66.3,
dataflow,ESTAT:HLTH_EHIS_ST8(1.0),A,ED5_6,Y25-34,F,SK,2008,68.2,
dataflow,ESTAT:HLTH_EHIS_ST8(1.0),A,ED5_6,Y25-34,F,TR,2008,60.4,
dataflow,ESTAT:HLTH_EHIS_ST8(1.0),A,ED5_6,Y25-34,M,AT,2008,73.3,
dataflow,ESTAT:HLTH_EHIS_ST8(1.0),A,ED5_6,Y25-34,M,BE,2008,63.8,u
dataflow,ESTAT:HLTH_EHIS_ST8(1.0),A,ED5_6,Y25-34,M,BG,2008,79.2,
dataflow,ESTAT:HLTH_EHIS_ST8(1.0),A,ED5_6,Y25-34,M,CY,2008,79,
dataflow,ESTAT:HLTH_EHIS_ST8(1.0),A,ED5_6,Y25-34,M,CZ,2008,65.6,u
dataflow,ESTAT:HLTH_EHIS_ST8(1.0),A,ED5_6,Y25-34,M,EL,2008,76.7,
dataflow,ESTAT:HLTH_EHIS_ST8(1.0),A,ED5_6,Y25-34,M,ES,2008,75.3,
dataflow,ESTAT:HLTH_EHIS_ST8(1.0),A,ED5_6,Y25-34,M,HU,2008,67.9,
dataflow,ESTAT:HLTH_EHIS_ST8(1.0),A,ED5_6,Y25-34,M,LV,2008,74,
dataflow,ESTAT:HLTH_EHIS_ST8(1.0),A,ED5_6,Y25-34,M,MT,2008,72.5,
dataflow,ESTAT:HLTH_EHIS_ST8(1.0),A,ED5_6,Y25-34,M,PL,2008,69.5,
dataflow,ESTAT:HLTH_EHIS_ST8(1.0),A,ED5_6,Y25-34,M,RO,2008,75.6,u
dataflow,ESTAT:HLTH_EHIS_ST8(1.0),A,ED5_6,Y25-34,M,SI,2008,63.9,u
dataflow,ESTAT:HLTH_EHIS_ST8(1.0),A,ED5_6,Y25-34,M,SK,2008,72.1,
dataflow,ESTAT:HLTH_EHIS_ST8(1.0),A,ED5_6,Y25-34,M,TR,2008,60.8,
dataflow,ESTAT:HLTH_EHIS_ST8(1.0),A,ED5_6,Y25-34,T,AT,2008,71.5,
dataflow,ESTAT:HLTH_EHIS_ST8(1.0),A,ED5_6,Y25-34,T,BE,2008,61.1,
dataflow,ESTAT:HLTH_EHIS_ST8(1.0),A,ED5_6,Y25-34,T,BG,2008,77.3,
dataflow,ESTAT:HLTH_EHIS_ST8(1.0),A,ED5_6,Y25-34,T,CY,2008,75,
dataflow,ESTAT:HLTH_EHIS_ST8(1.0),A,ED5_6,Y25-34,T,CZ,2008,60.7,
dataflow,ESTAT:HLTH_EHIS_ST8(1.0),A,ED5_6,Y25-34,T,EL,2008,74,
dataflow,ESTAT:HLTH_EHIS_ST8(1.0),A,ED5_6,Y25-34,T,ES,2008,72.1,
dataflow,ESTAT:HLTH_EHIS_ST8(1.0),A,ED5_6,Y25-34,T,HU,2008,65.2,
dataflow,ESTAT:HLTH_EHIS_ST8(1.0),A,ED5_6,Y25-34,T,LV,2008,73,
dataflow,ESTAT:HLTH_EHIS_ST8(1.0),A,ED5_6,Y25-34,T,MT,2008,70.5,
dataflow,ESTAT:HLTH_EHIS_ST8(1.0),A,ED5_6,Y25-34,T,PL,2008,67.8,
dataflow,ESTAT:HLTH_EHIS_ST8(1.0),A,ED5_6,Y25-34,T,RO,2008,73.5,
dataflow,ESTAT:HLTH_EHIS_ST8(1.0),A,ED5_6,Y25-34,T,SI,2008,65.3,
dataflow,ESTAT:HLTH_EHIS_ST8(1.0),A,ED5_6,Y25-34,T,SK,2008,70,
dataflow,ESTAT:HLTH_EHIS_ST8(1.0),A,ED5_6,Y25-34,T,TR,2008,60.7,
dataflow,ESTAT:HLTH_EHIS_ST8(1.0),A,ED5_6,Y35-44,F,AT,2008,68.2,
dataflow,ESTAT:HLTH_EHIS_ST8(1.0),A,ED5_6,Y35-44,F,BE,2008,59.7,
dataflow,ESTAT:HLTH_EHIS_ST8(1.0),A,ED5_6,Y35-44,F,BG,2008,70.6,
dataflow,ESTAT:HLTH_EHIS_ST8(1.0),A,ED5_6,Y35-44,F,CY,2008,71.4,
dataflow,ESTAT:HLTH_EHIS_ST8(1.0),A,ED5_6,Y35-44,F,EL,2008,72.1,
dataflow,ESTAT:HLTH_EHIS_ST8(1.0),A,ED5_6,Y35-44,F,ES,2008,67.6,
dataflow,ESTAT:HLTH_EHIS_ST8(1.0),A,ED5_6,Y35-44,F,HU,2008,60.4,
dataflow,ESTAT:HLTH_EHIS_ST8(1.0),A,ED5_6,Y35-44,F,LV,2008,66.9,
dataflow,ESTAT:HLTH_EHIS_ST8(1.0),A,ED5_6,Y35-44,F,MT,2008,65.3,u
dataflow,ESTAT:HLTH_EHIS_ST8(1.0),A,ED5_6,Y35-44,F,PL,2008,63.3,
dataflow,ESTAT:HLTH_EHIS_ST8(1.0),A,ED5_6,Y35-44,F,RO,2008,68.4,
dataflow,ESTAT:HLTH_EHIS_ST8(1.0),A,ED5_6,Y35-44,F,SI,2008,65.1,
dataflow,ESTAT:HLTH_EHIS_ST8(1.0),A,ED5_6,Y35-44,F,SK,2008,68.3,
dataflow,ESTAT:HLTH_EHIS_ST8(1.0),A,ED5_6,Y35-44,F,TR,2008,60.3,
dataflow,ESTAT:HLTH_EHIS_ST8(1.0),A,ED5_6,Y35-44,M,AT,2008,71.6,
dataflow,ESTAT:HLTH_EHIS_ST8(1.0),A,ED5_6,Y35-44,M,BE,2008,66.7,
dataflow,ESTAT:HLTH_EHIS_ST8(1.0),A,ED5_6,Y35-44,M,BG,2008,74.3,
dataflow,ESTAT:HLTH_EHIS_ST8(1.0),A,ED5_6,Y35-44,M,CY,2008,75.4,
dataflow,ESTAT:HLTH_EHIS_ST8(1.0),A,ED5_6,Y35-44,M,EL,2008,74.4,
dataflow,ESTAT:HLTH_EHIS_ST8(1.0),A,ED5_6,Y35-44,M,ES,2008,73.4,
dataflow,ESTAT:HLTH_EHIS_ST8(1.0),A,ED5_6,Y35-44,M,HU,2008,64.4,
dataflow,ESTAT:HLTH_EHIS_ST8(1.0),A,ED5_6,Y35-44,M,LV,2008,73,
dataflow,ESTAT:HLTH_EHIS_ST8(1.0),A,ED5_6,Y35-44,M,MT,2008,68.3,u
dataflow,ESTAT:HLTH_EHIS_ST8(1.0),A,ED5_6,Y35-44,M,PL,2008,66.2,
dataflow,ESTAT:HLTH_EHIS_ST8(1.0),A,ED5_6,Y35-44,M,RO,2008,71.6,
dataflow,ESTAT:HLTH_EHIS_ST8(1.0),A,ED5_6,Y35-44,M,SI,2008,72.2,u
dataflow,ESTAT:HLTH_EHIS_ST8(1.0),A,ED5_6,Y35-44,M,SK,2008,71.2,
dataflow,ESTAT:HLTH_EHIS_ST8(1.0),A,ED5_6,Y35-44,M,TR,2008,62.2,
dataflow,ESTAT:HLTH_EHIS_ST8(1.0),A,ED5_6,Y35-44,T,AT,2008,70,
dataflow,ESTAT:HLTH_EHIS_ST8(1.0),A,ED5_6,Y35-44,T,BE,2008,62.7,
dataflow,ESTAT:HLTH_EHIS_ST8(1.0),A,ED5_6,Y35-44,T,BG,2008,72,
dataflow,ESTAT:HLTH_EHIS_ST8(1.0),A,ED5_6,Y35-44,T,CY,2008,73.5,
dataflow,ESTAT:HLTH_EHIS_ST8(1.0),A,ED5_6,Y35-44,T,CZ,2008,67.8,u
dataflow,ESTAT:HLTH_EHIS_ST8(1.0),A,ED5_6,Y35-44,T,EL,2008,73.3,
dataflow,ESTAT:HLTH_EHIS_ST8(1.0),A,ED5_6,Y35-44,T,ES,2008,70.3,
dataflow,ESTAT:HLTH_EHIS_ST8(1.0),A,ED5_6,Y35-44,T,HU,2008,61.8,
dataflow,ESTAT:HLTH_EHIS_ST8(1.0),A,ED5_6,Y35-44,T,LV,2008,68.7,
dataflow,ESTAT:HLTH_EHIS_ST8(1.0),A,ED5_6,Y35-44,T,MT,2008,66.9,
dataflow,ESTAT:HLTH_EHIS_ST8(1.0),A,ED5_6,Y35-44,T,PL,2008,64.5,
dataflow,ESTAT:HLTH_EHIS_ST8(1.0),A,ED5_6,Y35-44,T,RO,2008,70,
dataflow,ESTAT:HLTH_EHIS_ST8(1.0),A,ED5_6,Y35-44,T,SI,2008,67.7,
dataflow,ESTAT:HLTH_EHIS_ST8(1.0),A,ED5_6,Y35-44,T,SK,2008,69.5,
dataflow,ESTAT:HLTH_EHIS_ST8(1.0),A,ED5_6,Y35-44,T,TR,2008,61.6,
dataflow,ESTAT:HLTH_EHIS_ST8(1.0),A,ED5_6,Y45-54,F,AT,2008,68.1,
dataflow,ESTAT:HLTH_EHIS_ST8(1.0),A,ED5_6,Y45-54,F,BE,2008,60.6,
dataflow,ESTAT:HLTH_EHIS_ST8(1.0),A,ED5_6,Y45-54,F,BG,2008,66,
dataflow,ESTAT:HLTH_EHIS_ST8(1.0),A,ED5_6,Y45-54,F,CY,2008,74.5,
dataflow,ESTAT:HLTH_EHIS_ST8(1.0),A,ED5_6,Y45-54,F,EL,2008,64.6,
dataflow,ESTAT:HLTH_EHIS_ST8(1.0),A,ED5_6,Y45-54,F,ES,2008,68.8,
dataflow,ESTAT:HLTH_EHIS_ST8(1.0),A,ED5_6,Y45-54,F,HU,2008,59.2,
dataflow,ESTAT:HLTH_EHIS_ST8(1.0),A,ED5_6,Y45-54,F,LV,2008,67.1,
dataflow,ESTAT:HLTH_EHIS_ST8(1.0),A,ED5_6,Y45-54,F,MT,2008,68.1,u
dataflow,ESTAT:HLTH_EHIS_ST8(1.0),A,ED5_6,Y45-54,F,PL,2008,62.8,
dataflow,ESTAT:HLTH_EHIS_ST8(1.0),A,ED5_6,Y45-54,F,RO,2008,66.3,
dataflow,ESTAT:HLTH_EHIS_ST8(1.0),A,ED5_6,Y45-54,F,SI,2008,62.3,u
dataflow,ESTAT:HLTH_EHIS_ST8(1.0),A,ED5_6,Y45-54,F,SK,2008,65.1,
dataflow,ESTAT:HLTH_EHIS_ST8(1.0),A,ED5_6,Y45-54,F,TR,2008,57.6,
dataflow,ESTAT:HLTH_EHIS_ST8(1.0),A,ED5_6,Y45-54,M,AT,2008,71.4,
dataflow,ESTAT:HLTH_EHIS_ST8(1.0),A,ED5_6,Y45-54,M,BE,2008,63.9,
dataflow,ESTAT:HLTH_EHIS_ST8(1.0),A,ED5_6,Y45-54,M,BG,2008,70.1,
dataflow,ESTAT:HLTH_EHIS_ST8(1.0),A,ED5_6,Y45-54,M,CY,2008,78,
dataflow,ESTAT:HLTH_EHIS_ST8(1.0),A,ED5_6,Y45-54,M,EL,2008,74,
dataflow,ESTAT:HLTH_EHIS_ST8(1.0),A,ED5_6,Y45-54,M,ES,2008,71.3,
dataflow,ESTAT:HLTH_EHIS_ST8(1.0),A,ED5_6,Y45-54,M,HU,2008,67.4,
dataflow,ESTAT:HLTH_EHIS_ST8(1.0),A,ED5_6,Y45-54,M,LV,2008,72.2,
dataflow,ESTAT:HLTH_EHIS_ST8(1.0),A,ED5_6,Y45-54,M,MT,2008,72,u
dataflow,ESTAT:HLTH_EHIS_ST8(1.0),A,ED5_6,Y45-54,M,PL,2008,65.8,
dataflow,ESTAT:HLTH_EHIS_ST8(1.0),A,ED5_6,Y45-54,M,RO,2008,67.4,u
dataflow,ESTAT:HLTH_EHIS_ST8(1.0),A,ED5_6,Y45-54,M,SI,2008,71.2,u
dataflow,ESTAT:HLTH_EHIS_ST8(1.0),A,ED5_6,Y45-54,M,SK,2008,68.7,
dataflow,ESTAT:HLTH_EHIS_ST8(1.0),A,ED5_6,Y45-54,M,TR,2008,64.6,
dataflow,ESTAT:HLTH_EHIS_ST8(1.0),A,ED5_6,Y45-54,T,AT,2008,70,
dataflow,ESTAT:HLTH_EHIS_ST8(1.0),A,ED5_6,Y45-54,T,BE,2008,62.2,
dataflow,ESTAT:HLTH_EHIS_ST8(1.0),A,ED5_6,Y45-54,T,BG,2008,67.6,
dataflow,ESTAT:HLTH_EHIS_ST8(1.0),A,ED5_6,Y45-54,T,CY,2008,76.4,
dataflow,ESTAT:HLTH_EHIS_ST8(1.0),A,ED5_6,Y45-54,T,CZ,2008,65.6,u
dataflow,ESTAT:HLTH_EHIS_ST8(1.0),A,ED5_6,Y45-54,T,EL,2008,70.4,
dataflow,ESTAT:HLTH_EHIS_ST8(1.0),A,ED5_6,Y45-54,T,ES,2008,70.1,
dataflow,ESTAT:HLTH_EHIS_ST8(1.0),A,ED5_6,Y45-54,T,HU,2008,63.2,
dataflow,ESTAT:HLTH_EHIS_ST8(1.0),A,ED5_6,Y45-54,T,LV,2008,69,
dataflow,ESTAT:HLTH_EHIS_ST8(1.0),A,ED5_6,Y45-54,T,MT,2008,70.4,
dataflow,ESTAT:HLTH_EHIS_ST8(1.0),A,ED5_6,Y45-54,T,PL,2008,63.9,
dataflow,ESTAT:HLTH_EHIS_ST8(1.0),A,ED5_6,Y45-54,T,RO,2008,66.8,
dataflow,ESTAT:HLTH_EHIS_ST8(1.0),A,ED5_6,Y45-54,T,SI,2008,66.0,
dataflow,ESTAT:HLTH_EHIS_ST8(1.0),A,ED5_6,Y45-54,T,SK,2008,67.1,
dataflow,ESTAT:HLTH_EHIS_ST8(1.0),A,ED5_6,Y45-54,T,TR,2008,62.2,
dataflow,ESTAT:HLTH_EHIS_ST8(1.0),A,ED5_6,Y55-64,F,AT,2008,66.4,
dataflow,ESTAT:HLTH_EHIS_ST8(1.0),A,ED5_6,Y55-64,F,BE,2008,67.8,
dataflow,ESTAT:HLTH_EHIS_ST8(1.0),A,ED5_6,Y55-64,F,BG,2008,63.9,
dataflow,ESTAT:HLTH_EHIS_ST8(1.0),A,ED5_6,Y55-64,F,CY,2008,75.5,
dataflow,ESTAT:HLTH_EHIS_ST8(1.0),A,ED5_6,Y55-64,F,EL,2008,70.7,
dataflow,ESTAT:HLTH_EHIS_ST8(1.0),A,ED5_6,Y55-64,F,ES,2008,71.1,
dataflow,ESTAT:HLTH_EHIS_ST8(1.0),A,ED5_6,Y55-64,F,HU,2008,60.4,
dataflow,ESTAT:HLTH_EHIS_ST8(1.0),A,ED5_6,Y55-64,F,LV,2008,62.5,
dataflow,ESTAT:HLTH_EHIS_ST8(1.0),A,ED5_6,Y55-64,F,MT,2008,63.1,u
dataflow,ESTAT:HLTH_EHIS_ST8(1.0),A,ED5_6,Y55-64,F,PL,2008,63.7,
dataflow,ESTAT:HLTH_EHIS_ST8(1.0),A,ED5_6,Y55-64,F,RO,2008,64.9,
dataflow,ESTAT:HLTH_EHIS_ST8(1.0),A,ED5_6,Y55-64,F,SI,2008,69.3,u
dataflow,ESTAT:HLTH_EHIS_ST8(1.0),A,ED5_6,Y55-64,F,SK,2008,64.8,
dataflow,ESTAT:HLTH_EHIS_ST8(1.0),A,ED5_6,Y55-64,F,TR,2008,62.3,u
dataflow,ESTAT:HLTH_EHIS_ST8(1.0),A,ED5_6,Y55-64,M,AT,2008,71.7,
dataflow,ESTAT:HLTH_EHIS_ST8(1.0),A,ED5_6,Y55-64,M,BE,2008,67.2,
dataflow,ESTAT:HLTH_EHIS_ST8(1.0),A,ED5_6,Y55-64,M,BG,2008,66.3,
dataflow,ESTAT:HLTH_EHIS_ST8(1.0),A,ED5_6,Y55-64,M,CY,2008,78.1,
dataflow,ESTAT:HLTH_EHIS_ST8(1.0),A,ED5_6,Y55-64,M,CZ,2008,74,u
dataflow,ESTAT:HLTH_EHIS_ST8(1.0),A,ED5_6,Y55-64,M,EL,2008,74.4,
dataflow,ESTAT:HLTH_EHIS_ST8(1.0),A,ED5_6,Y55-64,M,ES,2008,74.3,
dataflow,ESTAT:HLTH_EHIS_ST8(1.0),A,ED5_6,Y55-64,M,HU,2008,63.4,
dataflow,ESTAT:HLTH_EHIS_ST8(1.0),A,ED5_6,Y55-64,M,LV,2008,68.2,
dataflow,ESTAT:HLTH_EHIS_ST8(1.0),A,ED5_6,Y55-64,M,MT,2008,73.4,u
dataflow,ESTAT:HLTH_EHIS_ST8(1.0),A,ED5_6,Y55-64,M,PL,2008,69,
dataflow,ESTAT:HLTH_EHIS_ST8(1.0),A,ED5_6,Y55-64,M,RO,2008,63.8,
dataflow,ESTAT:HLTH_EHIS_ST8(1.0),A,ED5_6,Y55-64,M,SI,2008,69.1,u
dataflow,ESTAT:HLTH_EHIS_ST8(1.0),A,ED5_6,Y55-64,M,SK,2008,63.5,
dataflow,ESTAT:HLTH_EHIS_ST8(1.0),A,ED5_6,Y55-64,M,TR,2008,65.4,
dataflow,ESTAT:HLTH_EHIS_ST8(1.0),A,ED5_6,Y55-64,T,AT,2008,69.8,
dataflow,ESTAT:HLTH_EHIS_ST8(1.0),A,ED5_6,Y55-64,T,BE,2008,67.5,
dataflow,ESTAT:HLTH_EHIS_ST8(1.0),A,ED5_6,Y55-64,T,BG,2008,64.9,
dataflow,ESTAT:HLTH_EHIS_ST8(1.0),A,ED5_6,Y55-64,T,CY,2008,77.1,
dataflow,ESTAT:HLTH_EHIS_ST8(1.0),A,ED5_6,Y55-64,T,CZ,2008,67.2,u
dataflow,ESTAT:HLTH_EHIS_ST8(1.0),A,ED5_6,Y55-64,T,EL,2008,73,
dataflow,ESTAT:HLTH_EHIS_ST8(1.0),A,ED5_6,Y55-64,T,ES,2008,73,
dataflow,ESTAT:HLTH_EHIS_ST8(1.0),A,ED5_6,Y55-64,T,HU,2008,61.8,
dataflow,ESTAT:HLTH_EHIS_ST8(1.0),A,ED5_6,Y55-64,T,LV,2008,64.6,
dataflow,ESTAT:HLTH_EHIS_ST8(1.0),A,ED5_6,Y55-64,T,MT,2008,69.5,
dataflow,ESTAT:HLTH_EHIS_ST8(1.0),A,ED5_6,Y55-64,T,PL,2008,66,
dataflow,ESTAT:HLTH_EHIS_ST8(1.0),A,ED5_6,Y55-64,T,RO,2008,64.4,
dataflow,ESTAT:HLTH_EHIS_ST8(1.0),A,ED5_6,Y55-64,T,SI,2008,69.2,u
dataflow,ESTAT:HLTH_EHIS_ST8(1.0),A,ED5_6,Y55-64,T,SK,2008,64.2,
dataflow,ESTAT:HLTH_EHIS_ST8(1.0),A,ED5_6,Y55-64,T,TR,2008,64.5,
dataflow,ESTAT:HLTH_EHIS_ST8(1.0),A,ED5_6,Y65-74,F,AT,2008,65,
dataflow,ESTAT:HLTH_EHIS_ST8(1.0),A,ED5_6,Y65-74,F,BE,2008,64.3,u
dataflow,ESTAT:HLTH_EHIS_ST8(1.0),A,ED5_6,Y65-74,F,BG,2008,52.6,
dataflow,ESTAT:HLTH_EHIS_ST8(1.0),A,ED5_6,Y65-74,F,EL,2008,70.2,u
dataflow,ESTAT:HLTH_EHIS_ST8(1.0),A,ED5_6,Y65-74,F,ES,2008,72.7,
dataflow,ESTAT:HLTH_EHIS_ST8(1.0),A,ED5_6,Y65-74,F,HU,2008,62.2,u
dataflow,ESTAT:HLTH_EHIS_ST8(1.0),A,ED5_6,Y65-74,F,LV,2008,61.7,
dataflow,ESTAT:HLTH_EHIS_ST8(1.0),A,ED5_6,Y65-74,F,PL,2008,60,
dataflow,ESTAT:HLTH_EHIS_ST8(1.0),A,ED5_6,Y65-74,F,RO,2008,52.4,
dataflow,ESTAT:HLTH_EHIS_ST8(1.0),A,ED5_6,Y65-74,F,SK,2008,61.8,u
dataflow,ESTAT:HLTH_EHIS_ST8(1.0),A,ED5_6,Y65-74,M,AT,2008,67.4,
dataflow,ESTAT:HLTH_EHIS_ST8(1.0),A,ED5_6,Y65-74,M,BE,2008,66.8,u
dataflow,ESTAT:HLTH_EHIS_ST8(1.0),A,ED5_6,Y65-74,M,BG,2008,59.2,
dataflow,ESTAT:HLTH_EHIS_ST8(1.0),A,ED5_6,Y65-74,M,CY,2008,78.3,u
dataflow,ESTAT:HLTH_EHIS_ST8(1.0),A,ED5_6,Y65-74,M,EL,2008,78.4,
dataflow,ESTAT:HLTH_EHIS_ST8(1.0),A,ED5_6,Y65-74,M,ES,2008,78.6,
dataflow,ESTAT:HLTH_EHIS_ST8(1.0),A,ED5_6,Y65-74,M,HU,2008,59.6,u
dataflow,ESTAT:HLTH_EHIS_ST8(1.0),A,ED5_6,Y65-74,M,LV,2008,65.8,u
dataflow,ESTAT:HLTH_EHIS_ST8(1.0),A,ED5_6,Y65-74,M,MT,2008,74.1,u
dataflow,ESTAT:HLTH_EHIS_ST8(1.0),A,ED5_6,Y65-74,M,PL,2008,63.9,
dataflow,ESTAT:HLTH_EHIS_ST8(1.0),A,ED5_6,Y65-74,M,RO,2008,62.6,
dataflow,ESTAT:HLTH_EHIS_ST8(1.0),A,ED5_6,Y65-74,M,SK,2008,59.4,u
dataflow,ESTAT:HLTH_EHIS_ST8(1.0),A,ED5_6,Y65-74,M,TR,2008,65.2,u
dataflow,ESTAT:HLTH_EHIS_ST8(1.0),A,ED5_6,Y65-74,T,AT,2008,66.6,
dataflow,ESTAT:HLTH_EHIS_ST8(1.0),A,ED5_6,Y65-74,T,BE,2008,65.7,u
dataflow,ESTAT:HLTH_EHIS_ST8(1.0),A,ED5_6,Y65-74,T,BG,2008,56.2,
dataflow,ESTAT:HLTH_EHIS_ST8(1.0),A,ED5_6,Y65-74,T,CY,2008,76.8,
dataflow,ESTAT:HLTH_EHIS_ST8(1.0),A,ED5_6,Y65-74,T,EL,2008,76.3,
dataflow,ESTAT:HLTH_EHIS_ST8(1.0),A,ED5_6,Y65-74,T,ES,2008,76.6,
dataflow,ESTAT:HLTH_EHIS_ST8(1.0),A,ED5_6,Y65-74,T,HU,2008,61.1,
dataflow,ESTAT:HLTH_EHIS_ST8(1.0),A,ED5_6,Y65-74,T,LV,2008,63.1,
dataflow,ESTAT:HLTH_EHIS_ST8(1.0),A,ED5_6,Y65-74,T,MT,2008,70.4,u
dataflow,ESTAT:HLTH_EHIS_ST8(1.0),A,ED5_6,Y65-74,T,PL,2008,62,
dataflow,ESTAT:HLTH_EHIS_ST8(1.0),A,ED5_6,Y65-74,T,RO,2008,58.4,
dataflow,ESTAT:HLTH_EHIS_ST8(1.0),A,ED5_6,Y65-74,T,SI,2008,71.4,u
dataflow,ESTAT:HLTH_EHIS_ST8(1.0),A,ED5_6,Y65-74,T,SK,2008,60.4,
dataflow,ESTAT:HLTH_EHIS_ST8(1.0),A,ED5_6,Y65-74,T,TR,2008,62.2,u
dataflow,ESTAT:HLTH_EHIS_ST8(1.0),A,ED5_6,Y75-84,F,AT,2008,53.2,
dataflow,ESTAT:HLTH_EHIS_ST8(1.0),A,ED5_6,Y75-84,F,BE,2008,65.8,u
dataflow,ESTAT:HLTH_EHIS_ST8(1.0),A,ED5_6,Y75-84,F,EL,2008,45.2,u
dataflow,ESTAT:HLTH_EHIS_ST8(1.0),A,ED5_6,Y75-84,F,ES,2008,65.1,
dataflow,ESTAT:HLTH_EHIS_ST8(1.0),A,ED5_6,Y75-84,F,LV,2008,56.4,u
dataflow,ESTAT:HLTH_EHIS_ST8(1.0),A,ED5_6,Y75-84,F,PL,2008,58.3,
dataflow,ESTAT:HLTH_EHIS_ST8(1.0),A,ED5_6,Y75-84,F,RO,2008,50.1,u
dataflow,ESTAT:HLTH_EHIS_ST8(1.0),A,ED5_6,Y75-84,M,AT,2008,65.6,
dataflow,ESTAT:HLTH_EHIS_ST8(1.0),A,ED5_6,Y75-84,M,BE,2008,65.2,u
dataflow,ESTAT:HLTH_EHIS_ST8(1.0),A,ED5_6,Y75-84,M,BG,2008,48.2,u
dataflow,ESTAT:HLTH_EHIS_ST8(1.0),A,ED5_6,Y75-84,M,EL,2008,72.4,u
dataflow,ESTAT:HLTH_EHIS_ST8(1.0),A,ED5_6,Y75-84,M,ES,2008,72.7,
dataflow,ESTAT:HLTH_EHIS_ST8(1.0),A,ED5_6,Y75-84,M,HU,2008,59.4,u
dataflow,ESTAT:HLTH_EHIS_ST8(1.0),A,ED5_6,Y75-84,M,PL,2008,62.2,
dataflow,ESTAT:HLTH_EHIS_ST8(1.0),A,ED5_6,Y75-84,M,RO,2008,53.6,u
dataflow,ESTAT:HLTH_EHIS_ST8(1.0),A,ED5_6,Y75-84,T,AT,2008,61.1,
dataflow,ESTAT:HLTH_EHIS_ST8(1.0),A,ED5_6,Y75-84,T,BE,2008,65.4,u
dataflow,ESTAT:HLTH_EHIS_ST8(1.0),A,ED5_6,Y75-84,T,BG,2008,46.9,u
dataflow,ESTAT:HLTH_EHIS_ST8(1.0),A,ED5_6,Y75-84,T,CY,2008,73.7,u
dataflow,ESTAT:HLTH_EHIS_ST8(1.0),A,ED5_6,Y75-84,T,EL,2008,64,
dataflow,ESTAT:HLTH_EHIS_ST8(1.0),A,ED5_6,Y75-84,T,ES,2008,70.2,
dataflow,ESTAT:HLTH_EHIS_ST8(1.0),A,ED5_6,Y75-84,T,HU,2008,57,u
dataflow,ESTAT:HLTH_EHIS_ST8(1.0),A,ED5_6,Y75-84,T,LV,2008,59.7,
dataflow,ESTAT:HLTH_EHIS_ST8(1.0),A,ED5_6,Y75-84,T,PL,2008,60.5,
dataflow,ESTAT:HLTH_EHIS_ST8(1.0),A,ED5_6,Y75-84,T,RO,2008,52.1,
dataflow,ESTAT:HLTH_EHIS_ST8(1.0),A,ED5_6,Y_GE85,F,AT,2008,46,u
dataflow,ESTAT:HLTH_EHIS_ST8(1.0),A,ED5_6,Y_GE85,F,BE,2008,61.7,u
dataflow,ESTAT:HLTH_EHIS_ST8(1.0),A,ED5_6,Y_GE85,F,ES,2008,70.2,u
dataflow,ESTAT:HLTH_EHIS_ST8(1.0),A,ED5_6,Y_GE85,M,AT,2008,50.3,u
dataflow,ESTAT:HLTH_EHIS_ST8(1.0),A,ED5_6,Y_GE85,M,BE,2008,63.7,u
dataflow,ESTAT:HLTH_EHIS_ST8(1.0),A,ED5_6,Y_GE85,T,AT,2008,48,u
dataflow,ESTAT:HLTH_EHIS_ST8(1.0),A,ED5_6,Y_GE85,T,BE,2008,62.7,u
dataflow,ESTAT:HLTH_EHIS_ST8(1.0),A,ED5_6,Y_GE85,T,ES,2008,68.4,u
dataflow,ESTAT:HLTH_EHIS_ST8(1.0),A,ED5_6,Y_GE85,T,PL,2008,54.1,u
dataflow,ESTAT:HLTH_EHIS_ST8(1.0),A,TOTAL,TOTAL,F,AT,2008,65.3,
dataflow,ESTAT:HLTH_EHIS_ST8(1.0),A,TOTAL,TOTAL,F,BE,2008,59.9,u
dataflow,ESTAT:HLTH_EHIS_ST8(1.0),A,TOTAL,TOTAL,F,BG,2008,62.7,
dataflow,ESTAT:HLTH_EHIS_ST8(1.0),A,TOTAL,TOTAL,F,CY,2008,67.3,
dataflow,ESTAT:HLTH_EHIS_ST8(1.0),A,TOTAL,TOTAL,F,CZ,2008,59.1,
dataflow,ESTAT:HLTH_EHIS_ST8(1.0),A,TOTAL,TOTAL,F,EL,2008,66.7,
dataflow,ESTAT:HLTH_EHIS_ST8(1.0),A,TOTAL,TOTAL,F,ES,2008,64.8,
dataflow,ESTAT:HLTH_EHIS_ST8(1.0),A,TOTAL,TOTAL,F,HU,2008,54.7,
dataflow,ESTAT:HLTH_EHIS_ST8(1.0),A,TOTAL,TOTAL,F,LV,2008,62.7,
dataflow,ESTAT:HLTH_EHIS_ST8(1.0),A,TOTAL,TOTAL,F,MT,2008,63.4,
dataflow,ESTAT:HLTH_EHIS_ST8(1.0),A,TOTAL,TOTAL,F,PL,2008,60.9,
dataflow,ESTAT:HLTH_EHIS_ST8(1.0),A,TOTAL,TOTAL,F,RO,2008,60.9,
dataflow,ESTAT:HLTH_EHIS_ST8(1.0),A,TOTAL,TOTAL,F,SI,2008,60.3,
dataflow,ESTAT:HLTH_EHIS_ST8(1.0),A,TOTAL,TOTAL,F,SK,2008,63,
dataflow,ESTAT:HLTH_EHIS_ST8(1.0),A,TOTAL,TOTAL,F,TR,2008,53.5,
dataflow,ESTAT:HLTH_EHIS_ST8(1.0),A,TOTAL,TOTAL,M,AT,2008,69.1,
dataflow,ESTAT:HLTH_EHIS_ST8(1.0),A,TOTAL,TOTAL,M,BE,2008,65.3,u
dataflow,ESTAT:HLTH_EHIS_ST8(1.0),A,TOTAL,TOTAL,M,BG,2008,68.2,
dataflow,ESTAT:HLTH_EHIS_ST8(1.0),A,TOTAL,TOTAL,M,CY,2008,74.5,
dataflow,ESTAT:HLTH_EHIS_ST8(1.0),A,TOTAL,TOTAL,M,CZ,2008,66,
dataflow,ESTAT:HLTH_EHIS_ST8(1.0),A,TOTAL,TOTAL,M,EL,2008,74.2,
dataflow,ESTAT:HLTH_EHIS_ST8(1.0),A,TOTAL,TOTAL,M,ES,2008,73.1,
dataflow,ESTAT:HLTH_EHIS_ST8(1.0),A,TOTAL,TOTAL,M,HU,2008,61.5,
dataflow,ESTAT:HLTH_EHIS_ST8(1.0),A,TOTAL,TOTAL,M,LV,2008,66.6,
dataflow,ESTAT:HLTH_EHIS_ST8(1.0),A,TOTAL,TOTAL,M,MT,2008,69.2,
dataflow,ESTAT:HLTH_EHIS_ST8(1.0),A,TOTAL,TOTAL,M,PL,2008,64.8,
dataflow,ESTAT:HLTH_EHIS_ST8(1.0),A,TOTAL,TOTAL,M,RO,2008,65.4,
dataflow,ESTAT:HLTH_EHIS_ST8(1.0),A,TOTAL,TOTAL,M,SI,2008,66.2,
dataflow,ESTAT:HLTH_EHIS_ST8(1.0),A,TOTAL,TOTAL,M,SK,2008,67.5,
dataflow,ESTAT:HLTH_EHIS_ST8(1.0),A,TOTAL,TOTAL,M,TR,2008,58.8,
dataflow,ESTAT:HLTH_EHIS_ST8(1.0),A,TOTAL,TOTAL,T,AT,2008,67.2,
dataflow,ESTAT:HLTH_EHIS_ST8(1.0),A,TOTAL,TOTAL,T,BE,2008,62.5,u
dataflow,ESTAT:HLTH_EHIS_ST8(1.0),A,TOTAL,TOTAL,T,BG,2008,65.3,
dataflow,ESTAT:HLTH_EHIS_ST8(1.0),A,TOTAL,TOTAL,T,CY,2008,70.7,
dataflow,ESTAT:HLTH_EHIS_ST8(1.0),A,TOTAL,TOTAL,T,CZ,2008,62.4,
dataflow,ESTAT:HLTH_EHIS_ST8(1.0),A,TOTAL,TOTAL,T,EL,2008,70.3,
dataflow,ESTAT:HLTH_EHIS_ST8(1.0),A,TOTAL,TOTAL,T,ES,2008,68.9,
dataflow,ESTAT:HLTH_EHIS_ST8(1.0),A,TOTAL,TOTAL,T,HU,2008,57.9,
dataflow,ESTAT:HLTH_EHIS_ST8(1.0),A,TOTAL,TOTAL,T,LV,2008,64.5,
dataflow,ESTAT:HLTH_EHIS_ST8(1.0),A,TOTAL,TOTAL,T,MT,2008,66.1,
dataflow,ESTAT:HLTH_EHIS_ST8(1.0),A,TOTAL,TOTAL,T,PL,2008,62.7,
dataflow,ESTAT:HLTH_EHIS_ST8(1.0),A,TOTAL,TOTAL,T,RO,2008,62.9,
dataflow,ESTAT:HLTH_EHIS_ST8(1.0),A,TOTAL,TOTAL,T,SI,2008,63.2,
dataflow,ESTAT:HLTH_EHIS_ST8(1.0),A,TOTAL,TOTAL,T,SK,2008,65.2,
dataflow,ESTAT:HLTH_EHIS_ST8(1.0),A,TOTAL,TOTAL,T,TR,2008,56.1,
dataflow,ESTAT:HLTH_EHIS_ST8(1.0),A,TOTAL,Y15-24,F,AT,2008,70.3,
dataflow,ESTAT:HLTH_EHIS_ST8(1.0),A,TOTAL,Y15-24,F,BE,2008,60.6,u
dataflow,ESTAT:HLTH_EHIS_ST8(1.0),A,TOTAL,Y15-24,F,BG,2008,81,
dataflow,ESTAT:HLTH_EHIS_ST8(1.0),A,TOTAL,Y15-24,F,CY,2008,79.2,u
dataflow,ESTAT:HLTH_EHIS_ST8(1.0),A,TOTAL,Y15-24,F,CZ,2008,65.7,
dataflow,ESTAT:HLTH_EHIS_ST8(1.0),A,TOTAL,Y15-24,F,EL,2008,80.8,
dataflow,ESTAT:HLTH_EHIS_ST8(1.0),A,TOTAL,Y15-24,F,ES,2008,73.6,
dataflow,ESTAT:HLTH_EHIS_ST8(1.0),A,TOTAL,Y15-24,F,HU,2008,65.6,
dataflow,ESTAT:HLTH_EHIS_ST8(1.0),A,TOTAL,Y15-24,F,LV,2008,74.5,
dataflow,ESTAT:HLTH_EHIS_ST8(1.0),A,TOTAL,Y15-24,F,MT,2008,69.4,
dataflow,ESTAT:HLTH_EHIS_ST8(1.0),A,TOTAL,Y15-24,F,PL,2008,71.4,
dataflow,ESTAT:HLTH_EHIS_ST8(1.0),A,TOTAL,Y15-24,F,RO,2008,76.2,u
dataflow,ESTAT:HLTH_EHIS_ST8(1.0),A,TOTAL,Y15-24,F,SI,2008,67.1,
dataflow,ESTAT:HLTH_EHIS_ST8(1.0),A,TOTAL,Y15-24,F,SK,2008,73.2,
dataflow,ESTAT:HLTH_EHIS_ST8(1.0),A,TOTAL,Y15-24,F,TR,2008,62.8,
dataflow,ESTAT:HLTH_EHIS_ST8(1.0),A,TOTAL,Y15-24,M,AT,2008,73.6,
dataflow,ESTAT:HLTH_EHIS_ST8(1.0),A,TOTAL,Y15-24,M,BE,2008,65.5,u
dataflow,ESTAT:HLTH_EHIS_ST8(1.0),A,TOTAL,Y15-24,M,BG,2008,82.8,
dataflow,ESTAT:HLTH_EHIS_ST8(1.0),A,TOTAL,Y15-24,M,CY,2008,82.7,u
dataflow,ESTAT:HLTH_EHIS_ST8(1.0),A,TOTAL,Y15-24,M,CZ,2008,71.5,
dataflow,ESTAT:HLTH_EHIS_ST8(1.0),A,TOTAL,Y15-24,M,EL,2008,83.5,
dataflow,ESTAT:HLTH_EHIS_ST8(1.0),A,TOTAL,Y15-24,M,ES,2008,79.9,
dataflow,ESTAT:HLTH_EHIS_ST8(1.0),A,TOTAL,Y15-24,M,HU,2008,71.3,
dataflow,ESTAT:HLTH_EHIS_ST8(1.0),A,TOTAL,Y15-24,M,LV,2008,74.3,
dataflow,ESTAT:HLTH_EHIS_ST8(1.0),A,TOTAL,Y15-24,M,MT,2008,74.6,
dataflow,ESTAT:HLTH_EHIS_ST8(1.0),A,TOTAL,Y15-24,M,PL,2008,73.6,u
dataflow,ESTAT:HLTH_EHIS_ST8(1.0),A,TOTAL,Y15-24,M,RO,2008,78.3,u
dataflow,ESTAT:HLTH_EHIS_ST8(1.0),A,TOTAL,Y15-24,M,SI,2008,69.9,
dataflow,ESTAT:HLTH_EHIS_ST8(1.0),A,TOTAL,Y15-24,M,SK,2008,76.6,
dataflow,ESTAT:HLTH_EHIS_ST8(1.0),A,TOTAL,Y15-24,M,TR,2008,66.3,
dataflow,ESTAT:HLTH_EHIS_ST8(1.0),A,TOTAL,Y15-24,T,AT,2008,72,
dataflow,ESTAT:HLTH_EHIS_ST8(1.0),A,TOTAL,Y15-24,T,BE,2008,63,u
dataflow,ESTAT:HLTH_EHIS_ST8(1.0),A,TOTAL,Y15-24,T,BG,2008,81.9,
dataflow,ESTAT:HLTH_EHIS_ST8(1.0),A,TOTAL,Y15-24,T,CY,2008,80.8,u
dataflow,ESTAT:HLTH_EHIS_ST8(1.0),A,TOTAL,Y15-24,T,CZ,2008,68.7,
dataflow,ESTAT:HLTH_EHIS_ST8(1.0),A,TOTAL,Y15-24,T,EL,2008,82.2,
dataflow,ESTAT:HLTH_EHIS_ST8(1.0),A,TOTAL,Y15-24,T,ES,2008,76.9,
dataflow,ESTAT:HLTH_EHIS_ST8(1.0),A,TOTAL,Y15-24,T,HU,2008,68.5,
dataflow,ESTAT:HLTH_EHIS_ST8(1.0),A,TOTAL,Y15-24,T,LV,2008,74.4,
dataflow,ESTAT:HLTH_EHIS_ST8(1.0),A,TOTAL,Y15-24,T,MT,2008,72,
dataflow,ESTAT:HLTH_EHIS_ST8(1.0),A,TOTAL,Y15-24,T,PL,2008,72.5,u
dataflow,ESTAT:HLTH_EHIS_ST8(1.0),A,TOTAL,Y15-24,T,RO,2008,77.2,u
dataflow,ESTAT:HLTH_EHIS_ST8(1.0),A,TOTAL,Y15-24,T,SI,2008,68.5,
dataflow,ESTAT:HLTH_EHIS_ST8(1.0),A,TOTAL,Y15-24,T,SK,2008,74.9,
dataflow,ESTAT:HLTH_EHIS_ST8(1.0),A,TOTAL,Y15-24,T,TR,2008,64.5,
dataflow,ESTAT:HLTH_EHIS_ST8(1.0),A,TOTAL,Y25-34,F,AT,2008,69.8,
dataflow,ESTAT:HLTH_EHIS_ST8(1.0),A,TOTAL,Y25-34,F,BE,2008,58.8,
dataflow,ESTAT:HLTH_EHIS_ST8(1.0),A,TOTAL,Y25-34,F,BG,2008,74.1,
dataflow,ESTAT:HLTH_EHIS_ST8(1.0),A,TOTAL,Y25-34,F,CY,2008,70.9,
dataflow,ESTAT:HLTH_EHIS_ST8(1.0),A,TOTAL,Y25-34,F,CZ,2008,61.8,
dataflow,ESTAT:HLTH_EHIS_ST8(1.0),A,TOTAL,Y25-34,F,EL,2008,72.6,
dataflow,ESTAT:HLTH_EHIS_ST8(1.0),A,TOTAL,Y25-34,F,ES,2008,69,
dataflow,ESTAT:HLTH_EHIS_ST8(1.0),A,TOTAL,Y25-34,F,HU,2008,61.6,
dataflow,ESTAT:HLTH_EHIS_ST8(1.0),A,TOTAL,Y25-34,F,LV,2008,69.2,
dataflow,ESTAT:HLTH_EHIS_ST8(1.0),A,TOTAL,Y25-34,F,MT,2008,66.6,
dataflow,ESTAT:HLTH_EHIS_ST8(1.0),A,TOTAL,Y25-34,F,PL,2008,66.7,
dataflow,ESTAT:HLTH_EHIS_ST8(1.0),A,TOTAL,Y25-34,F,RO,2008,68.8,
dataflow,ESTAT:HLTH_EHIS_ST8(1.0),A,TOTAL,Y25-34,F,SI,2008,66.4,
dataflow,ESTAT:HLTH_EHIS_ST8(1.0),A,TOTAL,Y25-34,F,SK,2008,68.8,
dataflow,ESTAT:HLTH_EHIS_ST8(1.0),A,TOTAL,Y25-34,F,TR,2008,55.5,
dataflow,ESTAT:HLTH_EHIS_ST8(1.0),A,TOTAL,Y25-34,M,AT,2008,72.3,
dataflow,ESTAT:HLTH_EHIS_ST8(1.0),A,TOTAL,Y25-34,M,BE,2008,65.1,u
dataflow,ESTAT:HLTH_EHIS_ST8(1.0),A,TOTAL,Y25-34,M,BG,2008,75.6,
dataflow,ESTAT:HLTH_EHIS_ST8(1.0),A,TOTAL,Y25-34,M,CY,2008,77,
dataflow,ESTAT:HLTH_EHIS_ST8(1.0),A,TOTAL,Y25-34,M,CZ,2008,67.2,
dataflow,ESTAT:HLTH_EHIS_ST8(1.0),A,TOTAL,Y25-34,M,EL,2008,78.8,
dataflow,ESTAT:HLTH_EHIS_ST8(1.0),A,TOTAL,Y25-34,M,ES,2008,75.7,
dataflow,ESTAT:HLTH_EHIS_ST8(1.0),A,TOTAL,Y25-34,M,HU,2008,67,
dataflow,ESTAT:HLTH_EHIS_ST8(1.0),A,TOTAL,Y25-34,M,LV,2008,69.7,
dataflow,ESTAT:HLTH_EHIS_ST8(1.0),A,TOTAL,Y25-34,M,MT,2008,71.8,
dataflow,ESTAT:HLTH_EHIS_ST8(1.0),A,TOTAL,Y25-34,M,PL,2008,69.1,u
dataflow,ESTAT:HLTH_EHIS_ST8(1.0),A,TOTAL,Y25-34,M,RO,2008,72.3,u
dataflow,ESTAT:HLTH_EHIS_ST8(1.0),A,TOTAL,Y25-34,M,SI,2008,67.7,
dataflow,ESTAT:HLTH_EHIS_ST8(1.0),A,TOTAL,Y25-34,M,SK,2008,70.8,
dataflow,ESTAT:HLTH_EHIS_ST8(1.0),A,TOTAL,Y25-34,M,TR,2008,59.3,
dataflow,ESTAT:HLTH_EHIS_ST8(1.0),A,TOTAL,Y25-34,T,AT,2008,71,
dataflow,ESTAT:HLTH_EHIS_ST8(1.0),A,TOTAL,Y25-34,T,BE,2008,61.8,u
dataflow,ESTAT:HLTH_EHIS_ST8(1.0),A,TOTAL,Y25-34,T,BG,2008,74.9,
dataflow,ESTAT:HLTH_EHIS_ST8(1.0),A,TOTAL,Y25-34,T,CY,2008,73.9,
dataflow,ESTAT:HLTH_EHIS_ST8(1.0),A,TOTAL,Y25-34,T,CZ,2008,64.6,
dataflow,ESTAT:HLTH_EHIS_ST8(1.0),A,TOTAL,Y25-34,T,EL,2008,75.8,
dataflow,ESTAT:HLTH_EHIS_ST8(1.0),A,TOTAL,Y25-34,T,ES,2008,72.5,
dataflow,ESTAT:HLTH_EHIS_ST8(1.0),A,TOTAL,Y25-34,T,HU,2008,64.3,
dataflow,ESTAT:HLTH_EHIS_ST8(1.0),A,TOTAL,Y25-34,T,LV,2008,69.5,
dataflow,ESTAT:HLTH_EHIS_ST8(1.0),A,TOTAL,Y25-34,T,MT,2008,68.9,
dataflow,ESTAT:HLTH_EHIS_ST8(1.0),A,TOTAL,Y25-34,T,PL,2008,67.9,
dataflow,ESTAT:HLTH_EHIS_ST8(1.0),A,TOTAL,Y25-34,T,RO,2008,70.4,
dataflow,ESTAT:HLTH_EHIS_ST8(1.0),A,TOTAL,Y25-34,T,SI,2008,67.1,
dataflow,ESTAT:HLTH_EHIS_ST8(1.0),A,TOTAL,Y25-34,T,SK,2008,69.8,
dataflow,ESTAT:HLTH_EHIS_ST8(1.0),A,TOTAL,Y25-34,T,TR,2008,57.4,
dataflow,ESTAT:HLTH_EHIS_ST8(1.0),A,TOTAL,Y35-44,F,AT,2008,68.5,
dataflow,ESTAT:HLTH_EHIS_ST8(1.0),A,TOTAL,Y35-44,F,BE,2008,59.3,
dataflow,ESTAT:HLTH_EHIS_ST8(1.0),A,TOTAL,Y35-44,F,BG,2008,68.9,
dataflow,ESTAT:HLTH_EHIS_ST8(1.0),A,TOTAL,Y35-44,F,CY,2008,68,
dataflow,ESTAT:HLTH_EHIS_ST8(1.0),A,TOTAL,Y35-44,F,CZ,2008,59.6,
dataflow,ESTAT:HLTH_EHIS_ST8(1.0),A,TOTAL,Y35-44,F,EL,2008,71.4,
dataflow,ESTAT:HLTH_EHIS_ST8(1.0),A,TOTAL,Y35-44,F,ES,2008,66,
dataflow,ESTAT:HLTH_EHIS_ST8(1.0),A,TOTAL,Y35-44,F,HU,2008,57.9,
dataflow,ESTAT:HLTH_EHIS_ST8(1.0),A,TOTAL,Y35-44,F,LV,2008,64.8,
dataflow,ESTAT:HLTH_EHIS_ST8(1.0),A,TOTAL,Y35-44,F,MT,2008,65.6,
dataflow,ESTAT:HLTH_EHIS_ST8(1.0),A,TOTAL,Y35-44,F,PL,2008,62.3,
dataflow,ESTAT:HLTH_EHIS_ST8(1.0),A,TOTAL,Y35-44,F,RO,2008,65.7,
dataflow,ESTAT:HLTH_EHIS_ST8(1.0),A,TOTAL,Y35-44,F,SI,2008,63.1,
dataflow,ESTAT:HLTH_EHIS_ST8(1.0),A,TOTAL,Y35-44,F,SK,2008,64.3,
dataflow,ESTAT:HLTH_EHIS_ST8(1.0),A,TOTAL,Y35-44,F,TR,2008,52.6,
dataflow,ESTAT:HLTH_EHIS_ST8(1.0),A,TOTAL,Y35-44,M,AT,2008,71.5,
dataflow,ESTAT:HLTH_EHIS_ST8(1.0),A,TOTAL,Y35-44,M,BE,2008,65.3,u
dataflow,ESTAT:HLTH_EHIS_ST8(1.0),A,TOTAL,Y35-44,M,BG,2008,72.1,
dataflow,ESTAT:HLTH_EHIS_ST8(1.0),A,TOTAL,Y35-44,M,CY,2008,74.2,
dataflow,ESTAT:HLTH_EHIS_ST8(1.0),A,TOTAL,Y35-44,M,CZ,2008,70.2,
dataflow,ESTAT:HLTH_EHIS_ST8(1.0),A,TOTAL,Y35-44,M,EL,2008,74.1,
dataflow,ESTAT:HLTH_EHIS_ST8(1.0),A,TOTAL,Y35-44,M,ES,2008,72.5,
dataflow,ESTAT:HLTH_EHIS_ST8(1.0),A,TOTAL,Y35-44,M,HU,2008,62.9,
dataflow,ESTAT:HLTH_EHIS_ST8(1.0),A,TOTAL,Y35-44,M,LV,2008,67.6,
dataflow,ESTAT:HLTH_EHIS_ST8(1.0),A,TOTAL,Y35-44,M,MT,2008,69.4,
dataflow,ESTAT:HLTH_EHIS_ST8(1.0),A,TOTAL,Y35-44,M,PL,2008,65.4,
dataflow,ESTAT:HLTH_EHIS_ST8(1.0),A,TOTAL,Y35-44,M,RO,2008,69.7,u
dataflow,ESTAT:HLTH_EHIS_ST8(1.0),A,TOTAL,Y35-44,M,SI,2008,67.9,
dataflow,ESTAT:HLTH_EHIS_ST8(1.0),A,TOTAL,Y35-44,M,SK,2008,68.4,
dataflow,ESTAT:HLTH_EHIS_ST8(1.0),A,TOTAL,Y35-44,M,TR,2008,55.8,
dataflow,ESTAT:HLTH_EHIS_ST8(1.0),A,TOTAL,Y35-44,T,AT,2008,70,
dataflow,ESTAT:HLTH_EHIS_ST8(1.0),A,TOTAL,Y35-44,T,BE,2008,62.1,
dataflow,ESTAT:HLTH_EHIS_ST8(1.0),A,TOTAL,Y35-44,T,BG,2008,70.5,
dataflow,ESTAT:HLTH_EHIS_ST8(1.0),A,TOTAL,Y35-44,T,CY,2008,71,
dataflow,ESTAT:HLTH_EHIS_ST8(1.0),A,TOTAL,Y35-44,T,CZ,2008,64.6,
dataflow,ESTAT:HLTH_EHIS_ST8(1.0),A,TOTAL,Y35-44,T,EL,2008,72.8,
dataflow,ESTAT:HLTH_EHIS_ST8(1.0),A,TOTAL,Y35-44,T,ES,2008,69.4,
dataflow,ESTAT:HLTH_EHIS_ST8(1.0),A,TOTAL,Y35-44,T,HU,2008,60.4,
dataflow,ESTAT:HLTH_EHIS_ST8(1.0),A,TOTAL,Y35-44,T,LV,2008,66.2,
dataflow,ESTAT:HLTH_EHIS_ST8(1.0),A,TOTAL,Y35-44,T,MT,2008,67.3,
dataflow,ESTAT:HLTH_EHIS_ST8(1.0),A,TOTAL,Y35-44,T,PL,2008,63.8,
dataflow,ESTAT:HLTH_EHIS_ST8(1.0),A,TOTAL,Y35-44,T,RO,2008,67.6,
dataflow,ESTAT:HLTH_EHIS_ST8(1.0),A,TOTAL,Y35-44,T,SI,2008,65.6,
dataflow,ESTAT:HLTH_EHIS_ST8(1.0),A,TOTAL,Y35-44,T,SK,2008,66.4,
dataflow,ESTAT:HLTH_EHIS_ST8(1.0),A,TOTAL,Y35-44,T,TR,2008,54.2,
dataflow,ESTAT:HLTH_EHIS_ST8(1.0),A,TOTAL,Y45-54,F,AT,2008,66.3,
dataflow,ESTAT:HLTH_EHIS_ST8(1.0),A,TOTAL,Y45-54,F,BE,2008,58.9,
dataflow,ESTAT:HLTH_EHIS_ST8(1.0),A,TOTAL,Y45-54,F,BG,2008,62.6,
dataflow,ESTAT:HLTH_EHIS_ST8(1.0),A,TOTAL,Y45-54,F,CY,2008,66.9,
dataflow,ESTAT:HLTH_EHIS_ST8(1.0),A,TOTAL,Y45-54,F,CZ,2008,56.6,
dataflow,ESTAT:HLTH_EHIS_ST8(1.0),A,TOTAL,Y45-54,F,EL,2008,65.8,
dataflow,ESTAT:HLTH_EHIS_ST8(1.0),A,TOTAL,Y45-54,F,ES,2008,65.4,
dataflow,ESTAT:HLTH_EHIS_ST8(1.0),A,TOTAL,Y45-54,F,HU,2008,53.6,
dataflow,ESTAT:HLTH_EHIS_ST8(1.0),A,TOTAL,Y45-54,F,LV,2008,61.8,
dataflow,ESTAT:HLTH_EHIS_ST8(1.0),A,TOTAL,Y45-54,F,MT,2008,61.9,
dataflow,ESTAT:HLTH_EHIS_ST8(1.0),A,TOTAL,Y45-54,F,PL,2008,58.9,
dataflow,ESTAT:HLTH_EHIS_ST8(1.0),A,TOTAL,Y45-54,F,RO,2008,58.6,
dataflow,ESTAT:HLTH_EHIS_ST8(1.0),A,TOTAL,Y45-54,F,SI,2008,59.7,
dataflow,ESTAT:HLTH_EHIS_ST8(1.0),A,TOTAL,Y45-54,F,SK,2008,62.3,
dataflow,ESTAT:HLTH_EHIS_ST8(1.0),A,TOTAL,Y45-54,F,TR,2008,50.1,
dataflow,ESTAT:HLTH_EHIS_ST8(1.0),A,TOTAL,Y45-54,M,AT,2008,68.7,
dataflow,ESTAT:HLTH_EHIS_ST8(1.0),A,TOTAL,Y45-54,M,BE,2008,63.7,u
dataflow,ESTAT:HLTH_EHIS_ST8(1.0),A,TOTAL,Y45-54,M,BG,2008,67.4,
dataflow,ESTAT:HLTH_EHIS_ST8(1.0),A,TOTAL,Y45-54,M,CY,2008,73.8,
dataflow,ESTAT:HLTH_EHIS_ST8(1.0),A,TOTAL,Y45-54,M,CZ,2008,62.4,
dataflow,ESTAT:HLTH_EHIS_ST8(1.0),A,TOTAL,Y45-54,M,EL,2008,72.8,
dataflow,ESTAT:HLTH_EHIS_ST8(1.0),A,TOTAL,Y45-54,M,ES,2008,71.8,
dataflow,ESTAT:HLTH_EHIS_ST8(1.0),A,TOTAL,Y45-54,M,HU,2008,59,
dataflow,ESTAT:HLTH_EHIS_ST8(1.0),A,TOTAL,Y45-54,M,LV,2008,64.5,
dataflow,ESTAT:HLTH_EHIS_ST8(1.0),A,TOTAL,Y45-54,M,MT,2008,67.8,
dataflow,ESTAT:HLTH_EHIS_ST8(1.0),A,TOTAL,Y45-54,M,PL,2008,60.8,
dataflow,ESTAT:HLTH_EHIS_ST8(1.0),A,TOTAL,Y45-54,M,RO,2008,62.8,
dataflow,ESTAT:HLTH_EHIS_ST8(1.0),A,TOTAL,Y45-54,M,SI,2008,64.4,
dataflow,ESTAT:HLTH_EHIS_ST8(1.0),A,TOTAL,Y45-54,M,SK,2008,64.5,
dataflow,ESTAT:HLTH_EHIS_ST8(1.0),A,TOTAL,Y45-54,M,TR,2008,57.2,
dataflow,ESTAT:HLTH_EHIS_ST8(1.0),A,TOTAL,Y45-54,T,AT,2008,67.5,
dataflow,ESTAT:HLTH_EHIS_ST8(1.0),A,TOTAL,Y45-54,T,BE,2008,61.2,
dataflow,ESTAT:HLTH_EHIS_ST8(1.0),A,TOTAL,Y45-54,T,BG,2008,64.9,
dataflow,ESTAT:HLTH_EHIS_ST8(1.0),A,TOTAL,Y45-54,T,CY,2008,70.2,
dataflow,ESTAT:HLTH_EHIS_ST8(1.0),A,TOTAL,Y45-54,T,CZ,2008,59.6,
dataflow,ESTAT:HLTH_EHIS_ST8(1.0),A,TOTAL,Y45-54,T,EL,2008,69.3,
dataflow,ESTAT:HLTH_EHIS_ST8(1.0),A,TOTAL,Y45-54,T,ES,2008,68.6,
dataflow,ESTAT:HLTH_EHIS_ST8(1.0),A,TOTAL,Y45-54,T,HU,2008,56.3,
dataflow,ESTAT:HLTH_EHIS_ST8(1.0),A,TOTAL,Y45-54,T,LV,2008,63,
dataflow,ESTAT:HLTH_EHIS_ST8(1.0),A,TOTAL,Y45-54,T,MT,2008,64.7,
dataflow,ESTAT:HLTH_EHIS_ST8(1.0),A,TOTAL,Y45-54,T,PL,2008,59.8,
dataflow,ESTAT:HLTH_EHIS_ST8(1.0),A,TOTAL,Y45-54,T,RO,2008,60.5,
dataflow,ESTAT:HLTH_EHIS_ST8(1.0),A,TOTAL,Y45-54,T,SI,2008,62.1,
dataflow,ESTAT:HLTH_EHIS_ST8(1.0),A,TOTAL,Y45-54,T,SK,2008,63.4,
dataflow,ESTAT:HLTH_EHIS_ST8(1.0),A,TOTAL,Y45-54,T,TR,2008,53.6,
dataflow,ESTAT:HLTH_EHIS_ST8(1.0),A,TOTAL,Y55-64,F,AT,2008,64.8,
dataflow,ESTAT:HLTH_EHIS_ST8(1.0),A,TOTAL,Y55-64,F,BE,2008,63.8,
dataflow,ESTAT:HLTH_EHIS_ST8(1.0),A,TOTAL,Y55-64,F,BG,2008,57.4,
dataflow,ESTAT:HLTH_EHIS_ST8(1.0),A,TOTAL,Y55-64,F,CY,2008,63.9,
dataflow,ESTAT:HLTH_EHIS_ST8(1.0),A,TOTAL,Y55-64,F,CZ,2008,59.1,
dataflow,ESTAT:HLTH_EHIS_ST8(1.0),A,TOTAL,Y55-64,F,EL,2008,64.5,
dataflow,ESTAT:HLTH_EHIS_ST8(1.0),A,TOTAL,Y55-64,F,ES,2008,62.1,
dataflow,ESTAT:HLTH_EHIS_ST8(1.0),A,TOTAL,Y55-64,F,HU,2008,51.5,
dataflow,ESTAT:HLTH_EHIS_ST8(1.0),A,TOTAL,Y55-64,F,LV,2008,59.3,
dataflow,ESTAT:HLTH_EHIS_ST8(1.0),A,TOTAL,Y55-64,F,MT,2008,61.9,
dataflow,ESTAT:HLTH_EHIS_ST8(1.0),A,TOTAL,Y55-64,F,PL,2008,58.9,
dataflow,ESTAT:HLTH_EHIS_ST8(1.0),A,TOTAL,Y55-64,F,RO,2008,55.8,
dataflow,ESTAT:HLTH_EHIS_ST8(1.0),A,TOTAL,Y55-64,F,SI,2008,62.2,
dataflow,ESTAT:HLTH_EHIS_ST8(1.0),A,TOTAL,Y55-64,F,SK,2008,60.6,
dataflow,ESTAT:HLTH_EHIS_ST8(1.0),A,TOTAL,Y55-64,F,TR,2008,47.1,
dataflow,ESTAT:HLTH_EHIS_ST8(1.0),A,TOTAL,Y55-64,M,AT,2008,65.7,
dataflow,ESTAT:HLTH_EHIS_ST8(1.0),A,TOTAL,Y55-64,M,BE,2008,66.7,u
dataflow,ESTAT:HLTH_EHIS_ST8(1.0),A,TOTAL,Y55-64,M,BG,2008,62,
dataflow,ESTAT:HLTH_EHIS_ST8(1.0),A,TOTAL,Y55-64,M,CY,2008,71.8,
dataflow,ESTAT:HLTH_EHIS_ST8(1.0),A,TOTAL,Y55-64,M,CZ,2008,63.3,
dataflow,ESTAT:HLTH_EHIS_ST8(1.0),A,TOTAL,Y55-64,M,EL,2008,73.4,
dataflow,ESTAT:HLTH_EHIS_ST8(1.0),A,TOTAL,Y55-64,M,ES,2008,70.9,
dataflow,ESTAT:HLTH_EHIS_ST8(1.0),A,TOTAL,Y55-64,M,HU,2008,57.1,
dataflow,ESTAT:HLTH_EHIS_ST8(1.0),A,TOTAL,Y55-64,M,LV,2008,61.1,
dataflow,ESTAT:HLTH_EHIS_ST8(1.0),A,TOTAL,Y55-64,M,MT,2008,69,
dataflow,ESTAT:HLTH_EHIS_ST8(1.0),A,TOTAL,Y55-64,M,PL,2008,60.6,
dataflow,ESTAT:HLTH_EHIS_ST8(1.0),A,TOTAL,Y55-64,M,RO,2008,58.3,
dataflow,ESTAT:HLTH_EHIS_ST8(1.0),A,TOTAL,Y55-64,M,SI,2008,64.8,
dataflow,ESTAT:HLTH_EHIS_ST8(1.0),A,TOTAL,Y55-64,M,SK,2008,62,
dataflow,ESTAT:HLTH_EHIS_ST8(1.0),A,TOTAL,Y55-64,M,TR,2008,55.3,
dataflow,ESTAT:HLTH_EHIS_ST8(1.0),A,TOTAL,Y55-64,T,AT,2008,65.2,
dataflow,ESTAT:HLTH_EHIS_ST8(1.0),A,TOTAL,Y55-64,T,BE,2008,65.2,u
dataflow,ESTAT:HLTH_EHIS_ST8(1.0),A,TOTAL,Y55-64,T,BG,2008,59.5,
dataflow,ESTAT:HLTH_EHIS_ST8(1.0),A,TOTAL,Y55-64,T,CY,2008,67.7,
dataflow,ESTAT:HLTH_EHIS_ST8(1.0),A,TOTAL,Y55-64,T,CZ,2008,61.1,
dataflow,ESTAT:HLTH_EHIS_ST8(1.0),A,TOTAL,Y55-64,T,EL,2008,68.8,
dataflow,ESTAT:HLTH_EHIS_ST8(1.0),A,TOTAL,Y55-64,T,ES,2008,66.4,
dataflow,ESTAT:HLTH_EHIS_ST8(1.0),A,TOTAL,Y55-64,T,HU,2008,54,
dataflow,ESTAT:HLTH_EHIS_ST8(1.0),A,TOTAL,Y55-64,T,LV,2008,60.1,
dataflow,ESTAT:HLTH_EHIS_ST8(1.0),A,TOTAL,Y55-64,T,MT,2008,65.2,
dataflow,ESTAT:HLTH_EHIS_ST8(1.0),A,TOTAL,Y55-64,T,PL,2008,59.6,
dataflow,ESTAT:HLTH_EHIS_ST8(1.0),A,TOTAL,Y55-64,T,RO,2008,56.9,
dataflow,ESTAT:HLTH_EHIS_ST8(1.0),A,TOTAL,Y55-64,T,SI,2008,63.5,
dataflow,ESTAT:HLTH_EHIS_ST8(1.0),A,TOTAL,Y55-64,T,SK,2008,61.2,
dataflow,ESTAT:HLTH_EHIS_ST8(1.0),A,TOTAL,Y55-64,T,TR,2008,51,
dataflow,ESTAT:HLTH_EHIS_ST8(1.0),A,TOTAL,Y65-74,F,AT,2008,62.1,
dataflow,ESTAT:HLTH_EHIS_ST8(1.0),A,TOTAL,Y65-74,F,BE,2008,62,u
dataflow,ESTAT:HLTH_EHIS_ST8(1.0),A,TOTAL,Y65-74,F,BG,2008,49.1,
dataflow,ESTAT:HLTH_EHIS_ST8(1.0),A,TOTAL,Y65-74,F,CY,2008,59.8,
dataflow,ESTAT:HLTH_EHIS_ST8(1.0),A,TOTAL,Y65-74,F,CZ,2008,58.8,
dataflow,ESTAT:HLTH_EHIS_ST8(1.0),A,TOTAL,Y65-74,F,EL,2008,59.1,
dataflow,ESTAT:HLTH_EHIS_ST8(1.0),A,TOTAL,Y65-74,F,ES,2008,58.2,
dataflow,ESTAT:HLTH_EHIS_ST8(1.0),A,TOTAL,Y65-74,F,HU,2008,51.1,
dataflow,ESTAT:HLTH_EHIS_ST8(1.0),A,TOTAL,Y65-74,F,LV,2008,55.1,
dataflow,ESTAT:HLTH_EHIS_ST8(1.0),A,TOTAL,Y65-74,F,MT,2008,59.6,
dataflow,ESTAT:HLTH_EHIS_ST8(1.0),A,TOTAL,Y65-74,F,PL,2008,54.1,
dataflow,ESTAT:HLTH_EHIS_ST8(1.0),A,TOTAL,Y65-74,F,RO,2008,49,
dataflow,ESTAT:HLTH_EHIS_ST8(1.0),A,TOTAL,Y65-74,F,SI,2008,49.1,
dataflow,ESTAT:HLTH_EHIS_ST8(1.0),A,TOTAL,Y65-74,F,SK,2008,53.8,
dataflow,ESTAT:HLTH_EHIS_ST8(1.0),A,TOTAL,Y65-74,F,TR,2008,43,
dataflow,ESTAT:HLTH_EHIS_ST8(1.0),A,TOTAL,Y65-74,M,AT,2008,64.6,
dataflow,ESTAT:HLTH_EHIS_ST8(1.0),A,TOTAL,Y65-74,M,BE,2008,67.7,u
dataflow,ESTAT:HLTH_EHIS_ST8(1.0),A,TOTAL,Y65-74,M,BG,2008,56,
dataflow,ESTAT:HLTH_EHIS_ST8(1.0),A,TOTAL,Y65-74,M,CY,2008,71.9,
dataflow,ESTAT:HLTH_EHIS_ST8(1.0),A,TOTAL,Y65-74,M,CZ,2008,65.9,
dataflow,ESTAT:HLTH_EHIS_ST8(1.0),A,TOTAL,Y65-74,M,EL,2008,70,
dataflow,ESTAT:HLTH_EHIS_ST8(1.0),A,TOTAL,Y65-74,M,ES,2008,72.8,
dataflow,ESTAT:HLTH_EHIS_ST8(1.0),A,TOTAL,Y65-74,M,HU,2008,52.3,
dataflow,ESTAT:HLTH_EHIS_ST8(1.0),A,TOTAL,Y65-74,M,LV,2008,58.9,
dataflow,ESTAT:HLTH_EHIS_ST8(1.0),A,TOTAL,Y65-74,M,MT,2008,66,
dataflow,ESTAT:HLTH_EHIS_ST8(1.0),A,TOTAL,Y65-74,M,PL,2008,58.8,
dataflow,ESTAT:HLTH_EHIS_ST8(1.0),A,TOTAL,Y65-74,M,RO,2008,53.7,
dataflow,ESTAT:HLTH_EHIS_ST8(1.0),A,TOTAL,Y65-74,M,SI,2008,63.4,
dataflow,ESTAT:HLTH_EHIS_ST8(1.0),A,TOTAL,Y65-74,M,SK,2008,57.3,
dataflow,ESTAT:HLTH_EHIS_ST8(1.0),A,TOTAL,Y65-74,M,TR,2008,53.6,
dataflow,ESTAT:HLTH_EHIS_ST8(1.0),A,TOTAL,Y65-74,T,AT,2008,63.3,
dataflow,ESTAT:HLTH_EHIS_ST8(1.0),A,TOTAL,Y65-74,T,BE,2008,64.6,u
dataflow,ESTAT:HLTH_EHIS_ST8(1.0),A,TOTAL,Y65-74,T,BG,2008,52,
dataflow,ESTAT:HLTH_EHIS_ST8(1.0),A,TOTAL,Y65-74,T,CY,2008,65.5,
dataflow,ESTAT:HLTH_EHIS_ST8(1.0),A,TOTAL,Y65-74,T,CZ,2008,61.8,
dataflow,ESTAT:HLTH_EHIS_ST8(1.0),A,TOTAL,Y65-74,T,EL,2008,64,
dataflow,ESTAT:HLTH_EHIS_ST8(1.0),A,TOTAL,Y65-74,T,ES,2008,64.9,
dataflow,ESTAT:HLTH_EHIS_ST8(1.0),A,TOTAL,Y65-74,T,HU,2008,51.6,
dataflow,ESTAT:HLTH_EHIS_ST8(1.0),A,TOTAL,Y65-74,T,LV,2008,56.5,
dataflow,ESTAT:HLTH_EHIS_ST8(1.0),A,TOTAL,Y65-74,T,MT,2008,62.6,
dataflow,ESTAT:HLTH_EHIS_ST8(1.0),A,TOTAL,Y65-74,T,PL,2008,56.1,
dataflow,ESTAT:HLTH_EHIS_ST8(1.0),A,TOTAL,Y65-74,T,RO,2008,50.9,
dataflow,ESTAT:HLTH_EHIS_ST8(1.0),A,TOTAL,Y65-74,T,SI,2008,55.5,
dataflow,ESTAT:HLTH_EHIS_ST8(1.0),A,TOTAL,Y65-74,T,SK,2008,55.2,
dataflow,ESTAT:HLTH_EHIS_ST8(1.0),A,TOTAL,Y65-74,T,TR,2008,47.8,
dataflow,ESTAT:HLTH_EHIS_ST8(1.0),A,TOTAL,Y75-84,F,AT,2008,50.7,
dataflow,ESTAT:HLTH_EHIS_ST8(1.0),A,TOTAL,Y75-84,F,BE,2008,56.7,u
dataflow,ESTAT:HLTH_EHIS_ST8(1.0),A,TOTAL,Y75-84,F,BG,2008,39.3,
dataflow,ESTAT:HLTH_EHIS_ST8(1.0),A,TOTAL,Y75-84,F,CY,2008,49.1,
dataflow,ESTAT:HLTH_EHIS_ST8(1.0),A,TOTAL,Y75-84,F,CZ,2008,45.5,
dataflow,ESTAT:HLTH_EHIS_ST8(1.0),A,TOTAL,Y75-84,F,EL,2008,47.8,
dataflow,ESTAT:HLTH_EHIS_ST8(1.0),A,TOTAL,Y75-84,F,ES,2008,53.3,
dataflow,ESTAT:HLTH_EHIS_ST8(1.0),A,TOTAL,Y75-84,F,HU,2008,39.9,
dataflow,ESTAT:HLTH_EHIS_ST8(1.0),A,TOTAL,Y75-84,F,LV,2008,48.3,
dataflow,ESTAT:HLTH_EHIS_ST8(1.0),A,TOTAL,Y75-84,F,MT,2008,53.8,
dataflow,ESTAT:HLTH_EHIS_ST8(1.0),A,TOTAL,Y75-84,F,PL,2008,47.4,
dataflow,ESTAT:HLTH_EHIS_ST8(1.0),A,TOTAL,Y75-84,F,RO,2008,41.8,
dataflow,ESTAT:HLTH_EHIS_ST8(1.0),A,TOTAL,Y75-84,F,SI,2008,48.8,
dataflow,ESTAT:HLTH_EHIS_ST8(1.0),A,TOTAL,Y75-84,F,SK,2008,44,
dataflow,ESTAT:HLTH_EHIS_ST8(1.0),A,TOTAL,Y75-84,F,TR,2008,39.7,
dataflow,ESTAT:HLTH_EHIS_ST8(1.0),A,TOTAL,Y75-84,M,AT,2008,57.7,
dataflow,ESTAT:HLTH_EHIS_ST8(1.0),A,TOTAL,Y75-84,M,BE,2008,64,u
dataflow,ESTAT:HLTH_EHIS_ST8(1.0),A,TOTAL,Y75-84,M,BG,2008,45.7,
dataflow,ESTAT:HLTH_EHIS_ST8(1.0),A,TOTAL,Y75-84,M,CY,2008,62.1,
dataflow,ESTAT:HLTH_EHIS_ST8(1.0),A,TOTAL,Y75-84,M,CZ,2008,49.7,
dataflow,ESTAT:HLTH_EHIS_ST8(1.0),A,TOTAL,Y75-84,M,EL,2008,61.2,
dataflow,ESTAT:HLTH_EHIS_ST8(1.0),A,TOTAL,Y75-84,M,ES,2008,64.5,
dataflow,ESTAT:HLTH_EHIS_ST8(1.0),A,TOTAL,Y75-84,M,HU,2008,50.2,
dataflow,ESTAT:HLTH_EHIS_ST8(1.0),A,TOTAL,Y75-84,M,LV,2008,56.4,
dataflow,ESTAT:HLTH_EHIS_ST8(1.0),A,TOTAL,Y75-84,M,MT,2008,61.1,
dataflow,ESTAT:HLTH_EHIS_ST8(1.0),A,TOTAL,Y75-84,M,PL,2008,55.8,
dataflow,ESTAT:HLTH_EHIS_ST8(1.0),A,TOTAL,Y75-84,M,RO,2008,44.4,
dataflow,ESTAT:HLTH_EHIS_ST8(1.0),A,TOTAL,Y75-84,M,SI,2008,60.0,
dataflow,ESTAT:HLTH_EHIS_ST8(1.0),A,TOTAL,Y75-84,M,SK,2008,55.4,
dataflow,ESTAT:HLTH_EHIS_ST8(1.0),A,TOTAL,Y75-84,M,TR,2008,46.5,
dataflow,ESTAT:HLTH_EHIS_ST8(1.0),A,TOTAL,Y75-84,T,AT,2008,53.3,
dataflow,ESTAT:HLTH_EHIS_ST8(1.0),A,TOTAL,Y75-84,T,BE,2008,59.8,u
dataflow,ESTAT:HLTH_EHIS_ST8(1.0),A,TOTAL,Y75-84,T,BG,2008,41.7,
dataflow,ESTAT:HLTH_EHIS_ST8(1.0),A,TOTAL,Y75-84,T,CY,2008,54.6,
dataflow,ESTAT:HLTH_EHIS_ST8(1.0),A,TOTAL,Y75-84,T,CZ,2008,47,
dataflow,ESTAT:HLTH_EHIS_ST8(1.0),A,TOTAL,Y75-84,T,EL,2008,53.7,
dataflow,ESTAT:HLTH_EHIS_ST8(1.0),A,TOTAL,Y75-84,T,ES,2008,58,
dataflow,ESTAT:HLTH_EHIS_ST8(1.0),A,TOTAL,Y75-84,T,HU,2008,43.4,
dataflow,ESTAT:HLTH_EHIS_ST8(1.0),A,TOTAL,Y75-84,T,LV,2008,50.6,
dataflow,ESTAT:HLTH_EHIS_ST8(1.0),A,TOTAL,Y75-84,T,MT,2008,56.8,
dataflow,ESTAT:HLTH_EHIS_ST8(1.0),A,TOTAL,Y75-84,T,PL,2008,50,
dataflow,ESTAT:HLTH_EHIS_ST8(1.0),A,TOTAL,Y75-84,T,RO,2008,42.8,
dataflow,ESTAT:HLTH_EHIS_ST8(1.0),A,TOTAL,Y75-84,T,SI,2008,52.5,
dataflow,ESTAT:HLTH_EHIS_ST8(1.0),A,TOTAL,Y75-84,T,SK,2008,47.9,
dataflow,ESTAT:HLTH_EHIS_ST8(1.0),A,TOTAL,Y75-84,T,TR,2008,42.5,
dataflow,ESTAT:HLTH_EHIS_ST8(1.0),A,TOTAL,Y_GE85,F,AT,2008,44.7,u
dataflow,ESTAT:HLTH_EHIS_ST8(1.0),A,TOTAL,Y_GE85,F,BG,2008,36.6,u
dataflow,ESTAT:HLTH_EHIS_ST8(1.0),A,TOTAL,Y_GE85,F,CY,2008,44,u
dataflow,ESTAT:HLTH_EHIS_ST8(1.0),A,TOTAL,Y_GE85,F,CZ,2008,39.2,u
dataflow,ESTAT:HLTH_EHIS_ST8(1.0),A,TOTAL,Y_GE85,F,EL,2008,42.5,
dataflow,ESTAT:HLTH_EHIS_ST8(1.0),A,TOTAL,Y_GE85,F,ES,2008,54.7,u
dataflow,ESTAT:HLTH_EHIS_ST8(1.0),A,TOTAL,Y_GE85,F,HU,2008,38.4,
dataflow,ESTAT:HLTH_EHIS_ST8(1.0),A,TOTAL,Y_GE85,F,LV,2008,47.1,
dataflow,ESTAT:HLTH_EHIS_ST8(1.0),A,TOTAL,Y_GE85,F,MT,2008,56.5,u
dataflow,ESTAT:HLTH_EHIS_ST8(1.0),A,TOTAL,Y_GE85,F,PL,2008,43.3,
dataflow,ESTAT:HLTH_EHIS_ST8(1.0),A,TOTAL,Y_GE85,F,RO,2008,36.7,
dataflow,ESTAT:HLTH_EHIS_ST8(1.0),A,TOTAL,Y_GE85,F,SK,2008,33,u
dataflow,ESTAT:HLTH_EHIS_ST8(1.0),A,TOTAL,Y_GE85,F,TR,2008,33.3,u
dataflow,ESTAT:HLTH_EHIS_ST8(1.0),A,TOTAL,Y_GE85,M,AT,2008,54,
dataflow,ESTAT:HLTH_EHIS_ST8(1.0),A,TOTAL,Y_GE85,M,BE,2008,59.8,u
dataflow,ESTAT:HLTH_EHIS_ST8(1.0),A,TOTAL,Y_GE85,M,BG,2008,44.1,u
dataflow,ESTAT:HLTH_EHIS_ST8(1.0),A,TOTAL,Y_GE85,M,CY,2008,42.7,u
dataflow,ESTAT:HLTH_EHIS_ST8(1.0),A,TOTAL,Y_GE85,M,EL,2008,49.5,
dataflow,ESTAT:HLTH_EHIS_ST8(1.0),A,TOTAL,Y_GE85,M,ES,2008,56.2,u
dataflow,ESTAT:HLTH_EHIS_ST8(1.0),A,TOTAL,Y_GE85,M,HU,2008,55.5,u
dataflow,ESTAT:HLTH_EHIS_ST8(1.0),A,TOTAL,Y_GE85,M,MT,2008,51.9,u
dataflow,ESTAT:HLTH_EHIS_ST8(1.0),A,TOTAL,Y_GE85,M,PL,2008,47.4,
dataflow,ESTAT:HLTH_EHIS_ST8(1.0),A,TOTAL,Y_GE85,M,RO,2008,36.8,
dataflow,ESTAT:HLTH_EHIS_ST8(1.0),A,TOTAL,Y_GE85,M,TR,2008,41.1,u
dataflow,ESTAT:HLTH_EHIS_ST8(1.0),A,TOTAL,Y_GE85,T,AT,2008,47,u
dataflow,ESTAT:HLTH_EHIS_ST8(1.0),A,TOTAL,Y_GE85,T,BG,2008,39.9,u
dataflow,ESTAT:HLTH_EHIS_ST8(1.0),A,TOTAL,Y_GE85,T,CY,2008,43.4,u
dataflow,ESTAT:HLTH_EHIS_ST8(1.0),A,TOTAL,Y_GE85,T,CZ,2008,40.1,u
dataflow,ESTAT:HLTH_EHIS_ST8(1.0),A,TOTAL,Y_GE85,T,EL,2008,45.2,
dataflow,ESTAT:HLTH_EHIS_ST8(1.0),A,TOTAL,Y_GE85,T,ES,2008,55.2,u
dataflow,ESTAT:HLTH_EHIS_ST8(1.0),A,TOTAL,Y_GE85,T,HU,2008,43.4,
dataflow,ESTAT:HLTH_EHIS_ST8(1.0),A,TOTAL,Y_GE85,T,LV,2008,48.8,
dataflow,ESTAT:HLTH_EHIS_ST8(1.0),A,TOTAL,Y_GE85,T,MT,2008,54.1,u
dataflow,ESTAT:HLTH_EHIS_ST8(1.0),A,TOTAL,Y_GE85,T,PL,2008,44.5,
dataflow,ESTAT:HLTH_EHIS_ST8(1.0),A,TOTAL,Y_GE85,T,RO,2008,36.8,
dataflow,ESTAT:HLTH_EHIS_ST8(1.0),A,TOTAL,Y_GE85,T,SK,2008,35.9,u
dataflow,ESTAT:HLTH_EHIS_ST8(1.0),A,TOTAL,Y_GE85,T,TR,2008,36.4,
