STRUCTURE,STRUCTURE_ID,freq,unit,severity,sizeclas,nace_r1,geo,TIME_PERIOD,OBS_VALUE,OBS_FLAG
dataflow,ESTAT:HSW_AW_INASZ(1.0),A,RT,D_GE4,0,A,EU15_NO,2002,1918,
dataflow,ESTAT:HSW_AW_INASZ(1.0),A,RT,D_GE4,0,A,EU15_NO,2003,,p
dataflow,ESTAT:HSW_AW_INASZ(1.0),A,RT,D_GE4,0,A,EU15_NO,2004,,p
dataflow,ESTAT:HSW_AW_INASZ(1.0),A,RT,D_GE4,0,A_D-K,EU15_NO,1996,3557,
dataflow,ESTAT:HSW_AW_INASZ(1.0),A,RT,D_GE4,0,A_D-K,EU15_NO,1997,2741,
dataflow,ESTAT:HSW_AW_INASZ(1.0),A,RT,D_GE4,0,A_D-K,EU15_NO,1998,2578,
dataflow,ESTAT:HSW_AW_INASZ(1.0),A,RT,D_GE4,0,A_D-K,EU15_NO,1999,2309,
dataflow,ESTAT:HSW_AW_INASZ(1.0),A,RT,D_GE4,0,A_D-K,EU15_NO,2000,1541,b
dataflow,ESTAT:HSW_AW_INASZ(1.0),A,RT,D_GE4,0,A_D-K,EU15_NO,2001,3505,
dataflow,ESTAT:HSW_AW_INASZ(1.0),A,RT,D_GE4,0,A_D-K,EU15_NO,2002,2677,
dataflow,ESTAT:HSW_AW_INASZ(1.0),A,RT,D_GE4,0,A_D-K,EU15_NO,2003,1581,
dataflow,ESTAT:HSW_AW_INASZ(1.0),A,RT,D_GE4,0,A_D-K,EU15_NO,2004,806,
dataflow,ESTAT:HSW_AW_INASZ(1.0),A,RT,D_GE4,0,A_D-K,EU15_NO,2005,716,
dataflow,ESTAT:HSW_AW_INASZ(1.0),A,RT,D_GE4,0,A_D-K,EU15_NO,2006,712,
dataflow,ESTAT:HSW_AW_INASZ(1.0),A,RT,D_GE4,0,A_D-K,EU15_NO,2007,601,
dataflow,ESTAT:HSW_AW_INASZ(1.0),A,RT,D_GE4,0,D,EU15_NO,1996,10522,
dataflow,ESTAT:HSW_AW_INASZ(1.0),A,RT,D_GE4,0,D,EU15_NO,1997,7665,
dataflow,ESTAT:HSW_AW_INASZ(1.0),A,RT,D_GE4,0,D,EU15_NO,1998,7089,
dataflow,ESTAT:HSW_AW_INASZ(1.0),A,RT,D_GE4,0,D,EU15_NO,1999,6669,
dataflow,ESTAT:HSW_AW_INASZ(1.0),A,RT,D_GE4,0,D,EU15_NO,2000,2569,b
dataflow,ESTAT:HSW_AW_INASZ(1.0),A,RT,D_GE4,0,D,EU15_NO,2001,6053,
dataflow,ESTAT:HSW_AW_INASZ(1.0),A,RT,D_GE4,0,D,EU15_NO,2002,4721,
dataflow,ESTAT:HSW_AW_INASZ(1.0),A,RT,D_GE4,0,D,EU15_NO,2003,2907,
dataflow,ESTAT:HSW_AW_INASZ(1.0),A,RT,D_GE4,0,D,EU15_NO,2004,1387,
dataflow,ESTAT:HSW_AW_INASZ(1.0),A,RT,D_GE4,0,D,EU15_NO,2005,1104,
dataflow,ESTAT:HSW_AW_INASZ(1.0),A,RT,D_GE4,0,D,EU15_NO,2006,898,
dataflow,ESTAT:HSW_AW_INASZ(1.0),A,RT,D_GE4,0,D,EU15_NO,2007,763,
dataflow,ESTAT:HSW_AW_INASZ(1.0),A,RT,D_GE4,0,E,EU15_NO,1996,7536,
dataflow,ESTAT:HSW_AW_INASZ(1.0),A,RT,D_GE4,0,E,EU15_NO,1997,1619,
dataflow,ESTAT:HSW_AW_INASZ(1.0),A,RT,D_GE4,0,E,EU15_NO,1998,2139,
dataflow,ESTAT:HSW_AW_INASZ(1.0),A,RT,D_GE4,0,E,EU15_NO,1999,1087,
dataflow,ESTAT:HSW_AW_INASZ(1.0),A,RT,D_GE4,0,E,EU15_NO,2002,1273,
dataflow,ESTAT:HSW_AW_INASZ(1.0),A,RT,D_GE4,0,E,EU15_NO,2003,581,
dataflow,ESTAT:HSW_AW_INASZ(1.0),A,RT,D_GE4,0,E,EU15_NO,2004,58,
dataflow,ESTAT:HSW_AW_INASZ(1.0),A,RT,D_GE4,0,E,EU15_NO,2005,109,
dataflow,ESTAT:HSW_AW_INASZ(1.0),A,RT,D_GE4,0,E,EU15_NO,2006,138,
dataflow,ESTAT:HSW_AW_INASZ(1.0),A,RT,D_GE4,0,E,EU15_NO,2007,153,
dataflow,ESTAT:HSW_AW_INASZ(1.0),A,RT,D_GE4,0,F,EU15_NO,1996,7091,
dataflow,ESTAT:HSW_AW_INASZ(1.0),A,RT,D_GE4,0,F,EU15_NO,1997,6092,
dataflow,ESTAT:HSW_AW_INASZ(1.0),A,RT,D_GE4,0,F,EU15_NO,1998,5713,
dataflow,ESTAT:HSW_AW_INASZ(1.0),A,RT,D_GE4,0,F,EU15_NO,1999,4907,
dataflow,ESTAT:HSW_AW_INASZ(1.0),A,RT,D_GE4,0,F,EU15_NO,2000,5168,b
dataflow,ESTAT:HSW_AW_INASZ(1.0),A,RT,D_GE4,0,F,EU15_NO,2001,9975,
dataflow,ESTAT:HSW_AW_INASZ(1.0),A,RT,D_GE4,0,F,EU15_NO,2002,7856,
dataflow,ESTAT:HSW_AW_INASZ(1.0),A,RT,D_GE4,0,F,EU15_NO,2003,4773,
dataflow,ESTAT:HSW_AW_INASZ(1.0),A,RT,D_GE4,0,F,EU15_NO,2004,2763,
dataflow,ESTAT:HSW_AW_INASZ(1.0),A,RT,D_GE4,0,F,EU15_NO,2005,2246,
dataflow,ESTAT:HSW_AW_INASZ(1.0),A,RT,D_GE4,0,F,EU15_NO,2006,2212,
dataflow,ESTAT:HSW_AW_INASZ(1.0),A,RT,D_GE4,0,F,EU15_NO,2007,1729,
dataflow,ESTAT:HSW_AW_INASZ(1.0),A,RT,D_GE4,0,G,EU15_NO,1996,1487,
dataflow,ESTAT:HSW_AW_INASZ(1.0),A,RT,D_GE4,0,G,EU15_NO,1997,1155,
dataflow,ESTAT:HSW_AW_INASZ(1.0),A,RT,D_GE4,0,G,EU15_NO,1998,1085,
dataflow,ESTAT:HSW_AW_INASZ(1.0),A,RT,D_GE4,0,G,EU15_NO,1999,937,
dataflow,ESTAT:HSW_AW_INASZ(1.0),A,RT,D_GE4,0,G,EU15_NO,2000,537,b
dataflow,ESTAT:HSW_AW_INASZ(1.0),A,RT,D_GE4,0,G,EU15_NO,2001,1263,
dataflow,ESTAT:HSW_AW_INASZ(1.0),A,RT,D_GE4,0,G,EU15_NO,2002,1047,
dataflow,ESTAT:HSW_AW_INASZ(1.0),A,RT,D_GE4,0,G,EU15_NO,2003,576,
dataflow,ESTAT:HSW_AW_INASZ(1.0),A,RT,D_GE4,0,G,EU15_NO,2004,272,
dataflow,ESTAT:HSW_AW_INASZ(1.0),A,RT,D_GE4,0,G,EU15_NO,2005,242,
dataflow,ESTAT:HSW_AW_INASZ(1.0),A,RT,D_GE4,0,G,EU15_NO,2006,230,
dataflow,ESTAT:HSW_AW_INASZ(1.0),A,RT,D_GE4,0,G,EU15_NO,2007,190,
dataflow,ESTAT:HSW_AW_INASZ(1.0),A,RT,D_GE4,0,H,EU15_NO,1996,1312,
dataflow,ESTAT:HSW_AW_INASZ(1.0),A,RT,D_GE4,0,H,EU15_NO,1997,783,
dataflow,ESTAT:HSW_AW_INASZ(1.0),A,RT,D_GE4,0,H,EU15_NO,1998,827,
dataflow,ESTAT:HSW_AW_INASZ(1.0),A,RT,D_GE4,0,H,EU15_NO,1999,768,
dataflow,ESTAT:HSW_AW_INASZ(1.0),A,RT,D_GE4,0,H,EU15_NO,2002,4083,
dataflow,ESTAT:HSW_AW_INASZ(1.0),A,RT,D_GE4,0,H,EU15_NO,2003,2078,
dataflow,ESTAT:HSW_AW_INASZ(1.0),A,RT,D_GE4,0,H,EU15_NO,2004,441,
dataflow,ESTAT:HSW_AW_INASZ(1.0),A,RT,D_GE4,0,H,EU15_NO,2005,970,
dataflow,ESTAT:HSW_AW_INASZ(1.0),A,RT,D_GE4,0,H,EU15_NO,2006,737,
dataflow,ESTAT:HSW_AW_INASZ(1.0),A,RT,D_GE4,0,H,EU15_NO,2007,673,
dataflow,ESTAT:HSW_AW_INASZ(1.0),A,RT,D_GE4,0,I,EU15_NO,1996,6760,
dataflow,ESTAT:HSW_AW_INASZ(1.0),A,RT,D_GE4,0,I,EU15_NO,1997,5680,
dataflow,ESTAT:HSW_AW_INASZ(1.0),A,RT,D_GE4,0,I,EU15_NO,1998,5160,
dataflow,ESTAT:HSW_AW_INASZ(1.0),A,RT,D_GE4,0,I,EU15_NO,1999,4514,
dataflow,ESTAT:HSW_AW_INASZ(1.0),A,RT,D_GE4,0,I,EU15_NO,2000,5167,b
dataflow,ESTAT:HSW_AW_INASZ(1.0),A,RT,D_GE4,0,I,EU15_NO,2001,9251,
dataflow,ESTAT:HSW_AW_INASZ(1.0),A,RT,D_GE4,0,I,EU15_NO,2002,5345,
dataflow,ESTAT:HSW_AW_INASZ(1.0),A,RT,D_GE4,0,I,EU15_NO,2003,3583,
dataflow,ESTAT:HSW_AW_INASZ(1.0),A,RT,D_GE4,0,I,EU15_NO,2004,1800,
dataflow,ESTAT:HSW_AW_INASZ(1.0),A,RT,D_GE4,0,I,EU15_NO,2005,1940,
dataflow,ESTAT:HSW_AW_INASZ(1.0),A,RT,D_GE4,0,I,EU15_NO,2006,1456,
dataflow,ESTAT:HSW_AW_INASZ(1.0),A,RT,D_GE4,0,I,EU15_NO,2007,1277,
dataflow,ESTAT:HSW_AW_INASZ(1.0),A,RT,D_GE4,0,J_K,EU15_NO,1996,647,
dataflow,ESTAT:HSW_AW_INASZ(1.0),A,RT,D_GE4,0,J_K,EU15_NO,1997,447,
dataflow,ESTAT:HSW_AW_INASZ(1.0),A,RT,D_GE4,0,J_K,EU15_NO,1998,426,
dataflow,ESTAT:HSW_AW_INASZ(1.0),A,RT,D_GE4,0,J_K,EU15_NO,1999,469,
dataflow,ESTAT:HSW_AW_INASZ(1.0),A,RT,D_GE4,0,J_K,EU15_NO,2000,446,b
dataflow,ESTAT:HSW_AW_INASZ(1.0),A,RT,D_GE4,0,J_K,EU15_NO,2001,1585,
dataflow,ESTAT:HSW_AW_INASZ(1.0),A,RT,D_GE4,0,J_K,EU15_NO,2002,1342,
dataflow,ESTAT:HSW_AW_INASZ(1.0),A,RT,D_GE4,0,J_K,EU15_NO,2003,747,
dataflow,ESTAT:HSW_AW_INASZ(1.0),A,RT,D_GE4,0,J_K,EU15_NO,2004,167,
dataflow,ESTAT:HSW_AW_INASZ(1.0),A,RT,D_GE4,0,J_K,EU15_NO,2005,151,
dataflow,ESTAT:HSW_AW_INASZ(1.0),A,RT,D_GE4,0,J_K,EU15_NO,2006,153,
dataflow,ESTAT:HSW_AW_INASZ(1.0),A,RT,D_GE4,0,J_K,EU15_NO,2007,122,
dataflow,ESTAT:HSW_AW_INASZ(1.0),A,RT,D_GE4,1-9,A,EU15_NO,2002,5968,
dataflow,ESTAT:HSW_AW_INASZ(1.0),A,RT,D_GE4,1-9,A,EU15_NO,2003,,p
dataflow,ESTAT:HSW_AW_INASZ(1.0),A,RT,D_GE4,1-9,A,EU15_NO,2004,,p
dataflow,ESTAT:HSW_AW_INASZ(1.0),A,RT,D_GE4,1-9,A_D-K,EU15_NO,1996,4241,
dataflow,ESTAT:HSW_AW_INASZ(1.0),A,RT,D_GE4,1-9,A_D-K,EU15_NO,1997,4094,
dataflow,ESTAT:HSW_AW_INASZ(1.0),A,RT,D_GE4,1-9,A_D-K,EU15_NO,1998,4079,
dataflow,ESTAT:HSW_AW_INASZ(1.0),A,RT,D_GE4,1-9,A_D-K,EU15_NO,1999,3886,
dataflow,ESTAT:HSW_AW_INASZ(1.0),A,RT,D_GE4,1-9,A_D-K,EU15_NO,2000,3615,b
dataflow,ESTAT:HSW_AW_INASZ(1.0),A,RT,D_GE4,1-9,A_D-K,EU15_NO,2001,3203,
dataflow,ESTAT:HSW_AW_INASZ(1.0),A,RT,D_GE4,1-9,A_D-K,EU15_NO,2002,2875,
dataflow,ESTAT:HSW_AW_INASZ(1.0),A,RT,D_GE4,1-9,A_D-K,EU15_NO,2003,2830,
dataflow,ESTAT:HSW_AW_INASZ(1.0),A,RT,D_GE4,1-9,A_D-K,EU15_NO,2004,2756,
dataflow,ESTAT:HSW_AW_INASZ(1.0),A,RT,D_GE4,1-9,A_D-K,EU15_NO,2005,2709,
dataflow,ESTAT:HSW_AW_INASZ(1.0),A,RT,D_GE4,1-9,A_D-K,EU15_NO,2006,2483,
dataflow,ESTAT:HSW_AW_INASZ(1.0),A,RT,D_GE4,1-9,A_D-K,EU15_NO,2007,2184,
dataflow,ESTAT:HSW_AW_INASZ(1.0),A,RT,D_GE4,1-9,D,EU15_NO,1996,6238,
dataflow,ESTAT:HSW_AW_INASZ(1.0),A,RT,D_GE4,1-9,D,EU15_NO,1997,5962,
dataflow,ESTAT:HSW_AW_INASZ(1.0),A,RT,D_GE4,1-9,D,EU15_NO,1998,5755,
dataflow,ESTAT:HSW_AW_INASZ(1.0),A,RT,D_GE4,1-9,D,EU15_NO,1999,7848,
dataflow,ESTAT:HSW_AW_INASZ(1.0),A,RT,D_GE4,1-9,D,EU15_NO,2000,4608,b
dataflow,ESTAT:HSW_AW_INASZ(1.0),A,RT,D_GE4,1-9,D,EU15_NO,2001,4313,
dataflow,ESTAT:HSW_AW_INASZ(1.0),A,RT,D_GE4,1-9,D,EU15_NO,2002,3698,
dataflow,ESTAT:HSW_AW_INASZ(1.0),A,RT,D_GE4,1-9,D,EU15_NO,2003,3732,
dataflow,ESTAT:HSW_AW_INASZ(1.0),A,RT,D_GE4,1-9,D,EU15_NO,2004,3658,
dataflow,ESTAT:HSW_AW_INASZ(1.0),A,RT,D_GE4,1-9,D,EU15_NO,2005,3377,
dataflow,ESTAT:HSW_AW_INASZ(1.0),A,RT,D_GE4,1-9,D,EU15_NO,2006,3037,
dataflow,ESTAT:HSW_AW_INASZ(1.0),A,RT,D_GE4,1-9,D,EU15_NO,2007,2829,
dataflow,ESTAT:HSW_AW_INASZ(1.0),A,RT,D_GE4,1-9,E,EU15_NO,1996,2809,
dataflow,ESTAT:HSW_AW_INASZ(1.0),A,RT,D_GE4,1-9,E,EU15_NO,1997,3355,
dataflow,ESTAT:HSW_AW_INASZ(1.0),A,RT,D_GE4,1-9,E,EU15_NO,1998,3448,
dataflow,ESTAT:HSW_AW_INASZ(1.0),A,RT,D_GE4,1-9,E,EU15_NO,1999,4658,
dataflow,ESTAT:HSW_AW_INASZ(1.0),A,RT,D_GE4,1-9,E,EU15_NO,2002,778,
dataflow,ESTAT:HSW_AW_INASZ(1.0),A,RT,D_GE4,1-9,E,EU15_NO,2003,906,
dataflow,ESTAT:HSW_AW_INASZ(1.0),A,RT,D_GE4,1-9,E,EU15_NO,2004,958,
dataflow,ESTAT:HSW_AW_INASZ(1.0),A,RT,D_GE4,1-9,E,EU15_NO,2005,1172,
dataflow,ESTAT:HSW_AW_INASZ(1.0),A,RT,D_GE4,1-9,E,EU15_NO,2006,1003,
dataflow,ESTAT:HSW_AW_INASZ(1.0),A,RT,D_GE4,1-9,E,EU15_NO,2007,1209,
dataflow,ESTAT:HSW_AW_INASZ(1.0),A,RT,D_GE4,1-9,F,EU15_NO,1996,9287,
dataflow,ESTAT:HSW_AW_INASZ(1.0),A,RT,D_GE4,1-9,F,EU15_NO,1997,9365,
dataflow,ESTAT:HSW_AW_INASZ(1.0),A,RT,D_GE4,1-9,F,EU15_NO,1998,9191,
dataflow,ESTAT:HSW_AW_INASZ(1.0),A,RT,D_GE4,1-9,F,EU15_NO,1999,8990,
dataflow,ESTAT:HSW_AW_INASZ(1.0),A,RT,D_GE4,1-9,F,EU15_NO,2000,7743,b
dataflow,ESTAT:HSW_AW_INASZ(1.0),A,RT,D_GE4,1-9,F,EU15_NO,2001,6709,
dataflow,ESTAT:HSW_AW_INASZ(1.0),A,RT,D_GE4,1-9,F,EU15_NO,2002,6331,
dataflow,ESTAT:HSW_AW_INASZ(1.0),A,RT,D_GE4,1-9,F,EU15_NO,2003,6313,
dataflow,ESTAT:HSW_AW_INASZ(1.0),A,RT,D_GE4,1-9,F,EU15_NO,2004,6190,
dataflow,ESTAT:HSW_AW_INASZ(1.0),A,RT,D_GE4,1-9,F,EU15_NO,2005,6404,
dataflow,ESTAT:HSW_AW_INASZ(1.0),A,RT,D_GE4,1-9,F,EU15_NO,2006,6274,
dataflow,ESTAT:HSW_AW_INASZ(1.0),A,RT,D_GE4,1-9,F,EU15_NO,2007,5215,
dataflow,ESTAT:HSW_AW_INASZ(1.0),A,RT,D_GE4,1-9,G,EU15_NO,1996,2249,
dataflow,ESTAT:HSW_AW_INASZ(1.0),A,RT,D_GE4,1-9,G,EU15_NO,1997,2231,
dataflow,ESTAT:HSW_AW_INASZ(1.0),A,RT,D_GE4,1-9,G,EU15_NO,1998,2273,
dataflow,ESTAT:HSW_AW_INASZ(1.0),A,RT,D_GE4,1-9,G,EU15_NO,1999,2247,
dataflow,ESTAT:HSW_AW_INASZ(1.0),A,RT,D_GE4,1-9,G,EU15_NO,2000,1866,b
dataflow,ESTAT:HSW_AW_INASZ(1.0),A,RT,D_GE4,1-9,G,EU15_NO,2001,1687,
dataflow,ESTAT:HSW_AW_INASZ(1.0),A,RT,D_GE4,1-9,G,EU15_NO,2002,1612,
dataflow,ESTAT:HSW_AW_INASZ(1.0),A,RT,D_GE4,1-9,G,EU15_NO,2003,1506,
dataflow,ESTAT:HSW_AW_INASZ(1.0),A,RT,D_GE4,1-9,G,EU15_NO,2004,1455,
dataflow,ESTAT:HSW_AW_INASZ(1.0),A,RT,D_GE4,1-9,G,EU15_NO,2005,1440,
dataflow,ESTAT:HSW_AW_INASZ(1.0),A,RT,D_GE4,1-9,G,EU15_NO,2006,1396,
dataflow,ESTAT:HSW_AW_INASZ(1.0),A,RT,D_GE4,1-9,G,EU15_NO,2007,1268,
dataflow,ESTAT:HSW_AW_INASZ(1.0),A,RT,D_GE4,1-9,H,EU15_NO,1996,3136,
dataflow,ESTAT:HSW_AW_INASZ(1.0),A,RT,D_GE4,1-9,H,EU15_NO,1997,3015,
dataflow,ESTAT:HSW_AW_INASZ(1.0),A,RT,D_GE4,1-9,H,EU15_NO,1998,3131,
dataflow,ESTAT:HSW_AW_INASZ(1.0),A,RT,D_GE4,1-9,H,EU15_NO,1999,3272,
dataflow,ESTAT:HSW_AW_INASZ(1.0),A,RT,D_GE4,1-9,H,EU15_NO,2002,1853,
dataflow,ESTAT:HSW_AW_INASZ(1.0),A,RT,D_GE4,1-9,H,EU15_NO,2003,1912,
dataflow,ESTAT:HSW_AW_INASZ(1.0),A,RT,D_GE4,1-9,H,EU15_NO,2004,1886,
dataflow,ESTAT:HSW_AW_INASZ(1.0),A,RT,D_GE4,1-9,H,EU15_NO,2005,2070,
dataflow,ESTAT:HSW_AW_INASZ(1.0),A,RT,D_GE4,1-9,H,EU15_NO,2006,2139,
dataflow,ESTAT:HSW_AW_INASZ(1.0),A,RT,D_GE4,1-9,H,EU15_NO,2007,1780,
dataflow,ESTAT:HSW_AW_INASZ(1.0),A,RT,D_GE4,1-9,I,EU15_NO,1996,6973,
dataflow,ESTAT:HSW_AW_INASZ(1.0),A,RT,D_GE4,1-9,I,EU15_NO,1997,7000,
dataflow,ESTAT:HSW_AW_INASZ(1.0),A,RT,D_GE4,1-9,I,EU15_NO,1998,7146,
dataflow,ESTAT:HSW_AW_INASZ(1.0),A,RT,D_GE4,1-9,I,EU15_NO,1999,5046,
dataflow,ESTAT:HSW_AW_INASZ(1.0),A,RT,D_GE4,1-9,I,EU15_NO,2000,5145,b
dataflow,ESTAT:HSW_AW_INASZ(1.0),A,RT,D_GE4,1-9,I,EU15_NO,2001,4622,
dataflow,ESTAT:HSW_AW_INASZ(1.0),A,RT,D_GE4,1-9,I,EU15_NO,2002,3423,
dataflow,ESTAT:HSW_AW_INASZ(1.0),A,RT,D_GE4,1-9,I,EU15_NO,2003,3166,
dataflow,ESTAT:HSW_AW_INASZ(1.0),A,RT,D_GE4,1-9,I,EU15_NO,2004,3154,
dataflow,ESTAT:HSW_AW_INASZ(1.0),A,RT,D_GE4,1-9,I,EU15_NO,2005,3254,
dataflow,ESTAT:HSW_AW_INASZ(1.0),A,RT,D_GE4,1-9,I,EU15_NO,2006,3194,
dataflow,ESTAT:HSW_AW_INASZ(1.0),A,RT,D_GE4,1-9,I,EU15_NO,2007,2913,
dataflow,ESTAT:HSW_AW_INASZ(1.0),A,RT,D_GE4,1-9,J_K,EU15_NO,1996,1020,
dataflow,ESTAT:HSW_AW_INASZ(1.0),A,RT,D_GE4,1-9,J_K,EU15_NO,1997,1029,
dataflow,ESTAT:HSW_AW_INASZ(1.0),A,RT,D_GE4,1-9,J_K,EU15_NO,1998,1064,
dataflow,ESTAT:HSW_AW_INASZ(1.0),A,RT,D_GE4,1-9,J_K,EU15_NO,1999,769,
dataflow,ESTAT:HSW_AW_INASZ(1.0),A,RT,D_GE4,1-9,J_K,EU15_NO,2000,897,b
dataflow,ESTAT:HSW_AW_INASZ(1.0),A,RT,D_GE4,1-9,J_K,EU15_NO,2001,855,
dataflow,ESTAT:HSW_AW_INASZ(1.0),A,RT,D_GE4,1-9,J_K,EU15_NO,2002,827,
dataflow,ESTAT:HSW_AW_INASZ(1.0),A,RT,D_GE4,1-9,J_K,EU15_NO,2003,875,
dataflow,ESTAT:HSW_AW_INASZ(1.0),A,RT,D_GE4,1-9,J_K,EU15_NO,2004,742,
dataflow,ESTAT:HSW_AW_INASZ(1.0),A,RT,D_GE4,1-9,J_K,EU15_NO,2005,722,
dataflow,ESTAT:HSW_AW_INASZ(1.0),A,RT,D_GE4,1-9,J_K,EU15_NO,2006,751,
dataflow,ESTAT:HSW_AW_INASZ(1.0),A,RT,D_GE4,1-9,J_K,EU15_NO,2007,658,
dataflow,ESTAT:HSW_AW_INASZ(1.0),A,RT,D_GE4,10-49,A,EU15_NO,2002,5697,
dataflow,ESTAT:HSW_AW_INASZ(1.0),A,RT,D_GE4,10-49,A,EU15_NO,2003,,p
dataflow,ESTAT:HSW_AW_INASZ(1.0),A,RT,D_GE4,10-49,A,EU15_NO,2004,,p
dataflow,ESTAT:HSW_AW_INASZ(1.0),A,RT,D_GE4,10-49,A_D-K,EU15_NO,1996,5195,
dataflow,ESTAT:HSW_AW_INASZ(1.0),A,RT,D_GE4,10-49,A_D-K,EU15_NO,1997,5098,
dataflow,ESTAT:HSW_AW_INASZ(1.0),A,RT,D_GE4,10-49,A_D-K,EU15_NO,1998,5175,
dataflow,ESTAT:HSW_AW_INASZ(1.0),A,RT,D_GE4,10-49,A_D-K,EU15_NO,1999,5218,
dataflow,ESTAT:HSW_AW_INASZ(1.0),A,RT,D_GE4,10-49,A_D-K,EU15_NO,2000,4686,b
dataflow,ESTAT:HSW_AW_INASZ(1.0),A,RT,D_GE4,10-49,A_D-K,EU15_NO,2001,4253,
dataflow,ESTAT:HSW_AW_INASZ(1.0),A,RT,D_GE4,10-49,A_D-K,EU15_NO,2002,4133,
dataflow,ESTAT:HSW_AW_INASZ(1.0),A,RT,D_GE4,10-49,A_D-K,EU15_NO,2003,4077,
dataflow,ESTAT:HSW_AW_INASZ(1.0),A,RT,D_GE4,10-49,A_D-K,EU15_NO,2004,4033,
dataflow,ESTAT:HSW_AW_INASZ(1.0),A,RT,D_GE4,10-49,A_D-K,EU15_NO,2005,3781,
dataflow,ESTAT:HSW_AW_INASZ(1.0),A,RT,D_GE4,10-49,A_D-K,EU15_NO,2006,3841,
dataflow,ESTAT:HSW_AW_INASZ(1.0),A,RT,D_GE4,10-49,A_D-K,EU15_NO,2007,3496,
dataflow,ESTAT:HSW_AW_INASZ(1.0),A,RT,D_GE4,10-49,D,EU15_NO,1996,5527,
dataflow,ESTAT:HSW_AW_INASZ(1.0),A,RT,D_GE4,10-49,D,EU15_NO,1997,5452,
dataflow,ESTAT:HSW_AW_INASZ(1.0),A,RT,D_GE4,10-49,D,EU15_NO,1998,5421,
dataflow,ESTAT:HSW_AW_INASZ(1.0),A,RT,D_GE4,10-49,D,EU15_NO,1999,5485,
dataflow,ESTAT:HSW_AW_INASZ(1.0),A,RT,D_GE4,10-49,D,EU15_NO,2000,5959,b
dataflow,ESTAT:HSW_AW_INASZ(1.0),A,RT,D_GE4,10-49,D,EU15_NO,2001,5607,
dataflow,ESTAT:HSW_AW_INASZ(1.0),A,RT,D_GE4,10-49,D,EU15_NO,2002,5309,
dataflow,ESTAT:HSW_AW_INASZ(1.0),A,RT,D_GE4,10-49,D,EU15_NO,2003,5171,
dataflow,ESTAT:HSW_AW_INASZ(1.0),A,RT,D_GE4,10-49,D,EU15_NO,2004,5133,
dataflow,ESTAT:HSW_AW_INASZ(1.0),A,RT,D_GE4,10-49,D,EU15_NO,2005,4651,
dataflow,ESTAT:HSW_AW_INASZ(1.0),A,RT,D_GE4,10-49,D,EU15_NO,2006,4520,
dataflow,ESTAT:HSW_AW_INASZ(1.0),A,RT,D_GE4,10-49,D,EU15_NO,2007,4216,
dataflow,ESTAT:HSW_AW_INASZ(1.0),A,RT,D_GE4,10-49,E,EU15_NO,1996,3990,
dataflow,ESTAT:HSW_AW_INASZ(1.0),A,RT,D_GE4,10-49,E,EU15_NO,1997,4515,
dataflow,ESTAT:HSW_AW_INASZ(1.0),A,RT,D_GE4,10-49,E,EU15_NO,1998,4414,
dataflow,ESTAT:HSW_AW_INASZ(1.0),A,RT,D_GE4,10-49,E,EU15_NO,1999,4067,
dataflow,ESTAT:HSW_AW_INASZ(1.0),A,RT,D_GE4,10-49,E,EU15_NO,2002,1532,
dataflow,ESTAT:HSW_AW_INASZ(1.0),A,RT,D_GE4,10-49,E,EU15_NO,2003,1683,
dataflow,ESTAT:HSW_AW_INASZ(1.0),A,RT,D_GE4,10-49,E,EU15_NO,2004,1750,
dataflow,ESTAT:HSW_AW_INASZ(1.0),A,RT,D_GE4,10-49,E,EU15_NO,2005,1753,
dataflow,ESTAT:HSW_AW_INASZ(1.0),A,RT,D_GE4,10-49,E,EU15_NO,2006,1714,
dataflow,ESTAT:HSW_AW_INASZ(1.0),A,RT,D_GE4,10-49,E,EU15_NO,2007,1913,
dataflow,ESTAT:HSW_AW_INASZ(1.0),A,RT,D_GE4,10-49,F,EU15_NO,1996,8951,
dataflow,ESTAT:HSW_AW_INASZ(1.0),A,RT,D_GE4,10-49,F,EU15_NO,1997,9058,
dataflow,ESTAT:HSW_AW_INASZ(1.0),A,RT,D_GE4,10-49,F,EU15_NO,1998,9409,
dataflow,ESTAT:HSW_AW_INASZ(1.0),A,RT,D_GE4,10-49,F,EU15_NO,1999,9496,
dataflow,ESTAT:HSW_AW_INASZ(1.0),A,RT,D_GE4,10-49,F,EU15_NO,2000,7868,b
dataflow,ESTAT:HSW_AW_INASZ(1.0),A,RT,D_GE4,10-49,F,EU15_NO,2001,7022,
dataflow,ESTAT:HSW_AW_INASZ(1.0),A,RT,D_GE4,10-49,F,EU15_NO,2002,7079,
dataflow,ESTAT:HSW_AW_INASZ(1.0),A,RT,D_GE4,10-49,F,EU15_NO,2003,7056,
dataflow,ESTAT:HSW_AW_INASZ(1.0),A,RT,D_GE4,10-49,F,EU15_NO,2004,7174,
dataflow,ESTAT:HSW_AW_INASZ(1.0),A,RT,D_GE4,10-49,F,EU15_NO,2005,6867,
dataflow,ESTAT:HSW_AW_INASZ(1.0),A,RT,D_GE4,10-49,F,EU15_NO,2006,7075,
dataflow,ESTAT:HSW_AW_INASZ(1.0),A,RT,D_GE4,10-49,F,EU15_NO,2007,5948,
dataflow,ESTAT:HSW_AW_INASZ(1.0),A,RT,D_GE4,10-49,G,EU15_NO,1996,3156,
dataflow,ESTAT:HSW_AW_INASZ(1.0),A,RT,D_GE4,10-49,G,EU15_NO,1997,3181,
dataflow,ESTAT:HSW_AW_INASZ(1.0),A,RT,D_GE4,10-49,G,EU15_NO,1998,3275,
dataflow,ESTAT:HSW_AW_INASZ(1.0),A,RT,D_GE4,10-49,G,EU15_NO,1999,3434,
dataflow,ESTAT:HSW_AW_INASZ(1.0),A,RT,D_GE4,10-49,G,EU15_NO,2000,3447,b
dataflow,ESTAT:HSW_AW_INASZ(1.0),A,RT,D_GE4,10-49,G,EU15_NO,2001,3134,
dataflow,ESTAT:HSW_AW_INASZ(1.0),A,RT,D_GE4,10-49,G,EU15_NO,2002,3314,
dataflow,ESTAT:HSW_AW_INASZ(1.0),A,RT,D_GE4,10-49,G,EU15_NO,2003,3188,
dataflow,ESTAT:HSW_AW_INASZ(1.0),A,RT,D_GE4,10-49,G,EU15_NO,2004,3063,
dataflow,ESTAT:HSW_AW_INASZ(1.0),A,RT,D_GE4,10-49,G,EU15_NO,2005,2975,
dataflow,ESTAT:HSW_AW_INASZ(1.0),A,RT,D_GE4,10-49,G,EU15_NO,2006,3023,
dataflow,ESTAT:HSW_AW_INASZ(1.0),A,RT,D_GE4,10-49,G,EU15_NO,2007,2823,
dataflow,ESTAT:HSW_AW_INASZ(1.0),A,RT,D_GE4,10-49,H,EU15_NO,1996,4754,
dataflow,ESTAT:HSW_AW_INASZ(1.0),A,RT,D_GE4,10-49,H,EU15_NO,1997,4632,
dataflow,ESTAT:HSW_AW_INASZ(1.0),A,RT,D_GE4,10-49,H,EU15_NO,1998,4901,
dataflow,ESTAT:HSW_AW_INASZ(1.0),A,RT,D_GE4,10-49,H,EU15_NO,1999,5359,
dataflow,ESTAT:HSW_AW_INASZ(1.0),A,RT,D_GE4,10-49,H,EU15_NO,2002,3856,
dataflow,ESTAT:HSW_AW_INASZ(1.0),A,RT,D_GE4,10-49,H,EU15_NO,2003,3880,
dataflow,ESTAT:HSW_AW_INASZ(1.0),A,RT,D_GE4,10-49,H,EU15_NO,2004,3803,
dataflow,ESTAT:HSW_AW_INASZ(1.0),A,RT,D_GE4,10-49,H,EU15_NO,2005,3655,
dataflow,ESTAT:HSW_AW_INASZ(1.0),A,RT,D_GE4,10-49,H,EU15_NO,2006,3716,
dataflow,ESTAT:HSW_AW_INASZ(1.0),A,RT,D_GE4,10-49,H,EU15_NO,2007,3441,
dataflow,ESTAT:HSW_AW_INASZ(1.0),A,RT,D_GE4,10-49,I,EU15_NO,1996,8447,
dataflow,ESTAT:HSW_AW_INASZ(1.0),A,RT,D_GE4,10-49,I,EU15_NO,1997,8320,
dataflow,ESTAT:HSW_AW_INASZ(1.0),A,RT,D_GE4,10-49,I,EU15_NO,1998,8402,
dataflow,ESTAT:HSW_AW_INASZ(1.0),A,RT,D_GE4,10-49,I,EU15_NO,1999,7464,
dataflow,ESTAT:HSW_AW_INASZ(1.0),A,RT,D_GE4,10-49,I,EU15_NO,2000,5278,b
dataflow,ESTAT:HSW_AW_INASZ(1.0),A,RT,D_GE4,10-49,I,EU15_NO,2001,4823,
dataflow,ESTAT:HSW_AW_INASZ(1.0),A,RT,D_GE4,10-49,I,EU15_NO,2002,4103,
dataflow,ESTAT:HSW_AW_INASZ(1.0),A,RT,D_GE4,10-49,I,EU15_NO,2003,3713,
dataflow,ESTAT:HSW_AW_INASZ(1.0),A,RT,D_GE4,10-49,I,EU15_NO,2004,3801,
dataflow,ESTAT:HSW_AW_INASZ(1.0),A,RT,D_GE4,10-49,I,EU15_NO,2005,3871,
dataflow,ESTAT:HSW_AW_INASZ(1.0),A,RT,D_GE4,10-49,I,EU15_NO,2006,3615,
dataflow,ESTAT:HSW_AW_INASZ(1.0),A,RT,D_GE4,10-49,I,EU15_NO,2007,3705,
dataflow,ESTAT:HSW_AW_INASZ(1.0),A,RT,D_GE4,10-49,J_K,EU15_NO,1996,1859,
dataflow,ESTAT:HSW_AW_INASZ(1.0),A,RT,D_GE4,10-49,J_K,EU15_NO,1997,1864,
dataflow,ESTAT:HSW_AW_INASZ(1.0),A,RT,D_GE4,10-49,J_K,EU15_NO,1998,1912,
dataflow,ESTAT:HSW_AW_INASZ(1.0),A,RT,D_GE4,10-49,J_K,EU15_NO,1999,1841,
dataflow,ESTAT:HSW_AW_INASZ(1.0),A,RT,D_GE4,10-49,J_K,EU15_NO,2000,1162,b
dataflow,ESTAT:HSW_AW_INASZ(1.0),A,RT,D_GE4,10-49,J_K,EU15_NO,2001,1094,
dataflow,ESTAT:HSW_AW_INASZ(1.0),A,RT,D_GE4,10-49,J_K,EU15_NO,2002,1231,
dataflow,ESTAT:HSW_AW_INASZ(1.0),A,RT,D_GE4,10-49,J_K,EU15_NO,2003,1308,
dataflow,ESTAT:HSW_AW_INASZ(1.0),A,RT,D_GE4,10-49,J_K,EU15_NO,2004,1213,
dataflow,ESTAT:HSW_AW_INASZ(1.0),A,RT,D_GE4,10-49,J_K,EU15_NO,2005,1006,
dataflow,ESTAT:HSW_AW_INASZ(1.0),A,RT,D_GE4,10-49,J_K,EU15_NO,2006,1044,
dataflow,ESTAT:HSW_AW_INASZ(1.0),A,RT,D_GE4,10-49,J_K,EU15_NO,2007,923,
dataflow,ESTAT:HSW_AW_INASZ(1.0),A,RT,D_GE4,250-499,A,EU15_NO,2002,118775,
dataflow,ESTAT:HSW_AW_INASZ(1.0),A,RT,D_GE4,250-499,A,EU15_NO,2003,,p
dataflow,ESTAT:HSW_AW_INASZ(1.0),A,RT,D_GE4,250-499,A,EU15_NO,2004,,p
dataflow,ESTAT:HSW_AW_INASZ(1.0),A,RT,D_GE4,250-499,A,EU15_NO,2007,123678,
dataflow,ESTAT:HSW_AW_INASZ(1.0),A,RT,D_GE4,250-499,A_D-K,EU15_NO,2000,4899,b
dataflow,ESTAT:HSW_AW_INASZ(1.0),A,RT,D_GE4,250-499,A_D-K,EU15_NO,2001,4334,
dataflow,ESTAT:HSW_AW_INASZ(1.0),A,RT,D_GE4,250-499,A_D-K,EU15_NO,2002,3940,
dataflow,ESTAT:HSW_AW_INASZ(1.0),A,RT,D_GE4,250-499,A_D-K,EU15_NO,2003,,p
dataflow,ESTAT:HSW_AW_INASZ(1.0),A,RT,D_GE4,250-499,A_D-K,EU15_NO,2004,,p
dataflow,ESTAT:HSW_AW_INASZ(1.0),A,RT,D_GE4,250-499,A_D-K,EU15_NO,2007,3469,
dataflow,ESTAT:HSW_AW_INASZ(1.0),A,RT,D_GE4,250-499,D,EU15_NO,2000,4174,b
dataflow,ESTAT:HSW_AW_INASZ(1.0),A,RT,D_GE4,250-499,D,EU15_NO,2001,3731,
dataflow,ESTAT:HSW_AW_INASZ(1.0),A,RT,D_GE4,250-499,D,EU15_NO,2002,3355,
dataflow,ESTAT:HSW_AW_INASZ(1.0),A,RT,D_GE4,250-499,D,EU15_NO,2003,,p
dataflow,ESTAT:HSW_AW_INASZ(1.0),A,RT,D_GE4,250-499,D,EU15_NO,2004,,p
dataflow,ESTAT:HSW_AW_INASZ(1.0),A,RT,D_GE4,250-499,D,EU15_NO,2007,3009,
dataflow,ESTAT:HSW_AW_INASZ(1.0),A,RT,D_GE4,250-499,E,EU15_NO,2002,1764,
dataflow,ESTAT:HSW_AW_INASZ(1.0),A,RT,D_GE4,250-499,E,EU15_NO,2003,,p
dataflow,ESTAT:HSW_AW_INASZ(1.0),A,RT,D_GE4,250-499,E,EU15_NO,2004,,p
dataflow,ESTAT:HSW_AW_INASZ(1.0),A,RT,D_GE4,250-499,E,EU15_NO,2007,2140,
dataflow,ESTAT:HSW_AW_INASZ(1.0),A,RT,D_GE4,250-499,F,EU15_NO,2000,7558,b
dataflow,ESTAT:HSW_AW_INASZ(1.0),A,RT,D_GE4,250-499,F,EU15_NO,2001,6117,
dataflow,ESTAT:HSW_AW_INASZ(1.0),A,RT,D_GE4,250-499,F,EU15_NO,2002,5448,
dataflow,ESTAT:HSW_AW_INASZ(1.0),A,RT,D_GE4,250-499,F,EU15_NO,2003,,p
dataflow,ESTAT:HSW_AW_INASZ(1.0),A,RT,D_GE4,250-499,F,EU15_NO,2004,,p
dataflow,ESTAT:HSW_AW_INASZ(1.0),A,RT,D_GE4,250-499,F,EU15_NO,2007,4626,
dataflow,ESTAT:HSW_AW_INASZ(1.0),A,RT,D_GE4,250-499,G,EU15_NO,2000,5771,b
dataflow,ESTAT:HSW_AW_INASZ(1.0),A,RT,D_GE4,250-499,G,EU15_NO,2001,5470,
dataflow,ESTAT:HSW_AW_INASZ(1.0),A,RT,D_GE4,250-499,G,EU15_NO,2002,5544,
dataflow,ESTAT:HSW_AW_INASZ(1.0),A,RT,D_GE4,250-499,G,EU15_NO,2003,,p
dataflow,ESTAT:HSW_AW_INASZ(1.0),A,RT,D_GE4,250-499,G,EU15_NO,2004,,p
dataflow,ESTAT:HSW_AW_INASZ(1.0),A,RT,D_GE4,250-499,G,EU15_NO,2007,4849,
dataflow,ESTAT:HSW_AW_INASZ(1.0),A,RT,D_GE4,250-499,H,EU15_NO,2002,10225,
dataflow,ESTAT:HSW_AW_INASZ(1.0),A,RT,D_GE4,250-499,H,EU15_NO,2003,,p
dataflow,ESTAT:HSW_AW_INASZ(1.0),A,RT,D_GE4,250-499,H,EU15_NO,2004,,p
dataflow,ESTAT:HSW_AW_INASZ(1.0),A,RT,D_GE4,250-499,H,EU15_NO,2007,8347,
dataflow,ESTAT:HSW_AW_INASZ(1.0),A,RT,D_GE4,250-499,I,EU15_NO,2000,6370,b
dataflow,ESTAT:HSW_AW_INASZ(1.0),A,RT,D_GE4,250-499,I,EU15_NO,2001,5531,
dataflow,ESTAT:HSW_AW_INASZ(1.0),A,RT,D_GE4,250-499,I,EU15_NO,2002,3962,
dataflow,ESTAT:HSW_AW_INASZ(1.0),A,RT,D_GE4,250-499,I,EU15_NO,2003,,p
dataflow,ESTAT:HSW_AW_INASZ(1.0),A,RT,D_GE4,250-499,I,EU15_NO,2004,,p
dataflow,ESTAT:HSW_AW_INASZ(1.0),A,RT,D_GE4,250-499,I,EU15_NO,2007,3826,
dataflow,ESTAT:HSW_AW_INASZ(1.0),A,RT,D_GE4,250-499,J_K,EU15_NO,2000,3715,b
dataflow,ESTAT:HSW_AW_INASZ(1.0),A,RT,D_GE4,250-499,J_K,EU15_NO,2001,3391,
dataflow,ESTAT:HSW_AW_INASZ(1.0),A,RT,D_GE4,250-499,J_K,EU15_NO,2002,3313,
dataflow,ESTAT:HSW_AW_INASZ(1.0),A,RT,D_GE4,250-499,J_K,EU15_NO,2003,,p
dataflow,ESTAT:HSW_AW_INASZ(1.0),A,RT,D_GE4,250-499,J_K,EU15_NO,2004,,p
dataflow,ESTAT:HSW_AW_INASZ(1.0),A,RT,D_GE4,250-499,J_K,EU15_NO,2007,2980,
dataflow,ESTAT:HSW_AW_INASZ(1.0),A,RT,D_GE4,50-249,A,EU15_NO,2002,19078,
dataflow,ESTAT:HSW_AW_INASZ(1.0),A,RT,D_GE4,50-249,A,EU15_NO,2003,,p
dataflow,ESTAT:HSW_AW_INASZ(1.0),A,RT,D_GE4,50-249,A,EU15_NO,2004,,p
dataflow,ESTAT:HSW_AW_INASZ(1.0),A,RT,D_GE4,50-249,A_D-K,EU15_NO,1996,4043,
dataflow,ESTAT:HSW_AW_INASZ(1.0),A,RT,D_GE4,50-249,A_D-K,EU15_NO,1997,4069,
dataflow,ESTAT:HSW_AW_INASZ(1.0),A,RT,D_GE4,50-249,A_D-K,EU15_NO,1998,4079,
dataflow,ESTAT:HSW_AW_INASZ(1.0),A,RT,D_GE4,50-249,A_D-K,EU15_NO,1999,4085,
dataflow,ESTAT:HSW_AW_INASZ(1.0),A,RT,D_GE4,50-249,A_D-K,EU15_NO,2000,5243,b
dataflow,ESTAT:HSW_AW_INASZ(1.0),A,RT,D_GE4,50-249,A_D-K,EU15_NO,2001,4747,
dataflow,ESTAT:HSW_AW_INASZ(1.0),A,RT,D_GE4,50-249,A_D-K,EU15_NO,2002,4581,
dataflow,ESTAT:HSW_AW_INASZ(1.0),A,RT,D_GE4,50-249,A_D-K,EU15_NO,2003,4503,
dataflow,ESTAT:HSW_AW_INASZ(1.0),A,RT,D_GE4,50-249,A_D-K,EU15_NO,2004,4315,
dataflow,ESTAT:HSW_AW_INASZ(1.0),A,RT,D_GE4,50-249,A_D-K,EU15_NO,2005,4096,
dataflow,ESTAT:HSW_AW_INASZ(1.0),A,RT,D_GE4,50-249,A_D-K,EU15_NO,2006,4223,
dataflow,ESTAT:HSW_AW_INASZ(1.0),A,RT,D_GE4,50-249,A_D-K,EU15_NO,2007,3573,
dataflow,ESTAT:HSW_AW_INASZ(1.0),A,RT,D_GE4,50-249,D,EU15_NO,1996,3961,
dataflow,ESTAT:HSW_AW_INASZ(1.0),A,RT,D_GE4,50-249,D,EU15_NO,1997,4061,
dataflow,ESTAT:HSW_AW_INASZ(1.0),A,RT,D_GE4,50-249,D,EU15_NO,1998,4015,
dataflow,ESTAT:HSW_AW_INASZ(1.0),A,RT,D_GE4,50-249,D,EU15_NO,1999,3716,
dataflow,ESTAT:HSW_AW_INASZ(1.0),A,RT,D_GE4,50-249,D,EU15_NO,2000,5042,b
dataflow,ESTAT:HSW_AW_INASZ(1.0),A,RT,D_GE4,50-249,D,EU15_NO,2001,4642,
dataflow,ESTAT:HSW_AW_INASZ(1.0),A,RT,D_GE4,50-249,D,EU15_NO,2002,4419,
dataflow,ESTAT:HSW_AW_INASZ(1.0),A,RT,D_GE4,50-249,D,EU15_NO,2003,4291,
dataflow,ESTAT:HSW_AW_INASZ(1.0),A,RT,D_GE4,50-249,D,EU15_NO,2004,4109,
dataflow,ESTAT:HSW_AW_INASZ(1.0),A,RT,D_GE4,50-249,D,EU15_NO,2005,4044,
dataflow,ESTAT:HSW_AW_INASZ(1.0),A,RT,D_GE4,50-249,D,EU15_NO,2006,4093,
dataflow,ESTAT:HSW_AW_INASZ(1.0),A,RT,D_GE4,50-249,D,EU15_NO,2007,3560,
dataflow,ESTAT:HSW_AW_INASZ(1.0),A,RT,D_GE4,50-249,E,EU15_NO,1996,1966,
dataflow,ESTAT:HSW_AW_INASZ(1.0),A,RT,D_GE4,50-249,E,EU15_NO,1997,2398,
dataflow,ESTAT:HSW_AW_INASZ(1.0),A,RT,D_GE4,50-249,E,EU15_NO,1998,2267,
dataflow,ESTAT:HSW_AW_INASZ(1.0),A,RT,D_GE4,50-249,E,EU15_NO,1999,2001,
dataflow,ESTAT:HSW_AW_INASZ(1.0),A,RT,D_GE4,50-249,E,EU15_NO,2002,2363,
dataflow,ESTAT:HSW_AW_INASZ(1.0),A,RT,D_GE4,50-249,E,EU15_NO,2003,2488,
dataflow,ESTAT:HSW_AW_INASZ(1.0),A,RT,D_GE4,50-249,E,EU15_NO,2004,2504,
dataflow,ESTAT:HSW_AW_INASZ(1.0),A,RT,D_GE4,50-249,E,EU15_NO,2005,2518,
dataflow,ESTAT:HSW_AW_INASZ(1.0),A,RT,D_GE4,50-249,E,EU15_NO,2006,2273,
dataflow,ESTAT:HSW_AW_INASZ(1.0),A,RT,D_GE4,50-249,E,EU15_NO,2007,2270,
dataflow,ESTAT:HSW_AW_INASZ(1.0),A,RT,D_GE4,50-249,F,EU15_NO,1996,5961,
dataflow,ESTAT:HSW_AW_INASZ(1.0),A,RT,D_GE4,50-249,F,EU15_NO,1997,6050,
dataflow,ESTAT:HSW_AW_INASZ(1.0),A,RT,D_GE4,50-249,F,EU15_NO,1998,6476,
dataflow,ESTAT:HSW_AW_INASZ(1.0),A,RT,D_GE4,50-249,F,EU15_NO,1999,6400,
dataflow,ESTAT:HSW_AW_INASZ(1.0),A,RT,D_GE4,50-249,F,EU15_NO,2000,8669,b
dataflow,ESTAT:HSW_AW_INASZ(1.0),A,RT,D_GE4,50-249,F,EU15_NO,2001,7729,
dataflow,ESTAT:HSW_AW_INASZ(1.0),A,RT,D_GE4,50-249,F,EU15_NO,2002,7902,
dataflow,ESTAT:HSW_AW_INASZ(1.0),A,RT,D_GE4,50-249,F,EU15_NO,2003,7770,
dataflow,ESTAT:HSW_AW_INASZ(1.0),A,RT,D_GE4,50-249,F,EU15_NO,2004,7747,
dataflow,ESTAT:HSW_AW_INASZ(1.0),A,RT,D_GE4,50-249,F,EU15_NO,2005,6814,
dataflow,ESTAT:HSW_AW_INASZ(1.0),A,RT,D_GE4,50-249,F,EU15_NO,2006,7031,
dataflow,ESTAT:HSW_AW_INASZ(1.0),A,RT,D_GE4,50-249,F,EU15_NO,2007,5290,
dataflow,ESTAT:HSW_AW_INASZ(1.0),A,RT,D_GE4,50-249,G,EU15_NO,1996,2657,
dataflow,ESTAT:HSW_AW_INASZ(1.0),A,RT,D_GE4,50-249,G,EU15_NO,1997,2708,
dataflow,ESTAT:HSW_AW_INASZ(1.0),A,RT,D_GE4,50-249,G,EU15_NO,1998,2776,
dataflow,ESTAT:HSW_AW_INASZ(1.0),A,RT,D_GE4,50-249,G,EU15_NO,1999,3116,
dataflow,ESTAT:HSW_AW_INASZ(1.0),A,RT,D_GE4,50-249,G,EU15_NO,2000,4052,b
dataflow,ESTAT:HSW_AW_INASZ(1.0),A,RT,D_GE4,50-249,G,EU15_NO,2001,3861,
dataflow,ESTAT:HSW_AW_INASZ(1.0),A,RT,D_GE4,50-249,G,EU15_NO,2002,4075,
dataflow,ESTAT:HSW_AW_INASZ(1.0),A,RT,D_GE4,50-249,G,EU15_NO,2003,4108,
dataflow,ESTAT:HSW_AW_INASZ(1.0),A,RT,D_GE4,50-249,G,EU15_NO,2004,3929,
dataflow,ESTAT:HSW_AW_INASZ(1.0),A,RT,D_GE4,50-249,G,EU15_NO,2005,3911,
dataflow,ESTAT:HSW_AW_INASZ(1.0),A,RT,D_GE4,50-249,G,EU15_NO,2006,3961,
dataflow,ESTAT:HSW_AW_INASZ(1.0),A,RT,D_GE4,50-249,G,EU15_NO,2007,3509,
dataflow,ESTAT:HSW_AW_INASZ(1.0),A,RT,D_GE4,50-249,H,EU15_NO,1996,4226,
dataflow,ESTAT:HSW_AW_INASZ(1.0),A,RT,D_GE4,50-249,H,EU15_NO,1997,4089,
dataflow,ESTAT:HSW_AW_INASZ(1.0),A,RT,D_GE4,50-249,H,EU15_NO,1998,4501,
dataflow,ESTAT:HSW_AW_INASZ(1.0),A,RT,D_GE4,50-249,H,EU15_NO,1999,5237,
dataflow,ESTAT:HSW_AW_INASZ(1.0),A,RT,D_GE4,50-249,H,EU15_NO,2002,5110,
dataflow,ESTAT:HSW_AW_INASZ(1.0),A,RT,D_GE4,50-249,H,EU15_NO,2003,5055,
dataflow,ESTAT:HSW_AW_INASZ(1.0),A,RT,D_GE4,50-249,H,EU15_NO,2004,4904,
dataflow,ESTAT:HSW_AW_INASZ(1.0),A,RT,D_GE4,50-249,H,EU15_NO,2005,4393,
dataflow,ESTAT:HSW_AW_INASZ(1.0),A,RT,D_GE4,50-249,H,EU15_NO,2006,4320,
dataflow,ESTAT:HSW_AW_INASZ(1.0),A,RT,D_GE4,50-249,H,EU15_NO,2007,3558,
dataflow,ESTAT:HSW_AW_INASZ(1.0),A,RT,D_GE4,50-249,I,EU15_NO,1996,6825,
dataflow,ESTAT:HSW_AW_INASZ(1.0),A,RT,D_GE4,50-249,I,EU15_NO,1997,7028,
dataflow,ESTAT:HSW_AW_INASZ(1.0),A,RT,D_GE4,50-249,I,EU15_NO,1998,6930,
dataflow,ESTAT:HSW_AW_INASZ(1.0),A,RT,D_GE4,50-249,I,EU15_NO,1999,7138,
dataflow,ESTAT:HSW_AW_INASZ(1.0),A,RT,D_GE4,50-249,I,EU15_NO,2000,5422,b
dataflow,ESTAT:HSW_AW_INASZ(1.0),A,RT,D_GE4,50-249,I,EU15_NO,2001,4664,
dataflow,ESTAT:HSW_AW_INASZ(1.0),A,RT,D_GE4,50-249,I,EU15_NO,2002,4009,
dataflow,ESTAT:HSW_AW_INASZ(1.0),A,RT,D_GE4,50-249,I,EU15_NO,2003,3847,
dataflow,ESTAT:HSW_AW_INASZ(1.0),A,RT,D_GE4,50-249,I,EU15_NO,2004,3796,
dataflow,ESTAT:HSW_AW_INASZ(1.0),A,RT,D_GE4,50-249,I,EU15_NO,2005,4055,
dataflow,ESTAT:HSW_AW_INASZ(1.0),A,RT,D_GE4,50-249,I,EU15_NO,2006,4041,
dataflow,ESTAT:HSW_AW_INASZ(1.0),A,RT,D_GE4,50-249,I,EU15_NO,2007,3616,
dataflow,ESTAT:HSW_AW_INASZ(1.0),A,RT,D_GE4,50-249,J_K,EU15_NO,1996,2684,
dataflow,ESTAT:HSW_AW_INASZ(1.0),A,RT,D_GE4,50-249,J_K,EU15_NO,1997,2625,
dataflow,ESTAT:HSW_AW_INASZ(1.0),A,RT,D_GE4,50-249,J_K,EU15_NO,1998,2629,
dataflow,ESTAT:HSW_AW_INASZ(1.0),A,RT,D_GE4,50-249,J_K,EU15_NO,1999,3003,
dataflow,ESTAT:HSW_AW_INASZ(1.0),A,RT,D_GE4,50-249,J_K,EU15_NO,2000,3549,b
dataflow,ESTAT:HSW_AW_INASZ(1.0),A,RT,D_GE4,50-249,J_K,EU15_NO,2001,3371,
dataflow,ESTAT:HSW_AW_INASZ(1.0),A,RT,D_GE4,50-249,J_K,EU15_NO,2002,3377,
dataflow,ESTAT:HSW_AW_INASZ(1.0),A,RT,D_GE4,50-249,J_K,EU15_NO,2003,3359,
dataflow,ESTAT:HSW_AW_INASZ(1.0),A,RT,D_GE4,50-249,J_K,EU15_NO,2004,3073,
dataflow,ESTAT:HSW_AW_INASZ(1.0),A,RT,D_GE4,50-249,J_K,EU15_NO,2005,2638,
dataflow,ESTAT:HSW_AW_INASZ(1.0),A,RT,D_GE4,50-249,J_K,EU15_NO,2006,2847,
dataflow,ESTAT:HSW_AW_INASZ(1.0),A,RT,D_GE4,50-249,J_K,EU15_NO,2007,2432,
dataflow,ESTAT:HSW_AW_INASZ(1.0),A,RT,D_GE4,GE250,A,EU15_NO,2002,18095,
dataflow,ESTAT:HSW_AW_INASZ(1.0),A,RT,D_GE4,GE250,A,EU15_NO,2003,,p
dataflow,ESTAT:HSW_AW_INASZ(1.0),A,RT,D_GE4,GE250,A,EU15_NO,2004,,p
dataflow,ESTAT:HSW_AW_INASZ(1.0),A,RT,D_GE4,GE250,A_D-K,EU15_NO,1996,2943,
dataflow,ESTAT:HSW_AW_INASZ(1.0),A,RT,D_GE4,GE250,A_D-K,EU15_NO,1997,3020,
dataflow,ESTAT:HSW_AW_INASZ(1.0),A,RT,D_GE4,GE250,A_D-K,EU15_NO,1998,2985,
dataflow,ESTAT:HSW_AW_INASZ(1.0),A,RT,D_GE4,GE250,A_D-K,EU15_NO,1999,3254,
dataflow,ESTAT:HSW_AW_INASZ(1.0),A,RT,D_GE4,GE250,A_D-K,EU15_NO,2000,4202,b
dataflow,ESTAT:HSW_AW_INASZ(1.0),A,RT,D_GE4,GE250,A_D-K,EU15_NO,2001,3630,
dataflow,ESTAT:HSW_AW_INASZ(1.0),A,RT,D_GE4,GE250,A_D-K,EU15_NO,2002,3271,
dataflow,ESTAT:HSW_AW_INASZ(1.0),A,RT,D_GE4,GE250,A_D-K,EU15_NO,2003,3080,
dataflow,ESTAT:HSW_AW_INASZ(1.0),A,RT,D_GE4,GE250,A_D-K,EU15_NO,2004,3088,
dataflow,ESTAT:HSW_AW_INASZ(1.0),A,RT,D_GE4,GE250,A_D-K,EU15_NO,2005,3393,
dataflow,ESTAT:HSW_AW_INASZ(1.0),A,RT,D_GE4,GE250,A_D-K,EU15_NO,2006,3559,
dataflow,ESTAT:HSW_AW_INASZ(1.0),A,RT,D_GE4,GE250,A_D-K,EU15_NO,2007,3216,
dataflow,ESTAT:HSW_AW_INASZ(1.0),A,RT,D_GE4,GE250,D,EU15_NO,1996,3552,
dataflow,ESTAT:HSW_AW_INASZ(1.0),A,RT,D_GE4,GE250,D,EU15_NO,1997,3679,
dataflow,ESTAT:HSW_AW_INASZ(1.0),A,RT,D_GE4,GE250,D,EU15_NO,1998,3557,
dataflow,ESTAT:HSW_AW_INASZ(1.0),A,RT,D_GE4,GE250,D,EU15_NO,1999,3342,
dataflow,ESTAT:HSW_AW_INASZ(1.0),A,RT,D_GE4,GE250,D,EU15_NO,2000,3079,b
dataflow,ESTAT:HSW_AW_INASZ(1.0),A,RT,D_GE4,GE250,D,EU15_NO,2001,2833,
dataflow,ESTAT:HSW_AW_INASZ(1.0),A,RT,D_GE4,GE250,D,EU15_NO,2002,2452,
dataflow,ESTAT:HSW_AW_INASZ(1.0),A,RT,D_GE4,GE250,D,EU15_NO,2003,2295,
dataflow,ESTAT:HSW_AW_INASZ(1.0),A,RT,D_GE4,GE250,D,EU15_NO,2004,2302,
dataflow,ESTAT:HSW_AW_INASZ(1.0),A,RT,D_GE4,GE250,D,EU15_NO,2005,2722,
dataflow,ESTAT:HSW_AW_INASZ(1.0),A,RT,D_GE4,GE250,D,EU15_NO,2006,2662,
dataflow,ESTAT:HSW_AW_INASZ(1.0),A,RT,D_GE4,GE250,D,EU15_NO,2007,2413,
dataflow,ESTAT:HSW_AW_INASZ(1.0),A,RT,D_GE4,GE250,E,EU15_NO,1996,1326,
dataflow,ESTAT:HSW_AW_INASZ(1.0),A,RT,D_GE4,GE250,E,EU15_NO,1997,1218,
dataflow,ESTAT:HSW_AW_INASZ(1.0),A,RT,D_GE4,GE250,E,EU15_NO,1998,1202,
dataflow,ESTAT:HSW_AW_INASZ(1.0),A,RT,D_GE4,GE250,E,EU15_NO,1999,1019,
dataflow,ESTAT:HSW_AW_INASZ(1.0),A,RT,D_GE4,GE250,E,EU15_NO,2002,2329,
dataflow,ESTAT:HSW_AW_INASZ(1.0),A,RT,D_GE4,GE250,E,EU15_NO,2003,2246,
dataflow,ESTAT:HSW_AW_INASZ(1.0),A,RT,D_GE4,GE250,E,EU15_NO,2004,2188,
dataflow,ESTAT:HSW_AW_INASZ(1.0),A,RT,D_GE4,GE250,E,EU15_NO,2005,2251,
dataflow,ESTAT:HSW_AW_INASZ(1.0),A,RT,D_GE4,GE250,E,EU15_NO,2006,1507,
dataflow,ESTAT:HSW_AW_INASZ(1.0),A,RT,D_GE4,GE250,E,EU15_NO,2007,1748,
dataflow,ESTAT:HSW_AW_INASZ(1.0),A,RT,D_GE4,GE250,F,EU15_NO,1996,5603,
dataflow,ESTAT:HSW_AW_INASZ(1.0),A,RT,D_GE4,GE250,F,EU15_NO,1997,5488,
dataflow,ESTAT:HSW_AW_INASZ(1.0),A,RT,D_GE4,GE250,F,EU15_NO,1998,5401,
dataflow,ESTAT:HSW_AW_INASZ(1.0),A,RT,D_GE4,GE250,F,EU15_NO,1999,5125,
dataflow,ESTAT:HSW_AW_INASZ(1.0),A,RT,D_GE4,GE250,F,EU15_NO,2000,6366,b
dataflow,ESTAT:HSW_AW_INASZ(1.0),A,RT,D_GE4,GE250,F,EU15_NO,2001,5005,
dataflow,ESTAT:HSW_AW_INASZ(1.0),A,RT,D_GE4,GE250,F,EU15_NO,2002,4570,
dataflow,ESTAT:HSW_AW_INASZ(1.0),A,RT,D_GE4,GE250,F,EU15_NO,2003,4232,
dataflow,ESTAT:HSW_AW_INASZ(1.0),A,RT,D_GE4,GE250,F,EU15_NO,2004,4124,
dataflow,ESTAT:HSW_AW_INASZ(1.0),A,RT,D_GE4,GE250,F,EU15_NO,2005,4708,
dataflow,ESTAT:HSW_AW_INASZ(1.0),A,RT,D_GE4,GE250,F,EU15_NO,2006,4833,
dataflow,ESTAT:HSW_AW_INASZ(1.0),A,RT,D_GE4,GE250,F,EU15_NO,2007,3924,
dataflow,ESTAT:HSW_AW_INASZ(1.0),A,RT,D_GE4,GE250,G,EU15_NO,1996,2155,
dataflow,ESTAT:HSW_AW_INASZ(1.0),A,RT,D_GE4,GE250,G,EU15_NO,1997,2152,
dataflow,ESTAT:HSW_AW_INASZ(1.0),A,RT,D_GE4,GE250,G,EU15_NO,1998,2296,
dataflow,ESTAT:HSW_AW_INASZ(1.0),A,RT,D_GE4,GE250,G,EU15_NO,1999,2315,
dataflow,ESTAT:HSW_AW_INASZ(1.0),A,RT,D_GE4,GE250,G,EU15_NO,2000,6037,b
dataflow,ESTAT:HSW_AW_INASZ(1.0),A,RT,D_GE4,GE250,G,EU15_NO,2001,5306,
dataflow,ESTAT:HSW_AW_INASZ(1.0),A,RT,D_GE4,GE250,G,EU15_NO,2002,5811,
dataflow,ESTAT:HSW_AW_INASZ(1.0),A,RT,D_GE4,GE250,G,EU15_NO,2003,5535,
dataflow,ESTAT:HSW_AW_INASZ(1.0),A,RT,D_GE4,GE250,G,EU15_NO,2004,5807,
dataflow,ESTAT:HSW_AW_INASZ(1.0),A,RT,D_GE4,GE250,G,EU15_NO,2005,6216,
dataflow,ESTAT:HSW_AW_INASZ(1.0),A,RT,D_GE4,GE250,G,EU15_NO,2006,6334,
dataflow,ESTAT:HSW_AW_INASZ(1.0),A,RT,D_GE4,GE250,G,EU15_NO,2007,6011,
dataflow,ESTAT:HSW_AW_INASZ(1.0),A,RT,D_GE4,GE250,H,EU15_NO,1996,3679,
dataflow,ESTAT:HSW_AW_INASZ(1.0),A,RT,D_GE4,GE250,H,EU15_NO,1997,3603,
dataflow,ESTAT:HSW_AW_INASZ(1.0),A,RT,D_GE4,GE250,H,EU15_NO,1998,4091,
dataflow,ESTAT:HSW_AW_INASZ(1.0),A,RT,D_GE4,GE250,H,EU15_NO,1999,3195,
dataflow,ESTAT:HSW_AW_INASZ(1.0),A,RT,D_GE4,GE250,H,EU15_NO,2002,24823,
dataflow,ESTAT:HSW_AW_INASZ(1.0),A,RT,D_GE4,GE250,H,EU15_NO,2003,27219,
dataflow,ESTAT:HSW_AW_INASZ(1.0),A,RT,D_GE4,GE250,H,EU15_NO,2004,25883,
dataflow,ESTAT:HSW_AW_INASZ(1.0),A,RT,D_GE4,GE250,H,EU15_NO,2005,17191,
dataflow,ESTAT:HSW_AW_INASZ(1.0),A,RT,D_GE4,GE250,H,EU15_NO,2006,19774,
dataflow,ESTAT:HSW_AW_INASZ(1.0),A,RT,D_GE4,GE250,H,EU15_NO,2007,16486,
dataflow,ESTAT:HSW_AW_INASZ(1.0),A,RT,D_GE4,GE250,I,EU15_NO,1996,3701,
dataflow,ESTAT:HSW_AW_INASZ(1.0),A,RT,D_GE4,GE250,I,EU15_NO,1997,3685,
dataflow,ESTAT:HSW_AW_INASZ(1.0),A,RT,D_GE4,GE250,I,EU15_NO,1998,3600,
dataflow,ESTAT:HSW_AW_INASZ(1.0),A,RT,D_GE4,GE250,I,EU15_NO,1999,4583,
dataflow,ESTAT:HSW_AW_INASZ(1.0),A,RT,D_GE4,GE250,I,EU15_NO,2000,6196,b
dataflow,ESTAT:HSW_AW_INASZ(1.0),A,RT,D_GE4,GE250,I,EU15_NO,2001,5254,
dataflow,ESTAT:HSW_AW_INASZ(1.0),A,RT,D_GE4,GE250,I,EU15_NO,2002,4169,
dataflow,ESTAT:HSW_AW_INASZ(1.0),A,RT,D_GE4,GE250,I,EU15_NO,2003,4096,
dataflow,ESTAT:HSW_AW_INASZ(1.0),A,RT,D_GE4,GE250,I,EU15_NO,2004,4475,
dataflow,ESTAT:HSW_AW_INASZ(1.0),A,RT,D_GE4,GE250,I,EU15_NO,2005,3996,
dataflow,ESTAT:HSW_AW_INASZ(1.0),A,RT,D_GE4,GE250,I,EU15_NO,2006,3897,
dataflow,ESTAT:HSW_AW_INASZ(1.0),A,RT,D_GE4,GE250,I,EU15_NO,2007,3726,
dataflow,ESTAT:HSW_AW_INASZ(1.0),A,RT,D_GE4,GE250,J_K,EU15_NO,1996,1383,
dataflow,ESTAT:HSW_AW_INASZ(1.0),A,RT,D_GE4,GE250,J_K,EU15_NO,1997,1597,
dataflow,ESTAT:HSW_AW_INASZ(1.0),A,RT,D_GE4,GE250,J_K,EU15_NO,1998,1632,
dataflow,ESTAT:HSW_AW_INASZ(1.0),A,RT,D_GE4,GE250,J_K,EU15_NO,1999,2893,
dataflow,ESTAT:HSW_AW_INASZ(1.0),A,RT,D_GE4,GE250,J_K,EU15_NO,2000,3393,b
dataflow,ESTAT:HSW_AW_INASZ(1.0),A,RT,D_GE4,GE250,J_K,EU15_NO,2001,2690,
dataflow,ESTAT:HSW_AW_INASZ(1.0),A,RT,D_GE4,GE250,J_K,EU15_NO,2002,2583,
dataflow,ESTAT:HSW_AW_INASZ(1.0),A,RT,D_GE4,GE250,J_K,EU15_NO,2003,2193,
dataflow,ESTAT:HSW_AW_INASZ(1.0),A,RT,D_GE4,GE250,J_K,EU15_NO,2004,1992,
dataflow,ESTAT:HSW_AW_INASZ(1.0),A,RT,D_GE4,GE250,J_K,EU15_NO,2005,2867,
dataflow,ESTAT:HSW_AW_INASZ(1.0),A,RT,D_GE4,GE250,J_K,EU15_NO,2006,3364,
dataflow,ESTAT:HSW_AW_INASZ(1.0),A,RT,D_GE4,GE250,J_K,EU15_NO,2007,3093,
dataflow,ESTAT:HSW_AW_INASZ(1.0),A,RT,D_GE4,GE500,A,EU15_NO,2002,9786,
dataflow,ESTAT:HSW_AW_INASZ(1.0),A,RT,D_GE4,GE500,A,EU15_NO,2003,,p
dataflow,ESTAT:HSW_AW_INASZ(1.0),A,RT,D_GE4,GE500,A,EU15_NO,2004,,p
dataflow,ESTAT:HSW_AW_INASZ(1.0),A,RT,D_GE4,GE500,A,EU15_NO,2007,20488,
dataflow,ESTAT:HSW_AW_INASZ(1.0),A,RT,D_GE4,GE500,A_D-K,EU15_NO,2000,3829,b
dataflow,ESTAT:HSW_AW_INASZ(1.0),A,RT,D_GE4,GE500,A_D-K,EU15_NO,2001,3253,
dataflow,ESTAT:HSW_AW_INASZ(1.0),A,RT,D_GE4,GE500,A_D-K,EU15_NO,2002,2913,
dataflow,ESTAT:HSW_AW_INASZ(1.0),A,RT,D_GE4,GE500,A_D-K,EU15_NO,2003,,p
dataflow,ESTAT:HSW_AW_INASZ(1.0),A,RT,D_GE4,GE500,A_D-K,EU15_NO,2004,,p
dataflow,ESTAT:HSW_AW_INASZ(1.0),A,RT,D_GE4,GE500,A_D-K,EU15_NO,2007,3307,
dataflow,ESTAT:HSW_AW_INASZ(1.0),A,RT,D_GE4,GE500,D,EU15_NO,2000,2488,b
dataflow,ESTAT:HSW_AW_INASZ(1.0),A,RT,D_GE4,GE500,D,EU15_NO,2001,2348,
dataflow,ESTAT:HSW_AW_INASZ(1.0),A,RT,D_GE4,GE500,D,EU15_NO,2002,1965,
dataflow,ESTAT:HSW_AW_INASZ(1.0),A,RT,D_GE4,GE500,D,EU15_NO,2003,,p
dataflow,ESTAT:HSW_AW_INASZ(1.0),A,RT,D_GE4,GE500,D,EU15_NO,2004,,p
dataflow,ESTAT:HSW_AW_INASZ(1.0),A,RT,D_GE4,GE500,D,EU15_NO,2007,2297,
dataflow,ESTAT:HSW_AW_INASZ(1.0),A,RT,D_GE4,GE500,E,EU15_NO,2002,2582,
dataflow,ESTAT:HSW_AW_INASZ(1.0),A,RT,D_GE4,GE500,E,EU15_NO,2003,,p
dataflow,ESTAT:HSW_AW_INASZ(1.0),A,RT,D_GE4,GE500,E,EU15_NO,2004,,p
dataflow,ESTAT:HSW_AW_INASZ(1.0),A,RT,D_GE4,GE500,E,EU15_NO,2007,1671,
dataflow,ESTAT:HSW_AW_INASZ(1.0),A,RT,D_GE4,GE500,F,EU15_NO,2000,5288,b
dataflow,ESTAT:HSW_AW_INASZ(1.0),A,RT,D_GE4,GE500,F,EU15_NO,2001,3997,
dataflow,ESTAT:HSW_AW_INASZ(1.0),A,RT,D_GE4,GE500,F,EU15_NO,2002,3775,
dataflow,ESTAT:HSW_AW_INASZ(1.0),A,RT,D_GE4,GE500,F,EU15_NO,2003,,p
dataflow,ESTAT:HSW_AW_INASZ(1.0),A,RT,D_GE4,GE500,F,EU15_NO,2004,,p
dataflow,ESTAT:HSW_AW_INASZ(1.0),A,RT,D_GE4,GE500,F,EU15_NO,2007,3674,
dataflow,ESTAT:HSW_AW_INASZ(1.0),A,RT,D_GE4,GE500,G,EU15_NO,2000,6232,b
dataflow,ESTAT:HSW_AW_INASZ(1.0),A,RT,D_GE4,GE500,G,EU15_NO,2001,5186,
dataflow,ESTAT:HSW_AW_INASZ(1.0),A,RT,D_GE4,GE500,G,EU15_NO,2002,6006,
dataflow,ESTAT:HSW_AW_INASZ(1.0),A,RT,D_GE4,GE500,G,EU15_NO,2003,,p
dataflow,ESTAT:HSW_AW_INASZ(1.0),A,RT,D_GE4,GE500,G,EU15_NO,2004,,p
dataflow,ESTAT:HSW_AW_INASZ(1.0),A,RT,D_GE4,GE500,G,EU15_NO,2007,7493,
dataflow,ESTAT:HSW_AW_INASZ(1.0),A,RT,D_GE4,GE500,H,EU15_NO,2002,75764,
dataflow,ESTAT:HSW_AW_INASZ(1.0),A,RT,D_GE4,GE500,H,EU15_NO,2003,,p
dataflow,ESTAT:HSW_AW_INASZ(1.0),A,RT,D_GE4,GE500,H,EU15_NO,2004,,p
dataflow,ESTAT:HSW_AW_INASZ(1.0),A,RT,D_GE4,GE500,H,EU15_NO,2007,48417,
dataflow,ESTAT:HSW_AW_INASZ(1.0),A,RT,D_GE4,GE500,I,EU15_NO,2000,6142,b
dataflow,ESTAT:HSW_AW_INASZ(1.0),A,RT,D_GE4,GE500,I,EU15_NO,2001,5170,
dataflow,ESTAT:HSW_AW_INASZ(1.0),A,RT,D_GE4,GE500,I,EU15_NO,2002,4232,
dataflow,ESTAT:HSW_AW_INASZ(1.0),A,RT,D_GE4,GE500,I,EU15_NO,2003,,p
dataflow,ESTAT:HSW_AW_INASZ(1.0),A,RT,D_GE4,GE500,I,EU15_NO,2004,,p
dataflow,ESTAT:HSW_AW_INASZ(1.0),A,RT,D_GE4,GE500,I,EU15_NO,2007,3789,
dataflow,ESTAT:HSW_AW_INASZ(1.0),A,RT,D_GE4,GE500,J_K,EU15_NO,2000,3201,b
dataflow,ESTAT:HSW_AW_INASZ(1.0),A,RT,D_GE4,GE500,J_K,EU15_NO,2001,2272,
dataflow,ESTAT:HSW_AW_INASZ(1.0),A,RT,D_GE4,GE500,J_K,EU15_NO,2002,2147,
dataflow,ESTAT:HSW_AW_INASZ(1.0),A,RT,D_GE4,GE500,J_K,EU15_NO,2003,,p
dataflow,ESTAT:HSW_AW_INASZ(1.0),A,RT,D_GE4,GE500,J_K,EU15_NO,2004,,p
dataflow,ESTAT:HSW_AW_INASZ(1.0),A,RT,D_GE4,GE500,J_K,EU15_NO,2007,3333,
dataflow,ESTAT:HSW_AW_INASZ(1.0),A,RT,D_GE4,TOTAL,A,EU15_NO,1996,6737,
dataflow,ESTAT:HSW_AW_INASZ(1.0),A,RT,D_GE4,TOTAL,A,EU15_NO,1997,6618,
dataflow,ESTAT:HSW_AW_INASZ(1.0),A,RT,D_GE4,TOTAL,A,EU15_NO,1998,6772,
dataflow,ESTAT:HSW_AW_INASZ(1.0),A,RT,D_GE4,TOTAL,A,EU15_NO,1999,7039,
dataflow,ESTAT:HSW_AW_INASZ(1.0),A,RT,D_GE4,TOTAL,A,EU15_NO,2000,6610,
dataflow,ESTAT:HSW_AW_INASZ(1.0),A,RT,D_GE4,TOTAL,A,EU15_NO,2001,6144,
dataflow,ESTAT:HSW_AW_INASZ(1.0),A,RT,D_GE4,TOTAL,A,EU15_NO,2002,5183,
dataflow,ESTAT:HSW_AW_INASZ(1.0),A,RT,D_GE4,TOTAL,A,EU15_NO,2003,5038,
dataflow,ESTAT:HSW_AW_INASZ(1.0),A,RT,D_GE4,TOTAL,A,EU15_NO,2004,5056,
dataflow,ESTAT:HSW_AW_INASZ(1.0),A,RT,D_GE4,TOTAL,A,EU15_NO,2005,4557,
dataflow,ESTAT:HSW_AW_INASZ(1.0),A,RT,D_GE4,TOTAL,A,EU15_NO,2006,4279,
dataflow,ESTAT:HSW_AW_INASZ(1.0),A,RT,D_GE4,TOTAL,A,EU15_NO,2007,3728,
dataflow,ESTAT:HSW_AW_INASZ(1.0),A,RT,D_GE4,TOTAL,A_D-K,EU15_NO,1996,4229,
dataflow,ESTAT:HSW_AW_INASZ(1.0),A,RT,D_GE4,TOTAL,A_D-K,EU15_NO,1997,4104,
dataflow,ESTAT:HSW_AW_INASZ(1.0),A,RT,D_GE4,TOTAL,A_D-K,EU15_NO,1998,4096,
dataflow,ESTAT:HSW_AW_INASZ(1.0),A,RT,D_GE4,TOTAL,A_D-K,EU15_NO,1999,4090,
dataflow,ESTAT:HSW_AW_INASZ(1.0),A,RT,D_GE4,TOTAL,A_D-K,EU15_NO,2000,4019,
dataflow,ESTAT:HSW_AW_INASZ(1.0),A,RT,D_GE4,TOTAL,A_D-K,EU15_NO,2001,3839,
dataflow,ESTAT:HSW_AW_INASZ(1.0),A,RT,D_GE4,TOTAL,A_D-K,EU15_NO,2002,3527,
dataflow,ESTAT:HSW_AW_INASZ(1.0),A,RT,D_GE4,TOTAL,A_D-K,EU15_NO,2003,3327,
dataflow,ESTAT:HSW_AW_INASZ(1.0),A,RT,D_GE4,TOTAL,A_D-K,EU15_NO,2004,3171,
dataflow,ESTAT:HSW_AW_INASZ(1.0),A,RT,D_GE4,TOTAL,A_D-K,EU15_NO,2005,3096,
dataflow,ESTAT:HSW_AW_INASZ(1.0),A,RT,D_GE4,TOTAL,A_D-K,EU15_NO,2006,3092,
dataflow,ESTAT:HSW_AW_INASZ(1.0),A,RT,D_GE4,TOTAL,A_D-K,EU15_NO,2007,2734,
dataflow,ESTAT:HSW_AW_INASZ(1.0),A,RT,D_GE4,TOTAL,D,EU15_NO,1996,4691,
dataflow,ESTAT:HSW_AW_INASZ(1.0),A,RT,D_GE4,TOTAL,D,EU15_NO,1997,4632,
dataflow,ESTAT:HSW_AW_INASZ(1.0),A,RT,D_GE4,TOTAL,D,EU15_NO,1998,4533,
dataflow,ESTAT:HSW_AW_INASZ(1.0),A,RT,D_GE4,TOTAL,D,EU15_NO,1999,4502,
dataflow,ESTAT:HSW_AW_INASZ(1.0),A,RT,D_GE4,TOTAL,D,EU15_NO,2000,4453,
dataflow,ESTAT:HSW_AW_INASZ(1.0),A,RT,D_GE4,TOTAL,D,EU15_NO,2001,4323,
dataflow,ESTAT:HSW_AW_INASZ(1.0),A,RT,D_GE4,TOTAL,D,EU15_NO,2002,3917,
dataflow,ESTAT:HSW_AW_INASZ(1.0),A,RT,D_GE4,TOTAL,D,EU15_NO,2003,3718,
dataflow,ESTAT:HSW_AW_INASZ(1.0),A,RT,D_GE4,TOTAL,D,EU15_NO,2004,3575,
dataflow,ESTAT:HSW_AW_INASZ(1.0),A,RT,D_GE4,TOTAL,D,EU15_NO,2005,3520,
dataflow,ESTAT:HSW_AW_INASZ(1.0),A,RT,D_GE4,TOTAL,D,EU15_NO,2006,3421,
dataflow,ESTAT:HSW_AW_INASZ(1.0),A,RT,D_GE4,TOTAL,D,EU15_NO,2007,3097,
dataflow,ESTAT:HSW_AW_INASZ(1.0),A,RT,D_GE4,TOTAL,E,EU15_NO,1996,1718,
dataflow,ESTAT:HSW_AW_INASZ(1.0),A,RT,D_GE4,TOTAL,E,EU15_NO,1997,1738,
dataflow,ESTAT:HSW_AW_INASZ(1.0),A,RT,D_GE4,TOTAL,E,EU15_NO,1998,1707,
dataflow,ESTAT:HSW_AW_INASZ(1.0),A,RT,D_GE4,TOTAL,E,EU15_NO,1999,1517,
dataflow,ESTAT:HSW_AW_INASZ(1.0),A,RT,D_GE4,TOTAL,E,EU15_NO,2000,1609,
dataflow,ESTAT:HSW_AW_INASZ(1.0),A,RT,D_GE4,TOTAL,E,EU15_NO,2001,1442,
dataflow,ESTAT:HSW_AW_INASZ(1.0),A,RT,D_GE4,TOTAL,E,EU15_NO,2002,1823,
dataflow,ESTAT:HSW_AW_INASZ(1.0),A,RT,D_GE4,TOTAL,E,EU15_NO,2003,1840,
dataflow,ESTAT:HSW_AW_INASZ(1.0),A,RT,D_GE4,TOTAL,E,EU15_NO,2004,1819,
dataflow,ESTAT:HSW_AW_INASZ(1.0),A,RT,D_GE4,TOTAL,E,EU15_NO,2005,1881,
dataflow,ESTAT:HSW_AW_INASZ(1.0),A,RT,D_GE4,TOTAL,E,EU15_NO,2006,1559,
dataflow,ESTAT:HSW_AW_INASZ(1.0),A,RT,D_GE4,TOTAL,E,EU15_NO,2007,1717,
dataflow,ESTAT:HSW_AW_INASZ(1.0),A,RT,D_GE4,TOTAL,F,EU15_NO,1996,8022,
dataflow,ESTAT:HSW_AW_INASZ(1.0),A,RT,D_GE4,TOTAL,F,EU15_NO,1997,7946,
dataflow,ESTAT:HSW_AW_INASZ(1.0),A,RT,D_GE4,TOTAL,F,EU15_NO,1998,8011,
dataflow,ESTAT:HSW_AW_INASZ(1.0),A,RT,D_GE4,TOTAL,F,EU15_NO,1999,7801,
dataflow,ESTAT:HSW_AW_INASZ(1.0),A,RT,D_GE4,TOTAL,F,EU15_NO,2000,7550,
dataflow,ESTAT:HSW_AW_INASZ(1.0),A,RT,D_GE4,TOTAL,F,EU15_NO,2001,7240,
dataflow,ESTAT:HSW_AW_INASZ(1.0),A,RT,D_GE4,TOTAL,F,EU15_NO,2002,6883,
dataflow,ESTAT:HSW_AW_INASZ(1.0),A,RT,D_GE4,TOTAL,F,EU15_NO,2003,6484,
dataflow,ESTAT:HSW_AW_INASZ(1.0),A,RT,D_GE4,TOTAL,F,EU15_NO,2004,6243,
dataflow,ESTAT:HSW_AW_INASZ(1.0),A,RT,D_GE4,TOTAL,F,EU15_NO,2005,6061,
dataflow,ESTAT:HSW_AW_INASZ(1.0),A,RT,D_GE4,TOTAL,F,EU15_NO,2006,6115,
dataflow,ESTAT:HSW_AW_INASZ(1.0),A,RT,D_GE4,TOTAL,F,EU15_NO,2007,5014,
dataflow,ESTAT:HSW_AW_INASZ(1.0),A,RT,D_GE4,TOTAL,G,EU15_NO,1996,2411,
dataflow,ESTAT:HSW_AW_INASZ(1.0),A,RT,D_GE4,TOTAL,G,EU15_NO,1997,2378,
dataflow,ESTAT:HSW_AW_INASZ(1.0),A,RT,D_GE4,TOTAL,G,EU15_NO,1998,2438,
dataflow,ESTAT:HSW_AW_INASZ(1.0),A,RT,D_GE4,TOTAL,G,EU15_NO,1999,2483,
dataflow,ESTAT:HSW_AW_INASZ(1.0),A,RT,D_GE4,TOTAL,G,EU15_NO,2000,2510,
dataflow,ESTAT:HSW_AW_INASZ(1.0),A,RT,D_GE4,TOTAL,G,EU15_NO,2001,2425,
dataflow,ESTAT:HSW_AW_INASZ(1.0),A,RT,D_GE4,TOTAL,G,EU15_NO,2002,2454,
dataflow,ESTAT:HSW_AW_INASZ(1.0),A,RT,D_GE4,TOTAL,G,EU15_NO,2003,2283,
dataflow,ESTAT:HSW_AW_INASZ(1.0),A,RT,D_GE4,TOTAL,G,EU15_NO,2004,2177,
dataflow,ESTAT:HSW_AW_INASZ(1.0),A,RT,D_GE4,TOTAL,G,EU15_NO,2005,2170,
dataflow,ESTAT:HSW_AW_INASZ(1.0),A,RT,D_GE4,TOTAL,G,EU15_NO,2006,2175,
dataflow,ESTAT:HSW_AW_INASZ(1.0),A,RT,D_GE4,TOTAL,G,EU15_NO,2007,1996,
dataflow,ESTAT:HSW_AW_INASZ(1.0),A,RT,D_GE4,TOTAL,H,EU15_NO,1996,3513,
dataflow,ESTAT:HSW_AW_INASZ(1.0),A,RT,D_GE4,TOTAL,H,EU15_NO,1997,3348,
dataflow,ESTAT:HSW_AW_INASZ(1.0),A,RT,D_GE4,TOTAL,H,EU15_NO,1998,3571,
dataflow,ESTAT:HSW_AW_INASZ(1.0),A,RT,D_GE4,TOTAL,H,EU15_NO,1999,3688,
dataflow,ESTAT:HSW_AW_INASZ(1.0),A,RT,D_GE4,TOTAL,H,EU15_NO,2000,3772,
dataflow,ESTAT:HSW_AW_INASZ(1.0),A,RT,D_GE4,TOTAL,H,EU15_NO,2001,3532,
dataflow,ESTAT:HSW_AW_INASZ(1.0),A,RT,D_GE4,TOTAL,H,EU15_NO,2002,3268,
dataflow,ESTAT:HSW_AW_INASZ(1.0),A,RT,D_GE4,TOTAL,H,EU15_NO,2003,3203,
dataflow,ESTAT:HSW_AW_INASZ(1.0),A,RT,D_GE4,TOTAL,H,EU15_NO,2004,3023,
dataflow,ESTAT:HSW_AW_INASZ(1.0),A,RT,D_GE4,TOTAL,H,EU15_NO,2005,2927,
dataflow,ESTAT:HSW_AW_INASZ(1.0),A,RT,D_GE4,TOTAL,H,EU15_NO,2006,2994,
dataflow,ESTAT:HSW_AW_INASZ(1.0),A,RT,D_GE4,TOTAL,H,EU15_NO,2007,2589,
dataflow,ESTAT:HSW_AW_INASZ(1.0),A,RT,D_GE4,TOTAL,I,EU15_NO,1996,6006,
dataflow,ESTAT:HSW_AW_INASZ(1.0),A,RT,D_GE4,TOTAL,I,EU15_NO,1997,5912,
dataflow,ESTAT:HSW_AW_INASZ(1.0),A,RT,D_GE4,TOTAL,I,EU15_NO,1998,5849,
dataflow,ESTAT:HSW_AW_INASZ(1.0),A,RT,D_GE4,TOTAL,I,EU15_NO,1999,5689,
dataflow,ESTAT:HSW_AW_INASZ(1.0),A,RT,D_GE4,TOTAL,I,EU15_NO,2000,5515,
dataflow,ESTAT:HSW_AW_INASZ(1.0),A,RT,D_GE4,TOTAL,I,EU15_NO,2001,5149,
dataflow,ESTAT:HSW_AW_INASZ(1.0),A,RT,D_GE4,TOTAL,I,EU15_NO,2002,4053,
dataflow,ESTAT:HSW_AW_INASZ(1.0),A,RT,D_GE4,TOTAL,I,EU15_NO,2003,3731,
dataflow,ESTAT:HSW_AW_INASZ(1.0),A,RT,D_GE4,TOTAL,I,EU15_NO,2004,3723,
dataflow,ESTAT:HSW_AW_INASZ(1.0),A,RT,D_GE4,TOTAL,I,EU15_NO,2005,3704,
dataflow,ESTAT:HSW_AW_INASZ(1.0),A,RT,D_GE4,TOTAL,I,EU15_NO,2006,3564,
dataflow,ESTAT:HSW_AW_INASZ(1.0),A,RT,D_GE4,TOTAL,I,EU15_NO,2007,3385,
dataflow,ESTAT:HSW_AW_INASZ(1.0),A,RT,D_GE4,TOTAL,J_K,EU15_NO,1996,1572,
dataflow,ESTAT:HSW_AW_INASZ(1.0),A,RT,D_GE4,TOTAL,J_K,EU15_NO,1997,1594,
dataflow,ESTAT:HSW_AW_INASZ(1.0),A,RT,D_GE4,TOTAL,J_K,EU15_NO,1998,1617,
dataflow,ESTAT:HSW_AW_INASZ(1.0),A,RT,D_GE4,TOTAL,J_K,EU15_NO,1999,1782,
dataflow,ESTAT:HSW_AW_INASZ(1.0),A,RT,D_GE4,TOTAL,J_K,EU15_NO,2000,1809,
dataflow,ESTAT:HSW_AW_INASZ(1.0),A,RT,D_GE4,TOTAL,J_K,EU15_NO,2001,1758,
dataflow,ESTAT:HSW_AW_INASZ(1.0),A,RT,D_GE4,TOTAL,J_K,EU15_NO,2002,1746,
dataflow,ESTAT:HSW_AW_INASZ(1.0),A,RT,D_GE4,TOTAL,J_K,EU15_NO,2003,1648,
dataflow,ESTAT:HSW_AW_INASZ(1.0),A,RT,D_GE4,TOTAL,J_K,EU15_NO,2004,1437,
dataflow,ESTAT:HSW_AW_INASZ(1.0),A,RT,D_GE4,TOTAL,J_K,EU15_NO,2005,1434,
dataflow,ESTAT:HSW_AW_INASZ(1.0),A,RT,D_GE4,TOTAL,J_K,EU15_NO,2006,1571,
dataflow,ESTAT:HSW_AW_INASZ(1.0),A,RT,D_GE4,TOTAL,J_K,EU15_NO,2007,1389,
dataflow,ESTAT:HSW_AW_INASZ(1.0),A,RT,FAT,0,A,EU15_NO,2002,5.8,
dataflow,ESTAT:HSW_AW_INASZ(1.0),A,RT,FAT,0,A,EU15_NO,2003,,p
dataflow,ESTAT:HSW_AW_INASZ(1.0),A,RT,FAT,0,A,EU15_NO,2004,,p
dataflow,ESTAT:HSW_AW_INASZ(1.0),A,RT,FAT,0,A_D-K,EU15_NO,1996,6.3,
dataflow,ESTAT:HSW_AW_INASZ(1.0),A,RT,FAT,0,A_D-K,EU15_NO,1997,4.3,
dataflow,ESTAT:HSW_AW_INASZ(1.0),A,RT,FAT,0,A_D-K,EU15_NO,1998,3.9,
dataflow,ESTAT:HSW_AW_INASZ(1.0),A,RT,FAT,0,A_D-K,EU15_NO,1999,3.6,
dataflow,ESTAT:HSW_AW_INASZ(1.0),A,RT,FAT,0,A_D-K,EU15_NO,2000,2.9,b
dataflow,ESTAT:HSW_AW_INASZ(1.0),A,RT,FAT,0,A_D-K,EU15_NO,2001,4,
dataflow,ESTAT:HSW_AW_INASZ(1.0),A,RT,FAT,0,A_D-K,EU15_NO,2002,3.4,
dataflow,ESTAT:HSW_AW_INASZ(1.0),A,RT,FAT,0,A_D-K,EU15_NO,2003,2.4,
dataflow,ESTAT:HSW_AW_INASZ(1.0),A,RT,FAT,0,A_D-K,EU15_NO,2004,2.6,
dataflow,ESTAT:HSW_AW_INASZ(1.0),A,RT,FAT,0,A_D-K,EU15_NO,2005,2.1,
dataflow,ESTAT:HSW_AW_INASZ(1.0),A,RT,FAT,0,A_D-K,EU15_NO,2006,2.4,
dataflow,ESTAT:HSW_AW_INASZ(1.0),A,RT,FAT,0,A_D-K,EU15_NO,2007,2,
dataflow,ESTAT:HSW_AW_INASZ(1.0),A,RT,FAT,0,D,EU15_NO,1996,12.5,
dataflow,ESTAT:HSW_AW_INASZ(1.0),A,RT,FAT,0,D,EU15_NO,1997,8.4,
dataflow,ESTAT:HSW_AW_INASZ(1.0),A,RT,FAT,0,D,EU15_NO,1998,6.3,
dataflow,ESTAT:HSW_AW_INASZ(1.0),A,RT,FAT,0,D,EU15_NO,1999,6.4,
dataflow,ESTAT:HSW_AW_INASZ(1.0),A,RT,FAT,0,D,EU15_NO,2000,3,b
dataflow,ESTAT:HSW_AW_INASZ(1.0),A,RT,FAT,0,D,EU15_NO,2001,5,
dataflow,ESTAT:HSW_AW_INASZ(1.0),A,RT,FAT,0,D,EU15_NO,2002,2.5,
dataflow,ESTAT:HSW_AW_INASZ(1.0),A,RT,FAT,0,D,EU15_NO,2003,2,
dataflow,ESTAT:HSW_AW_INASZ(1.0),A,RT,FAT,0,D,EU15_NO,2004,1.8,
dataflow,ESTAT:HSW_AW_INASZ(1.0),A,RT,FAT,0,D,EU15_NO,2005,1.8,
dataflow,ESTAT:HSW_AW_INASZ(1.0),A,RT,FAT,0,D,EU15_NO,2006,1.4,
dataflow,ESTAT:HSW_AW_INASZ(1.0),A,RT,FAT,0,D,EU15_NO,2007,1.3,
dataflow,ESTAT:HSW_AW_INASZ(1.0),A,RT,FAT,0,E,EU15_NO,1996,77.4,
dataflow,ESTAT:HSW_AW_INASZ(1.0),A,RT,FAT,0,E,EU15_NO,1997,16.7,
dataflow,ESTAT:HSW_AW_INASZ(1.0),A,RT,FAT,0,E,EU15_NO,1998,0.0,
dataflow,ESTAT:HSW_AW_INASZ(1.0),A,RT,FAT,0,E,EU15_NO,1999,0.0,
dataflow,ESTAT:HSW_AW_INASZ(1.0),A,RT,FAT,0,E,EU15_NO,2002,3.7,
dataflow,ESTAT:HSW_AW_INASZ(1.0),A,RT,FAT,0,E,EU15_NO,2003,,p
dataflow,ESTAT:HSW_AW_INASZ(1.0),A,RT,FAT,0,E,EU15_NO,2004,,p
dataflow,ESTAT:HSW_AW_INASZ(1.0),A,RT,FAT,0,F,EU15_NO,1996,12.5,
dataflow,ESTAT:HSW_AW_INASZ(1.0),A,RT,FAT,0,F,EU15_NO,1997,9.4,
dataflow,ESTAT:HSW_AW_INASZ(1.0),A,RT,FAT,0,F,EU15_NO,1998,9.2,
dataflow,ESTAT:HSW_AW_INASZ(1.0),A,RT,FAT,0,F,EU15_NO,1999,7.8,
dataflow,ESTAT:HSW_AW_INASZ(1.0),A,RT,FAT,0,F,EU15_NO,2000,8.3,b
dataflow,ESTAT:HSW_AW_INASZ(1.0),A,RT,FAT,0,F,EU15_NO,2001,11.3,
dataflow,ESTAT:HSW_AW_INASZ(1.0),A,RT,FAT,0,F,EU15_NO,2002,9.8,
dataflow,ESTAT:HSW_AW_INASZ(1.0),A,RT,FAT,0,F,EU15_NO,2003,8.6,
dataflow,ESTAT:HSW_AW_INASZ(1.0),A,RT,FAT,0,F,EU15_NO,2004,6.4,
dataflow,ESTAT:HSW_AW_INASZ(1.0),A,RT,FAT,0,F,EU15_NO,2005,4.7,
dataflow,ESTAT:HSW_AW_INASZ(1.0),A,RT,FAT,0,F,EU15_NO,2006,5.4,
dataflow,ESTAT:HSW_AW_INASZ(1.0),A,RT,FAT,0,F,EU15_NO,2007,4.2,
dataflow,ESTAT:HSW_AW_INASZ(1.0),A,RT,FAT,0,G,EU15_NO,1996,2.4,
dataflow,ESTAT:HSW_AW_INASZ(1.0),A,RT,FAT,0,G,EU15_NO,1997,1.3,
dataflow,ESTAT:HSW_AW_INASZ(1.0),A,RT,FAT,0,G,EU15_NO,1998,1.5,
dataflow,ESTAT:HSW_AW_INASZ(1.0),A,RT,FAT,0,G,EU15_NO,1999,1.3,
dataflow,ESTAT:HSW_AW_INASZ(1.0),A,RT,FAT,0,G,EU15_NO,2000,0.7,b
dataflow,ESTAT:HSW_AW_INASZ(1.0),A,RT,FAT,0,G,EU15_NO,2001,0.9,
dataflow,ESTAT:HSW_AW_INASZ(1.0),A,RT,FAT,0,G,EU15_NO,2002,1.1,
dataflow,ESTAT:HSW_AW_INASZ(1.0),A,RT,FAT,0,G,EU15_NO,2003,0.6,
dataflow,ESTAT:HSW_AW_INASZ(1.0),A,RT,FAT,0,G,EU15_NO,2004,0.5,
dataflow,ESTAT:HSW_AW_INASZ(1.0),A,RT,FAT,0,G,EU15_NO,2005,0.3,
dataflow,ESTAT:HSW_AW_INASZ(1.0),A,RT,FAT,0,G,EU15_NO,2006,0.5,
dataflow,ESTAT:HSW_AW_INASZ(1.0),A,RT,FAT,0,G,EU15_NO,2007,0.4,
dataflow,ESTAT:HSW_AW_INASZ(1.0),A,RT,FAT,0,H,EU15_NO,1996,1.3,
dataflow,ESTAT:HSW_AW_INASZ(1.0),A,RT,FAT,0,H,EU15_NO,1997,0.3,
dataflow,ESTAT:HSW_AW_INASZ(1.0),A,RT,FAT,0,H,EU15_NO,1998,0.2,
dataflow,ESTAT:HSW_AW_INASZ(1.0),A,RT,FAT,0,H,EU15_NO,1999,0.5,
dataflow,ESTAT:HSW_AW_INASZ(1.0),A,RT,FAT,0,H,EU15_NO,2002,2.2,
dataflow,ESTAT:HSW_AW_INASZ(1.0),A,RT,FAT,0,H,EU15_NO,2003,,p
dataflow,ESTAT:HSW_AW_INASZ(1.0),A,RT,FAT,0,H,EU15_NO,2004,2.9,
dataflow,ESTAT:HSW_AW_INASZ(1.0),A,RT,FAT,0,H,EU15_NO,2005,1.8,
dataflow,ESTAT:HSW_AW_INASZ(1.0),A,RT,FAT,0,H,EU15_NO,2006,1.6,
dataflow,ESTAT:HSW_AW_INASZ(1.0),A,RT,FAT,0,I,EU15_NO,1996,16.4,
dataflow,ESTAT:HSW_AW_INASZ(1.0),A,RT,FAT,0,I,EU15_NO,1997,12.6,
dataflow,ESTAT:HSW_AW_INASZ(1.0),A,RT,FAT,0,I,EU15_NO,1998,10.7,
dataflow,ESTAT:HSW_AW_INASZ(1.0),A,RT,FAT,0,I,EU15_NO,1999,10.4,
dataflow,ESTAT:HSW_AW_INASZ(1.0),A,RT,FAT,0,I,EU15_NO,2000,12,b
dataflow,ESTAT:HSW_AW_INASZ(1.0),A,RT,FAT,0,I,EU15_NO,2001,15.2,
dataflow,ESTAT:HSW_AW_INASZ(1.0),A,RT,FAT,0,I,EU15_NO,2002,12.1,
dataflow,ESTAT:HSW_AW_INASZ(1.0),A,RT,FAT,0,I,EU15_NO,2003,10.2,
dataflow,ESTAT:HSW_AW_INASZ(1.0),A,RT,FAT,0,I,EU15_NO,2004,5.9,
dataflow,ESTAT:HSW_AW_INASZ(1.0),A,RT,FAT,0,I,EU15_NO,2005,7.8,
dataflow,ESTAT:HSW_AW_INASZ(1.0),A,RT,FAT,0,I,EU15_NO,2006,6,
dataflow,ESTAT:HSW_AW_INASZ(1.0),A,RT,FAT,0,I,EU15_NO,2007,3,
dataflow,ESTAT:HSW_AW_INASZ(1.0),A,RT,FAT,0,J_K,EU15_NO,1996,1.0,
dataflow,ESTAT:HSW_AW_INASZ(1.0),A,RT,FAT,0,J_K,EU15_NO,1997,0.6,
dataflow,ESTAT:HSW_AW_INASZ(1.0),A,RT,FAT,0,J_K,EU15_NO,1998,0.5,
dataflow,ESTAT:HSW_AW_INASZ(1.0),A,RT,FAT,0,J_K,EU15_NO,1999,0.7,
dataflow,ESTAT:HSW_AW_INASZ(1.0),A,RT,FAT,0,J_K,EU15_NO,2000,0.5,b
dataflow,ESTAT:HSW_AW_INASZ(1.0),A,RT,FAT,0,J_K,EU15_NO,2001,0.8,
dataflow,ESTAT:HSW_AW_INASZ(1.0),A,RT,FAT,0,J_K,EU15_NO,2002,1.1,
dataflow,ESTAT:HSW_AW_INASZ(1.0),A,RT,FAT,0,J_K,EU15_NO,2003,0.7,
dataflow,ESTAT:HSW_AW_INASZ(1.0),A,RT,FAT,0,J_K,EU15_NO,2004,0.7,
dataflow,ESTAT:HSW_AW_INASZ(1.0),A,RT,FAT,0,J_K,EU15_NO,2005,0.5,
dataflow,ESTAT:HSW_AW_INASZ(1.0),A,RT,FAT,0,J_K,EU15_NO,2006,0.4,
dataflow,ESTAT:HSW_AW_INASZ(1.0),A,RT,FAT,0,J_K,EU15_NO,2007,0.2,
dataflow,ESTAT:HSW_AW_INASZ(1.0),A,RT,FAT,1-9,A,EU15_NO,2002,15.5,
dataflow,ESTAT:HSW_AW_INASZ(1.0),A,RT,FAT,1-9,A,EU15_NO,2003,,p
dataflow,ESTAT:HSW_AW_INASZ(1.0),A,RT,FAT,1-9,A,EU15_NO,2004,,p
dataflow,ESTAT:HSW_AW_INASZ(1.0),A,RT,FAT,1-9,A_D-K,EU15_NO,1996,6.8,
dataflow,ESTAT:HSW_AW_INASZ(1.0),A,RT,FAT,1-9,A_D-K,EU15_NO,1997,7.2,
dataflow,ESTAT:HSW_AW_INASZ(1.0),A,RT,FAT,1-9,A_D-K,EU15_NO,1998,7.4,
dataflow,ESTAT:HSW_AW_INASZ(1.0),A,RT,FAT,1-9,A_D-K,EU15_NO,1999,6.4,
dataflow,ESTAT:HSW_AW_INASZ(1.0),A,RT,FAT,1-9,A_D-K,EU15_NO,2000,6.1,b
dataflow,ESTAT:HSW_AW_INASZ(1.0),A,RT,FAT,1-9,A_D-K,EU15_NO,2001,5.4,
dataflow,ESTAT:HSW_AW_INASZ(1.0),A,RT,FAT,1-9,A_D-K,EU15_NO,2002,5.3,
dataflow,ESTAT:HSW_AW_INASZ(1.0),A,RT,FAT,1-9,A_D-K,EU15_NO,2003,5.4,
dataflow,ESTAT:HSW_AW_INASZ(1.0),A,RT,FAT,1-9,A_D-K,EU15_NO,2004,5.2,
dataflow,ESTAT:HSW_AW_INASZ(1.0),A,RT,FAT,1-9,A_D-K,EU15_NO,2005,4.5,
dataflow,ESTAT:HSW_AW_INASZ(1.0),A,RT,FAT,1-9,A_D-K,EU15_NO,2006,4.2,
dataflow,ESTAT:HSW_AW_INASZ(1.0),A,RT,FAT,1-9,A_D-K,EU15_NO,2007,3.6,
dataflow,ESTAT:HSW_AW_INASZ(1.0),A,RT,FAT,1-9,D,EU15_NO,1996,6.9,
dataflow,ESTAT:HSW_AW_INASZ(1.0),A,RT,FAT,1-9,D,EU15_NO,1997,7.7,
dataflow,ESTAT:HSW_AW_INASZ(1.0),A,RT,FAT,1-9,D,EU15_NO,1998,7.4,
dataflow,ESTAT:HSW_AW_INASZ(1.0),A,RT,FAT,1-9,D,EU15_NO,1999,8.5,
dataflow,ESTAT:HSW_AW_INASZ(1.0),A,RT,FAT,1-9,D,EU15_NO,2000,5,b
dataflow,ESTAT:HSW_AW_INASZ(1.0),A,RT,FAT,1-9,D,EU15_NO,2001,4.8,
dataflow,ESTAT:HSW_AW_INASZ(1.0),A,RT,FAT,1-9,D,EU15_NO,2002,4.6,
dataflow,ESTAT:HSW_AW_INASZ(1.0),A,RT,FAT,1-9,D,EU15_NO,2003,4.6,
dataflow,ESTAT:HSW_AW_INASZ(1.0),A,RT,FAT,1-9,D,EU15_NO,2004,4.5,
dataflow,ESTAT:HSW_AW_INASZ(1.0),A,RT,FAT,1-9,D,EU15_NO,2005,3.7,
dataflow,ESTAT:HSW_AW_INASZ(1.0),A,RT,FAT,1-9,D,EU15_NO,2006,4,
dataflow,ESTAT:HSW_AW_INASZ(1.0),A,RT,FAT,1-9,D,EU15_NO,2007,3.1,
dataflow,ESTAT:HSW_AW_INASZ(1.0),A,RT,FAT,1-9,E,EU15_NO,1996,14.7,
dataflow,ESTAT:HSW_AW_INASZ(1.0),A,RT,FAT,1-9,E,EU15_NO,1997,6.4,
dataflow,ESTAT:HSW_AW_INASZ(1.0),A,RT,FAT,1-9,E,EU15_NO,1998,6.0,
dataflow,ESTAT:HSW_AW_INASZ(1.0),A,RT,FAT,1-9,E,EU15_NO,1999,8.1,
dataflow,ESTAT:HSW_AW_INASZ(1.0),A,RT,FAT,1-9,E,EU15_NO,2002,3.4,
dataflow,ESTAT:HSW_AW_INASZ(1.0),A,RT,FAT,1-9,E,EU15_NO,2003,,p
dataflow,ESTAT:HSW_AW_INASZ(1.0),A,RT,FAT,1-9,E,EU15_NO,2004,,p
dataflow,ESTAT:HSW_AW_INASZ(1.0),A,RT,FAT,1-9,E,EU15_NO,2006,2.2,
dataflow,ESTAT:HSW_AW_INASZ(1.0),A,RT,FAT,1-9,E,EU15_NO,2007,3.7,
dataflow,ESTAT:HSW_AW_INASZ(1.0),A,RT,FAT,1-9,F,EU15_NO,1996,17.3,
dataflow,ESTAT:HSW_AW_INASZ(1.0),A,RT,FAT,1-9,F,EU15_NO,1997,16.6,
dataflow,ESTAT:HSW_AW_INASZ(1.0),A,RT,FAT,1-9,F,EU15_NO,1998,18.0,
dataflow,ESTAT:HSW_AW_INASZ(1.0),A,RT,FAT,1-9,F,EU15_NO,1999,14.8,
dataflow,ESTAT:HSW_AW_INASZ(1.0),A,RT,FAT,1-9,F,EU15_NO,2000,12.8,b
dataflow,ESTAT:HSW_AW_INASZ(1.0),A,RT,FAT,1-9,F,EU15_NO,2001,11.2,
dataflow,ESTAT:HSW_AW_INASZ(1.0),A,RT,FAT,1-9,F,EU15_NO,2002,11.4,
dataflow,ESTAT:HSW_AW_INASZ(1.0),A,RT,FAT,1-9,F,EU15_NO,2003,12.3,
dataflow,ESTAT:HSW_AW_INASZ(1.0),A,RT,FAT,1-9,F,EU15_NO,2004,10.9,
dataflow,ESTAT:HSW_AW_INASZ(1.0),A,RT,FAT,1-9,F,EU15_NO,2005,10.9,
dataflow,ESTAT:HSW_AW_INASZ(1.0),A,RT,FAT,1-9,F,EU15_NO,2006,10.9,
dataflow,ESTAT:HSW_AW_INASZ(1.0),A,RT,FAT,1-9,F,EU15_NO,2007,9.1,
dataflow,ESTAT:HSW_AW_INASZ(1.0),A,RT,FAT,1-9,G,EU15_NO,1996,2.8,
dataflow,ESTAT:HSW_AW_INASZ(1.0),A,RT,FAT,1-9,G,EU15_NO,1997,3.0,
dataflow,ESTAT:HSW_AW_INASZ(1.0),A,RT,FAT,1-9,G,EU15_NO,1998,3.3,
dataflow,ESTAT:HSW_AW_INASZ(1.0),A,RT,FAT,1-9,G,EU15_NO,1999,3.1,
dataflow,ESTAT:HSW_AW_INASZ(1.0),A,RT,FAT,1-9,G,EU15_NO,2000,2.4,b
dataflow,ESTAT:HSW_AW_INASZ(1.0),A,RT,FAT,1-9,G,EU15_NO,2001,1.8,
dataflow,ESTAT:HSW_AW_INASZ(1.0),A,RT,FAT,1-9,G,EU15_NO,2002,1.9,
dataflow,ESTAT:HSW_AW_INASZ(1.0),A,RT,FAT,1-9,G,EU15_NO,2003,1.8,
dataflow,ESTAT:HSW_AW_INASZ(1.0),A,RT,FAT,1-9,G,EU15_NO,2004,1.8,
dataflow,ESTAT:HSW_AW_INASZ(1.0),A,RT,FAT,1-9,G,EU15_NO,2005,1.4,
dataflow,ESTAT:HSW_AW_INASZ(1.0),A,RT,FAT,1-9,G,EU15_NO,2006,1.6,
dataflow,ESTAT:HSW_AW_INASZ(1.0),A,RT,FAT,1-9,G,EU15_NO,2007,1.1,
dataflow,ESTAT:HSW_AW_INASZ(1.0),A,RT,FAT,1-9,H,EU15_NO,1996,1.1,
dataflow,ESTAT:HSW_AW_INASZ(1.0),A,RT,FAT,1-9,H,EU15_NO,1997,1.3,
dataflow,ESTAT:HSW_AW_INASZ(1.0),A,RT,FAT,1-9,H,EU15_NO,1998,1.4,
dataflow,ESTAT:HSW_AW_INASZ(1.0),A,RT,FAT,1-9,H,EU15_NO,1999,1.8,
dataflow,ESTAT:HSW_AW_INASZ(1.0),A,RT,FAT,1-9,H,EU15_NO,2002,0.8,
dataflow,ESTAT:HSW_AW_INASZ(1.0),A,RT,FAT,1-9,H,EU15_NO,2003,1.2,
dataflow,ESTAT:HSW_AW_INASZ(1.0),A,RT,FAT,1-9,H,EU15_NO,2004,0.8,
dataflow,ESTAT:HSW_AW_INASZ(1.0),A,RT,FAT,1-9,H,EU15_NO,2005,1,
dataflow,ESTAT:HSW_AW_INASZ(1.0),A,RT,FAT,1-9,H,EU15_NO,2006,1,
dataflow,ESTAT:HSW_AW_INASZ(1.0),A,RT,FAT,1-9,H,EU15_NO,2007,1.1,
dataflow,ESTAT:HSW_AW_INASZ(1.0),A,RT,FAT,1-9,I,EU15_NO,1996,24.4,
dataflow,ESTAT:HSW_AW_INASZ(1.0),A,RT,FAT,1-9,I,EU15_NO,1997,28.9,
dataflow,ESTAT:HSW_AW_INASZ(1.0),A,RT,FAT,1-9,I,EU15_NO,1998,29.2,
dataflow,ESTAT:HSW_AW_INASZ(1.0),A,RT,FAT,1-9,I,EU15_NO,1999,22.0,
dataflow,ESTAT:HSW_AW_INASZ(1.0),A,RT,FAT,1-9,I,EU15_NO,2000,21,b
dataflow,ESTAT:HSW_AW_INASZ(1.0),A,RT,FAT,1-9,I,EU15_NO,2001,20.3,
dataflow,ESTAT:HSW_AW_INASZ(1.0),A,RT,FAT,1-9,I,EU15_NO,2002,18.3,
dataflow,ESTAT:HSW_AW_INASZ(1.0),A,RT,FAT,1-9,I,EU15_NO,2003,14.5,
dataflow,ESTAT:HSW_AW_INASZ(1.0),A,RT,FAT,1-9,I,EU15_NO,2004,15.3,
dataflow,ESTAT:HSW_AW_INASZ(1.0),A,RT,FAT,1-9,I,EU15_NO,2005,14.2,
dataflow,ESTAT:HSW_AW_INASZ(1.0),A,RT,FAT,1-9,I,EU15_NO,2006,13.5,
dataflow,ESTAT:HSW_AW_INASZ(1.0),A,RT,FAT,1-9,I,EU15_NO,2007,11.6,
dataflow,ESTAT:HSW_AW_INASZ(1.0),A,RT,FAT,1-9,J_K,EU15_NO,1996,1.3,
dataflow,ESTAT:HSW_AW_INASZ(1.0),A,RT,FAT,1-9,J_K,EU15_NO,1997,1.9,
dataflow,ESTAT:HSW_AW_INASZ(1.0),A,RT,FAT,1-9,J_K,EU15_NO,1998,1.7,
dataflow,ESTAT:HSW_AW_INASZ(1.0),A,RT,FAT,1-9,J_K,EU15_NO,1999,1.1,
dataflow,ESTAT:HSW_AW_INASZ(1.0),A,RT,FAT,1-9,J_K,EU15_NO,2000,1.5,b
dataflow,ESTAT:HSW_AW_INASZ(1.0),A,RT,FAT,1-9,J_K,EU15_NO,2001,1.2,
dataflow,ESTAT:HSW_AW_INASZ(1.0),A,RT,FAT,1-9,J_K,EU15_NO,2002,1.5,
dataflow,ESTAT:HSW_AW_INASZ(1.0),A,RT,FAT,1-9,J_K,EU15_NO,2003,1.4,
dataflow,ESTAT:HSW_AW_INASZ(1.0),A,RT,FAT,1-9,J_K,EU15_NO,2004,1.3,
dataflow,ESTAT:HSW_AW_INASZ(1.0),A,RT,FAT,1-9,J_K,EU15_NO,2005,1.3,
dataflow,ESTAT:HSW_AW_INASZ(1.0),A,RT,FAT,1-9,J_K,EU15_NO,2006,1.1,
dataflow,ESTAT:HSW_AW_INASZ(1.0),A,RT,FAT,1-9,J_K,EU15_NO,2007,0.8,
dataflow,ESTAT:HSW_AW_INASZ(1.0),A,RT,FAT,10-49,A,EU15_NO,2002,9.3,
dataflow,ESTAT:HSW_AW_INASZ(1.0),A,RT,FAT,10-49,A,EU15_NO,2003,,p
dataflow,ESTAT:HSW_AW_INASZ(1.0),A,RT,FAT,10-49,A,EU15_NO,2004,,p
dataflow,ESTAT:HSW_AW_INASZ(1.0),A,RT,FAT,10-49,A_D-K,EU15_NO,1996,6.3,
dataflow,ESTAT:HSW_AW_INASZ(1.0),A,RT,FAT,10-49,A_D-K,EU15_NO,1997,6.8,
dataflow,ESTAT:HSW_AW_INASZ(1.0),A,RT,FAT,10-49,A_D-K,EU15_NO,1998,6.1,
dataflow,ESTAT:HSW_AW_INASZ(1.0),A,RT,FAT,10-49,A_D-K,EU15_NO,1999,6.1,
dataflow,ESTAT:HSW_AW_INASZ(1.0),A,RT,FAT,10-49,A_D-K,EU15_NO,2000,5.4,b
dataflow,ESTAT:HSW_AW_INASZ(1.0),A,RT,FAT,10-49,A_D-K,EU15_NO,2001,4.5,
dataflow,ESTAT:HSW_AW_INASZ(1.0),A,RT,FAT,10-49,A_D-K,EU15_NO,2002,4.5,
dataflow,ESTAT:HSW_AW_INASZ(1.0),A,RT,FAT,10-49,A_D-K,EU15_NO,2003,4.6,
dataflow,ESTAT:HSW_AW_INASZ(1.0),A,RT,FAT,10-49,A_D-K,EU15_NO,2004,4.4,
dataflow,ESTAT:HSW_AW_INASZ(1.0),A,RT,FAT,10-49,A_D-K,EU15_NO,2005,4,
dataflow,ESTAT:HSW_AW_INASZ(1.0),A,RT,FAT,10-49,A_D-K,EU15_NO,2006,4,
dataflow,ESTAT:HSW_AW_INASZ(1.0),A,RT,FAT,10-49,A_D-K,EU15_NO,2007,3.3,
dataflow,ESTAT:HSW_AW_INASZ(1.0),A,RT,FAT,10-49,D,EU15_NO,1996,4.9,
dataflow,ESTAT:HSW_AW_INASZ(1.0),A,RT,FAT,10-49,D,EU15_NO,1997,5.7,
dataflow,ESTAT:HSW_AW_INASZ(1.0),A,RT,FAT,10-49,D,EU15_NO,1998,4.6,
dataflow,ESTAT:HSW_AW_INASZ(1.0),A,RT,FAT,10-49,D,EU15_NO,1999,4.6,
dataflow,ESTAT:HSW_AW_INASZ(1.0),A,RT,FAT,10-49,D,EU15_NO,2000,5,b
dataflow,ESTAT:HSW_AW_INASZ(1.0),A,RT,FAT,10-49,D,EU15_NO,2001,4,
dataflow,ESTAT:HSW_AW_INASZ(1.0),A,RT,FAT,10-49,D,EU15_NO,2002,3.9,
dataflow,ESTAT:HSW_AW_INASZ(1.0),A,RT,FAT,10-49,D,EU15_NO,2003,4.3,
dataflow,ESTAT:HSW_AW_INASZ(1.0),A,RT,FAT,10-49,D,EU15_NO,2004,4.2,
dataflow,ESTAT:HSW_AW_INASZ(1.0),A,RT,FAT,10-49,D,EU15_NO,2005,3.9,
dataflow,ESTAT:HSW_AW_INASZ(1.0),A,RT,FAT,10-49,D,EU15_NO,2006,3.4,
dataflow,ESTAT:HSW_AW_INASZ(1.0),A,RT,FAT,10-49,D,EU15_NO,2007,3,
dataflow,ESTAT:HSW_AW_INASZ(1.0),A,RT,FAT,10-49,E,EU15_NO,1996,5.6,
dataflow,ESTAT:HSW_AW_INASZ(1.0),A,RT,FAT,10-49,E,EU15_NO,1997,3.2,
dataflow,ESTAT:HSW_AW_INASZ(1.0),A,RT,FAT,10-49,E,EU15_NO,1998,3.0,
dataflow,ESTAT:HSW_AW_INASZ(1.0),A,RT,FAT,10-49,E,EU15_NO,1999,1.4,
dataflow,ESTAT:HSW_AW_INASZ(1.0),A,RT,FAT,10-49,E,EU15_NO,2002,1.4,
dataflow,ESTAT:HSW_AW_INASZ(1.0),A,RT,FAT,10-49,E,EU15_NO,2003,2,
dataflow,ESTAT:HSW_AW_INASZ(1.0),A,RT,FAT,10-49,E,EU15_NO,2004,2.1,
dataflow,ESTAT:HSW_AW_INASZ(1.0),A,RT,FAT,10-49,E,EU15_NO,2005,1.5,
dataflow,ESTAT:HSW_AW_INASZ(1.0),A,RT,FAT,10-49,F,EU15_NO,1996,13.6,
dataflow,ESTAT:HSW_AW_INASZ(1.0),A,RT,FAT,10-49,F,EU15_NO,1997,14.4,
dataflow,ESTAT:HSW_AW_INASZ(1.0),A,RT,FAT,10-49,F,EU15_NO,1998,13.1,
dataflow,ESTAT:HSW_AW_INASZ(1.0),A,RT,FAT,10-49,F,EU15_NO,1999,12.7,
dataflow,ESTAT:HSW_AW_INASZ(1.0),A,RT,FAT,10-49,F,EU15_NO,2000,11.8,b
dataflow,ESTAT:HSW_AW_INASZ(1.0),A,RT,FAT,10-49,F,EU15_NO,2001,9.5,
dataflow,ESTAT:HSW_AW_INASZ(1.0),A,RT,FAT,10-49,F,EU15_NO,2002,9.8,
dataflow,ESTAT:HSW_AW_INASZ(1.0),A,RT,FAT,10-49,F,EU15_NO,2003,10,
dataflow,ESTAT:HSW_AW_INASZ(1.0),A,RT,FAT,10-49,F,EU15_NO,2004,9.9,
dataflow,ESTAT:HSW_AW_INASZ(1.0),A,RT,FAT,10-49,F,EU15_NO,2005,8.5,
dataflow,ESTAT:HSW_AW_INASZ(1.0),A,RT,FAT,10-49,F,EU15_NO,2006,7.9,
dataflow,ESTAT:HSW_AW_INASZ(1.0),A,RT,FAT,10-49,F,EU15_NO,2007,7.1,
dataflow,ESTAT:HSW_AW_INASZ(1.0),A,RT,FAT,10-49,G,EU15_NO,1996,3.1,
dataflow,ESTAT:HSW_AW_INASZ(1.0),A,RT,FAT,10-49,G,EU15_NO,1997,3.4,
dataflow,ESTAT:HSW_AW_INASZ(1.0),A,RT,FAT,10-49,G,EU15_NO,1998,3.4,
dataflow,ESTAT:HSW_AW_INASZ(1.0),A,RT,FAT,10-49,G,EU15_NO,1999,2.7,
dataflow,ESTAT:HSW_AW_INASZ(1.0),A,RT,FAT,10-49,G,EU15_NO,2000,3,b
dataflow,ESTAT:HSW_AW_INASZ(1.0),A,RT,FAT,10-49,G,EU15_NO,2001,2.2,
dataflow,ESTAT:HSW_AW_INASZ(1.0),A,RT,FAT,10-49,G,EU15_NO,2002,2.5,
dataflow,ESTAT:HSW_AW_INASZ(1.0),A,RT,FAT,10-49,G,EU15_NO,2003,2.3,
dataflow,ESTAT:HSW_AW_INASZ(1.0),A,RT,FAT,10-49,G,EU15_NO,2004,2,
dataflow,ESTAT:HSW_AW_INASZ(1.0),A,RT,FAT,10-49,G,EU15_NO,2005,2,
dataflow,ESTAT:HSW_AW_INASZ(1.0),A,RT,FAT,10-49,G,EU15_NO,2006,2,
dataflow,ESTAT:HSW_AW_INASZ(1.0),A,RT,FAT,10-49,G,EU15_NO,2007,1.6,
dataflow,ESTAT:HSW_AW_INASZ(1.0),A,RT,FAT,10-49,H,EU15_NO,1996,1.3,
dataflow,ESTAT:HSW_AW_INASZ(1.0),A,RT,FAT,10-49,H,EU15_NO,1997,1.7,
dataflow,ESTAT:HSW_AW_INASZ(1.0),A,RT,FAT,10-49,H,EU15_NO,1998,1.5,
dataflow,ESTAT:HSW_AW_INASZ(1.0),A,RT,FAT,10-49,H,EU15_NO,1999,1.7,
dataflow,ESTAT:HSW_AW_INASZ(1.0),A,RT,FAT,10-49,H,EU15_NO,2002,0.5,
dataflow,ESTAT:HSW_AW_INASZ(1.0),A,RT,FAT,10-49,H,EU15_NO,2003,0.7,
dataflow,ESTAT:HSW_AW_INASZ(1.0),A,RT,FAT,10-49,H,EU15_NO,2004,0.7,
dataflow,ESTAT:HSW_AW_INASZ(1.0),A,RT,FAT,10-49,H,EU15_NO,2005,0.6,
dataflow,ESTAT:HSW_AW_INASZ(1.0),A,RT,FAT,10-49,H,EU15_NO,2006,0.5,
dataflow,ESTAT:HSW_AW_INASZ(1.0),A,RT,FAT,10-49,H,EU15_NO,2007,0.3,
dataflow,ESTAT:HSW_AW_INASZ(1.0),A,RT,FAT,10-49,I,EU15_NO,1996,17.8,
dataflow,ESTAT:HSW_AW_INASZ(1.0),A,RT,FAT,10-49,I,EU15_NO,1997,16.9,
dataflow,ESTAT:HSW_AW_INASZ(1.0),A,RT,FAT,10-49,I,EU15_NO,1998,16.7,
dataflow,ESTAT:HSW_AW_INASZ(1.0),A,RT,FAT,10-49,I,EU15_NO,1999,18.0,
dataflow,ESTAT:HSW_AW_INASZ(1.0),A,RT,FAT,10-49,I,EU15_NO,2000,11.9,b
dataflow,ESTAT:HSW_AW_INASZ(1.0),A,RT,FAT,10-49,I,EU15_NO,2001,11.3,
dataflow,ESTAT:HSW_AW_INASZ(1.0),A,RT,FAT,10-49,I,EU15_NO,2002,11.3,
dataflow,ESTAT:HSW_AW_INASZ(1.0),A,RT,FAT,10-49,I,EU15_NO,2003,10.9,
dataflow,ESTAT:HSW_AW_INASZ(1.0),A,RT,FAT,10-49,I,EU15_NO,2004,11.1,
dataflow,ESTAT:HSW_AW_INASZ(1.0),A,RT,FAT,10-49,I,EU15_NO,2005,9.3,
dataflow,ESTAT:HSW_AW_INASZ(1.0),A,RT,FAT,10-49,I,EU15_NO,2006,8.3,
dataflow,ESTAT:HSW_AW_INASZ(1.0),A,RT,FAT,10-49,I,EU15_NO,2007,7.9,
dataflow,ESTAT:HSW_AW_INASZ(1.0),A,RT,FAT,10-49,J_K,EU15_NO,1996,2.3,
dataflow,ESTAT:HSW_AW_INASZ(1.0),A,RT,FAT,10-49,J_K,EU15_NO,1997,2.4,
dataflow,ESTAT:HSW_AW_INASZ(1.0),A,RT,FAT,10-49,J_K,EU15_NO,1998,2.3,
dataflow,ESTAT:HSW_AW_INASZ(1.0),A,RT,FAT,10-49,J_K,EU15_NO,1999,2.3,
dataflow,ESTAT:HSW_AW_INASZ(1.0),A,RT,FAT,10-49,J_K,EU15_NO,2000,1.1,b
dataflow,ESTAT:HSW_AW_INASZ(1.0),A,RT,FAT,10-49,J_K,EU15_NO,2001,1,
dataflow,ESTAT:HSW_AW_INASZ(1.0),A,RT,FAT,10-49,J_K,EU15_NO,2002,1.3,
dataflow,ESTAT:HSW_AW_INASZ(1.0),A,RT,FAT,10-49,J_K,EU15_NO,2003,1.5,
dataflow,ESTAT:HSW_AW_INASZ(1.0),A,RT,FAT,10-49,J_K,EU15_NO,2004,1,
dataflow,ESTAT:HSW_AW_INASZ(1.0),A,RT,FAT,10-49,J_K,EU15_NO,2005,1.1,
dataflow,ESTAT:HSW_AW_INASZ(1.0),A,RT,FAT,10-49,J_K,EU15_NO,2006,1.2,
dataflow,ESTAT:HSW_AW_INASZ(1.0),A,RT,FAT,10-49,J_K,EU15_NO,2007,0.9,
dataflow,ESTAT:HSW_AW_INASZ(1.0),A,RT,FAT,250-499,A,EU15_NO,2002,59.2,
dataflow,ESTAT:HSW_AW_INASZ(1.0),A,RT,FAT,250-499,A,EU15_NO,2003,,p
dataflow,ESTAT:HSW_AW_INASZ(1.0),A,RT,FAT,250-499,A,EU15_NO,2004,,p
dataflow,ESTAT:HSW_AW_INASZ(1.0),A,RT,FAT,250-499,A,EU15_NO,2007,148.8,
dataflow,ESTAT:HSW_AW_INASZ(1.0),A,RT,FAT,250-499,A_D-K,EU15_NO,2000,3.1,b
dataflow,ESTAT:HSW_AW_INASZ(1.0),A,RT,FAT,250-499,A_D-K,EU15_NO,2001,3.2,
dataflow,ESTAT:HSW_AW_INASZ(1.0),A,RT,FAT,250-499,A_D-K,EU15_NO,2002,2.4,
dataflow,ESTAT:HSW_AW_INASZ(1.0),A,RT,FAT,250-499,A_D-K,EU15_NO,2003,,p
dataflow,ESTAT:HSW_AW_INASZ(1.0),A,RT,FAT,250-499,A_D-K,EU15_NO,2004,,p
dataflow,ESTAT:HSW_AW_INASZ(1.0),A,RT,FAT,250-499,A_D-K,EU15_NO,2007,2.5,
dataflow,ESTAT:HSW_AW_INASZ(1.0),A,RT,FAT,250-499,D,EU15_NO,2000,2.1,b
dataflow,ESTAT:HSW_AW_INASZ(1.0),A,RT,FAT,250-499,D,EU15_NO,2001,2.7,
dataflow,ESTAT:HSW_AW_INASZ(1.0),A,RT,FAT,250-499,D,EU15_NO,2002,2.3,
dataflow,ESTAT:HSW_AW_INASZ(1.0),A,RT,FAT,250-499,D,EU15_NO,2003,,p
dataflow,ESTAT:HSW_AW_INASZ(1.0),A,RT,FAT,250-499,D,EU15_NO,2004,,p
dataflow,ESTAT:HSW_AW_INASZ(1.0),A,RT,FAT,250-499,D,EU15_NO,2007,1.8,
dataflow,ESTAT:HSW_AW_INASZ(1.0),A,RT,FAT,250-499,E,EU15_NO,2002,3.5,
dataflow,ESTAT:HSW_AW_INASZ(1.0),A,RT,FAT,250-499,E,EU15_NO,2003,,p
dataflow,ESTAT:HSW_AW_INASZ(1.0),A,RT,FAT,250-499,E,EU15_NO,2004,,p
dataflow,ESTAT:HSW_AW_INASZ(1.0),A,RT,FAT,250-499,E,EU15_NO,2007,4,
dataflow,ESTAT:HSW_AW_INASZ(1.0),A,RT,FAT,250-499,F,EU15_NO,2000,12.9,b
dataflow,ESTAT:HSW_AW_INASZ(1.0),A,RT,FAT,250-499,F,EU15_NO,2001,14.1,
dataflow,ESTAT:HSW_AW_INASZ(1.0),A,RT,FAT,250-499,F,EU15_NO,2002,5.3,
dataflow,ESTAT:HSW_AW_INASZ(1.0),A,RT,FAT,250-499,F,EU15_NO,2003,,p
dataflow,ESTAT:HSW_AW_INASZ(1.0),A,RT,FAT,250-499,F,EU15_NO,2004,,p
dataflow,ESTAT:HSW_AW_INASZ(1.0),A,RT,FAT,250-499,F,EU15_NO,2007,9.3,
dataflow,ESTAT:HSW_AW_INASZ(1.0),A,RT,FAT,250-499,G,EU15_NO,2000,2.4,b
dataflow,ESTAT:HSW_AW_INASZ(1.0),A,RT,FAT,250-499,G,EU15_NO,2001,1.5,
dataflow,ESTAT:HSW_AW_INASZ(1.0),A,RT,FAT,250-499,G,EU15_NO,2002,1.6,
dataflow,ESTAT:HSW_AW_INASZ(1.0),A,RT,FAT,250-499,G,EU15_NO,2003,,p
dataflow,ESTAT:HSW_AW_INASZ(1.0),A,RT,FAT,250-499,G,EU15_NO,2004,,p
dataflow,ESTAT:HSW_AW_INASZ(1.0),A,RT,FAT,250-499,G,EU15_NO,2007,2.7,
dataflow,ESTAT:HSW_AW_INASZ(1.0),A,RT,FAT,250-499,H,EU15_NO,2002,2.5,
dataflow,ESTAT:HSW_AW_INASZ(1.0),A,RT,FAT,250-499,H,EU15_NO,2003,,p
dataflow,ESTAT:HSW_AW_INASZ(1.0),A,RT,FAT,250-499,H,EU15_NO,2004,,p
dataflow,ESTAT:HSW_AW_INASZ(1.0),A,RT,FAT,250-499,H,EU15_NO,2007,3.9,
dataflow,ESTAT:HSW_AW_INASZ(1.0),A,RT,FAT,250-499,I,EU15_NO,2000,6.3,b
dataflow,ESTAT:HSW_AW_INASZ(1.0),A,RT,FAT,250-499,I,EU15_NO,2001,5.1,
dataflow,ESTAT:HSW_AW_INASZ(1.0),A,RT,FAT,250-499,I,EU15_NO,2002,2.4,
dataflow,ESTAT:HSW_AW_INASZ(1.0),A,RT,FAT,250-499,I,EU15_NO,2003,,p
dataflow,ESTAT:HSW_AW_INASZ(1.0),A,RT,FAT,250-499,I,EU15_NO,2004,,p
dataflow,ESTAT:HSW_AW_INASZ(1.0),A,RT,FAT,250-499,I,EU15_NO,2007,3.6,
dataflow,ESTAT:HSW_AW_INASZ(1.0),A,RT,FAT,250-499,J_K,EU15_NO,2000,1.9,b
dataflow,ESTAT:HSW_AW_INASZ(1.0),A,RT,FAT,250-499,J_K,EU15_NO,2001,1.5,
dataflow,ESTAT:HSW_AW_INASZ(1.0),A,RT,FAT,250-499,J_K,EU15_NO,2002,1.7,
dataflow,ESTAT:HSW_AW_INASZ(1.0),A,RT,FAT,250-499,J_K,EU15_NO,2003,,p
dataflow,ESTAT:HSW_AW_INASZ(1.0),A,RT,FAT,250-499,J_K,EU15_NO,2004,,p
dataflow,ESTAT:HSW_AW_INASZ(1.0),A,RT,FAT,250-499,J_K,EU15_NO,2007,1.3,
dataflow,ESTAT:HSW_AW_INASZ(1.0),A,RT,FAT,50-249,A,EU15_NO,2002,17.4,
dataflow,ESTAT:HSW_AW_INASZ(1.0),A,RT,FAT,50-249,A,EU15_NO,2003,,p
dataflow,ESTAT:HSW_AW_INASZ(1.0),A,RT,FAT,50-249,A,EU15_NO,2004,,p
dataflow,ESTAT:HSW_AW_INASZ(1.0),A,RT,FAT,50-249,A_D-K,EU15_NO,1996,3.4,
dataflow,ESTAT:HSW_AW_INASZ(1.0),A,RT,FAT,50-249,A_D-K,EU15_NO,1997,3.5,
dataflow,ESTAT:HSW_AW_INASZ(1.0),A,RT,FAT,50-249,A_D-K,EU15_NO,1998,3.4,
dataflow,ESTAT:HSW_AW_INASZ(1.0),A,RT,FAT,50-249,A_D-K,EU15_NO,1999,3.1,
dataflow,ESTAT:HSW_AW_INASZ(1.0),A,RT,FAT,50-249,A_D-K,EU15_NO,2000,3.5,b
dataflow,ESTAT:HSW_AW_INASZ(1.0),A,RT,FAT,50-249,A_D-K,EU15_NO,2001,3.7,
dataflow,ESTAT:HSW_AW_INASZ(1.0),A,RT,FAT,50-249,A_D-K,EU15_NO,2002,3.7,
dataflow,ESTAT:HSW_AW_INASZ(1.0),A,RT,FAT,50-249,A_D-K,EU15_NO,2003,3.5,
dataflow,ESTAT:HSW_AW_INASZ(1.0),A,RT,FAT,50-249,A_D-K,EU15_NO,2004,3,
dataflow,ESTAT:HSW_AW_INASZ(1.0),A,RT,FAT,50-249,A_D-K,EU15_NO,2005,2.9,
dataflow,ESTAT:HSW_AW_INASZ(1.0),A,RT,FAT,50-249,A_D-K,EU15_NO,2006,3,
dataflow,ESTAT:HSW_AW_INASZ(1.0),A,RT,FAT,50-249,A_D-K,EU15_NO,2007,2.7,
dataflow,ESTAT:HSW_AW_INASZ(1.0),A,RT,FAT,50-249,D,EU15_NO,1996,2.4,
dataflow,ESTAT:HSW_AW_INASZ(1.0),A,RT,FAT,50-249,D,EU15_NO,1997,2.2,
dataflow,ESTAT:HSW_AW_INASZ(1.0),A,RT,FAT,50-249,D,EU15_NO,1998,2.4,
dataflow,ESTAT:HSW_AW_INASZ(1.0),A,RT,FAT,50-249,D,EU15_NO,1999,2.1,
dataflow,ESTAT:HSW_AW_INASZ(1.0),A,RT,FAT,50-249,D,EU15_NO,2000,2.5,b
dataflow,ESTAT:HSW_AW_INASZ(1.0),A,RT,FAT,50-249,D,EU15_NO,2001,2.4,
dataflow,ESTAT:HSW_AW_INASZ(1.0),A,RT,FAT,50-249,D,EU15_NO,2002,2.5,
dataflow,ESTAT:HSW_AW_INASZ(1.0),A,RT,FAT,50-249,D,EU15_NO,2003,2.5,
dataflow,ESTAT:HSW_AW_INASZ(1.0),A,RT,FAT,50-249,D,EU15_NO,2004,2.4,
dataflow,ESTAT:HSW_AW_INASZ(1.0),A,RT,FAT,50-249,D,EU15_NO,2005,2.3,
dataflow,ESTAT:HSW_AW_INASZ(1.0),A,RT,FAT,50-249,D,EU15_NO,2006,1.8,
dataflow,ESTAT:HSW_AW_INASZ(1.0),A,RT,FAT,50-249,D,EU15_NO,2007,2,
dataflow,ESTAT:HSW_AW_INASZ(1.0),A,RT,FAT,50-249,E,EU15_NO,1996,2.0,
dataflow,ESTAT:HSW_AW_INASZ(1.0),A,RT,FAT,50-249,E,EU15_NO,1997,2.9,
dataflow,ESTAT:HSW_AW_INASZ(1.0),A,RT,FAT,50-249,E,EU15_NO,1998,1.7,
dataflow,ESTAT:HSW_AW_INASZ(1.0),A,RT,FAT,50-249,E,EU15_NO,1999,1.4,
dataflow,ESTAT:HSW_AW_INASZ(1.0),A,RT,FAT,50-249,E,EU15_NO,2002,1.5,
dataflow,ESTAT:HSW_AW_INASZ(1.0),A,RT,FAT,50-249,E,EU15_NO,2003,4.7,
dataflow,ESTAT:HSW_AW_INASZ(1.0),A,RT,FAT,50-249,E,EU15_NO,2004,4.4,
dataflow,ESTAT:HSW_AW_INASZ(1.0),A,RT,FAT,50-249,E,EU15_NO,2005,2.5,
dataflow,ESTAT:HSW_AW_INASZ(1.0),A,RT,FAT,50-249,E,EU15_NO,2006,4.9,
dataflow,ESTAT:HSW_AW_INASZ(1.0),A,RT,FAT,50-249,E,EU15_NO,2007,2.2,
dataflow,ESTAT:HSW_AW_INASZ(1.0),A,RT,FAT,50-249,F,EU15_NO,1996,8.6,
dataflow,ESTAT:HSW_AW_INASZ(1.0),A,RT,FAT,50-249,F,EU15_NO,1997,10.1,
dataflow,ESTAT:HSW_AW_INASZ(1.0),A,RT,FAT,50-249,F,EU15_NO,1998,8.3,
dataflow,ESTAT:HSW_AW_INASZ(1.0),A,RT,FAT,50-249,F,EU15_NO,1999,7.8,
dataflow,ESTAT:HSW_AW_INASZ(1.0),A,RT,FAT,50-249,F,EU15_NO,2000,9,b
dataflow,ESTAT:HSW_AW_INASZ(1.0),A,RT,FAT,50-249,F,EU15_NO,2001,11.2,
dataflow,ESTAT:HSW_AW_INASZ(1.0),A,RT,FAT,50-249,F,EU15_NO,2002,11.7,
dataflow,ESTAT:HSW_AW_INASZ(1.0),A,RT,FAT,50-249,F,EU15_NO,2003,10.8,
dataflow,ESTAT:HSW_AW_INASZ(1.0),A,RT,FAT,50-249,F,EU15_NO,2004,9.2,
dataflow,ESTAT:HSW_AW_INASZ(1.0),A,RT,FAT,50-249,F,EU15_NO,2005,8.4,
dataflow,ESTAT:HSW_AW_INASZ(1.0),A,RT,FAT,50-249,F,EU15_NO,2006,9.5,
dataflow,ESTAT:HSW_AW_INASZ(1.0),A,RT,FAT,50-249,F,EU15_NO,2007,7.3,
dataflow,ESTAT:HSW_AW_INASZ(1.0),A,RT,FAT,50-249,G,EU15_NO,1996,1.9,
dataflow,ESTAT:HSW_AW_INASZ(1.0),A,RT,FAT,50-249,G,EU15_NO,1997,1.5,
dataflow,ESTAT:HSW_AW_INASZ(1.0),A,RT,FAT,50-249,G,EU15_NO,1998,1.6,
dataflow,ESTAT:HSW_AW_INASZ(1.0),A,RT,FAT,50-249,G,EU15_NO,1999,2.5,
dataflow,ESTAT:HSW_AW_INASZ(1.0),A,RT,FAT,50-249,G,EU15_NO,2000,1.6,b
dataflow,ESTAT:HSW_AW_INASZ(1.0),A,RT,FAT,50-249,G,EU15_NO,2001,2.1,
dataflow,ESTAT:HSW_AW_INASZ(1.0),A,RT,FAT,50-249,G,EU15_NO,2002,1.9,
dataflow,ESTAT:HSW_AW_INASZ(1.0),A,RT,FAT,50-249,G,EU15_NO,2003,1.8,
dataflow,ESTAT:HSW_AW_INASZ(1.0),A,RT,FAT,50-249,G,EU15_NO,2004,1.5,
dataflow,ESTAT:HSW_AW_INASZ(1.0),A,RT,FAT,50-249,G,EU15_NO,2005,1.4,
dataflow,ESTAT:HSW_AW_INASZ(1.0),A,RT,FAT,50-249,G,EU15_NO,2006,1.5,
dataflow,ESTAT:HSW_AW_INASZ(1.0),A,RT,FAT,50-249,G,EU15_NO,2007,1.2,
dataflow,ESTAT:HSW_AW_INASZ(1.0),A,RT,FAT,50-249,H,EU15_NO,1996,0.9,
dataflow,ESTAT:HSW_AW_INASZ(1.0),A,RT,FAT,50-249,H,EU15_NO,1997,1.1,
dataflow,ESTAT:HSW_AW_INASZ(1.0),A,RT,FAT,50-249,H,EU15_NO,1998,1.0,
dataflow,ESTAT:HSW_AW_INASZ(1.0),A,RT,FAT,50-249,H,EU15_NO,1999,1.3,
dataflow,ESTAT:HSW_AW_INASZ(1.0),A,RT,FAT,50-249,H,EU15_NO,2002,0.5,
dataflow,ESTAT:HSW_AW_INASZ(1.0),A,RT,FAT,50-249,H,EU15_NO,2003,,p
dataflow,ESTAT:HSW_AW_INASZ(1.0),A,RT,FAT,50-249,H,EU15_NO,2004,,p
dataflow,ESTAT:HSW_AW_INASZ(1.0),A,RT,FAT,50-249,I,EU15_NO,1996,9.4,
dataflow,ESTAT:HSW_AW_INASZ(1.0),A,RT,FAT,50-249,I,EU15_NO,1997,9.7,
dataflow,ESTAT:HSW_AW_INASZ(1.0),A,RT,FAT,50-249,I,EU15_NO,1998,10.2,
dataflow,ESTAT:HSW_AW_INASZ(1.0),A,RT,FAT,50-249,I,EU15_NO,1999,6.4,
dataflow,ESTAT:HSW_AW_INASZ(1.0),A,RT,FAT,50-249,I,EU15_NO,2000,7,b
dataflow,ESTAT:HSW_AW_INASZ(1.0),A,RT,FAT,50-249,I,EU15_NO,2001,6.5,
dataflow,ESTAT:HSW_AW_INASZ(1.0),A,RT,FAT,50-249,I,EU15_NO,2002,6.6,
dataflow,ESTAT:HSW_AW_INASZ(1.0),A,RT,FAT,50-249,I,EU15_NO,2003,5.5,
dataflow,ESTAT:HSW_AW_INASZ(1.0),A,RT,FAT,50-249,I,EU15_NO,2004,5.3,
dataflow,ESTAT:HSW_AW_INASZ(1.0),A,RT,FAT,50-249,I,EU15_NO,2005,5.5,
dataflow,ESTAT:HSW_AW_INASZ(1.0),A,RT,FAT,50-249,I,EU15_NO,2006,5.3,
dataflow,ESTAT:HSW_AW_INASZ(1.0),A,RT,FAT,50-249,I,EU15_NO,2007,5.3,
dataflow,ESTAT:HSW_AW_INASZ(1.0),A,RT,FAT,50-249,J_K,EU15_NO,1996,1.7,
dataflow,ESTAT:HSW_AW_INASZ(1.0),A,RT,FAT,50-249,J_K,EU15_NO,1997,2.1,
dataflow,ESTAT:HSW_AW_INASZ(1.0),A,RT,FAT,50-249,J_K,EU15_NO,1998,2.2,
dataflow,ESTAT:HSW_AW_INASZ(1.0),A,RT,FAT,50-249,J_K,EU15_NO,1999,2.0,
dataflow,ESTAT:HSW_AW_INASZ(1.0),A,RT,FAT,50-249,J_K,EU15_NO,2000,1.9,b
dataflow,ESTAT:HSW_AW_INASZ(1.0),A,RT,FAT,50-249,J_K,EU15_NO,2001,2.6,
dataflow,ESTAT:HSW_AW_INASZ(1.0),A,RT,FAT,50-249,J_K,EU15_NO,2002,2.6,
dataflow,ESTAT:HSW_AW_INASZ(1.0),A,RT,FAT,50-249,J_K,EU15_NO,2003,2.6,
dataflow,ESTAT:HSW_AW_INASZ(1.0),A,RT,FAT,50-249,J_K,EU15_NO,2004,1.6,
dataflow,ESTAT:HSW_AW_INASZ(1.0),A,RT,FAT,50-249,J_K,EU15_NO,2005,1.6,
dataflow,ESTAT:HSW_AW_INASZ(1.0),A,RT,FAT,50-249,J_K,EU15_NO,2006,1.8,
dataflow,ESTAT:HSW_AW_INASZ(1.0),A,RT,FAT,50-249,J_K,EU15_NO,2007,1.6,
dataflow,ESTAT:HSW_AW_INASZ(1.0),A,RT,FAT,GE250,A,EU15_NO,2002,9,
dataflow,ESTAT:HSW_AW_INASZ(1.0),A,RT,FAT,GE250,A,EU15_NO,2003,,p
dataflow,ESTAT:HSW_AW_INASZ(1.0),A,RT,FAT,GE250,A,EU15_NO,2004,,p
dataflow,ESTAT:HSW_AW_INASZ(1.0),A,RT,FAT,GE250,A_D-K,EU15_NO,1996,2.7,
dataflow,ESTAT:HSW_AW_INASZ(1.0),A,RT,FAT,GE250,A_D-K,EU15_NO,1997,2.5,
dataflow,ESTAT:HSW_AW_INASZ(1.0),A,RT,FAT,GE250,A_D-K,EU15_NO,1998,2.3,
dataflow,ESTAT:HSW_AW_INASZ(1.0),A,RT,FAT,GE250,A_D-K,EU15_NO,1999,2.4,
dataflow,ESTAT:HSW_AW_INASZ(1.0),A,RT,FAT,GE250,A_D-K,EU15_NO,2000,2.9,b
dataflow,ESTAT:HSW_AW_INASZ(1.0),A,RT,FAT,GE250,A_D-K,EU15_NO,2001,2.5,
dataflow,ESTAT:HSW_AW_INASZ(1.0),A,RT,FAT,GE250,A_D-K,EU15_NO,2002,2.1,
dataflow,ESTAT:HSW_AW_INASZ(1.0),A,RT,FAT,GE250,A_D-K,EU15_NO,2003,1.8,
dataflow,ESTAT:HSW_AW_INASZ(1.0),A,RT,FAT,GE250,A_D-K,EU15_NO,2004,1.8,
dataflow,ESTAT:HSW_AW_INASZ(1.0),A,RT,FAT,GE250,A_D-K,EU15_NO,2005,2.2,
dataflow,ESTAT:HSW_AW_INASZ(1.0),A,RT,FAT,GE250,A_D-K,EU15_NO,2006,2.1,
dataflow,ESTAT:HSW_AW_INASZ(1.0),A,RT,FAT,GE250,A_D-K,EU15_NO,2007,1.8,
dataflow,ESTAT:HSW_AW_INASZ(1.0),A,RT,FAT,GE250,D,EU15_NO,1996,2.6,
dataflow,ESTAT:HSW_AW_INASZ(1.0),A,RT,FAT,GE250,D,EU15_NO,1997,2.5,
dataflow,ESTAT:HSW_AW_INASZ(1.0),A,RT,FAT,GE250,D,EU15_NO,1998,2.2,
dataflow,ESTAT:HSW_AW_INASZ(1.0),A,RT,FAT,GE250,D,EU15_NO,1999,1.9,
dataflow,ESTAT:HSW_AW_INASZ(1.0),A,RT,FAT,GE250,D,EU15_NO,2000,1.7,b
dataflow,ESTAT:HSW_AW_INASZ(1.0),A,RT,FAT,GE250,D,EU15_NO,2001,1.9,
dataflow,ESTAT:HSW_AW_INASZ(1.0),A,RT,FAT,GE250,D,EU15_NO,2002,1.9,
dataflow,ESTAT:HSW_AW_INASZ(1.0),A,RT,FAT,GE250,D,EU15_NO,2003,1.2,
dataflow,ESTAT:HSW_AW_INASZ(1.0),A,RT,FAT,GE250,D,EU15_NO,2004,1.3,
dataflow,ESTAT:HSW_AW_INASZ(1.0),A,RT,FAT,GE250,D,EU15_NO,2005,1.5,
dataflow,ESTAT:HSW_AW_INASZ(1.0),A,RT,FAT,GE250,D,EU15_NO,2006,1.5,
dataflow,ESTAT:HSW_AW_INASZ(1.0),A,RT,FAT,GE250,D,EU15_NO,2007,1.4,
dataflow,ESTAT:HSW_AW_INASZ(1.0),A,RT,FAT,GE250,E,EU15_NO,1996,5.6,
dataflow,ESTAT:HSW_AW_INASZ(1.0),A,RT,FAT,GE250,E,EU15_NO,1997,3.6,
dataflow,ESTAT:HSW_AW_INASZ(1.0),A,RT,FAT,GE250,E,EU15_NO,1998,3.6,
dataflow,ESTAT:HSW_AW_INASZ(1.0),A,RT,FAT,GE250,E,EU15_NO,1999,3.7,
dataflow,ESTAT:HSW_AW_INASZ(1.0),A,RT,FAT,GE250,E,EU15_NO,2002,8.4,
dataflow,ESTAT:HSW_AW_INASZ(1.0),A,RT,FAT,GE250,E,EU15_NO,2003,8.7,
dataflow,ESTAT:HSW_AW_INASZ(1.0),A,RT,FAT,GE250,E,EU15_NO,2004,8.4,
dataflow,ESTAT:HSW_AW_INASZ(1.0),A,RT,FAT,GE250,E,EU15_NO,2005,7.2,
dataflow,ESTAT:HSW_AW_INASZ(1.0),A,RT,FAT,GE250,E,EU15_NO,2006,7,
dataflow,ESTAT:HSW_AW_INASZ(1.0),A,RT,FAT,GE250,E,EU15_NO,2007,2.4,
dataflow,ESTAT:HSW_AW_INASZ(1.0),A,RT,FAT,GE250,F,EU15_NO,1996,8.6,
dataflow,ESTAT:HSW_AW_INASZ(1.0),A,RT,FAT,GE250,F,EU15_NO,1997,6.7,
dataflow,ESTAT:HSW_AW_INASZ(1.0),A,RT,FAT,GE250,F,EU15_NO,1998,6.6,
dataflow,ESTAT:HSW_AW_INASZ(1.0),A,RT,FAT,GE250,F,EU15_NO,1999,10.7,
dataflow,ESTAT:HSW_AW_INASZ(1.0),A,RT,FAT,GE250,F,EU15_NO,2000,11.1,b
dataflow,ESTAT:HSW_AW_INASZ(1.0),A,RT,FAT,GE250,F,EU15_NO,2001,10,
dataflow,ESTAT:HSW_AW_INASZ(1.0),A,RT,FAT,GE250,F,EU15_NO,2002,4.4,
dataflow,ESTAT:HSW_AW_INASZ(1.0),A,RT,FAT,GE250,F,EU15_NO,2003,6.7,
dataflow,ESTAT:HSW_AW_INASZ(1.0),A,RT,FAT,GE250,F,EU15_NO,2004,5.3,
dataflow,ESTAT:HSW_AW_INASZ(1.0),A,RT,FAT,GE250,F,EU15_NO,2005,5.5,
dataflow,ESTAT:HSW_AW_INASZ(1.0),A,RT,FAT,GE250,F,EU15_NO,2006,9,
dataflow,ESTAT:HSW_AW_INASZ(1.0),A,RT,FAT,GE250,F,EU15_NO,2007,6.7,
dataflow,ESTAT:HSW_AW_INASZ(1.0),A,RT,FAT,GE250,G,EU15_NO,1996,1.4,
dataflow,ESTAT:HSW_AW_INASZ(1.0),A,RT,FAT,GE250,G,EU15_NO,1997,1.1,
dataflow,ESTAT:HSW_AW_INASZ(1.0),A,RT,FAT,GE250,G,EU15_NO,1998,1.2,
dataflow,ESTAT:HSW_AW_INASZ(1.0),A,RT,FAT,GE250,G,EU15_NO,1999,0.7,
dataflow,ESTAT:HSW_AW_INASZ(1.0),A,RT,FAT,GE250,G,EU15_NO,2000,2.4,b
dataflow,ESTAT:HSW_AW_INASZ(1.0),A,RT,FAT,GE250,G,EU15_NO,2001,1.5,
dataflow,ESTAT:HSW_AW_INASZ(1.0),A,RT,FAT,GE250,G,EU15_NO,2002,1.5,
dataflow,ESTAT:HSW_AW_INASZ(1.0),A,RT,FAT,GE250,G,EU15_NO,2003,1.1,
dataflow,ESTAT:HSW_AW_INASZ(1.0),A,RT,FAT,GE250,G,EU15_NO,2004,0.8,
dataflow,ESTAT:HSW_AW_INASZ(1.0),A,RT,FAT,GE250,G,EU15_NO,2005,2,
dataflow,ESTAT:HSW_AW_INASZ(1.0),A,RT,FAT,GE250,G,EU15_NO,2006,1.7,
dataflow,ESTAT:HSW_AW_INASZ(1.0),A,RT,FAT,GE250,G,EU15_NO,2007,2,
dataflow,ESTAT:HSW_AW_INASZ(1.0),A,RT,FAT,GE250,H,EU15_NO,1996,0.6,
dataflow,ESTAT:HSW_AW_INASZ(1.0),A,RT,FAT,GE250,H,EU15_NO,1997,1.2,
dataflow,ESTAT:HSW_AW_INASZ(1.0),A,RT,FAT,GE250,H,EU15_NO,1998,1.6,
dataflow,ESTAT:HSW_AW_INASZ(1.0),A,RT,FAT,GE250,H,EU15_NO,1999,0.4,
dataflow,ESTAT:HSW_AW_INASZ(1.0),A,RT,FAT,GE250,H,EU15_NO,2002,3.9,
dataflow,ESTAT:HSW_AW_INASZ(1.0),A,RT,FAT,GE250,H,EU15_NO,2003,,p
dataflow,ESTAT:HSW_AW_INASZ(1.0),A,RT,FAT,GE250,H,EU15_NO,2004,6.5,
dataflow,ESTAT:HSW_AW_INASZ(1.0),A,RT,FAT,GE250,H,EU15_NO,2007,5.9,
dataflow,ESTAT:HSW_AW_INASZ(1.0),A,RT,FAT,GE250,I,EU15_NO,1996,3.7,
dataflow,ESTAT:HSW_AW_INASZ(1.0),A,RT,FAT,GE250,I,EU15_NO,1997,3.4,
dataflow,ESTAT:HSW_AW_INASZ(1.0),A,RT,FAT,GE250,I,EU15_NO,1998,2.7,
dataflow,ESTAT:HSW_AW_INASZ(1.0),A,RT,FAT,GE250,I,EU15_NO,1999,3.4,
dataflow,ESTAT:HSW_AW_INASZ(1.0),A,RT,FAT,GE250,I,EU15_NO,2000,5.3,b
dataflow,ESTAT:HSW_AW_INASZ(1.0),A,RT,FAT,GE250,I,EU15_NO,2001,3.8,
dataflow,ESTAT:HSW_AW_INASZ(1.0),A,RT,FAT,GE250,I,EU15_NO,2002,2.1,
dataflow,ESTAT:HSW_AW_INASZ(1.0),A,RT,FAT,GE250,I,EU15_NO,2003,2.7,
dataflow,ESTAT:HSW_AW_INASZ(1.0),A,RT,FAT,GE250,I,EU15_NO,2004,3.4,
dataflow,ESTAT:HSW_AW_INASZ(1.0),A,RT,FAT,GE250,I,EU15_NO,2005,2.9,
dataflow,ESTAT:HSW_AW_INASZ(1.0),A,RT,FAT,GE250,I,EU15_NO,2006,2.6,
dataflow,ESTAT:HSW_AW_INASZ(1.0),A,RT,FAT,GE250,I,EU15_NO,2007,2.2,
dataflow,ESTAT:HSW_AW_INASZ(1.0),A,RT,FAT,GE250,J_K,EU15_NO,1996,1.2,
dataflow,ESTAT:HSW_AW_INASZ(1.0),A,RT,FAT,GE250,J_K,EU15_NO,1997,1.2,
dataflow,ESTAT:HSW_AW_INASZ(1.0),A,RT,FAT,GE250,J_K,EU15_NO,1998,1.4,
dataflow,ESTAT:HSW_AW_INASZ(1.0),A,RT,FAT,GE250,J_K,EU15_NO,1999,1.8,
dataflow,ESTAT:HSW_AW_INASZ(1.0),A,RT,FAT,GE250,J_K,EU15_NO,2000,2,b
dataflow,ESTAT:HSW_AW_INASZ(1.0),A,RT,FAT,GE250,J_K,EU15_NO,2001,1.4,
dataflow,ESTAT:HSW_AW_INASZ(1.0),A,RT,FAT,GE250,J_K,EU15_NO,2002,1.5,
dataflow,ESTAT:HSW_AW_INASZ(1.0),A,RT,FAT,GE250,J_K,EU15_NO,2003,1.4,
dataflow,ESTAT:HSW_AW_INASZ(1.0),A,RT,FAT,GE250,J_K,EU15_NO,2004,1.4,
dataflow,ESTAT:HSW_AW_INASZ(1.0),A,RT,FAT,GE250,J_K,EU15_NO,2005,1.6,
dataflow,ESTAT:HSW_AW_INASZ(1.0),A,RT,FAT,GE250,J_K,EU15_NO,2006,1.5,
dataflow,ESTAT:HSW_AW_INASZ(1.0),A,RT,FAT,GE250,J_K,EU15_NO,2007,1.4,
dataflow,ESTAT:HSW_AW_INASZ(1.0),A,RT,FAT,GE500,A,EU15_NO,2002,4.9,
dataflow,ESTAT:HSW_AW_INASZ(1.0),A,RT,FAT,GE500,A,EU15_NO,2003,,p
dataflow,ESTAT:HSW_AW_INASZ(1.0),A,RT,FAT,GE500,A,EU15_NO,2004,,p
dataflow,ESTAT:HSW_AW_INASZ(1.0),A,RT,FAT,GE500,A,EU15_NO,2007,6.1,
dataflow,ESTAT:HSW_AW_INASZ(1.0),A,RT,FAT,GE500,A_D-K,EU15_NO,2000,2.7,b
dataflow,ESTAT:HSW_AW_INASZ(1.0),A,RT,FAT,GE500,A_D-K,EU15_NO,2001,2.1,
dataflow,ESTAT:HSW_AW_INASZ(1.0),A,RT,FAT,GE500,A_D-K,EU15_NO,2002,1.9,
dataflow,ESTAT:HSW_AW_INASZ(1.0),A,RT,FAT,GE500,A_D-K,EU15_NO,2003,,p
dataflow,ESTAT:HSW_AW_INASZ(1.0),A,RT,FAT,GE500,A_D-K,EU15_NO,2004,,p
dataflow,ESTAT:HSW_AW_INASZ(1.0),A,RT,FAT,GE500,A_D-K,EU15_NO,2007,1.7,
dataflow,ESTAT:HSW_AW_INASZ(1.0),A,RT,FAT,GE500,D,EU15_NO,2000,1.6,b
dataflow,ESTAT:HSW_AW_INASZ(1.0),A,RT,FAT,GE500,D,EU15_NO,2001,1.4,
dataflow,ESTAT:HSW_AW_INASZ(1.0),A,RT,FAT,GE500,D,EU15_NO,2002,1.6,
dataflow,ESTAT:HSW_AW_INASZ(1.0),A,RT,FAT,GE500,D,EU15_NO,2003,,p
dataflow,ESTAT:HSW_AW_INASZ(1.0),A,RT,FAT,GE500,D,EU15_NO,2004,,p
dataflow,ESTAT:HSW_AW_INASZ(1.0),A,RT,FAT,GE500,D,EU15_NO,2007,1.3,
dataflow,ESTAT:HSW_AW_INASZ(1.0),A,RT,FAT,GE500,E,EU15_NO,2002,10.5,
dataflow,ESTAT:HSW_AW_INASZ(1.0),A,RT,FAT,GE500,E,EU15_NO,2003,,p
dataflow,ESTAT:HSW_AW_INASZ(1.0),A,RT,FAT,GE500,E,EU15_NO,2004,,p
dataflow,ESTAT:HSW_AW_INASZ(1.0),A,RT,FAT,GE500,E,EU15_NO,2007,1.8,
dataflow,ESTAT:HSW_AW_INASZ(1.0),A,RT,FAT,GE500,F,EU15_NO,2000,9.5,b
dataflow,ESTAT:HSW_AW_INASZ(1.0),A,RT,FAT,GE500,F,EU15_NO,2001,6.4,
dataflow,ESTAT:HSW_AW_INASZ(1.0),A,RT,FAT,GE500,F,EU15_NO,2002,3.7,
dataflow,ESTAT:HSW_AW_INASZ(1.0),A,RT,FAT,GE500,F,EU15_NO,2003,,p
dataflow,ESTAT:HSW_AW_INASZ(1.0),A,RT,FAT,GE500,F,EU15_NO,2004,,p
dataflow,ESTAT:HSW_AW_INASZ(1.0),A,RT,FAT,GE500,F,EU15_NO,2007,5.8,
dataflow,ESTAT:HSW_AW_INASZ(1.0),A,RT,FAT,GE500,G,EU15_NO,2000,2.5,b
dataflow,ESTAT:HSW_AW_INASZ(1.0),A,RT,FAT,GE500,G,EU15_NO,2001,1.6,
dataflow,ESTAT:HSW_AW_INASZ(1.0),A,RT,FAT,GE500,G,EU15_NO,2002,1.4,
dataflow,ESTAT:HSW_AW_INASZ(1.0),A,RT,FAT,GE500,G,EU15_NO,2003,,p
dataflow,ESTAT:HSW_AW_INASZ(1.0),A,RT,FAT,GE500,G,EU15_NO,2004,,p
dataflow,ESTAT:HSW_AW_INASZ(1.0),A,RT,FAT,GE500,G,EU15_NO,2007,1.9,
dataflow,ESTAT:HSW_AW_INASZ(1.0),A,RT,FAT,GE500,H,EU15_NO,2002,8.7,
dataflow,ESTAT:HSW_AW_INASZ(1.0),A,RT,FAT,GE500,H,EU15_NO,2003,,p
dataflow,ESTAT:HSW_AW_INASZ(1.0),A,RT,FAT,GE500,H,EU15_NO,2004,,p
dataflow,ESTAT:HSW_AW_INASZ(1.0),A,RT,FAT,GE500,H,EU15_NO,2007,13.7,
dataflow,ESTAT:HSW_AW_INASZ(1.0),A,RT,FAT,GE500,I,EU15_NO,2000,5,b
dataflow,ESTAT:HSW_AW_INASZ(1.0),A,RT,FAT,GE500,I,EU15_NO,2001,3.3,
dataflow,ESTAT:HSW_AW_INASZ(1.0),A,RT,FAT,GE500,I,EU15_NO,2002,1.9,
dataflow,ESTAT:HSW_AW_INASZ(1.0),A,RT,FAT,GE500,I,EU15_NO,2003,,p
dataflow,ESTAT:HSW_AW_INASZ(1.0),A,RT,FAT,GE500,I,EU15_NO,2004,,p
dataflow,ESTAT:HSW_AW_INASZ(1.0),A,RT,FAT,GE500,I,EU15_NO,2007,1.9,
dataflow,ESTAT:HSW_AW_INASZ(1.0),A,RT,FAT,GE500,J_K,EU15_NO,2000,2.1,b
dataflow,ESTAT:HSW_AW_INASZ(1.0),A,RT,FAT,GE500,J_K,EU15_NO,2001,1.3,
dataflow,ESTAT:HSW_AW_INASZ(1.0),A,RT,FAT,GE500,J_K,EU15_NO,2002,1.3,
dataflow,ESTAT:HSW_AW_INASZ(1.0),A,RT,FAT,GE500,J_K,EU15_NO,2003,,p
dataflow,ESTAT:HSW_AW_INASZ(1.0),A,RT,FAT,GE500,J_K,EU15_NO,2004,,p
dataflow,ESTAT:HSW_AW_INASZ(1.0),A,RT,FAT,GE500,J_K,EU15_NO,2007,1.6,
dataflow,ESTAT:HSW_AW_INASZ(1.0),A,RT,FAT,TOTAL,A,EU15_NO,1996,12.9,
dataflow,ESTAT:HSW_AW_INASZ(1.0),A,RT,FAT,TOTAL,A,EU15_NO,1997,12.6,
dataflow,ESTAT:HSW_AW_INASZ(1.0),A,RT,FAT,TOTAL,A,EU15_NO,1998,12.4,
dataflow,ESTAT:HSW_AW_INASZ(1.0),A,RT,FAT,TOTAL,A,EU15_NO,1999,13.3,
dataflow,ESTAT:HSW_AW_INASZ(1.0),A,RT,FAT,TOTAL,A,EU15_NO,2000,12.8,
dataflow,ESTAT:HSW_AW_INASZ(1.0),A,RT,FAT,TOTAL,A,EU15_NO,2001,11.9,
dataflow,ESTAT:HSW_AW_INASZ(1.0),A,RT,FAT,TOTAL,A,EU15_NO,2002,11.2,
dataflow,ESTAT:HSW_AW_INASZ(1.0),A,RT,FAT,TOTAL,A,EU15_NO,2003,10.4,
dataflow,ESTAT:HSW_AW_INASZ(1.0),A,RT,FAT,TOTAL,A,EU15_NO,2004,12.2,
dataflow,ESTAT:HSW_AW_INASZ(1.0),A,RT,FAT,TOTAL,A,EU15_NO,2005,10.3,
dataflow,ESTAT:HSW_AW_INASZ(1.0),A,RT,FAT,TOTAL,A,EU15_NO,2006,9.4,
dataflow,ESTAT:HSW_AW_INASZ(1.0),A,RT,FAT,TOTAL,A,EU15_NO,2007,8.8,
dataflow,ESTAT:HSW_AW_INASZ(1.0),A,RT,FAT,TOTAL,A_D-K,EU15_NO,1996,5.3,
dataflow,ESTAT:HSW_AW_INASZ(1.0),A,RT,FAT,TOTAL,A_D-K,EU15_NO,1997,5.2,
dataflow,ESTAT:HSW_AW_INASZ(1.0),A,RT,FAT,TOTAL,A_D-K,EU15_NO,1998,5.0,
dataflow,ESTAT:HSW_AW_INASZ(1.0),A,RT,FAT,TOTAL,A_D-K,EU15_NO,1999,4.7,
dataflow,ESTAT:HSW_AW_INASZ(1.0),A,RT,FAT,TOTAL,A_D-K,EU15_NO,2000,4.6,
dataflow,ESTAT:HSW_AW_INASZ(1.0),A,RT,FAT,TOTAL,A_D-K,EU15_NO,2001,4.2,
dataflow,ESTAT:HSW_AW_INASZ(1.0),A,RT,FAT,TOTAL,A_D-K,EU15_NO,2002,4.1,
dataflow,ESTAT:HSW_AW_INASZ(1.0),A,RT,FAT,TOTAL,A_D-K,EU15_NO,2003,3.9,
dataflow,ESTAT:HSW_AW_INASZ(1.0),A,RT,FAT,TOTAL,A_D-K,EU15_NO,2004,3.8,
dataflow,ESTAT:HSW_AW_INASZ(1.0),A,RT,FAT,TOTAL,A_D-K,EU15_NO,2005,3.4,
dataflow,ESTAT:HSW_AW_INASZ(1.0),A,RT,FAT,TOTAL,A_D-K,EU15_NO,2006,3.4,
dataflow,ESTAT:HSW_AW_INASZ(1.0),A,RT,FAT,TOTAL,A_D-K,EU15_NO,2007,2.9,
dataflow,ESTAT:HSW_AW_INASZ(1.0),A,RT,FAT,TOTAL,D,EU15_NO,1996,3.9,
dataflow,ESTAT:HSW_AW_INASZ(1.0),A,RT,FAT,TOTAL,D,EU15_NO,1997,4.0,
dataflow,ESTAT:HSW_AW_INASZ(1.0),A,RT,FAT,TOTAL,D,EU15_NO,1998,3.7,
dataflow,ESTAT:HSW_AW_INASZ(1.0),A,RT,FAT,TOTAL,D,EU15_NO,1999,3.3,
dataflow,ESTAT:HSW_AW_INASZ(1.0),A,RT,FAT,TOTAL,D,EU15_NO,2000,3.2,
dataflow,ESTAT:HSW_AW_INASZ(1.0),A,RT,FAT,TOTAL,D,EU15_NO,2001,3.1,
dataflow,ESTAT:HSW_AW_INASZ(1.0),A,RT,FAT,TOTAL,D,EU15_NO,2002,2.9,
dataflow,ESTAT:HSW_AW_INASZ(1.0),A,RT,FAT,TOTAL,D,EU15_NO,2003,2.8,
dataflow,ESTAT:HSW_AW_INASZ(1.0),A,RT,FAT,TOTAL,D,EU15_NO,2004,2.8,
dataflow,ESTAT:HSW_AW_INASZ(1.0),A,RT,FAT,TOTAL,D,EU15_NO,2005,2.6,
dataflow,ESTAT:HSW_AW_INASZ(1.0),A,RT,FAT,TOTAL,D,EU15_NO,2006,2.4,
dataflow,ESTAT:HSW_AW_INASZ(1.0),A,RT,FAT,TOTAL,D,EU15_NO,2007,2.2,
dataflow,ESTAT:HSW_AW_INASZ(1.0),A,RT,FAT,TOTAL,E,EU15_NO,1996,5.7,
dataflow,ESTAT:HSW_AW_INASZ(1.0),A,RT,FAT,TOTAL,E,EU15_NO,1997,3.6,
dataflow,ESTAT:HSW_AW_INASZ(1.0),A,RT,FAT,TOTAL,E,EU15_NO,1998,3.2,
dataflow,ESTAT:HSW_AW_INASZ(1.0),A,RT,FAT,TOTAL,E,EU15_NO,1999,3.2,
dataflow,ESTAT:HSW_AW_INASZ(1.0),A,RT,FAT,TOTAL,E,EU15_NO,2000,3.7,
dataflow,ESTAT:HSW_AW_INASZ(1.0),A,RT,FAT,TOTAL,E,EU15_NO,2001,4.2,
dataflow,ESTAT:HSW_AW_INASZ(1.0),A,RT,FAT,TOTAL,E,EU15_NO,2002,4.1,
dataflow,ESTAT:HSW_AW_INASZ(1.0),A,RT,FAT,TOTAL,E,EU15_NO,2003,4.2,
dataflow,ESTAT:HSW_AW_INASZ(1.0),A,RT,FAT,TOTAL,E,EU15_NO,2004,4.4,
dataflow,ESTAT:HSW_AW_INASZ(1.0),A,RT,FAT,TOTAL,E,EU15_NO,2005,3.4,
dataflow,ESTAT:HSW_AW_INASZ(1.0),A,RT,FAT,TOTAL,E,EU15_NO,2006,3.9,
dataflow,ESTAT:HSW_AW_INASZ(1.0),A,RT,FAT,TOTAL,E,EU15_NO,2007,2.2,
dataflow,ESTAT:HSW_AW_INASZ(1.0),A,RT,FAT,TOTAL,F,EU15_NO,1996,13.3,
dataflow,ESTAT:HSW_AW_INASZ(1.0),A,RT,FAT,TOTAL,F,EU15_NO,1997,13.1,
dataflow,ESTAT:HSW_AW_INASZ(1.0),A,RT,FAT,TOTAL,F,EU15_NO,1998,12.8,
dataflow,ESTAT:HSW_AW_INASZ(1.0),A,RT,FAT,TOTAL,F,EU15_NO,1999,11.6,
dataflow,ESTAT:HSW_AW_INASZ(1.0),A,RT,FAT,TOTAL,F,EU15_NO,2000,11.3,
dataflow,ESTAT:HSW_AW_INASZ(1.0),A,RT,FAT,TOTAL,F,EU15_NO,2001,10.6,
dataflow,ESTAT:HSW_AW_INASZ(1.0),A,RT,FAT,TOTAL,F,EU15_NO,2002,10.4,
dataflow,ESTAT:HSW_AW_INASZ(1.0),A,RT,FAT,TOTAL,F,EU15_NO,2003,10.6,
dataflow,ESTAT:HSW_AW_INASZ(1.0),A,RT,FAT,TOTAL,F,EU15_NO,2004,9.6,
dataflow,ESTAT:HSW_AW_INASZ(1.0),A,RT,FAT,TOTAL,F,EU15_NO,2005,8.8,
dataflow,ESTAT:HSW_AW_INASZ(1.0),A,RT,FAT,TOTAL,F,EU15_NO,2006,9,
dataflow,ESTAT:HSW_AW_INASZ(1.0),A,RT,FAT,TOTAL,F,EU15_NO,2007,7.5,
dataflow,ESTAT:HSW_AW_INASZ(1.0),A,RT,FAT,TOTAL,G,EU15_NO,1996,2.5,
dataflow,ESTAT:HSW_AW_INASZ(1.0),A,RT,FAT,TOTAL,G,EU15_NO,1997,2.4,
dataflow,ESTAT:HSW_AW_INASZ(1.0),A,RT,FAT,TOTAL,G,EU15_NO,1998,2.5,
dataflow,ESTAT:HSW_AW_INASZ(1.0),A,RT,FAT,TOTAL,G,EU15_NO,1999,2.3,
dataflow,ESTAT:HSW_AW_INASZ(1.0),A,RT,FAT,TOTAL,G,EU15_NO,2000,2.1,
dataflow,ESTAT:HSW_AW_INASZ(1.0),A,RT,FAT,TOTAL,G,EU15_NO,2001,1.7,
dataflow,ESTAT:HSW_AW_INASZ(1.0),A,RT,FAT,TOTAL,G,EU15_NO,2002,1.8,
dataflow,ESTAT:HSW_AW_INASZ(1.0),A,RT,FAT,TOTAL,G,EU15_NO,2003,1.7,
dataflow,ESTAT:HSW_AW_INASZ(1.0),A,RT,FAT,TOTAL,G,EU15_NO,2004,1.5,
dataflow,ESTAT:HSW_AW_INASZ(1.0),A,RT,FAT,TOTAL,G,EU15_NO,2005,1.4,
dataflow,ESTAT:HSW_AW_INASZ(1.0),A,RT,FAT,TOTAL,G,EU15_NO,2006,1.5,
dataflow,ESTAT:HSW_AW_INASZ(1.0),A,RT,FAT,TOTAL,G,EU15_NO,2007,1.1,
dataflow,ESTAT:HSW_AW_INASZ(1.0),A,RT,FAT,TOTAL,H,EU15_NO,1996,1.1,
dataflow,ESTAT:HSW_AW_INASZ(1.0),A,RT,FAT,TOTAL,H,EU15_NO,1997,1.2,
dataflow,ESTAT:HSW_AW_INASZ(1.0),A,RT,FAT,TOTAL,H,EU15_NO,1998,1.3,
dataflow,ESTAT:HSW_AW_INASZ(1.0),A,RT,FAT,TOTAL,H,EU15_NO,1999,1.4,
dataflow,ESTAT:HSW_AW_INASZ(1.0),A,RT,FAT,TOTAL,H,EU15_NO,2000,1.3,
dataflow,ESTAT:HSW_AW_INASZ(1.0),A,RT,FAT,TOTAL,H,EU15_NO,2001,0.8,
dataflow,ESTAT:HSW_AW_INASZ(1.0),A,RT,FAT,TOTAL,H,EU15_NO,2002,0.8,
dataflow,ESTAT:HSW_AW_INASZ(1.0),A,RT,FAT,TOTAL,H,EU15_NO,2003,1,
dataflow,ESTAT:HSW_AW_INASZ(1.0),A,RT,FAT,TOTAL,H,EU15_NO,2004,1,
dataflow,ESTAT:HSW_AW_INASZ(1.0),A,RT,FAT,TOTAL,H,EU15_NO,2005,0.9,
dataflow,ESTAT:HSW_AW_INASZ(1.0),A,RT,FAT,TOTAL,H,EU15_NO,2006,0.9,
dataflow,ESTAT:HSW_AW_INASZ(1.0),A,RT,FAT,TOTAL,H,EU15_NO,2007,0.8,
dataflow,ESTAT:HSW_AW_INASZ(1.0),A,RT,FAT,TOTAL,I,EU15_NO,1996,12.0,
dataflow,ESTAT:HSW_AW_INASZ(1.0),A,RT,FAT,TOTAL,I,EU15_NO,1997,12.1,
dataflow,ESTAT:HSW_AW_INASZ(1.0),A,RT,FAT,TOTAL,I,EU15_NO,1998,11.8,
dataflow,ESTAT:HSW_AW_INASZ(1.0),A,RT,FAT,TOTAL,I,EU15_NO,1999,11.2,
dataflow,ESTAT:HSW_AW_INASZ(1.0),A,RT,FAT,TOTAL,I,EU15_NO,2000,10.8,
dataflow,ESTAT:HSW_AW_INASZ(1.0),A,RT,FAT,TOTAL,I,EU15_NO,2001,10.2,
dataflow,ESTAT:HSW_AW_INASZ(1.0),A,RT,FAT,TOTAL,I,EU15_NO,2002,9.2,
dataflow,ESTAT:HSW_AW_INASZ(1.0),A,RT,FAT,TOTAL,I,EU15_NO,2003,8.2,
dataflow,ESTAT:HSW_AW_INASZ(1.0),A,RT,FAT,TOTAL,I,EU15_NO,2004,8.2,
dataflow,ESTAT:HSW_AW_INASZ(1.0),A,RT,FAT,TOTAL,I,EU15_NO,2005,7.6,
dataflow,ESTAT:HSW_AW_INASZ(1.0),A,RT,FAT,TOTAL,I,EU15_NO,2006,7,
dataflow,ESTAT:HSW_AW_INASZ(1.0),A,RT,FAT,TOTAL,I,EU15_NO,2007,6.2,
dataflow,ESTAT:HSW_AW_INASZ(1.0),A,RT,FAT,TOTAL,J_K,EU15_NO,1996,1.6,
dataflow,ESTAT:HSW_AW_INASZ(1.0),A,RT,FAT,TOTAL,J_K,EU15_NO,1997,1.8,
dataflow,ESTAT:HSW_AW_INASZ(1.0),A,RT,FAT,TOTAL,J_K,EU15_NO,1998,1.7,
dataflow,ESTAT:HSW_AW_INASZ(1.0),A,RT,FAT,TOTAL,J_K,EU15_NO,1999,1.6,
dataflow,ESTAT:HSW_AW_INASZ(1.0),A,RT,FAT,TOTAL,J_K,EU15_NO,2000,1.4,
dataflow,ESTAT:HSW_AW_INASZ(1.0),A,RT,FAT,TOTAL,J_K,EU15_NO,2001,1.4,
dataflow,ESTAT:HSW_AW_INASZ(1.0),A,RT,FAT,TOTAL,J_K,EU15_NO,2002,1.6,
dataflow,ESTAT:HSW_AW_INASZ(1.0),A,RT,FAT,TOTAL,J_K,EU15_NO,2003,1.6,
dataflow,ESTAT:HSW_AW_INASZ(1.0),A,RT,FAT,TOTAL,J_K,EU15_NO,2004,1.2,
dataflow,ESTAT:HSW_AW_INASZ(1.0),A,RT,FAT,TOTAL,J_K,EU15_NO,2005,1.3,
dataflow,ESTAT:HSW_AW_INASZ(1.0),A,RT,FAT,TOTAL,J_K,EU15_NO,2006,1.2,
dataflow,ESTAT:HSW_AW_INASZ(1.0),A,RT,FAT,TOTAL,J_K,EU15_NO,2007,1,
