STRUCTURE,STRUCTURE_ID,freq,unit,hlth_pb,age,sex,geo,TIME_PERIOD,OBS_VALUE,OBS_FLAG
dataflow,ESTAT:HLTH_DE030(1.0),A,PC,PB1040,Y15-24,F,AT,2011,,u
dataflow,ESTAT:HLTH_DE030(1.0),A,PC,PB1040,Y15-24,F,BE,2011,18.3,u
dataflow,ESTAT:HLTH_DE030(1.0),A,PC,PB1040,Y15-24,F,BG,2011,,u
dataflow,ESTAT:HLTH_DE030(1.0),A,PC,PB1040,Y15-24,F,CH,2011,7.1,u
dataflow,ESTAT:HLTH_DE030(1.0),A,PC,PB1040,Y15-24,F,CY,2011,,u
dataflow,ESTAT:HLTH_DE030(1.0),A,PC,PB1040,Y15-24,F,CZ,2011,27.6,u
dataflow,ESTAT:HLTH_DE030(1.0),A,PC,PB1040,Y15-24,F,DE,2011,,u
dataflow,ESTAT:HLTH_DE030(1.0),A,PC,PB1040,Y15-24,F,DK,2011,,u
dataflow,ESTAT:HLTH_DE030(1.0),A,PC,PB1040,Y15-24,F,EE,2011,,u
dataflow,ESTAT:HLTH_DE030(1.0),A,PC,PB1040,Y15-24,F,EL,2011,49,u
dataflow,ESTAT:HLTH_DE030(1.0),A,PC,PB1040,Y15-24,F,ES,2011,22.5,
dataflow,ESTAT:HLTH_DE030(1.0),A,PC,PB1040,Y15-24,F,FI,2011,14.1,u
dataflow,ESTAT:HLTH_DE030(1.0),A,PC,PB1040,Y15-24,F,FR,2011,20.3,u
dataflow,ESTAT:HLTH_DE030(1.0),A,PC,PB1040,Y15-24,F,HR,2011,,u
dataflow,ESTAT:HLTH_DE030(1.0),A,PC,PB1040,Y15-24,F,HU,2011,55.5,u
dataflow,ESTAT:HLTH_DE030(1.0),A,PC,PB1040,Y15-24,F,IE,2011,40.5,
dataflow,ESTAT:HLTH_DE030(1.0),A,PC,PB1040,Y15-24,F,IS,2011,,u
dataflow,ESTAT:HLTH_DE030(1.0),A,PC,PB1040,Y15-24,F,IT,2011,46.2,
dataflow,ESTAT:HLTH_DE030(1.0),A,PC,PB1040,Y15-24,F,LT,2011,,u
dataflow,ESTAT:HLTH_DE030(1.0),A,PC,PB1040,Y15-24,F,LU,2011,,u
dataflow,ESTAT:HLTH_DE030(1.0),A,PC,PB1040,Y15-24,F,LV,2011,,u
dataflow,ESTAT:HLTH_DE030(1.0),A,PC,PB1040,Y15-24,F,MT,2011,,u
dataflow,ESTAT:HLTH_DE030(1.0),A,PC,PB1040,Y15-24,F,NL,2011,16.2,u
dataflow,ESTAT:HLTH_DE030(1.0),A,PC,PB1040,Y15-24,F,PL,2011,27.2,u
dataflow,ESTAT:HLTH_DE030(1.0),A,PC,PB1040,Y15-24,F,PT,2011,,u
dataflow,ESTAT:HLTH_DE030(1.0),A,PC,PB1040,Y15-24,F,RO,2011,59.5,
dataflow,ESTAT:HLTH_DE030(1.0),A,PC,PB1040,Y15-24,F,SE,2011,10.2,u
dataflow,ESTAT:HLTH_DE030(1.0),A,PC,PB1040,Y15-24,F,SI,2011,,u
dataflow,ESTAT:HLTH_DE030(1.0),A,PC,PB1040,Y15-24,F,SK,2011,,u
dataflow,ESTAT:HLTH_DE030(1.0),A,PC,PB1040,Y15-24,F,TR,2011,49.4,
dataflow,ESTAT:HLTH_DE030(1.0),A,PC,PB1040,Y15-24,F,UK,2011,29.7,
dataflow,ESTAT:HLTH_DE030(1.0),A,PC,PB1040,Y15-24,M,AT,2011,,u
dataflow,ESTAT:HLTH_DE030(1.0),A,PC,PB1040,Y15-24,M,BE,2011,21.9,u
dataflow,ESTAT:HLTH_DE030(1.0),A,PC,PB1040,Y15-24,M,BG,2011,,u
dataflow,ESTAT:HLTH_DE030(1.0),A,PC,PB1040,Y15-24,M,CH,2011,8.6,u
dataflow,ESTAT:HLTH_DE030(1.0),A,PC,PB1040,Y15-24,M,CY,2011,40.2,u
dataflow,ESTAT:HLTH_DE030(1.0),A,PC,PB1040,Y15-24,M,CZ,2011,41.6,u
dataflow,ESTAT:HLTH_DE030(1.0),A,PC,PB1040,Y15-24,M,DE,2011,,u
dataflow,ESTAT:HLTH_DE030(1.0),A,PC,PB1040,Y15-24,M,DK,2011,20.4,u
dataflow,ESTAT:HLTH_DE030(1.0),A,PC,PB1040,Y15-24,M,EE,2011,,u
dataflow,ESTAT:HLTH_DE030(1.0),A,PC,PB1040,Y15-24,M,EL,2011,41.7,u
dataflow,ESTAT:HLTH_DE030(1.0),A,PC,PB1040,Y15-24,M,ES,2011,31.0,
dataflow,ESTAT:HLTH_DE030(1.0),A,PC,PB1040,Y15-24,M,FI,2011,21.6,
dataflow,ESTAT:HLTH_DE030(1.0),A,PC,PB1040,Y15-24,M,FR,2011,,u
dataflow,ESTAT:HLTH_DE030(1.0),A,PC,PB1040,Y15-24,M,HR,2011,,u
dataflow,ESTAT:HLTH_DE030(1.0),A,PC,PB1040,Y15-24,M,HU,2011,45.2,
dataflow,ESTAT:HLTH_DE030(1.0),A,PC,PB1040,Y15-24,M,IE,2011,40.0,
dataflow,ESTAT:HLTH_DE030(1.0),A,PC,PB1040,Y15-24,M,IS,2011,,u
dataflow,ESTAT:HLTH_DE030(1.0),A,PC,PB1040,Y15-24,M,IT,2011,45.6,
dataflow,ESTAT:HLTH_DE030(1.0),A,PC,PB1040,Y15-24,M,LT,2011,,u
dataflow,ESTAT:HLTH_DE030(1.0),A,PC,PB1040,Y15-24,M,LU,2011,,u
dataflow,ESTAT:HLTH_DE030(1.0),A,PC,PB1040,Y15-24,M,LV,2011,,u
dataflow,ESTAT:HLTH_DE030(1.0),A,PC,PB1040,Y15-24,M,MT,2011,,u
dataflow,ESTAT:HLTH_DE030(1.0),A,PC,PB1040,Y15-24,M,NL,2011,18.5,u
dataflow,ESTAT:HLTH_DE030(1.0),A,PC,PB1040,Y15-24,M,PL,2011,35.2,
dataflow,ESTAT:HLTH_DE030(1.0),A,PC,PB1040,Y15-24,M,PT,2011,,u
dataflow,ESTAT:HLTH_DE030(1.0),A,PC,PB1040,Y15-24,M,RO,2011,63.8,
dataflow,ESTAT:HLTH_DE030(1.0),A,PC,PB1040,Y15-24,M,SE,2011,11.2,u
dataflow,ESTAT:HLTH_DE030(1.0),A,PC,PB1040,Y15-24,M,SI,2011,,u
dataflow,ESTAT:HLTH_DE030(1.0),A,PC,PB1040,Y15-24,M,SK,2011,46.7,u
dataflow,ESTAT:HLTH_DE030(1.0),A,PC,PB1040,Y15-24,M,TR,2011,33.8,
dataflow,ESTAT:HLTH_DE030(1.0),A,PC,PB1040,Y15-24,M,UK,2011,27.3,
dataflow,ESTAT:HLTH_DE030(1.0),A,PC,PB1040,Y15-24,T,AT,2011,12.7,u
dataflow,ESTAT:HLTH_DE030(1.0),A,PC,PB1040,Y15-24,T,BE,2011,20.6,
dataflow,ESTAT:HLTH_DE030(1.0),A,PC,PB1040,Y15-24,T,BG,2011,77.2,u
dataflow,ESTAT:HLTH_DE030(1.0),A,PC,PB1040,Y15-24,T,CH,2011,7.7,
dataflow,ESTAT:HLTH_DE030(1.0),A,PC,PB1040,Y15-24,T,CY,2011,41.6,u
dataflow,ESTAT:HLTH_DE030(1.0),A,PC,PB1040,Y15-24,T,CZ,2011,34.9,
dataflow,ESTAT:HLTH_DE030(1.0),A,PC,PB1040,Y15-24,T,DE,2011,14.8,
dataflow,ESTAT:HLTH_DE030(1.0),A,PC,PB1040,Y15-24,T,DK,2011,15.4,
dataflow,ESTAT:HLTH_DE030(1.0),A,PC,PB1040,Y15-24,T,EE,2011,23.3,u
dataflow,ESTAT:HLTH_DE030(1.0),A,PC,PB1040,Y15-24,T,EL,2011,44.6,u
dataflow,ESTAT:HLTH_DE030(1.0),A,PC,PB1040,Y15-24,T,ES,2011,26.7,
dataflow,ESTAT:HLTH_DE030(1.0),A,PC,PB1040,Y15-24,T,FI,2011,18.1,
dataflow,ESTAT:HLTH_DE030(1.0),A,PC,PB1040,Y15-24,T,FR,2011,19.8,u
dataflow,ESTAT:HLTH_DE030(1.0),A,PC,PB1040,Y15-24,T,HR,2011,,u
dataflow,ESTAT:HLTH_DE030(1.0),A,PC,PB1040,Y15-24,T,HU,2011,48.5,
dataflow,ESTAT:HLTH_DE030(1.0),A,PC,PB1040,Y15-24,T,IE,2011,40.3,
dataflow,ESTAT:HLTH_DE030(1.0),A,PC,PB1040,Y15-24,T,IS,2011,,u
dataflow,ESTAT:HLTH_DE030(1.0),A,PC,PB1040,Y15-24,T,IT,2011,45.9,
dataflow,ESTAT:HLTH_DE030(1.0),A,PC,PB1040,Y15-24,T,LT,2011,43.4,u
dataflow,ESTAT:HLTH_DE030(1.0),A,PC,PB1040,Y15-24,T,LU,2011,15.1,u
dataflow,ESTAT:HLTH_DE030(1.0),A,PC,PB1040,Y15-24,T,LV,2011,,u
dataflow,ESTAT:HLTH_DE030(1.0),A,PC,PB1040,Y15-24,T,MT,2011,,u
dataflow,ESTAT:HLTH_DE030(1.0),A,PC,PB1040,Y15-24,T,NL,2011,17.3,u
dataflow,ESTAT:HLTH_DE030(1.0),A,PC,PB1040,Y15-24,T,PL,2011,31.8,
dataflow,ESTAT:HLTH_DE030(1.0),A,PC,PB1040,Y15-24,T,PT,2011,23.5,
dataflow,ESTAT:HLTH_DE030(1.0),A,PC,PB1040,Y15-24,T,RO,2011,61.9,
dataflow,ESTAT:HLTH_DE030(1.0),A,PC,PB1040,Y15-24,T,SE,2011,10.6,
dataflow,ESTAT:HLTH_DE030(1.0),A,PC,PB1040,Y15-24,T,SI,2011,23.5,u
dataflow,ESTAT:HLTH_DE030(1.0),A,PC,PB1040,Y15-24,T,SK,2011,37.4,
dataflow,ESTAT:HLTH_DE030(1.0),A,PC,PB1040,Y15-24,T,TR,2011,41.5,
dataflow,ESTAT:HLTH_DE030(1.0),A,PC,PB1040,Y15-24,T,UK,2011,28.6,
dataflow,ESTAT:HLTH_DE030(1.0),A,PC,PB1040,Y15-29,F,AT,2011,15.6,u
dataflow,ESTAT:HLTH_DE030(1.0),A,PC,PB1040,Y15-29,F,BE,2011,30.0,
dataflow,ESTAT:HLTH_DE030(1.0),A,PC,PB1040,Y15-29,F,BG,2011,79.3,u
dataflow,ESTAT:HLTH_DE030(1.0),A,PC,PB1040,Y15-29,F,CH,2011,10.5,
dataflow,ESTAT:HLTH_DE030(1.0),A,PC,PB1040,Y15-29,F,CY,2011,32.7,u
dataflow,ESTAT:HLTH_DE030(1.0),A,PC,PB1040,Y15-29,F,CZ,2011,42.6,
dataflow,ESTAT:HLTH_DE030(1.0),A,PC,PB1040,Y15-29,F,DE,2011,21.9,
dataflow,ESTAT:HLTH_DE030(1.0),A,PC,PB1040,Y15-29,F,DK,2011,22.3,
dataflow,ESTAT:HLTH_DE030(1.0),A,PC,PB1040,Y15-29,F,EE,2011,25,u
dataflow,ESTAT:HLTH_DE030(1.0),A,PC,PB1040,Y15-29,F,EL,2011,61.2,u
dataflow,ESTAT:HLTH_DE030(1.0),A,PC,PB1040,Y15-29,F,ES,2011,29.3,
dataflow,ESTAT:HLTH_DE030(1.0),A,PC,PB1040,Y15-29,F,FI,2011,16.9,
dataflow,ESTAT:HLTH_DE030(1.0),A,PC,PB1040,Y15-29,F,FR,2011,27.6,
dataflow,ESTAT:HLTH_DE030(1.0),A,PC,PB1040,Y15-29,F,HR,2011,,u
dataflow,ESTAT:HLTH_DE030(1.0),A,PC,PB1040,Y15-29,F,HU,2011,56.3,
dataflow,ESTAT:HLTH_DE030(1.0),A,PC,PB1040,Y15-29,F,IE,2011,44.1,
dataflow,ESTAT:HLTH_DE030(1.0),A,PC,PB1040,Y15-29,F,IS,2011,,u
dataflow,ESTAT:HLTH_DE030(1.0),A,PC,PB1040,Y15-29,F,IT,2011,49.4,
dataflow,ESTAT:HLTH_DE030(1.0),A,PC,PB1040,Y15-29,F,LT,2011,46,u
dataflow,ESTAT:HLTH_DE030(1.0),A,PC,PB1040,Y15-29,F,LU,2011,17.8,u
dataflow,ESTAT:HLTH_DE030(1.0),A,PC,PB1040,Y15-29,F,LV,2011,,u
dataflow,ESTAT:HLTH_DE030(1.0),A,PC,PB1040,Y15-29,F,MT,2011,,u
dataflow,ESTAT:HLTH_DE030(1.0),A,PC,PB1040,Y15-29,F,NL,2011,23.7,u
dataflow,ESTAT:HLTH_DE030(1.0),A,PC,PB1040,Y15-29,F,PL,2011,37.4,
dataflow,ESTAT:HLTH_DE030(1.0),A,PC,PB1040,Y15-29,F,PT,2011,28.1,
dataflow,ESTAT:HLTH_DE030(1.0),A,PC,PB1040,Y15-29,F,RO,2011,62.5,
dataflow,ESTAT:HLTH_DE030(1.0),A,PC,PB1040,Y15-29,F,SE,2011,11.2,
dataflow,ESTAT:HLTH_DE030(1.0),A,PC,PB1040,Y15-29,F,SI,2011,22.6,u
dataflow,ESTAT:HLTH_DE030(1.0),A,PC,PB1040,Y15-29,F,SK,2011,47.1,
dataflow,ESTAT:HLTH_DE030(1.0),A,PC,PB1040,Y15-29,F,TR,2011,57.0,
dataflow,ESTAT:HLTH_DE030(1.0),A,PC,PB1040,Y15-29,F,UK,2011,31.6,
dataflow,ESTAT:HLTH_DE030(1.0),A,PC,PB1040,Y15-29,M,AT,2011,13.1,u
dataflow,ESTAT:HLTH_DE030(1.0),A,PC,PB1040,Y15-29,M,BE,2011,23.0,
dataflow,ESTAT:HLTH_DE030(1.0),A,PC,PB1040,Y15-29,M,BG,2011,65.4,u
dataflow,ESTAT:HLTH_DE030(1.0),A,PC,PB1040,Y15-29,M,CH,2011,9.2,
dataflow,ESTAT:HLTH_DE030(1.0),A,PC,PB1040,Y15-29,M,CY,2011,40.1,u
dataflow,ESTAT:HLTH_DE030(1.0),A,PC,PB1040,Y15-29,M,CZ,2011,49.0,
dataflow,ESTAT:HLTH_DE030(1.0),A,PC,PB1040,Y15-29,M,DE,2011,17.8,
dataflow,ESTAT:HLTH_DE030(1.0),A,PC,PB1040,Y15-29,M,DK,2011,19.6,
dataflow,ESTAT:HLTH_DE030(1.0),A,PC,PB1040,Y15-29,M,EE,2011,31.9,u
dataflow,ESTAT:HLTH_DE030(1.0),A,PC,PB1040,Y15-29,M,EL,2011,47.8,u
dataflow,ESTAT:HLTH_DE030(1.0),A,PC,PB1040,Y15-29,M,ES,2011,39.9,
dataflow,ESTAT:HLTH_DE030(1.0),A,PC,PB1040,Y15-29,M,FI,2011,22.4,
dataflow,ESTAT:HLTH_DE030(1.0),A,PC,PB1040,Y15-29,M,FR,2011,19.5,u
dataflow,ESTAT:HLTH_DE030(1.0),A,PC,PB1040,Y15-29,M,HR,2011,,u
dataflow,ESTAT:HLTH_DE030(1.0),A,PC,PB1040,Y15-29,M,HU,2011,51.5,
dataflow,ESTAT:HLTH_DE030(1.0),A,PC,PB1040,Y15-29,M,IE,2011,45.6,
dataflow,ESTAT:HLTH_DE030(1.0),A,PC,PB1040,Y15-29,M,IS,2011,,u
dataflow,ESTAT:HLTH_DE030(1.0),A,PC,PB1040,Y15-29,M,IT,2011,38.6,
dataflow,ESTAT:HLTH_DE030(1.0),A,PC,PB1040,Y15-29,M,LT,2011,59.4,
dataflow,ESTAT:HLTH_DE030(1.0),A,PC,PB1040,Y15-29,M,LU,2011,,u
dataflow,ESTAT:HLTH_DE030(1.0),A,PC,PB1040,Y15-29,M,LV,2011,,u
dataflow,ESTAT:HLTH_DE030(1.0),A,PC,PB1040,Y15-29,M,MT,2011,,u
dataflow,ESTAT:HLTH_DE030(1.0),A,PC,PB1040,Y15-29,M,NL,2011,25.4,u
dataflow,ESTAT:HLTH_DE030(1.0),A,PC,PB1040,Y15-29,M,PL,2011,44.1,
dataflow,ESTAT:HLTH_DE030(1.0),A,PC,PB1040,Y15-29,M,PT,2011,29.8,
dataflow,ESTAT:HLTH_DE030(1.0),A,PC,PB1040,Y15-29,M,RO,2011,64.5,
dataflow,ESTAT:HLTH_DE030(1.0),A,PC,PB1040,Y15-29,M,SE,2011,13.5,
dataflow,ESTAT:HLTH_DE030(1.0),A,PC,PB1040,Y15-29,M,SI,2011,30.2,u
dataflow,ESTAT:HLTH_DE030(1.0),A,PC,PB1040,Y15-29,M,SK,2011,62.8,
dataflow,ESTAT:HLTH_DE030(1.0),A,PC,PB1040,Y15-29,M,TR,2011,32.3,
dataflow,ESTAT:HLTH_DE030(1.0),A,PC,PB1040,Y15-29,M,UK,2011,32.1,
dataflow,ESTAT:HLTH_DE030(1.0),A,PC,PB1040,Y15-29,T,AT,2011,14.3,
dataflow,ESTAT:HLTH_DE030(1.0),A,PC,PB1040,Y15-29,T,BE,2011,26.1,
dataflow,ESTAT:HLTH_DE030(1.0),A,PC,PB1040,Y15-29,T,BG,2011,71.9,
dataflow,ESTAT:HLTH_DE030(1.0),A,PC,PB1040,Y15-29,T,CH,2011,9.9,
dataflow,ESTAT:HLTH_DE030(1.0),A,PC,PB1040,Y15-29,T,CY,2011,37.7,
dataflow,ESTAT:HLTH_DE030(1.0),A,PC,PB1040,Y15-29,T,CZ,2011,46.2,
dataflow,ESTAT:HLTH_DE030(1.0),A,PC,PB1040,Y15-29,T,DE,2011,19.7,
dataflow,ESTAT:HLTH_DE030(1.0),A,PC,PB1040,Y15-29,T,DK,2011,21.1,
dataflow,ESTAT:HLTH_DE030(1.0),A,PC,PB1040,Y15-29,T,EE,2011,28.3,
dataflow,ESTAT:HLTH_DE030(1.0),A,PC,PB1040,Y15-29,T,EL,2011,53.5,
dataflow,ESTAT:HLTH_DE030(1.0),A,PC,PB1040,Y15-29,T,ES,2011,34.5,
dataflow,ESTAT:HLTH_DE030(1.0),A,PC,PB1040,Y15-29,T,FI,2011,19.6,
dataflow,ESTAT:HLTH_DE030(1.0),A,PC,PB1040,Y15-29,T,FR,2011,24.4,
dataflow,ESTAT:HLTH_DE030(1.0),A,PC,PB1040,Y15-29,T,HR,2011,59.4,u
dataflow,ESTAT:HLTH_DE030(1.0),A,PC,PB1040,Y15-29,T,HU,2011,53.4,
dataflow,ESTAT:HLTH_DE030(1.0),A,PC,PB1040,Y15-29,T,IE,2011,44.8,
dataflow,ESTAT:HLTH_DE030(1.0),A,PC,PB1040,Y15-29,T,IS,2011,13.7,
dataflow,ESTAT:HLTH_DE030(1.0),A,PC,PB1040,Y15-29,T,IT,2011,43.6,
dataflow,ESTAT:HLTH_DE030(1.0),A,PC,PB1040,Y15-29,T,LT,2011,53.8,
dataflow,ESTAT:HLTH_DE030(1.0),A,PC,PB1040,Y15-29,T,LU,2011,13.3,u
dataflow,ESTAT:HLTH_DE030(1.0),A,PC,PB1040,Y15-29,T,LV,2011,26.4,u
dataflow,ESTAT:HLTH_DE030(1.0),A,PC,PB1040,Y15-29,T,MT,2011,,u
dataflow,ESTAT:HLTH_DE030(1.0),A,PC,PB1040,Y15-29,T,NL,2011,24.5,
dataflow,ESTAT:HLTH_DE030(1.0),A,PC,PB1040,Y15-29,T,PL,2011,41.4,
dataflow,ESTAT:HLTH_DE030(1.0),A,PC,PB1040,Y15-29,T,PT,2011,28.9,
dataflow,ESTAT:HLTH_DE030(1.0),A,PC,PB1040,Y15-29,T,RO,2011,63.6,
dataflow,ESTAT:HLTH_DE030(1.0),A,PC,PB1040,Y15-29,T,SE,2011,12.2,
dataflow,ESTAT:HLTH_DE030(1.0),A,PC,PB1040,Y15-29,T,SI,2011,26.7,u
dataflow,ESTAT:HLTH_DE030(1.0),A,PC,PB1040,Y15-29,T,SK,2011,55.4,
dataflow,ESTAT:HLTH_DE030(1.0),A,PC,PB1040,Y15-29,T,TR,2011,44.6,
dataflow,ESTAT:HLTH_DE030(1.0),A,PC,PB1040,Y15-29,T,UK,2011,31.9,
dataflow,ESTAT:HLTH_DE030(1.0),A,PC,PB1040,Y15-34,F,AT,2011,17.6,
dataflow,ESTAT:HLTH_DE030(1.0),A,PC,PB1040,Y15-34,F,BE,2011,37.9,
dataflow,ESTAT:HLTH_DE030(1.0),A,PC,PB1040,Y15-34,F,BG,2011,75.4,
dataflow,ESTAT:HLTH_DE030(1.0),A,PC,PB1040,Y15-34,F,CH,2011,12.5,
dataflow,ESTAT:HLTH_DE030(1.0),A,PC,PB1040,Y15-34,F,CY,2011,42.6,u
dataflow,ESTAT:HLTH_DE030(1.0),A,PC,PB1040,Y15-34,F,CZ,2011,41.6,
dataflow,ESTAT:HLTH_DE030(1.0),A,PC,PB1040,Y15-34,F,DE,2011,27.4,
dataflow,ESTAT:HLTH_DE030(1.0),A,PC,PB1040,Y15-34,F,DK,2011,27.0,
dataflow,ESTAT:HLTH_DE030(1.0),A,PC,PB1040,Y15-34,F,EE,2011,28,u
dataflow,ESTAT:HLTH_DE030(1.0),A,PC,PB1040,Y15-34,F,EL,2011,58.4,
dataflow,ESTAT:HLTH_DE030(1.0),A,PC,PB1040,Y15-34,F,ES,2011,25.9,
dataflow,ESTAT:HLTH_DE030(1.0),A,PC,PB1040,Y15-34,F,FI,2011,17.0,
dataflow,ESTAT:HLTH_DE030(1.0),A,PC,PB1040,Y15-34,F,FR,2011,29.2,
dataflow,ESTAT:HLTH_DE030(1.0),A,PC,PB1040,Y15-34,F,HR,2011,,u
dataflow,ESTAT:HLTH_DE030(1.0),A,PC,PB1040,Y15-34,F,HU,2011,60.7,
dataflow,ESTAT:HLTH_DE030(1.0),A,PC,PB1040,Y15-34,F,IE,2011,47.2,
dataflow,ESTAT:HLTH_DE030(1.0),A,PC,PB1040,Y15-34,F,IS,2011,16.9,
dataflow,ESTAT:HLTH_DE030(1.0),A,PC,PB1040,Y15-34,F,IT,2011,44.4,
dataflow,ESTAT:HLTH_DE030(1.0),A,PC,PB1040,Y15-34,F,LT,2011,43.3,u
dataflow,ESTAT:HLTH_DE030(1.0),A,PC,PB1040,Y15-34,F,LU,2011,18.3,
dataflow,ESTAT:HLTH_DE030(1.0),A,PC,PB1040,Y15-34,F,LV,2011,,u
dataflow,ESTAT:HLTH_DE030(1.0),A,PC,PB1040,Y15-34,F,MT,2011,,u
dataflow,ESTAT:HLTH_DE030(1.0),A,PC,PB1040,Y15-34,F,NL,2011,29.3,
dataflow,ESTAT:HLTH_DE030(1.0),A,PC,PB1040,Y15-34,F,PL,2011,45.2,
dataflow,ESTAT:HLTH_DE030(1.0),A,PC,PB1040,Y15-34,F,PT,2011,26.5,
dataflow,ESTAT:HLTH_DE030(1.0),A,PC,PB1040,Y15-34,F,RO,2011,58.4,
dataflow,ESTAT:HLTH_DE030(1.0),A,PC,PB1040,Y15-34,F,SE,2011,11.7,
dataflow,ESTAT:HLTH_DE030(1.0),A,PC,PB1040,Y15-34,F,SI,2011,26.1,u
dataflow,ESTAT:HLTH_DE030(1.0),A,PC,PB1040,Y15-34,F,SK,2011,56.6,
dataflow,ESTAT:HLTH_DE030(1.0),A,PC,PB1040,Y15-34,F,TR,2011,61.8,
dataflow,ESTAT:HLTH_DE030(1.0),A,PC,PB1040,Y15-34,F,UK,2011,36.4,
dataflow,ESTAT:HLTH_DE030(1.0),A,PC,PB1040,Y15-34,M,AT,2011,11.8,u
dataflow,ESTAT:HLTH_DE030(1.0),A,PC,PB1040,Y15-34,M,BE,2011,29.3,
dataflow,ESTAT:HLTH_DE030(1.0),A,PC,PB1040,Y15-34,M,BG,2011,72.9,
dataflow,ESTAT:HLTH_DE030(1.0),A,PC,PB1040,Y15-34,M,CH,2011,8.4,
dataflow,ESTAT:HLTH_DE030(1.0),A,PC,PB1040,Y15-34,M,CY,2011,40.9,
dataflow,ESTAT:HLTH_DE030(1.0),A,PC,PB1040,Y15-34,M,CZ,2011,45.5,
dataflow,ESTAT:HLTH_DE030(1.0),A,PC,PB1040,Y15-34,M,DE,2011,17.8,
dataflow,ESTAT:HLTH_DE030(1.0),A,PC,PB1040,Y15-34,M,DK,2011,24.1,
dataflow,ESTAT:HLTH_DE030(1.0),A,PC,PB1040,Y15-34,M,EE,2011,34.4,u
dataflow,ESTAT:HLTH_DE030(1.0),A,PC,PB1040,Y15-34,M,EL,2011,53.1,
dataflow,ESTAT:HLTH_DE030(1.0),A,PC,PB1040,Y15-34,M,ES,2011,38.4,
dataflow,ESTAT:HLTH_DE030(1.0),A,PC,PB1040,Y15-34,M,FI,2011,21.8,
dataflow,ESTAT:HLTH_DE030(1.0),A,PC,PB1040,Y15-34,M,FR,2011,19.1,
dataflow,ESTAT:HLTH_DE030(1.0),A,PC,PB1040,Y15-34,M,HR,2011,55.6,u
dataflow,ESTAT:HLTH_DE030(1.0),A,PC,PB1040,Y15-34,M,HU,2011,50.9,
dataflow,ESTAT:HLTH_DE030(1.0),A,PC,PB1040,Y15-34,M,IE,2011,50.3,
dataflow,ESTAT:HLTH_DE030(1.0),A,PC,PB1040,Y15-34,M,IS,2011,18.5,
dataflow,ESTAT:HLTH_DE030(1.0),A,PC,PB1040,Y15-34,M,IT,2011,36.5,
dataflow,ESTAT:HLTH_DE030(1.0),A,PC,PB1040,Y15-34,M,LT,2011,63.5,
dataflow,ESTAT:HLTH_DE030(1.0),A,PC,PB1040,Y15-34,M,LU,2011,,u
dataflow,ESTAT:HLTH_DE030(1.0),A,PC,PB1040,Y15-34,M,LV,2011,36.3,u
dataflow,ESTAT:HLTH_DE030(1.0),A,PC,PB1040,Y15-34,M,MT,2011,,u
dataflow,ESTAT:HLTH_DE030(1.0),A,PC,PB1040,Y15-34,M,NL,2011,31,u
dataflow,ESTAT:HLTH_DE030(1.0),A,PC,PB1040,Y15-34,M,PL,2011,46.2,
dataflow,ESTAT:HLTH_DE030(1.0),A,PC,PB1040,Y15-34,M,PT,2011,29.1,
dataflow,ESTAT:HLTH_DE030(1.0),A,PC,PB1040,Y15-34,M,RO,2011,63.9,
dataflow,ESTAT:HLTH_DE030(1.0),A,PC,PB1040,Y15-34,M,SE,2011,13.1,
dataflow,ESTAT:HLTH_DE030(1.0),A,PC,PB1040,Y15-34,M,SI,2011,29.3,u
dataflow,ESTAT:HLTH_DE030(1.0),A,PC,PB1040,Y15-34,M,SK,2011,65.6,
dataflow,ESTAT:HLTH_DE030(1.0),A,PC,PB1040,Y15-34,M,TR,2011,27.5,
dataflow,ESTAT:HLTH_DE030(1.0),A,PC,PB1040,Y15-34,M,UK,2011,34.0,
dataflow,ESTAT:HLTH_DE030(1.0),A,PC,PB1040,Y15-34,T,AT,2011,14.7,
dataflow,ESTAT:HLTH_DE030(1.0),A,PC,PB1040,Y15-34,T,BE,2011,33.3,
dataflow,ESTAT:HLTH_DE030(1.0),A,PC,PB1040,Y15-34,T,BG,2011,74.2,
dataflow,ESTAT:HLTH_DE030(1.0),A,PC,PB1040,Y15-34,T,CH,2011,10.7,
dataflow,ESTAT:HLTH_DE030(1.0),A,PC,PB1040,Y15-34,T,CY,2011,41.5,
dataflow,ESTAT:HLTH_DE030(1.0),A,PC,PB1040,Y15-34,T,CZ,2011,43.7,
dataflow,ESTAT:HLTH_DE030(1.0),A,PC,PB1040,Y15-34,T,DE,2011,22.4,
dataflow,ESTAT:HLTH_DE030(1.0),A,PC,PB1040,Y15-34,T,DK,2011,25.6,
dataflow,ESTAT:HLTH_DE030(1.0),A,PC,PB1040,Y15-34,T,EE,2011,31.1,
dataflow,ESTAT:HLTH_DE030(1.0),A,PC,PB1040,Y15-34,T,EL,2011,55.3,
dataflow,ESTAT:HLTH_DE030(1.0),A,PC,PB1040,Y15-34,T,ES,2011,31.7,
dataflow,ESTAT:HLTH_DE030(1.0),A,PC,PB1040,Y15-34,T,FI,2011,19.4,
dataflow,ESTAT:HLTH_DE030(1.0),A,PC,PB1040,Y15-34,T,FR,2011,25.0,
dataflow,ESTAT:HLTH_DE030(1.0),A,PC,PB1040,Y15-34,T,HR,2011,53.9,u
dataflow,ESTAT:HLTH_DE030(1.0),A,PC,PB1040,Y15-34,T,HU,2011,55.2,
dataflow,ESTAT:HLTH_DE030(1.0),A,PC,PB1040,Y15-34,T,IE,2011,48.8,
dataflow,ESTAT:HLTH_DE030(1.0),A,PC,PB1040,Y15-34,T,IS,2011,17.6,
dataflow,ESTAT:HLTH_DE030(1.0),A,PC,PB1040,Y15-34,T,IT,2011,40.2,
dataflow,ESTAT:HLTH_DE030(1.0),A,PC,PB1040,Y15-34,T,LT,2011,54.1,
dataflow,ESTAT:HLTH_DE030(1.0),A,PC,PB1040,Y15-34,T,LU,2011,12.9,
dataflow,ESTAT:HLTH_DE030(1.0),A,PC,PB1040,Y15-34,T,LV,2011,31.6,
dataflow,ESTAT:HLTH_DE030(1.0),A,PC,PB1040,Y15-34,T,MT,2011,,u
dataflow,ESTAT:HLTH_DE030(1.0),A,PC,PB1040,Y15-34,T,NL,2011,30.0,
dataflow,ESTAT:HLTH_DE030(1.0),A,PC,PB1040,Y15-34,T,PL,2011,45.8,
dataflow,ESTAT:HLTH_DE030(1.0),A,PC,PB1040,Y15-34,T,PT,2011,27.7,
dataflow,ESTAT:HLTH_DE030(1.0),A,PC,PB1040,Y15-34,T,RO,2011,61.3,
dataflow,ESTAT:HLTH_DE030(1.0),A,PC,PB1040,Y15-34,T,SE,2011,12.3,
dataflow,ESTAT:HLTH_DE030(1.0),A,PC,PB1040,Y15-34,T,SI,2011,27.9,u
dataflow,ESTAT:HLTH_DE030(1.0),A,PC,PB1040,Y15-34,T,SK,2011,61.5,
dataflow,ESTAT:HLTH_DE030(1.0),A,PC,PB1040,Y15-34,T,TR,2011,45.1,
dataflow,ESTAT:HLTH_DE030(1.0),A,PC,PB1040,Y15-34,T,UK,2011,35.3,
dataflow,ESTAT:HLTH_DE030(1.0),A,PC,PB1040,Y25-34,F,AT,2011,20.3,u
dataflow,ESTAT:HLTH_DE030(1.0),A,PC,PB1040,Y25-34,F,BE,2011,45.8,
dataflow,ESTAT:HLTH_DE030(1.0),A,PC,PB1040,Y25-34,F,BG,2011,70.9,u
dataflow,ESTAT:HLTH_DE030(1.0),A,PC,PB1040,Y25-34,F,CH,2011,18.8,
dataflow,ESTAT:HLTH_DE030(1.0),A,PC,PB1040,Y25-34,F,CY,2011,41.1,u
dataflow,ESTAT:HLTH_DE030(1.0),A,PC,PB1040,Y25-34,F,CZ,2011,49.1,
dataflow,ESTAT:HLTH_DE030(1.0),A,PC,PB1040,Y25-34,F,DE,2011,35.4,
dataflow,ESTAT:HLTH_DE030(1.0),A,PC,PB1040,Y25-34,F,DK,2011,38.4,
dataflow,ESTAT:HLTH_DE030(1.0),A,PC,PB1040,Y25-34,F,EE,2011,34.5,u
dataflow,ESTAT:HLTH_DE030(1.0),A,PC,PB1040,Y25-34,F,EL,2011,62.2,u
dataflow,ESTAT:HLTH_DE030(1.0),A,PC,PB1040,Y25-34,F,ES,2011,27.0,
dataflow,ESTAT:HLTH_DE030(1.0),A,PC,PB1040,Y25-34,F,FI,2011,18.5,
dataflow,ESTAT:HLTH_DE030(1.0),A,PC,PB1040,Y25-34,F,FR,2011,34.3,
dataflow,ESTAT:HLTH_DE030(1.0),A,PC,PB1040,Y25-34,F,HR,2011,,u
dataflow,ESTAT:HLTH_DE030(1.0),A,PC,PB1040,Y25-34,F,HU,2011,62.7,
dataflow,ESTAT:HLTH_DE030(1.0),A,PC,PB1040,Y25-34,F,IE,2011,51.5,
dataflow,ESTAT:HLTH_DE030(1.0),A,PC,PB1040,Y25-34,F,IS,2011,,u
dataflow,ESTAT:HLTH_DE030(1.0),A,PC,PB1040,Y25-34,F,IT,2011,43.8,
dataflow,ESTAT:HLTH_DE030(1.0),A,PC,PB1040,Y25-34,F,LT,2011,,u
dataflow,ESTAT:HLTH_DE030(1.0),A,PC,PB1040,Y25-34,F,LU,2011,17.8,u
dataflow,ESTAT:HLTH_DE030(1.0),A,PC,PB1040,Y25-34,F,LV,2011,,u
dataflow,ESTAT:HLTH_DE030(1.0),A,PC,PB1040,Y25-34,F,MT,2011,,u
dataflow,ESTAT:HLTH_DE030(1.0),A,PC,PB1040,Y25-34,F,NL,2011,38.2,u
dataflow,ESTAT:HLTH_DE030(1.0),A,PC,PB1040,Y25-34,F,PL,2011,54.7,
dataflow,ESTAT:HLTH_DE030(1.0),A,PC,PB1040,Y25-34,F,PT,2011,28.4,
dataflow,ESTAT:HLTH_DE030(1.0),A,PC,PB1040,Y25-34,F,RO,2011,57.8,
dataflow,ESTAT:HLTH_DE030(1.0),A,PC,PB1040,Y25-34,F,SE,2011,13.1,
dataflow,ESTAT:HLTH_DE030(1.0),A,PC,PB1040,Y25-34,F,SI,2011,26.3,u
dataflow,ESTAT:HLTH_DE030(1.0),A,PC,PB1040,Y25-34,F,SK,2011,70.5,
dataflow,ESTAT:HLTH_DE030(1.0),A,PC,PB1040,Y25-34,F,TR,2011,67.3,
dataflow,ESTAT:HLTH_DE030(1.0),A,PC,PB1040,Y25-34,F,UK,2011,41.0,
dataflow,ESTAT:HLTH_DE030(1.0),A,PC,PB1040,Y25-34,M,AT,2011,11.5,u
dataflow,ESTAT:HLTH_DE030(1.0),A,PC,PB1040,Y25-34,M,BE,2011,35.6,
dataflow,ESTAT:HLTH_DE030(1.0),A,PC,PB1040,Y25-34,M,BG,2011,75.3,u
dataflow,ESTAT:HLTH_DE030(1.0),A,PC,PB1040,Y25-34,M,CH,2011,8.3,u
dataflow,ESTAT:HLTH_DE030(1.0),A,PC,PB1040,Y25-34,M,CY,2011,41.7,u
dataflow,ESTAT:HLTH_DE030(1.0),A,PC,PB1040,Y25-34,M,CZ,2011,47.3,
dataflow,ESTAT:HLTH_DE030(1.0),A,PC,PB1040,Y25-34,M,DE,2011,19.5,
dataflow,ESTAT:HLTH_DE030(1.0),A,PC,PB1040,Y25-34,M,DK,2011,26.4,
dataflow,ESTAT:HLTH_DE030(1.0),A,PC,PB1040,Y25-34,M,EE,2011,40.1,u
dataflow,ESTAT:HLTH_DE030(1.0),A,PC,PB1040,Y25-34,M,EL,2011,58.0,
dataflow,ESTAT:HLTH_DE030(1.0),A,PC,PB1040,Y25-34,M,ES,2011,41.4,
dataflow,ESTAT:HLTH_DE030(1.0),A,PC,PB1040,Y25-34,M,FI,2011,21.9,
dataflow,ESTAT:HLTH_DE030(1.0),A,PC,PB1040,Y25-34,M,FR,2011,19.1,u
dataflow,ESTAT:HLTH_DE030(1.0),A,PC,PB1040,Y25-34,M,HR,2011,,u
dataflow,ESTAT:HLTH_DE030(1.0),A,PC,PB1040,Y25-34,M,HU,2011,55.4,
dataflow,ESTAT:HLTH_DE030(1.0),A,PC,PB1040,Y25-34,M,IE,2011,57.9,
dataflow,ESTAT:HLTH_DE030(1.0),A,PC,PB1040,Y25-34,M,IS,2011,,u
dataflow,ESTAT:HLTH_DE030(1.0),A,PC,PB1040,Y25-34,M,IT,2011,32.8,
dataflow,ESTAT:HLTH_DE030(1.0),A,PC,PB1040,Y25-34,M,LT,2011,77.4,u
dataflow,ESTAT:HLTH_DE030(1.0),A,PC,PB1040,Y25-34,M,LU,2011,,u
dataflow,ESTAT:HLTH_DE030(1.0),A,PC,PB1040,Y25-34,M,LV,2011,49.3,u
dataflow,ESTAT:HLTH_DE030(1.0),A,PC,PB1040,Y25-34,M,MT,2011,,u
dataflow,ESTAT:HLTH_DE030(1.0),A,PC,PB1040,Y25-34,M,NL,2011,42.6,u
dataflow,ESTAT:HLTH_DE030(1.0),A,PC,PB1040,Y25-34,M,PL,2011,52.5,
dataflow,ESTAT:HLTH_DE030(1.0),A,PC,PB1040,Y25-34,M,PT,2011,32.1,
dataflow,ESTAT:HLTH_DE030(1.0),A,PC,PB1040,Y25-34,M,RO,2011,63.9,
dataflow,ESTAT:HLTH_DE030(1.0),A,PC,PB1040,Y25-34,M,SE,2011,15.1,
dataflow,ESTAT:HLTH_DE030(1.0),A,PC,PB1040,Y25-34,M,SI,2011,31.6,u
dataflow,ESTAT:HLTH_DE030(1.0),A,PC,PB1040,Y25-34,M,SK,2011,73.5,
dataflow,ESTAT:HLTH_DE030(1.0),A,PC,PB1040,Y25-34,M,TR,2011,24.2,
dataflow,ESTAT:HLTH_DE030(1.0),A,PC,PB1040,Y25-34,M,UK,2011,38.5,
dataflow,ESTAT:HLTH_DE030(1.0),A,PC,PB1040,Y25-34,T,AT,2011,15.9,
dataflow,ESTAT:HLTH_DE030(1.0),A,PC,PB1040,Y25-34,T,BE,2011,41.0,
dataflow,ESTAT:HLTH_DE030(1.0),A,PC,PB1040,Y25-34,T,BG,2011,72.9,
dataflow,ESTAT:HLTH_DE030(1.0),A,PC,PB1040,Y25-34,T,CH,2011,14.1,
dataflow,ESTAT:HLTH_DE030(1.0),A,PC,PB1040,Y25-34,T,CY,2011,41.4,
dataflow,ESTAT:HLTH_DE030(1.0),A,PC,PB1040,Y25-34,T,CZ,2011,48.1,
dataflow,ESTAT:HLTH_DE030(1.0),A,PC,PB1040,Y25-34,T,DE,2011,27.3,
dataflow,ESTAT:HLTH_DE030(1.0),A,PC,PB1040,Y25-34,T,DK,2011,32.6,
dataflow,ESTAT:HLTH_DE030(1.0),A,PC,PB1040,Y25-34,T,EE,2011,37.1,
dataflow,ESTAT:HLTH_DE030(1.0),A,PC,PB1040,Y25-34,T,EL,2011,59.7,
dataflow,ESTAT:HLTH_DE030(1.0),A,PC,PB1040,Y25-34,T,ES,2011,33.6,
dataflow,ESTAT:HLTH_DE030(1.0),A,PC,PB1040,Y25-34,T,FI,2011,20.2,
dataflow,ESTAT:HLTH_DE030(1.0),A,PC,PB1040,Y25-34,T,FR,2011,27.7,
dataflow,ESTAT:HLTH_DE030(1.0),A,PC,PB1040,Y25-34,T,HR,2011,54,u
dataflow,ESTAT:HLTH_DE030(1.0),A,PC,PB1040,Y25-34,T,HU,2011,59.1,
dataflow,ESTAT:HLTH_DE030(1.0),A,PC,PB1040,Y25-34,T,IE,2011,54.6,
dataflow,ESTAT:HLTH_DE030(1.0),A,PC,PB1040,Y25-34,T,IS,2011,24.8,
dataflow,ESTAT:HLTH_DE030(1.0),A,PC,PB1040,Y25-34,T,IT,2011,38.0,
dataflow,ESTAT:HLTH_DE030(1.0),A,PC,PB1040,Y25-34,T,LT,2011,62.6,
dataflow,ESTAT:HLTH_DE030(1.0),A,PC,PB1040,Y25-34,T,LU,2011,11.9,u
dataflow,ESTAT:HLTH_DE030(1.0),A,PC,PB1040,Y25-34,T,LV,2011,38.5,
dataflow,ESTAT:HLTH_DE030(1.0),A,PC,PB1040,Y25-34,T,MT,2011,,u
dataflow,ESTAT:HLTH_DE030(1.0),A,PC,PB1040,Y25-34,T,NL,2011,40.0,
dataflow,ESTAT:HLTH_DE030(1.0),A,PC,PB1040,Y25-34,T,PL,2011,53.5,
dataflow,ESTAT:HLTH_DE030(1.0),A,PC,PB1040,Y25-34,T,PT,2011,30.0,
dataflow,ESTAT:HLTH_DE030(1.0),A,PC,PB1040,Y25-34,T,RO,2011,61.0,
dataflow,ESTAT:HLTH_DE030(1.0),A,PC,PB1040,Y25-34,T,SE,2011,13.9,
dataflow,ESTAT:HLTH_DE030(1.0),A,PC,PB1040,Y25-34,T,SI,2011,29.4,u
dataflow,ESTAT:HLTH_DE030(1.0),A,PC,PB1040,Y25-34,T,SK,2011,72.2,
dataflow,ESTAT:HLTH_DE030(1.0),A,PC,PB1040,Y25-34,T,TR,2011,46.9,
dataflow,ESTAT:HLTH_DE030(1.0),A,PC,PB1040,Y25-34,T,UK,2011,39.8,
dataflow,ESTAT:HLTH_DE030(1.0),A,PC,PB1041,Y15-24,F,AT,2011,6.9,
dataflow,ESTAT:HLTH_DE030(1.0),A,PC,PB1041,Y15-24,F,BE,2011,9.9,
dataflow,ESTAT:HLTH_DE030(1.0),A,PC,PB1041,Y15-24,F,BG,2011,21.1,
dataflow,ESTAT:HLTH_DE030(1.0),A,PC,PB1041,Y15-24,F,CH,2011,6.2,
dataflow,ESTAT:HLTH_DE030(1.0),A,PC,PB1041,Y15-24,F,CY,2011,10.5,
dataflow,ESTAT:HLTH_DE030(1.0),A,PC,PB1041,Y15-24,F,CZ,2011,9.1,
dataflow,ESTAT:HLTH_DE030(1.0),A,PC,PB1041,Y15-24,F,DE,2011,8.5,
dataflow,ESTAT:HLTH_DE030(1.0),A,PC,PB1041,Y15-24,F,DK,2011,5.1,
dataflow,ESTAT:HLTH_DE030(1.0),A,PC,PB1041,Y15-24,F,EE,2011,11.1,
dataflow,ESTAT:HLTH_DE030(1.0),A,PC,PB1041,Y15-24,F,EL,2011,17.6,
dataflow,ESTAT:HLTH_DE030(1.0),A,PC,PB1041,Y15-24,F,ES,2011,18.6,
dataflow,ESTAT:HLTH_DE030(1.0),A,PC,PB1041,Y15-24,F,FI,2011,6.9,
dataflow,ESTAT:HLTH_DE030(1.0),A,PC,PB1041,Y15-24,F,FR,2011,12.1,
dataflow,ESTAT:HLTH_DE030(1.0),A,PC,PB1041,Y15-24,F,HR,2011,13,u
dataflow,ESTAT:HLTH_DE030(1.0),A,PC,PB1041,Y15-24,F,HU,2011,12.3,
dataflow,ESTAT:HLTH_DE030(1.0),A,PC,PB1041,Y15-24,F,IE,2011,16.2,
dataflow,ESTAT:HLTH_DE030(1.0),A,PC,PB1041,Y15-24,F,IS,2011,,u
dataflow,ESTAT:HLTH_DE030(1.0),A,PC,PB1041,Y15-24,F,IT,2011,18.4,
dataflow,ESTAT:HLTH_DE030(1.0),A,PC,PB1041,Y15-24,F,LT,2011,8.9,
dataflow,ESTAT:HLTH_DE030(1.0),A,PC,PB1041,Y15-24,F,LU,2011,4.2,u
dataflow,ESTAT:HLTH_DE030(1.0),A,PC,PB1041,Y15-24,F,LV,2011,17.5,
dataflow,ESTAT:HLTH_DE030(1.0),A,PC,PB1041,Y15-24,F,MT,2011,12.7,
dataflow,ESTAT:HLTH_DE030(1.0),A,PC,PB1041,Y15-24,F,NL,2011,2.9,u
dataflow,ESTAT:HLTH_DE030(1.0),A,PC,PB1041,Y15-24,F,PL,2011,10.4,
dataflow,ESTAT:HLTH_DE030(1.0),A,PC,PB1041,Y15-24,F,PT,2011,11.5,
dataflow,ESTAT:HLTH_DE030(1.0),A,PC,PB1041,Y15-24,F,RO,2011,17.0,
dataflow,ESTAT:HLTH_DE030(1.0),A,PC,PB1041,Y15-24,F,SE,2011,5.6,
dataflow,ESTAT:HLTH_DE030(1.0),A,PC,PB1041,Y15-24,F,SI,2011,5.6,u
dataflow,ESTAT:HLTH_DE030(1.0),A,PC,PB1041,Y15-24,F,SK,2011,12.7,
dataflow,ESTAT:HLTH_DE030(1.0),A,PC,PB1041,Y15-24,F,TR,2011,38.9,
dataflow,ESTAT:HLTH_DE030(1.0),A,PC,PB1041,Y15-24,F,UK,2011,17.0,
dataflow,ESTAT:HLTH_DE030(1.0),A,PC,PB1041,Y15-24,M,AT,2011,6.0,
dataflow,ESTAT:HLTH_DE030(1.0),A,PC,PB1041,Y15-24,M,BE,2011,9.3,
dataflow,ESTAT:HLTH_DE030(1.0),A,PC,PB1041,Y15-24,M,BG,2011,21.6,
dataflow,ESTAT:HLTH_DE030(1.0),A,PC,PB1041,Y15-24,M,CH,2011,7.4,
dataflow,ESTAT:HLTH_DE030(1.0),A,PC,PB1041,Y15-24,M,CY,2011,10.8,
dataflow,ESTAT:HLTH_DE030(1.0),A,PC,PB1041,Y15-24,M,CZ,2011,6.3,
dataflow,ESTAT:HLTH_DE030(1.0),A,PC,PB1041,Y15-24,M,DE,2011,7.5,
dataflow,ESTAT:HLTH_DE030(1.0),A,PC,PB1041,Y15-24,M,DK,2011,5.7,
dataflow,ESTAT:HLTH_DE030(1.0),A,PC,PB1041,Y15-24,M,EE,2011,9.5,
dataflow,ESTAT:HLTH_DE030(1.0),A,PC,PB1041,Y15-24,M,EL,2011,14.1,
dataflow,ESTAT:HLTH_DE030(1.0),A,PC,PB1041,Y15-24,M,ES,2011,20.1,
dataflow,ESTAT:HLTH_DE030(1.0),A,PC,PB1041,Y15-24,M,FI,2011,5.9,
dataflow,ESTAT:HLTH_DE030(1.0),A,PC,PB1041,Y15-24,M,FR,2011,9.2,
dataflow,ESTAT:HLTH_DE030(1.0),A,PC,PB1041,Y15-24,M,HR,2011,15.8,
dataflow,ESTAT:HLTH_DE030(1.0),A,PC,PB1041,Y15-24,M,HU,2011,10.4,
dataflow,ESTAT:HLTH_DE030(1.0),A,PC,PB1041,Y15-24,M,IE,2011,19.3,
dataflow,ESTAT:HLTH_DE030(1.0),A,PC,PB1041,Y15-24,M,IS,2011,8.7,
dataflow,ESTAT:HLTH_DE030(1.0),A,PC,PB1041,Y15-24,M,IT,2011,17.5,
dataflow,ESTAT:HLTH_DE030(1.0),A,PC,PB1041,Y15-24,M,LT,2011,11.8,
dataflow,ESTAT:HLTH_DE030(1.0),A,PC,PB1041,Y15-24,M,LU,2011,4.3,
dataflow,ESTAT:HLTH_DE030(1.0),A,PC,PB1041,Y15-24,M,LV,2011,15.8,
dataflow,ESTAT:HLTH_DE030(1.0),A,PC,PB1041,Y15-24,M,MT,2011,10.2,u
dataflow,ESTAT:HLTH_DE030(1.0),A,PC,PB1041,Y15-24,M,NL,2011,2.5,u
dataflow,ESTAT:HLTH_DE030(1.0),A,PC,PB1041,Y15-24,M,PL,2011,9.6,
dataflow,ESTAT:HLTH_DE030(1.0),A,PC,PB1041,Y15-24,M,PT,2011,10.5,
dataflow,ESTAT:HLTH_DE030(1.0),A,PC,PB1041,Y15-24,M,RO,2011,14.8,
dataflow,ESTAT:HLTH_DE030(1.0),A,PC,PB1041,Y15-24,M,SE,2011,7.1,
dataflow,ESTAT:HLTH_DE030(1.0),A,PC,PB1041,Y15-24,M,SI,2011,5.6,u
dataflow,ESTAT:HLTH_DE030(1.0),A,PC,PB1041,Y15-24,M,SK,2011,12.7,
dataflow,ESTAT:HLTH_DE030(1.0),A,PC,PB1041,Y15-24,M,TR,2011,14.0,
dataflow,ESTAT:HLTH_DE030(1.0),A,PC,PB1041,Y15-24,M,UK,2011,14.8,
dataflow,ESTAT:HLTH_DE030(1.0),A,PC,PB1041,Y15-24,T,AT,2011,6.5,
dataflow,ESTAT:HLTH_DE030(1.0),A,PC,PB1041,Y15-24,T,BE,2011,9.6,
dataflow,ESTAT:HLTH_DE030(1.0),A,PC,PB1041,Y15-24,T,BG,2011,21.4,
dataflow,ESTAT:HLTH_DE030(1.0),A,PC,PB1041,Y15-24,T,CH,2011,6.8,
dataflow,ESTAT:HLTH_DE030(1.0),A,PC,PB1041,Y15-24,T,CY,2011,10.6,
dataflow,ESTAT:HLTH_DE030(1.0),A,PC,PB1041,Y15-24,T,CZ,2011,7.7,
dataflow,ESTAT:HLTH_DE030(1.0),A,PC,PB1041,Y15-24,T,DE,2011,8.0,
dataflow,ESTAT:HLTH_DE030(1.0),A,PC,PB1041,Y15-24,T,DK,2011,5.4,
dataflow,ESTAT:HLTH_DE030(1.0),A,PC,PB1041,Y15-24,T,EE,2011,10.3,
dataflow,ESTAT:HLTH_DE030(1.0),A,PC,PB1041,Y15-24,T,EL,2011,15.9,
dataflow,ESTAT:HLTH_DE030(1.0),A,PC,PB1041,Y15-24,T,ES,2011,19.4,
dataflow,ESTAT:HLTH_DE030(1.0),A,PC,PB1041,Y15-24,T,FI,2011,6.4,
dataflow,ESTAT:HLTH_DE030(1.0),A,PC,PB1041,Y15-24,T,FR,2011,10.7,
dataflow,ESTAT:HLTH_DE030(1.0),A,PC,PB1041,Y15-24,T,HR,2011,14.5,
dataflow,ESTAT:HLTH_DE030(1.0),A,PC,PB1041,Y15-24,T,HU,2011,11.3,
dataflow,ESTAT:HLTH_DE030(1.0),A,PC,PB1041,Y15-24,T,IE,2011,17.8,
dataflow,ESTAT:HLTH_DE030(1.0),A,PC,PB1041,Y15-24,T,IS,2011,7.3,
dataflow,ESTAT:HLTH_DE030(1.0),A,PC,PB1041,Y15-24,T,IT,2011,18.0,
dataflow,ESTAT:HLTH_DE030(1.0),A,PC,PB1041,Y15-24,T,LT,2011,10.4,
dataflow,ESTAT:HLTH_DE030(1.0),A,PC,PB1041,Y15-24,T,LU,2011,4.2,
dataflow,ESTAT:HLTH_DE030(1.0),A,PC,PB1041,Y15-24,T,LV,2011,16.6,
dataflow,ESTAT:HLTH_DE030(1.0),A,PC,PB1041,Y15-24,T,MT,2011,11.4,
dataflow,ESTAT:HLTH_DE030(1.0),A,PC,PB1041,Y15-24,T,NL,2011,2.7,
dataflow,ESTAT:HLTH_DE030(1.0),A,PC,PB1041,Y15-24,T,PL,2011,10.0,
dataflow,ESTAT:HLTH_DE030(1.0),A,PC,PB1041,Y15-24,T,PT,2011,11.0,
dataflow,ESTAT:HLTH_DE030(1.0),A,PC,PB1041,Y15-24,T,RO,2011,15.9,
dataflow,ESTAT:HLTH_DE030(1.0),A,PC,PB1041,Y15-24,T,SE,2011,6.4,
dataflow,ESTAT:HLTH_DE030(1.0),A,PC,PB1041,Y15-24,T,SI,2011,5.6,
dataflow,ESTAT:HLTH_DE030(1.0),A,PC,PB1041,Y15-24,T,SK,2011,12.7,
dataflow,ESTAT:HLTH_DE030(1.0),A,PC,PB1041,Y15-24,T,TR,2011,26.7,
dataflow,ESTAT:HLTH_DE030(1.0),A,PC,PB1041,Y15-24,T,UK,2011,15.9,
dataflow,ESTAT:HLTH_DE030(1.0),A,PC,PB1041,Y15-29,F,AT,2011,8.9,
dataflow,ESTAT:HLTH_DE030(1.0),A,PC,PB1041,Y15-29,F,BE,2011,13.4,
dataflow,ESTAT:HLTH_DE030(1.0),A,PC,PB1041,Y15-29,F,BG,2011,25.3,
dataflow,ESTAT:HLTH_DE030(1.0),A,PC,PB1041,Y15-29,F,CH,2011,9.0,
dataflow,ESTAT:HLTH_DE030(1.0),A,PC,PB1041,Y15-29,F,CY,2011,12.8,
dataflow,ESTAT:HLTH_DE030(1.0),A,PC,PB1041,Y15-29,F,CZ,2011,17.4,
dataflow,ESTAT:HLTH_DE030(1.0),A,PC,PB1041,Y15-29,F,DE,2011,11.5,
dataflow,ESTAT:HLTH_DE030(1.0),A,PC,PB1041,Y15-29,F,DK,2011,6.6,
dataflow,ESTAT:HLTH_DE030(1.0),A,PC,PB1041,Y15-29,F,EE,2011,16.1,
dataflow,ESTAT:HLTH_DE030(1.0),A,PC,PB1041,Y15-29,F,EL,2011,25.6,
dataflow,ESTAT:HLTH_DE030(1.0),A,PC,PB1041,Y15-29,F,ES,2011,21.1,
dataflow,ESTAT:HLTH_DE030(1.0),A,PC,PB1041,Y15-29,F,FI,2011,10.3,
dataflow,ESTAT:HLTH_DE030(1.0),A,PC,PB1041,Y15-29,F,FR,2011,16.0,
dataflow,ESTAT:HLTH_DE030(1.0),A,PC,PB1041,Y15-29,F,HR,2011,15.5,
dataflow,ESTAT:HLTH_DE030(1.0),A,PC,PB1041,Y15-29,F,HU,2011,19.7,
dataflow,ESTAT:HLTH_DE030(1.0),A,PC,PB1041,Y15-29,F,IE,2011,19.8,
dataflow,ESTAT:HLTH_DE030(1.0),A,PC,PB1041,Y15-29,F,IS,2011,7.1,
dataflow,ESTAT:HLTH_DE030(1.0),A,PC,PB1041,Y15-29,F,IT,2011,23.2,
dataflow,ESTAT:HLTH_DE030(1.0),A,PC,PB1041,Y15-29,F,LT,2011,12.2,
dataflow,ESTAT:HLTH_DE030(1.0),A,PC,PB1041,Y15-29,F,LU,2011,7.8,
dataflow,ESTAT:HLTH_DE030(1.0),A,PC,PB1041,Y15-29,F,LV,2011,21.5,
dataflow,ESTAT:HLTH_DE030(1.0),A,PC,PB1041,Y15-29,F,MT,2011,15.6,
dataflow,ESTAT:HLTH_DE030(1.0),A,PC,PB1041,Y15-29,F,NL,2011,4.7,
dataflow,ESTAT:HLTH_DE030(1.0),A,PC,PB1041,Y15-29,F,PL,2011,17.0,
dataflow,ESTAT:HLTH_DE030(1.0),A,PC,PB1041,Y15-29,F,PT,2011,13.2,
dataflow,ESTAT:HLTH_DE030(1.0),A,PC,PB1041,Y15-29,F,RO,2011,20.5,
dataflow,ESTAT:HLTH_DE030(1.0),A,PC,PB1041,Y15-29,F,SE,2011,6.4,
dataflow,ESTAT:HLTH_DE030(1.0),A,PC,PB1041,Y15-29,F,SI,2011,8.3,
dataflow,ESTAT:HLTH_DE030(1.0),A,PC,PB1041,Y15-29,F,SK,2011,20.0,
dataflow,ESTAT:HLTH_DE030(1.0),A,PC,PB1041,Y15-29,F,TR,2011,46.3,
dataflow,ESTAT:HLTH_DE030(1.0),A,PC,PB1041,Y15-29,F,UK,2011,19.2,
dataflow,ESTAT:HLTH_DE030(1.0),A,PC,PB1041,Y15-29,M,AT,2011,5.7,
dataflow,ESTAT:HLTH_DE030(1.0),A,PC,PB1041,Y15-29,M,BE,2011,9.5,
dataflow,ESTAT:HLTH_DE030(1.0),A,PC,PB1041,Y15-29,M,BG,2011,22.5,
dataflow,ESTAT:HLTH_DE030(1.0),A,PC,PB1041,Y15-29,M,CH,2011,6.6,
dataflow,ESTAT:HLTH_DE030(1.0),A,PC,PB1041,Y15-29,M,CY,2011,11.0,
dataflow,ESTAT:HLTH_DE030(1.0),A,PC,PB1041,Y15-29,M,CZ,2011,7.0,
dataflow,ESTAT:HLTH_DE030(1.0),A,PC,PB1041,Y15-29,M,DE,2011,8.5,
dataflow,ESTAT:HLTH_DE030(1.0),A,PC,PB1041,Y15-29,M,DK,2011,6.5,
dataflow,ESTAT:HLTH_DE030(1.0),A,PC,PB1041,Y15-29,M,EE,2011,10.6,
dataflow,ESTAT:HLTH_DE030(1.0),A,PC,PB1041,Y15-29,M,EL,2011,17.4,
dataflow,ESTAT:HLTH_DE030(1.0),A,PC,PB1041,Y15-29,M,ES,2011,20.4,
dataflow,ESTAT:HLTH_DE030(1.0),A,PC,PB1041,Y15-29,M,FI,2011,6.4,
dataflow,ESTAT:HLTH_DE030(1.0),A,PC,PB1041,Y15-29,M,FR,2011,10.3,
dataflow,ESTAT:HLTH_DE030(1.0),A,PC,PB1041,Y15-29,M,HR,2011,18.1,
dataflow,ESTAT:HLTH_DE030(1.0),A,PC,PB1041,Y15-29,M,HU,2011,12.0,
dataflow,ESTAT:HLTH_DE030(1.0),A,PC,PB1041,Y15-29,M,IE,2011,21.7,
dataflow,ESTAT:HLTH_DE030(1.0),A,PC,PB1041,Y15-29,M,IS,2011,9.1,
dataflow,ESTAT:HLTH_DE030(1.0),A,PC,PB1041,Y15-29,M,IT,2011,18.0,
dataflow,ESTAT:HLTH_DE030(1.0),A,PC,PB1041,Y15-29,M,LT,2011,14.5,
dataflow,ESTAT:HLTH_DE030(1.0),A,PC,PB1041,Y15-29,M,LU,2011,4.8,
dataflow,ESTAT:HLTH_DE030(1.0),A,PC,PB1041,Y15-29,M,LV,2011,17.8,
dataflow,ESTAT:HLTH_DE030(1.0),A,PC,PB1041,Y15-29,M,MT,2011,9.3,
dataflow,ESTAT:HLTH_DE030(1.0),A,PC,PB1041,Y15-29,M,NL,2011,3.1,
dataflow,ESTAT:HLTH_DE030(1.0),A,PC,PB1041,Y15-29,M,PL,2011,10.3,
dataflow,ESTAT:HLTH_DE030(1.0),A,PC,PB1041,Y15-29,M,PT,2011,11.2,
dataflow,ESTAT:HLTH_DE030(1.0),A,PC,PB1041,Y15-29,M,RO,2011,14.7,
dataflow,ESTAT:HLTH_DE030(1.0),A,PC,PB1041,Y15-29,M,SE,2011,6.6,
dataflow,ESTAT:HLTH_DE030(1.0),A,PC,PB1041,Y15-29,M,SI,2011,7.4,
dataflow,ESTAT:HLTH_DE030(1.0),A,PC,PB1041,Y15-29,M,SK,2011,14.1,
dataflow,ESTAT:HLTH_DE030(1.0),A,PC,PB1041,Y15-29,M,TR,2011,13.4,
dataflow,ESTAT:HLTH_DE030(1.0),A,PC,PB1041,Y15-29,M,UK,2011,13.2,
dataflow,ESTAT:HLTH_DE030(1.0),A,PC,PB1041,Y15-29,T,AT,2011,7.3,
dataflow,ESTAT:HLTH_DE030(1.0),A,PC,PB1041,Y15-29,T,BE,2011,11.4,
dataflow,ESTAT:HLTH_DE030(1.0),A,PC,PB1041,Y15-29,T,BG,2011,23.9,
dataflow,ESTAT:HLTH_DE030(1.0),A,PC,PB1041,Y15-29,T,CH,2011,7.8,
dataflow,ESTAT:HLTH_DE030(1.0),A,PC,PB1041,Y15-29,T,CY,2011,12.0,
dataflow,ESTAT:HLTH_DE030(1.0),A,PC,PB1041,Y15-29,T,CZ,2011,12.1,
dataflow,ESTAT:HLTH_DE030(1.0),A,PC,PB1041,Y15-29,T,DE,2011,10.0,
dataflow,ESTAT:HLTH_DE030(1.0),A,PC,PB1041,Y15-29,T,DK,2011,6.5,
dataflow,ESTAT:HLTH_DE030(1.0),A,PC,PB1041,Y15-29,T,EE,2011,13.3,
dataflow,ESTAT:HLTH_DE030(1.0),A,PC,PB1041,Y15-29,T,EL,2011,21.5,
dataflow,ESTAT:HLTH_DE030(1.0),A,PC,PB1041,Y15-29,T,ES,2011,20.8,
dataflow,ESTAT:HLTH_DE030(1.0),A,PC,PB1041,Y15-29,T,FI,2011,8.3,
dataflow,ESTAT:HLTH_DE030(1.0),A,PC,PB1041,Y15-29,T,FR,2011,13.2,
dataflow,ESTAT:HLTH_DE030(1.0),A,PC,PB1041,Y15-29,T,HR,2011,16.9,
dataflow,ESTAT:HLTH_DE030(1.0),A,PC,PB1041,Y15-29,T,HU,2011,15.8,
dataflow,ESTAT:HLTH_DE030(1.0),A,PC,PB1041,Y15-29,T,IE,2011,20.7,
dataflow,ESTAT:HLTH_DE030(1.0),A,PC,PB1041,Y15-29,T,IS,2011,8.2,
dataflow,ESTAT:HLTH_DE030(1.0),A,PC,PB1041,Y15-29,T,IT,2011,20.6,
dataflow,ESTAT:HLTH_DE030(1.0),A,PC,PB1041,Y15-29,T,LT,2011,13.4,
dataflow,ESTAT:HLTH_DE030(1.0),A,PC,PB1041,Y15-29,T,LU,2011,6.3,
dataflow,ESTAT:HLTH_DE030(1.0),A,PC,PB1041,Y15-29,T,LV,2011,19.6,
dataflow,ESTAT:HLTH_DE030(1.0),A,PC,PB1041,Y15-29,T,MT,2011,12.3,
dataflow,ESTAT:HLTH_DE030(1.0),A,PC,PB1041,Y15-29,T,NL,2011,3.9,
dataflow,ESTAT:HLTH_DE030(1.0),A,PC,PB1041,Y15-29,T,PL,2011,13.6,
dataflow,ESTAT:HLTH_DE030(1.0),A,PC,PB1041,Y15-29,T,PT,2011,12.2,
dataflow,ESTAT:HLTH_DE030(1.0),A,PC,PB1041,Y15-29,T,RO,2011,17.6,
dataflow,ESTAT:HLTH_DE030(1.0),A,PC,PB1041,Y15-29,T,SE,2011,6.5,
dataflow,ESTAT:HLTH_DE030(1.0),A,PC,PB1041,Y15-29,T,SI,2011,7.8,
dataflow,ESTAT:HLTH_DE030(1.0),A,PC,PB1041,Y15-29,T,SK,2011,17.0,
dataflow,ESTAT:HLTH_DE030(1.0),A,PC,PB1041,Y15-29,T,TR,2011,30.1,
dataflow,ESTAT:HLTH_DE030(1.0),A,PC,PB1041,Y15-29,T,UK,2011,16.1,
dataflow,ESTAT:HLTH_DE030(1.0),A,PC,PB1041,Y15-34,F,AT,2011,10.5,
dataflow,ESTAT:HLTH_DE030(1.0),A,PC,PB1041,Y15-34,F,BE,2011,14.4,
dataflow,ESTAT:HLTH_DE030(1.0),A,PC,PB1041,Y15-34,F,BG,2011,27.1,
dataflow,ESTAT:HLTH_DE030(1.0),A,PC,PB1041,Y15-34,F,CH,2011,11.1,
dataflow,ESTAT:HLTH_DE030(1.0),A,PC,PB1041,Y15-34,F,CY,2011,13.8,
dataflow,ESTAT:HLTH_DE030(1.0),A,PC,PB1041,Y15-34,F,CZ,2011,23.3,
dataflow,ESTAT:HLTH_DE030(1.0),A,PC,PB1041,Y15-34,F,DE,2011,15.7,
dataflow,ESTAT:HLTH_DE030(1.0),A,PC,PB1041,Y15-34,F,DK,2011,7.2,
dataflow,ESTAT:HLTH_DE030(1.0),A,PC,PB1041,Y15-34,F,EE,2011,19.3,
dataflow,ESTAT:HLTH_DE030(1.0),A,PC,PB1041,Y15-34,F,EL,2011,30.0,
dataflow,ESTAT:HLTH_DE030(1.0),A,PC,PB1041,Y15-34,F,ES,2011,23.3,
dataflow,ESTAT:HLTH_DE030(1.0),A,PC,PB1041,Y15-34,F,FI,2011,12.5,
dataflow,ESTAT:HLTH_DE030(1.0),A,PC,PB1041,Y15-34,F,FR,2011,17.2,
dataflow,ESTAT:HLTH_DE030(1.0),A,PC,PB1041,Y15-34,F,HR,2011,18.6,
dataflow,ESTAT:HLTH_DE030(1.0),A,PC,PB1041,Y15-34,F,HU,2011,24.9,
dataflow,ESTAT:HLTH_DE030(1.0),A,PC,PB1041,Y15-34,F,IE,2011,21.7,
dataflow,ESTAT:HLTH_DE030(1.0),A,PC,PB1041,Y15-34,F,IS,2011,8.1,
dataflow,ESTAT:HLTH_DE030(1.0),A,PC,PB1041,Y15-34,F,IT,2011,27.2,
dataflow,ESTAT:HLTH_DE030(1.0),A,PC,PB1041,Y15-34,F,LT,2011,13.2,
dataflow,ESTAT:HLTH_DE030(1.0),A,PC,PB1041,Y15-34,F,LU,2011,9.8,
dataflow,ESTAT:HLTH_DE030(1.0),A,PC,PB1041,Y15-34,F,LV,2011,21.4,
dataflow,ESTAT:HLTH_DE030(1.0),A,PC,PB1041,Y15-34,F,MT,2011,20.4,
dataflow,ESTAT:HLTH_DE030(1.0),A,PC,PB1041,Y15-34,F,NL,2011,6.1,
dataflow,ESTAT:HLTH_DE030(1.0),A,PC,PB1041,Y15-34,F,PL,2011,19.8,
dataflow,ESTAT:HLTH_DE030(1.0),A,PC,PB1041,Y15-34,F,PT,2011,13.9,
dataflow,ESTAT:HLTH_DE030(1.0),A,PC,PB1041,Y15-34,F,RO,2011,22.6,
dataflow,ESTAT:HLTH_DE030(1.0),A,PC,PB1041,Y15-34,F,SE,2011,7.0,
dataflow,ESTAT:HLTH_DE030(1.0),A,PC,PB1041,Y15-34,F,SI,2011,9.0,
dataflow,ESTAT:HLTH_DE030(1.0),A,PC,PB1041,Y15-34,F,SK,2011,24.8,
dataflow,ESTAT:HLTH_DE030(1.0),A,PC,PB1041,Y15-34,F,TR,2011,50.2,
dataflow,ESTAT:HLTH_DE030(1.0),A,PC,PB1041,Y15-34,F,UK,2011,19.5,
dataflow,ESTAT:HLTH_DE030(1.0),A,PC,PB1041,Y15-34,M,AT,2011,5.6,
dataflow,ESTAT:HLTH_DE030(1.0),A,PC,PB1041,Y15-34,M,BE,2011,9.0,
dataflow,ESTAT:HLTH_DE030(1.0),A,PC,PB1041,Y15-34,M,BG,2011,22.3,
dataflow,ESTAT:HLTH_DE030(1.0),A,PC,PB1041,Y15-34,M,CH,2011,5.6,
dataflow,ESTAT:HLTH_DE030(1.0),A,PC,PB1041,Y15-34,M,CY,2011,10.4,
dataflow,ESTAT:HLTH_DE030(1.0),A,PC,PB1041,Y15-34,M,CZ,2011,6.4,
dataflow,ESTAT:HLTH_DE030(1.0),A,PC,PB1041,Y15-34,M,DE,2011,8.5,
dataflow,ESTAT:HLTH_DE030(1.0),A,PC,PB1041,Y15-34,M,DK,2011,6.6,
dataflow,ESTAT:HLTH_DE030(1.0),A,PC,PB1041,Y15-34,M,EE,2011,11.2,
dataflow,ESTAT:HLTH_DE030(1.0),A,PC,PB1041,Y15-34,M,EL,2011,17.2,
dataflow,ESTAT:HLTH_DE030(1.0),A,PC,PB1041,Y15-34,M,ES,2011,20.2,
dataflow,ESTAT:HLTH_DE030(1.0),A,PC,PB1041,Y15-34,M,FI,2011,6.1,
dataflow,ESTAT:HLTH_DE030(1.0),A,PC,PB1041,Y15-34,M,FR,2011,9.8,
dataflow,ESTAT:HLTH_DE030(1.0),A,PC,PB1041,Y15-34,M,HR,2011,17.6,
dataflow,ESTAT:HLTH_DE030(1.0),A,PC,PB1041,Y15-34,M,HU,2011,12.0,
dataflow,ESTAT:HLTH_DE030(1.0),A,PC,PB1041,Y15-34,M,IE,2011,21.6,
dataflow,ESTAT:HLTH_DE030(1.0),A,PC,PB1041,Y15-34,M,IS,2011,8.1,
dataflow,ESTAT:HLTH_DE030(1.0),A,PC,PB1041,Y15-34,M,IT,2011,16.6,
dataflow,ESTAT:HLTH_DE030(1.0),A,PC,PB1041,Y15-34,M,LT,2011,15.8,
dataflow,ESTAT:HLTH_DE030(1.0),A,PC,PB1041,Y15-34,M,LU,2011,4.4,
dataflow,ESTAT:HLTH_DE030(1.0),A,PC,PB1041,Y15-34,M,LV,2011,19.2,
dataflow,ESTAT:HLTH_DE030(1.0),A,PC,PB1041,Y15-34,M,MT,2011,8.7,
dataflow,ESTAT:HLTH_DE030(1.0),A,PC,PB1041,Y15-34,M,NL,2011,3.4,
dataflow,ESTAT:HLTH_DE030(1.0),A,PC,PB1041,Y15-34,M,PL,2011,10.0,
dataflow,ESTAT:HLTH_DE030(1.0),A,PC,PB1041,Y15-34,M,PT,2011,10.7,
dataflow,ESTAT:HLTH_DE030(1.0),A,PC,PB1041,Y15-34,M,RO,2011,14.0,
dataflow,ESTAT:HLTH_DE030(1.0),A,PC,PB1041,Y15-34,M,SE,2011,5.8,
dataflow,ESTAT:HLTH_DE030(1.0),A,PC,PB1041,Y15-34,M,SI,2011,7.6,
dataflow,ESTAT:HLTH_DE030(1.0),A,PC,PB1041,Y15-34,M,SK,2011,13.9,
dataflow,ESTAT:HLTH_DE030(1.0),A,PC,PB1041,Y15-34,M,TR,2011,12.4,
dataflow,ESTAT:HLTH_DE030(1.0),A,PC,PB1041,Y15-34,M,UK,2011,11.8,
dataflow,ESTAT:HLTH_DE030(1.0),A,PC,PB1041,Y15-34,T,AT,2011,8.1,
dataflow,ESTAT:HLTH_DE030(1.0),A,PC,PB1041,Y15-34,T,BE,2011,11.7,
dataflow,ESTAT:HLTH_DE030(1.0),A,PC,PB1041,Y15-34,T,BG,2011,24.6,
dataflow,ESTAT:HLTH_DE030(1.0),A,PC,PB1041,Y15-34,T,CH,2011,8.3,
dataflow,ESTAT:HLTH_DE030(1.0),A,PC,PB1041,Y15-34,T,CY,2011,12.2,
dataflow,ESTAT:HLTH_DE030(1.0),A,PC,PB1041,Y15-34,T,CZ,2011,14.7,
dataflow,ESTAT:HLTH_DE030(1.0),A,PC,PB1041,Y15-34,T,DE,2011,12.1,
dataflow,ESTAT:HLTH_DE030(1.0),A,PC,PB1041,Y15-34,T,DK,2011,6.9,
dataflow,ESTAT:HLTH_DE030(1.0),A,PC,PB1041,Y15-34,T,EE,2011,15.2,
dataflow,ESTAT:HLTH_DE030(1.0),A,PC,PB1041,Y15-34,T,EL,2011,23.5,
dataflow,ESTAT:HLTH_DE030(1.0),A,PC,PB1041,Y15-34,T,ES,2011,21.8,
dataflow,ESTAT:HLTH_DE030(1.0),A,PC,PB1041,Y15-34,T,FI,2011,9.3,
dataflow,ESTAT:HLTH_DE030(1.0),A,PC,PB1041,Y15-34,T,FR,2011,13.5,
dataflow,ESTAT:HLTH_DE030(1.0),A,PC,PB1041,Y15-34,T,HR,2011,18.1,
dataflow,ESTAT:HLTH_DE030(1.0),A,PC,PB1041,Y15-34,T,HU,2011,18.3,
dataflow,ESTAT:HLTH_DE030(1.0),A,PC,PB1041,Y15-34,T,IE,2011,21.6,
dataflow,ESTAT:HLTH_DE030(1.0),A,PC,PB1041,Y15-34,T,IS,2011,8.1,
dataflow,ESTAT:HLTH_DE030(1.0),A,PC,PB1041,Y15-34,T,IT,2011,21.9,
dataflow,ESTAT:HLTH_DE030(1.0),A,PC,PB1041,Y15-34,T,LT,2011,14.5,
dataflow,ESTAT:HLTH_DE030(1.0),A,PC,PB1041,Y15-34,T,LU,2011,7.0,
dataflow,ESTAT:HLTH_DE030(1.0),A,PC,PB1041,Y15-34,T,LV,2011,20.3,
dataflow,ESTAT:HLTH_DE030(1.0),A,PC,PB1041,Y15-34,T,MT,2011,14.3,
dataflow,ESTAT:HLTH_DE030(1.0),A,PC,PB1041,Y15-34,T,NL,2011,4.8,
dataflow,ESTAT:HLTH_DE030(1.0),A,PC,PB1041,Y15-34,T,PL,2011,14.8,
dataflow,ESTAT:HLTH_DE030(1.0),A,PC,PB1041,Y15-34,T,PT,2011,12.2,
dataflow,ESTAT:HLTH_DE030(1.0),A,PC,PB1041,Y15-34,T,RO,2011,18.2,
dataflow,ESTAT:HLTH_DE030(1.0),A,PC,PB1041,Y15-34,T,SE,2011,6.4,
dataflow,ESTAT:HLTH_DE030(1.0),A,PC,PB1041,Y15-34,T,SI,2011,8.2,
dataflow,ESTAT:HLTH_DE030(1.0),A,PC,PB1041,Y15-34,T,SK,2011,19.2,
dataflow,ESTAT:HLTH_DE030(1.0),A,PC,PB1041,Y15-34,T,TR,2011,31.4,
dataflow,ESTAT:HLTH_DE030(1.0),A,PC,PB1041,Y15-34,T,UK,2011,15.6,
dataflow,ESTAT:HLTH_DE030(1.0),A,PC,PB1041,Y25-34,F,AT,2011,13.9,
dataflow,ESTAT:HLTH_DE030(1.0),A,PC,PB1041,Y25-34,F,BE,2011,18.7,
dataflow,ESTAT:HLTH_DE030(1.0),A,PC,PB1041,Y25-34,F,BG,2011,32.2,
dataflow,ESTAT:HLTH_DE030(1.0),A,PC,PB1041,Y25-34,F,CH,2011,15.1,
dataflow,ESTAT:HLTH_DE030(1.0),A,PC,PB1041,Y25-34,F,CY,2011,16.3,
dataflow,ESTAT:HLTH_DE030(1.0),A,PC,PB1041,Y25-34,F,CZ,2011,34.4,
dataflow,ESTAT:HLTH_DE030(1.0),A,PC,PB1041,Y25-34,F,DE,2011,22.9,
dataflow,ESTAT:HLTH_DE030(1.0),A,PC,PB1041,Y25-34,F,DK,2011,9.4,
dataflow,ESTAT:HLTH_DE030(1.0),A,PC,PB1041,Y25-34,F,EE,2011,26.9,
dataflow,ESTAT:HLTH_DE030(1.0),A,PC,PB1041,Y25-34,F,EL,2011,39.1,
dataflow,ESTAT:HLTH_DE030(1.0),A,PC,PB1041,Y25-34,F,ES,2011,26.3,
dataflow,ESTAT:HLTH_DE030(1.0),A,PC,PB1041,Y25-34,F,FI,2011,18.1,
dataflow,ESTAT:HLTH_DE030(1.0),A,PC,PB1041,Y25-34,F,FR,2011,22.4,
dataflow,ESTAT:HLTH_DE030(1.0),A,PC,PB1041,Y25-34,F,HR,2011,25.2,
dataflow,ESTAT:HLTH_DE030(1.0),A,PC,PB1041,Y25-34,F,HU,2011,35.6,
dataflow,ESTAT:HLTH_DE030(1.0),A,PC,PB1041,Y25-34,F,IE,2011,25.7,
dataflow,ESTAT:HLTH_DE030(1.0),A,PC,PB1041,Y25-34,F,IS,2011,10.1,
dataflow,ESTAT:HLTH_DE030(1.0),A,PC,PB1041,Y25-34,F,IT,2011,34.1,
dataflow,ESTAT:HLTH_DE030(1.0),A,PC,PB1041,Y25-34,F,LT,2011,18.0,
dataflow,ESTAT:HLTH_DE030(1.0),A,PC,PB1041,Y25-34,F,LU,2011,14.7,
dataflow,ESTAT:HLTH_DE030(1.0),A,PC,PB1041,Y25-34,F,LV,2011,25.3,
dataflow,ESTAT:HLTH_DE030(1.0),A,PC,PB1041,Y25-34,F,MT,2011,27.6,
dataflow,ESTAT:HLTH_DE030(1.0),A,PC,PB1041,Y25-34,F,NL,2011,9.4,
dataflow,ESTAT:HLTH_DE030(1.0),A,PC,PB1041,Y25-34,F,PL,2011,27.8,
dataflow,ESTAT:HLTH_DE030(1.0),A,PC,PB1041,Y25-34,F,PT,2011,15.7,
dataflow,ESTAT:HLTH_DE030(1.0),A,PC,PB1041,Y25-34,F,RO,2011,27.4,
dataflow,ESTAT:HLTH_DE030(1.0),A,PC,PB1041,Y25-34,F,SE,2011,8.5,
dataflow,ESTAT:HLTH_DE030(1.0),A,PC,PB1041,Y25-34,F,SI,2011,11.5,
dataflow,ESTAT:HLTH_DE030(1.0),A,PC,PB1041,Y25-34,F,SK,2011,35.1,
dataflow,ESTAT:HLTH_DE030(1.0),A,PC,PB1041,Y25-34,F,TR,2011,61.6,
dataflow,ESTAT:HLTH_DE030(1.0),A,PC,PB1041,Y25-34,F,UK,2011,21.7,
dataflow,ESTAT:HLTH_DE030(1.0),A,PC,PB1041,Y25-34,M,AT,2011,5.3,
dataflow,ESTAT:HLTH_DE030(1.0),A,PC,PB1041,Y25-34,M,BE,2011,8.7,
dataflow,ESTAT:HLTH_DE030(1.0),A,PC,PB1041,Y25-34,M,BG,2011,22.8,
dataflow,ESTAT:HLTH_DE030(1.0),A,PC,PB1041,Y25-34,M,CH,2011,4.1,
dataflow,ESTAT:HLTH_DE030(1.0),A,PC,PB1041,Y25-34,M,CY,2011,10.2,
dataflow,ESTAT:HLTH_DE030(1.0),A,PC,PB1041,Y25-34,M,CZ,2011,6.5,
dataflow,ESTAT:HLTH_DE030(1.0),A,PC,PB1041,Y25-34,M,DE,2011,9.5,
dataflow,ESTAT:HLTH_DE030(1.0),A,PC,PB1041,Y25-34,M,DK,2011,7.6,
dataflow,ESTAT:HLTH_DE030(1.0),A,PC,PB1041,Y25-34,M,EE,2011,12.7,
dataflow,ESTAT:HLTH_DE030(1.0),A,PC,PB1041,Y25-34,M,EL,2011,19.3,
dataflow,ESTAT:HLTH_DE030(1.0),A,PC,PB1041,Y25-34,M,ES,2011,20.3,
dataflow,ESTAT:HLTH_DE030(1.0),A,PC,PB1041,Y25-34,M,FI,2011,6.3,
dataflow,ESTAT:HLTH_DE030(1.0),A,PC,PB1041,Y25-34,M,FR,2011,10.4,
dataflow,ESTAT:HLTH_DE030(1.0),A,PC,PB1041,Y25-34,M,HR,2011,19.7,
dataflow,ESTAT:HLTH_DE030(1.0),A,PC,PB1041,Y25-34,M,HU,2011,13.3,
dataflow,ESTAT:HLTH_DE030(1.0),A,PC,PB1041,Y25-34,M,IE,2011,23.4,
dataflow,ESTAT:HLTH_DE030(1.0),A,PC,PB1041,Y25-34,M,IS,2011,7.4,
dataflow,ESTAT:HLTH_DE030(1.0),A,PC,PB1041,Y25-34,M,IT,2011,15.9,
dataflow,ESTAT:HLTH_DE030(1.0),A,PC,PB1041,Y25-34,M,LT,2011,20.5,
dataflow,ESTAT:HLTH_DE030(1.0),A,PC,PB1041,Y25-34,M,LU,2011,4.5,
dataflow,ESTAT:HLTH_DE030(1.0),A,PC,PB1041,Y25-34,M,LV,2011,22.5,
dataflow,ESTAT:HLTH_DE030(1.0),A,PC,PB1041,Y25-34,M,MT,2011,7.2,u
dataflow,ESTAT:HLTH_DE030(1.0),A,PC,PB1041,Y25-34,M,NL,2011,4.4,
dataflow,ESTAT:HLTH_DE030(1.0),A,PC,PB1041,Y25-34,M,PL,2011,10.3,
dataflow,ESTAT:HLTH_DE030(1.0),A,PC,PB1041,Y25-34,M,PT,2011,10.8,
dataflow,ESTAT:HLTH_DE030(1.0),A,PC,PB1041,Y25-34,M,RO,2011,13.2,
dataflow,ESTAT:HLTH_DE030(1.0),A,PC,PB1041,Y25-34,M,SE,2011,4.4,
dataflow,ESTAT:HLTH_DE030(1.0),A,PC,PB1041,Y25-34,M,SI,2011,9.1,
dataflow,ESTAT:HLTH_DE030(1.0),A,PC,PB1041,Y25-34,M,SK,2011,14.9,
dataflow,ESTAT:HLTH_DE030(1.0),A,PC,PB1041,Y25-34,M,TR,2011,10.8,
dataflow,ESTAT:HLTH_DE030(1.0),A,PC,PB1041,Y25-34,M,UK,2011,9.1,
dataflow,ESTAT:HLTH_DE030(1.0),A,PC,PB1041,Y25-34,T,AT,2011,9.6,
dataflow,ESTAT:HLTH_DE030(1.0),A,PC,PB1041,Y25-34,T,BE,2011,13.6,
dataflow,ESTAT:HLTH_DE030(1.0),A,PC,PB1041,Y25-34,T,BG,2011,27.4,
dataflow,ESTAT:HLTH_DE030(1.0),A,PC,PB1041,Y25-34,T,CH,2011,9.5,
dataflow,ESTAT:HLTH_DE030(1.0),A,PC,PB1041,Y25-34,T,CY,2011,13.4,
dataflow,ESTAT:HLTH_DE030(1.0),A,PC,PB1041,Y25-34,T,CZ,2011,20.1,
dataflow,ESTAT:HLTH_DE030(1.0),A,PC,PB1041,Y25-34,T,DE,2011,16.1,
dataflow,ESTAT:HLTH_DE030(1.0),A,PC,PB1041,Y25-34,T,DK,2011,8.5,
dataflow,ESTAT:HLTH_DE030(1.0),A,PC,PB1041,Y25-34,T,EE,2011,19.7,
dataflow,ESTAT:HLTH_DE030(1.0),A,PC,PB1041,Y25-34,T,EL,2011,29.0,
dataflow,ESTAT:HLTH_DE030(1.0),A,PC,PB1041,Y25-34,T,ES,2011,23.2,
dataflow,ESTAT:HLTH_DE030(1.0),A,PC,PB1041,Y25-34,T,FI,2011,12.0,
dataflow,ESTAT:HLTH_DE030(1.0),A,PC,PB1041,Y25-34,T,FR,2011,16.3,
dataflow,ESTAT:HLTH_DE030(1.0),A,PC,PB1041,Y25-34,T,HR,2011,22.3,
dataflow,ESTAT:HLTH_DE030(1.0),A,PC,PB1041,Y25-34,T,HU,2011,24.2,
dataflow,ESTAT:HLTH_DE030(1.0),A,PC,PB1041,Y25-34,T,IE,2011,24.6,
dataflow,ESTAT:HLTH_DE030(1.0),A,PC,PB1041,Y25-34,T,IS,2011,8.7,
dataflow,ESTAT:HLTH_DE030(1.0),A,PC,PB1041,Y25-34,T,IT,2011,25.1,
dataflow,ESTAT:HLTH_DE030(1.0),A,PC,PB1041,Y25-34,T,LT,2011,19.2,
dataflow,ESTAT:HLTH_DE030(1.0),A,PC,PB1041,Y25-34,T,LU,2011,9.5,
dataflow,ESTAT:HLTH_DE030(1.0),A,PC,PB1041,Y25-34,T,LV,2011,23.9,
dataflow,ESTAT:HLTH_DE030(1.0),A,PC,PB1041,Y25-34,T,MT,2011,17.0,
dataflow,ESTAT:HLTH_DE030(1.0),A,PC,PB1041,Y25-34,T,NL,2011,6.9,
dataflow,ESTAT:HLTH_DE030(1.0),A,PC,PB1041,Y25-34,T,PL,2011,18.9,
dataflow,ESTAT:HLTH_DE030(1.0),A,PC,PB1041,Y25-34,T,PT,2011,13.2,
dataflow,ESTAT:HLTH_DE030(1.0),A,PC,PB1041,Y25-34,T,RO,2011,20.2,
dataflow,ESTAT:HLTH_DE030(1.0),A,PC,PB1041,Y25-34,T,SE,2011,6.4,
dataflow,ESTAT:HLTH_DE030(1.0),A,PC,PB1041,Y25-34,T,SI,2011,10.3,
dataflow,ESTAT:HLTH_DE030(1.0),A,PC,PB1041,Y25-34,T,SK,2011,24.8,
dataflow,ESTAT:HLTH_DE030(1.0),A,PC,PB1041,Y25-34,T,TR,2011,36.0,
dataflow,ESTAT:HLTH_DE030(1.0),A,PC,PB1041,Y25-34,T,UK,2011,15.3,
dataflow,ESTAT:HLTH_DE030(1.0),A,PC,PB1070,Y15-24,F,AT,2011,,u
dataflow,ESTAT:HLTH_DE030(1.0),A,PC,PB1070,Y15-24,F,BE,2011,31.4,u
dataflow,ESTAT:HLTH_DE030(1.0),A,PC,PB1070,Y15-24,F,BG,2011,,u
dataflow,ESTAT:HLTH_DE030(1.0),A,PC,PB1070,Y15-24,F,CH,2011,10.1,u
dataflow,ESTAT:HLTH_DE030(1.0),A,PC,PB1070,Y15-24,F,CY,2011,,u
dataflow,ESTAT:HLTH_DE030(1.0),A,PC,PB1070,Y15-24,F,CZ,2011,32.3,u
dataflow,ESTAT:HLTH_DE030(1.0),A,PC,PB1070,Y15-24,F,DE,2011,,u
dataflow,ESTAT:HLTH_DE030(1.0),A,PC,PB1070,Y15-24,F,DK,2011,,u
dataflow,ESTAT:HLTH_DE030(1.0),A,PC,PB1070,Y15-24,F,EE,2011,,u
dataflow,ESTAT:HLTH_DE030(1.0),A,PC,PB1070,Y15-24,F,EL,2011,,u
dataflow,ESTAT:HLTH_DE030(1.0),A,PC,PB1070,Y15-24,F,ES,2011,32.3,
dataflow,ESTAT:HLTH_DE030(1.0),A,PC,PB1070,Y15-24,F,FI,2011,20.6,
dataflow,ESTAT:HLTH_DE030(1.0),A,PC,PB1070,Y15-24,F,FR,2011,26.6,u
dataflow,ESTAT:HLTH_DE030(1.0),A,PC,PB1070,Y15-24,F,HR,2011,,u
dataflow,ESTAT:HLTH_DE030(1.0),A,PC,PB1070,Y15-24,F,HU,2011,52.9,u
dataflow,ESTAT:HLTH_DE030(1.0),A,PC,PB1070,Y15-24,F,IE,2011,50.6,
dataflow,ESTAT:HLTH_DE030(1.0),A,PC,PB1070,Y15-24,F,IS,2011,,u
dataflow,ESTAT:HLTH_DE030(1.0),A,PC,PB1070,Y15-24,F,IT,2011,40.9,
dataflow,ESTAT:HLTH_DE030(1.0),A,PC,PB1070,Y15-24,F,LT,2011,,u
dataflow,ESTAT:HLTH_DE030(1.0),A,PC,PB1070,Y15-24,F,LU,2011,,u
dataflow,ESTAT:HLTH_DE030(1.0),A,PC,PB1070,Y15-24,F,LV,2011,,u
dataflow,ESTAT:HLTH_DE030(1.0),A,PC,PB1070,Y15-24,F,MT,2011,,u
dataflow,ESTAT:HLTH_DE030(1.0),A,PC,PB1070,Y15-24,F,NL,2011,20.4,u
dataflow,ESTAT:HLTH_DE030(1.0),A,PC,PB1070,Y15-24,F,PL,2011,31.9,u
dataflow,ESTAT:HLTH_DE030(1.0),A,PC,PB1070,Y15-24,F,PT,2011,21.5,
dataflow,ESTAT:HLTH_DE030(1.0),A,PC,PB1070,Y15-24,F,RO,2011,77.4,
dataflow,ESTAT:HLTH_DE030(1.0),A,PC,PB1070,Y15-24,F,SE,2011,7.9,u
dataflow,ESTAT:HLTH_DE030(1.0),A,PC,PB1070,Y15-24,F,SI,2011,18.5,u
dataflow,ESTAT:HLTH_DE030(1.0),A,PC,PB1070,Y15-24,F,SK,2011,,u
dataflow,ESTAT:HLTH_DE030(1.0),A,PC,PB1070,Y15-24,F,TR,2011,52.3,
dataflow,ESTAT:HLTH_DE030(1.0),A,PC,PB1070,Y15-24,F,UK,2011,40.6,
dataflow,ESTAT:HLTH_DE030(1.0),A,PC,PB1070,Y15-24,M,AT,2011,,u
dataflow,ESTAT:HLTH_DE030(1.0),A,PC,PB1070,Y15-24,M,BE,2011,40.9,
dataflow,ESTAT:HLTH_DE030(1.0),A,PC,PB1070,Y15-24,M,BG,2011,,u
dataflow,ESTAT:HLTH_DE030(1.0),A,PC,PB1070,Y15-24,M,CH,2011,7,u
dataflow,ESTAT:HLTH_DE030(1.0),A,PC,PB1070,Y15-24,M,CY,2011,46.7,u
dataflow,ESTAT:HLTH_DE030(1.0),A,PC,PB1070,Y15-24,M,CZ,2011,37.3,
dataflow,ESTAT:HLTH_DE030(1.0),A,PC,PB1070,Y15-24,M,DE,2011,,u
dataflow,ESTAT:HLTH_DE030(1.0),A,PC,PB1070,Y15-24,M,DK,2011,22.3,u
dataflow,ESTAT:HLTH_DE030(1.0),A,PC,PB1070,Y15-24,M,EE,2011,,u
dataflow,ESTAT:HLTH_DE030(1.0),A,PC,PB1070,Y15-24,M,EL,2011,50.5,u
dataflow,ESTAT:HLTH_DE030(1.0),A,PC,PB1070,Y15-24,M,ES,2011,33.0,
dataflow,ESTAT:HLTH_DE030(1.0),A,PC,PB1070,Y15-24,M,FI,2011,18.7,u
dataflow,ESTAT:HLTH_DE030(1.0),A,PC,PB1070,Y15-24,M,FR,2011,,u
dataflow,ESTAT:HLTH_DE030(1.0),A,PC,PB1070,Y15-24,M,HR,2011,,u
dataflow,ESTAT:HLTH_DE030(1.0),A,PC,PB1070,Y15-24,M,HU,2011,45.1,
dataflow,ESTAT:HLTH_DE030(1.0),A,PC,PB1070,Y15-24,M,IE,2011,48.7,
dataflow,ESTAT:HLTH_DE030(1.0),A,PC,PB1070,Y15-24,M,IS,2011,,u
dataflow,ESTAT:HLTH_DE030(1.0),A,PC,PB1070,Y15-24,M,IT,2011,49.1,
dataflow,ESTAT:HLTH_DE030(1.0),A,PC,PB1070,Y15-24,M,LT,2011,,u
dataflow,ESTAT:HLTH_DE030(1.0),A,PC,PB1070,Y15-24,M,LU,2011,,u
dataflow,ESTAT:HLTH_DE030(1.0),A,PC,PB1070,Y15-24,M,LV,2011,,u
dataflow,ESTAT:HLTH_DE030(1.0),A,PC,PB1070,Y15-24,M,MT,2011,,u
dataflow,ESTAT:HLTH_DE030(1.0),A,PC,PB1070,Y15-24,M,NL,2011,24.1,u
dataflow,ESTAT:HLTH_DE030(1.0),A,PC,PB1070,Y15-24,M,PL,2011,37.5,
dataflow,ESTAT:HLTH_DE030(1.0),A,PC,PB1070,Y15-24,M,PT,2011,32.6,
dataflow,ESTAT:HLTH_DE030(1.0),A,PC,PB1070,Y15-24,M,RO,2011,78.7,
dataflow,ESTAT:HLTH_DE030(1.0),A,PC,PB1070,Y15-24,M,SE,2011,14,u
dataflow,ESTAT:HLTH_DE030(1.0),A,PC,PB1070,Y15-24,M,SI,2011,,u
dataflow,ESTAT:HLTH_DE030(1.0),A,PC,PB1070,Y15-24,M,SK,2011,56.5,
dataflow,ESTAT:HLTH_DE030(1.0),A,PC,PB1070,Y15-24,M,TR,2011,38.1,
dataflow,ESTAT:HLTH_DE030(1.0),A,PC,PB1070,Y15-24,M,UK,2011,38.4,
dataflow,ESTAT:HLTH_DE030(1.0),A,PC,PB1070,Y15-24,T,AT,2011,,u
dataflow,ESTAT:HLTH_DE030(1.0),A,PC,PB1070,Y15-24,T,BE,2011,37.1,
dataflow,ESTAT:HLTH_DE030(1.0),A,PC,PB1070,Y15-24,T,BG,2011,81.2,u
dataflow,ESTAT:HLTH_DE030(1.0),A,PC,PB1070,Y15-24,T,CH,2011,8.7,
dataflow,ESTAT:HLTH_DE030(1.0),A,PC,PB1070,Y15-24,T,CY,2011,46.3,u
dataflow,ESTAT:HLTH_DE030(1.0),A,PC,PB1070,Y15-24,T,CZ,2011,35.0,
dataflow,ESTAT:HLTH_DE030(1.0),A,PC,PB1070,Y15-24,T,DE,2011,31.7,
dataflow,ESTAT:HLTH_DE030(1.0),A,PC,PB1070,Y15-24,T,DK,2011,17.1,
dataflow,ESTAT:HLTH_DE030(1.0),A,PC,PB1070,Y15-24,T,EE,2011,,u
dataflow,ESTAT:HLTH_DE030(1.0),A,PC,PB1070,Y15-24,T,EL,2011,52.3,u
dataflow,ESTAT:HLTH_DE030(1.0),A,PC,PB1070,Y15-24,T,ES,2011,32.7,
dataflow,ESTAT:HLTH_DE030(1.0),A,PC,PB1070,Y15-24,T,FI,2011,19.7,
dataflow,ESTAT:HLTH_DE030(1.0),A,PC,PB1070,Y15-24,T,FR,2011,24,u
dataflow,ESTAT:HLTH_DE030(1.0),A,PC,PB1070,Y15-24,T,HR,2011,,u
dataflow,ESTAT:HLTH_DE030(1.0),A,PC,PB1070,Y15-24,T,HU,2011,48.3,
dataflow,ESTAT:HLTH_DE030(1.0),A,PC,PB1070,Y15-24,T,IE,2011,49.5,
dataflow,ESTAT:HLTH_DE030(1.0),A,PC,PB1070,Y15-24,T,IS,2011,12.3,
dataflow,ESTAT:HLTH_DE030(1.0),A,PC,PB1070,Y15-24,T,IT,2011,45.1,
dataflow,ESTAT:HLTH_DE030(1.0),A,PC,PB1070,Y15-24,T,LT,2011,53.4,u
dataflow,ESTAT:HLTH_DE030(1.0),A,PC,PB1070,Y15-24,T,LU,2011,,u
dataflow,ESTAT:HLTH_DE030(1.0),A,PC,PB1070,Y15-24,T,LV,2011,,u
dataflow,ESTAT:HLTH_DE030(1.0),A,PC,PB1070,Y15-24,T,MT,2011,,u
dataflow,ESTAT:HLTH_DE030(1.0),A,PC,PB1070,Y15-24,T,NL,2011,22,u
dataflow,ESTAT:HLTH_DE030(1.0),A,PC,PB1070,Y15-24,T,PL,2011,35.1,
dataflow,ESTAT:HLTH_DE030(1.0),A,PC,PB1070,Y15-24,T,PT,2011,26.5,
dataflow,ESTAT:HLTH_DE030(1.0),A,PC,PB1070,Y15-24,T,RO,2011,78.1,
dataflow,ESTAT:HLTH_DE030(1.0),A,PC,PB1070,Y15-24,T,SE,2011,10.4,
dataflow,ESTAT:HLTH_DE030(1.0),A,PC,PB1070,Y15-24,T,SI,2011,16.4,u
dataflow,ESTAT:HLTH_DE030(1.0),A,PC,PB1070,Y15-24,T,SK,2011,44.3,
dataflow,ESTAT:HLTH_DE030(1.0),A,PC,PB1070,Y15-24,T,TR,2011,44.9,
dataflow,ESTAT:HLTH_DE030(1.0),A,PC,PB1070,Y15-24,T,UK,2011,39.5,
dataflow,ESTAT:HLTH_DE030(1.0),A,PC,PB1070,Y15-29,F,AT,2011,23.4,u
dataflow,ESTAT:HLTH_DE030(1.0),A,PC,PB1070,Y15-29,F,BE,2011,48.7,
dataflow,ESTAT:HLTH_DE030(1.0),A,PC,PB1070,Y15-29,F,BG,2011,84.7,u
dataflow,ESTAT:HLTH_DE030(1.0),A,PC,PB1070,Y15-29,F,CH,2011,11.6,
dataflow,ESTAT:HLTH_DE030(1.0),A,PC,PB1070,Y15-29,F,CY,2011,,u
dataflow,ESTAT:HLTH_DE030(1.0),A,PC,PB1070,Y15-29,F,CZ,2011,45.1,
dataflow,ESTAT:HLTH_DE030(1.0),A,PC,PB1070,Y15-29,F,DE,2011,43.9,
dataflow,ESTAT:HLTH_DE030(1.0),A,PC,PB1070,Y15-29,F,DK,2011,26.3,
dataflow,ESTAT:HLTH_DE030(1.0),A,PC,PB1070,Y15-29,F,EE,2011,,u
dataflow,ESTAT:HLTH_DE030(1.0),A,PC,PB1070,Y15-29,F,EL,2011,65.2,u
dataflow,ESTAT:HLTH_DE030(1.0),A,PC,PB1070,Y15-29,F,ES,2011,38.2,
dataflow,ESTAT:HLTH_DE030(1.0),A,PC,PB1070,Y15-29,F,FI,2011,20.6,
dataflow,ESTAT:HLTH_DE030(1.0),A,PC,PB1070,Y15-29,F,FR,2011,30.5,
dataflow,ESTAT:HLTH_DE030(1.0),A,PC,PB1070,Y15-29,F,HR,2011,,u
dataflow,ESTAT:HLTH_DE030(1.0),A,PC,PB1070,Y15-29,F,HU,2011,58.7,
dataflow,ESTAT:HLTH_DE030(1.0),A,PC,PB1070,Y15-29,F,IE,2011,60.2,
dataflow,ESTAT:HLTH_DE030(1.0),A,PC,PB1070,Y15-29,F,IS,2011,14.5,
dataflow,ESTAT:HLTH_DE030(1.0),A,PC,PB1070,Y15-29,F,IT,2011,50.1,
dataflow,ESTAT:HLTH_DE030(1.0),A,PC,PB1070,Y15-29,F,LT,2011,,u
dataflow,ESTAT:HLTH_DE030(1.0),A,PC,PB1070,Y15-29,F,LU,2011,16.9,u
dataflow,ESTAT:HLTH_DE030(1.0),A,PC,PB1070,Y15-29,F,LV,2011,,u
dataflow,ESTAT:HLTH_DE030(1.0),A,PC,PB1070,Y15-29,F,MT,2011,,u
dataflow,ESTAT:HLTH_DE030(1.0),A,PC,PB1070,Y15-29,F,NL,2011,27,u
dataflow,ESTAT:HLTH_DE030(1.0),A,PC,PB1070,Y15-29,F,PL,2011,42.6,
dataflow,ESTAT:HLTH_DE030(1.0),A,PC,PB1070,Y15-29,F,PT,2011,26.2,
dataflow,ESTAT:HLTH_DE030(1.0),A,PC,PB1070,Y15-29,F,RO,2011,82.0,
dataflow,ESTAT:HLTH_DE030(1.0),A,PC,PB1070,Y15-29,F,SE,2011,11.4,
dataflow,ESTAT:HLTH_DE030(1.0),A,PC,PB1070,Y15-29,F,SI,2011,19.4,u
dataflow,ESTAT:HLTH_DE030(1.0),A,PC,PB1070,Y15-29,F,SK,2011,47.4,
dataflow,ESTAT:HLTH_DE030(1.0),A,PC,PB1070,Y15-29,F,TR,2011,58.5,
dataflow,ESTAT:HLTH_DE030(1.0),A,PC,PB1070,Y15-29,F,UK,2011,42.5,
dataflow,ESTAT:HLTH_DE030(1.0),A,PC,PB1070,Y15-29,M,AT,2011,16.8,u
dataflow,ESTAT:HLTH_DE030(1.0),A,PC,PB1070,Y15-29,M,BE,2011,43.9,
dataflow,ESTAT:HLTH_DE030(1.0),A,PC,PB1070,Y15-29,M,BG,2011,74.7,u
dataflow,ESTAT:HLTH_DE030(1.0),A,PC,PB1070,Y15-29,M,CH,2011,8,u
dataflow,ESTAT:HLTH_DE030(1.0),A,PC,PB1070,Y15-29,M,CY,2011,41.2,u
dataflow,ESTAT:HLTH_DE030(1.0),A,PC,PB1070,Y15-29,M,CZ,2011,48.3,
dataflow,ESTAT:HLTH_DE030(1.0),A,PC,PB1070,Y15-29,M,DE,2011,35.0,
dataflow,ESTAT:HLTH_DE030(1.0),A,PC,PB1070,Y15-29,M,DK,2011,23.4,
dataflow,ESTAT:HLTH_DE030(1.0),A,PC,PB1070,Y15-29,M,EE,2011,33.7,u
dataflow,ESTAT:HLTH_DE030(1.0),A,PC,PB1070,Y15-29,M,EL,2011,61.4,u
dataflow,ESTAT:HLTH_DE030(1.0),A,PC,PB1070,Y15-29,M,ES,2011,35.4,
dataflow,ESTAT:HLTH_DE030(1.0),A,PC,PB1070,Y15-29,M,FI,2011,20.7,
dataflow,ESTAT:HLTH_DE030(1.0),A,PC,PB1070,Y15-29,M,FR,2011,,u
dataflow,ESTAT:HLTH_DE030(1.0),A,PC,PB1070,Y15-29,M,HR,2011,,u
dataflow,ESTAT:HLTH_DE030(1.0),A,PC,PB1070,Y15-29,M,HU,2011,50.5,
dataflow,ESTAT:HLTH_DE030(1.0),A,PC,PB1070,Y15-29,M,IE,2011,60.6,
dataflow,ESTAT:HLTH_DE030(1.0),A,PC,PB1070,Y15-29,M,IS,2011,,u
dataflow,ESTAT:HLTH_DE030(1.0),A,PC,PB1070,Y15-29,M,IT,2011,46.5,
dataflow,ESTAT:HLTH_DE030(1.0),A,PC,PB1070,Y15-29,M,LT,2011,74.3,
dataflow,ESTAT:HLTH_DE030(1.0),A,PC,PB1070,Y15-29,M,LU,2011,,u
dataflow,ESTAT:HLTH_DE030(1.0),A,PC,PB1070,Y15-29,M,LV,2011,,u
dataflow,ESTAT:HLTH_DE030(1.0),A,PC,PB1070,Y15-29,M,MT,2011,,u
dataflow,ESTAT:HLTH_DE030(1.0),A,PC,PB1070,Y15-29,M,NL,2011,31.4,u
dataflow,ESTAT:HLTH_DE030(1.0),A,PC,PB1070,Y15-29,M,PL,2011,47.8,
dataflow,ESTAT:HLTH_DE030(1.0),A,PC,PB1070,Y15-29,M,PT,2011,37.6,
dataflow,ESTAT:HLTH_DE030(1.0),A,PC,PB1070,Y15-29,M,RO,2011,74.7,
dataflow,ESTAT:HLTH_DE030(1.0),A,PC,PB1070,Y15-29,M,SE,2011,13.7,
dataflow,ESTAT:HLTH_DE030(1.0),A,PC,PB1070,Y15-29,M,SI,2011,22.6,u
dataflow,ESTAT:HLTH_DE030(1.0),A,PC,PB1070,Y15-29,M,SK,2011,67.2,
dataflow,ESTAT:HLTH_DE030(1.0),A,PC,PB1070,Y15-29,M,TR,2011,37.2,
dataflow,ESTAT:HLTH_DE030(1.0),A,PC,PB1070,Y15-29,M,UK,2011,45.0,
dataflow,ESTAT:HLTH_DE030(1.0),A,PC,PB1070,Y15-29,T,AT,2011,20.2,
dataflow,ESTAT:HLTH_DE030(1.0),A,PC,PB1070,Y15-29,T,BE,2011,46.3,
dataflow,ESTAT:HLTH_DE030(1.0),A,PC,PB1070,Y15-29,T,BG,2011,79.8,
dataflow,ESTAT:HLTH_DE030(1.0),A,PC,PB1070,Y15-29,T,CH,2011,9.9,
dataflow,ESTAT:HLTH_DE030(1.0),A,PC,PB1070,Y15-29,T,CY,2011,37.0,
dataflow,ESTAT:HLTH_DE030(1.0),A,PC,PB1070,Y15-29,T,CZ,2011,46.8,
dataflow,ESTAT:HLTH_DE030(1.0),A,PC,PB1070,Y15-29,T,DE,2011,39.2,
dataflow,ESTAT:HLTH_DE030(1.0),A,PC,PB1070,Y15-29,T,DK,2011,25.0,
dataflow,ESTAT:HLTH_DE030(1.0),A,PC,PB1070,Y15-29,T,EE,2011,33.9,u
dataflow,ESTAT:HLTH_DE030(1.0),A,PC,PB1070,Y15-29,T,EL,2011,62.8,
dataflow,ESTAT:HLTH_DE030(1.0),A,PC,PB1070,Y15-29,T,ES,2011,36.7,
dataflow,ESTAT:HLTH_DE030(1.0),A,PC,PB1070,Y15-29,T,FI,2011,20.7,
dataflow,ESTAT:HLTH_DE030(1.0),A,PC,PB1070,Y15-29,T,FR,2011,27.3,
dataflow,ESTAT:HLTH_DE030(1.0),A,PC,PB1070,Y15-29,T,HR,2011,,u
dataflow,ESTAT:HLTH_DE030(1.0),A,PC,PB1070,Y15-29,T,HU,2011,54.0,
dataflow,ESTAT:HLTH_DE030(1.0),A,PC,PB1070,Y15-29,T,IE,2011,60.4,
dataflow,ESTAT:HLTH_DE030(1.0),A,PC,PB1070,Y15-29,T,IS,2011,14.6,
dataflow,ESTAT:HLTH_DE030(1.0),A,PC,PB1070,Y15-29,T,IT,2011,48.4,
dataflow,ESTAT:HLTH_DE030(1.0),A,PC,PB1070,Y15-29,T,LT,2011,68.2,
dataflow,ESTAT:HLTH_DE030(1.0),A,PC,PB1070,Y15-29,T,LU,2011,16.7,u
dataflow,ESTAT:HLTH_DE030(1.0),A,PC,PB1070,Y15-29,T,LV,2011,,u
dataflow,ESTAT:HLTH_DE030(1.0),A,PC,PB1070,Y15-29,T,MT,2011,,u
dataflow,ESTAT:HLTH_DE030(1.0),A,PC,PB1070,Y15-29,T,NL,2011,28.8,
dataflow,ESTAT:HLTH_DE030(1.0),A,PC,PB1070,Y15-29,T,PL,2011,45.8,
dataflow,ESTAT:HLTH_DE030(1.0),A,PC,PB1070,Y15-29,T,PT,2011,31.3,
dataflow,ESTAT:HLTH_DE030(1.0),A,PC,PB1070,Y15-29,T,RO,2011,78.0,
dataflow,ESTAT:HLTH_DE030(1.0),A,PC,PB1070,Y15-29,T,SE,2011,12.3,
dataflow,ESTAT:HLTH_DE030(1.0),A,PC,PB1070,Y15-29,T,SI,2011,21,u
dataflow,ESTAT:HLTH_DE030(1.0),A,PC,PB1070,Y15-29,T,SK,2011,57.8,
dataflow,ESTAT:HLTH_DE030(1.0),A,PC,PB1070,Y15-29,T,TR,2011,47.8,
dataflow,ESTAT:HLTH_DE030(1.0),A,PC,PB1070,Y15-29,T,UK,2011,43.8,
dataflow,ESTAT:HLTH_DE030(1.0),A,PC,PB1070,Y15-34,F,AT,2011,25.7,u
dataflow,ESTAT:HLTH_DE030(1.0),A,PC,PB1070,Y15-34,F,BE,2011,50.0,
dataflow,ESTAT:HLTH_DE030(1.0),A,PC,PB1070,Y15-34,F,BG,2011,88.9,
dataflow,ESTAT:HLTH_DE030(1.0),A,PC,PB1070,Y15-34,F,CH,2011,15.2,
dataflow,ESTAT:HLTH_DE030(1.0),A,PC,PB1070,Y15-34,F,CY,2011,46.3,u
dataflow,ESTAT:HLTH_DE030(1.0),A,PC,PB1070,Y15-34,F,CZ,2011,47.2,
dataflow,ESTAT:HLTH_DE030(1.0),A,PC,PB1070,Y15-34,F,DE,2011,51.0,
dataflow,ESTAT:HLTH_DE030(1.0),A,PC,PB1070,Y15-34,F,DK,2011,30.0,
dataflow,ESTAT:HLTH_DE030(1.0),A,PC,PB1070,Y15-34,F,EE,2011,,u
dataflow,ESTAT:HLTH_DE030(1.0),A,PC,PB1070,Y15-34,F,EL,2011,61.6,u
dataflow,ESTAT:HLTH_DE030(1.0),A,PC,PB1070,Y15-34,F,ES,2011,40.7,
dataflow,ESTAT:HLTH_DE030(1.0),A,PC,PB1070,Y15-34,F,FI,2011,21.8,
dataflow,ESTAT:HLTH_DE030(1.0),A,PC,PB1070,Y15-34,F,FR,2011,32.5,
dataflow,ESTAT:HLTH_DE030(1.0),A,PC,PB1070,Y15-34,F,HR,2011,,u
dataflow,ESTAT:HLTH_DE030(1.0),A,PC,PB1070,Y15-34,F,HU,2011,64.8,
dataflow,ESTAT:HLTH_DE030(1.0),A,PC,PB1070,Y15-34,F,IE,2011,64.1,
dataflow,ESTAT:HLTH_DE030(1.0),A,PC,PB1070,Y15-34,F,IS,2011,17.5,
dataflow,ESTAT:HLTH_DE030(1.0),A,PC,PB1070,Y15-34,F,IT,2011,48.2,
dataflow,ESTAT:HLTH_DE030(1.0),A,PC,PB1070,Y15-34,F,LT,2011,56.1,u
dataflow,ESTAT:HLTH_DE030(1.0),A,PC,PB1070,Y15-34,F,LU,2011,19.9,u
dataflow,ESTAT:HLTH_DE030(1.0),A,PC,PB1070,Y15-34,F,LV,2011,,u
dataflow,ESTAT:HLTH_DE030(1.0),A,PC,PB1070,Y15-34,F,MT,2011,,u
dataflow,ESTAT:HLTH_DE030(1.0),A,PC,PB1070,Y15-34,F,NL,2011,32.3,
dataflow,ESTAT:HLTH_DE030(1.0),A,PC,PB1070,Y15-34,F,PL,2011,50.5,
dataflow,ESTAT:HLTH_DE030(1.0),A,PC,PB1070,Y15-34,F,PT,2011,25.2,
dataflow,ESTAT:HLTH_DE030(1.0),A,PC,PB1070,Y15-34,F,RO,2011,76.4,
dataflow,ESTAT:HLTH_DE030(1.0),A,PC,PB1070,Y15-34,F,SE,2011,14.6,
dataflow,ESTAT:HLTH_DE030(1.0),A,PC,PB1070,Y15-34,F,SI,2011,22.7,u
dataflow,ESTAT:HLTH_DE030(1.0),A,PC,PB1070,Y15-34,F,SK,2011,57.0,
dataflow,ESTAT:HLTH_DE030(1.0),A,PC,PB1070,Y15-34,F,TR,2011,61.9,
dataflow,ESTAT:HLTH_DE030(1.0),A,PC,PB1070,Y15-34,F,UK,2011,47.9,
dataflow,ESTAT:HLTH_DE030(1.0),A,PC,PB1070,Y15-34,M,AT,2011,16.8,u
dataflow,ESTAT:HLTH_DE030(1.0),A,PC,PB1070,Y15-34,M,BE,2011,48.6,
dataflow,ESTAT:HLTH_DE030(1.0),A,PC,PB1070,Y15-34,M,BG,2011,83.2,
dataflow,ESTAT:HLTH_DE030(1.0),A,PC,PB1070,Y15-34,M,CH,2011,7.8,
dataflow,ESTAT:HLTH_DE030(1.0),A,PC,PB1070,Y15-34,M,CY,2011,41.2,
dataflow,ESTAT:HLTH_DE030(1.0),A,PC,PB1070,Y15-34,M,CZ,2011,47.1,
dataflow,ESTAT:HLTH_DE030(1.0),A,PC,PB1070,Y15-34,M,DE,2011,35.7,
dataflow,ESTAT:HLTH_DE030(1.0),A,PC,PB1070,Y15-34,M,DK,2011,29.6,
dataflow,ESTAT:HLTH_DE030(1.0),A,PC,PB1070,Y15-34,M,EE,2011,45.5,u
dataflow,ESTAT:HLTH_DE030(1.0),A,PC,PB1070,Y15-34,M,EL,2011,64.7,
dataflow,ESTAT:HLTH_DE030(1.0),A,PC,PB1070,Y15-34,M,ES,2011,38.9,
dataflow,ESTAT:HLTH_DE030(1.0),A,PC,PB1070,Y15-34,M,FI,2011,23.2,
dataflow,ESTAT:HLTH_DE030(1.0),A,PC,PB1070,Y15-34,M,FR,2011,22.4,u
dataflow,ESTAT:HLTH_DE030(1.0),A,PC,PB1070,Y15-34,M,HR,2011,,u
dataflow,ESTAT:HLTH_DE030(1.0),A,PC,PB1070,Y15-34,M,HU,2011,54.2,
dataflow,ESTAT:HLTH_DE030(1.0),A,PC,PB1070,Y15-34,M,IE,2011,62.1,
dataflow,ESTAT:HLTH_DE030(1.0),A,PC,PB1070,Y15-34,M,IS,2011,15.2,
dataflow,ESTAT:HLTH_DE030(1.0),A,PC,PB1070,Y15-34,M,IT,2011,46.3,
dataflow,ESTAT:HLTH_DE030(1.0),A,PC,PB1070,Y15-34,M,LT,2011,74.4,
dataflow,ESTAT:HLTH_DE030(1.0),A,PC,PB1070,Y15-34,M,LU,2011,14.3,u
dataflow,ESTAT:HLTH_DE030(1.0),A,PC,PB1070,Y15-34,M,LV,2011,46.7,u
dataflow,ESTAT:HLTH_DE030(1.0),A,PC,PB1070,Y15-34,M,MT,2011,,u
dataflow,ESTAT:HLTH_DE030(1.0),A,PC,PB1070,Y15-34,M,NL,2011,37.1,u
dataflow,ESTAT:HLTH_DE030(1.0),A,PC,PB1070,Y15-34,M,PL,2011,51.6,
dataflow,ESTAT:HLTH_DE030(1.0),A,PC,PB1070,Y15-34,M,PT,2011,33.3,
dataflow,ESTAT:HLTH_DE030(1.0),A,PC,PB1070,Y15-34,M,RO,2011,74.2,
dataflow,ESTAT:HLTH_DE030(1.0),A,PC,PB1070,Y15-34,M,SE,2011,13.4,
dataflow,ESTAT:HLTH_DE030(1.0),A,PC,PB1070,Y15-34,M,SI,2011,22.8,u
dataflow,ESTAT:HLTH_DE030(1.0),A,PC,PB1070,Y15-34,M,SK,2011,70.9,
dataflow,ESTAT:HLTH_DE030(1.0),A,PC,PB1070,Y15-34,M,TR,2011,32.6,
dataflow,ESTAT:HLTH_DE030(1.0),A,PC,PB1070,Y15-34,M,UK,2011,45.2,
dataflow,ESTAT:HLTH_DE030(1.0),A,PC,PB1070,Y15-34,T,AT,2011,21.5,
dataflow,ESTAT:HLTH_DE030(1.0),A,PC,PB1070,Y15-34,T,BE,2011,49.4,
dataflow,ESTAT:HLTH_DE030(1.0),A,PC,PB1070,Y15-34,T,BG,2011,86.0,
dataflow,ESTAT:HLTH_DE030(1.0),A,PC,PB1070,Y15-34,T,CH,2011,11.6,
dataflow,ESTAT:HLTH_DE030(1.0),A,PC,PB1070,Y15-34,T,CY,2011,43.1,
dataflow,ESTAT:HLTH_DE030(1.0),A,PC,PB1070,Y15-34,T,CZ,2011,47.2,
dataflow,ESTAT:HLTH_DE030(1.0),A,PC,PB1070,Y15-34,T,DE,2011,43.4,
dataflow,ESTAT:HLTH_DE030(1.0),A,PC,PB1070,Y15-34,T,DK,2011,29.8,
dataflow,ESTAT:HLTH_DE030(1.0),A,PC,PB1070,Y15-34,T,EE,2011,42.0,
dataflow,ESTAT:HLTH_DE030(1.0),A,PC,PB1070,Y15-34,T,EL,2011,63.6,
dataflow,ESTAT:HLTH_DE030(1.0),A,PC,PB1070,Y15-34,T,ES,2011,39.8,
dataflow,ESTAT:HLTH_DE030(1.0),A,PC,PB1070,Y15-34,T,FI,2011,22.5,
dataflow,ESTAT:HLTH_DE030(1.0),A,PC,PB1070,Y15-34,T,FR,2011,28.3,
dataflow,ESTAT:HLTH_DE030(1.0),A,PC,PB1070,Y15-34,T,HR,2011,56.4,u
dataflow,ESTAT:HLTH_DE030(1.0),A,PC,PB1070,Y15-34,T,HU,2011,59.3,
dataflow,ESTAT:HLTH_DE030(1.0),A,PC,PB1070,Y15-34,T,IE,2011,63.1,
dataflow,ESTAT:HLTH_DE030(1.0),A,PC,PB1070,Y15-34,T,IS,2011,16.5,
dataflow,ESTAT:HLTH_DE030(1.0),A,PC,PB1070,Y15-34,T,IT,2011,47.2,
dataflow,ESTAT:HLTH_DE030(1.0),A,PC,PB1070,Y15-34,T,LT,2011,67.2,
dataflow,ESTAT:HLTH_DE030(1.0),A,PC,PB1070,Y15-34,T,LU,2011,17.7,
dataflow,ESTAT:HLTH_DE030(1.0),A,PC,PB1070,Y15-34,T,LV,2011,36.8,
dataflow,ESTAT:HLTH_DE030(1.0),A,PC,PB1070,Y15-34,T,MT,2011,44.2,u
dataflow,ESTAT:HLTH_DE030(1.0),A,PC,PB1070,Y15-34,T,NL,2011,34.2,
dataflow,ESTAT:HLTH_DE030(1.0),A,PC,PB1070,Y15-34,T,PL,2011,51.1,
dataflow,ESTAT:HLTH_DE030(1.0),A,PC,PB1070,Y15-34,T,PT,2011,28.6,
dataflow,ESTAT:HLTH_DE030(1.0),A,PC,PB1070,Y15-34,T,RO,2011,75.2,
dataflow,ESTAT:HLTH_DE030(1.0),A,PC,PB1070,Y15-34,T,SE,2011,14.1,
dataflow,ESTAT:HLTH_DE030(1.0),A,PC,PB1070,Y15-34,T,SI,2011,22.8,
dataflow,ESTAT:HLTH_DE030(1.0),A,PC,PB1070,Y15-34,T,SK,2011,64.4,
dataflow,ESTAT:HLTH_DE030(1.0),A,PC,PB1070,Y15-34,T,TR,2011,47.8,
dataflow,ESTAT:HLTH_DE030(1.0),A,PC,PB1070,Y15-34,T,UK,2011,46.6,
dataflow,ESTAT:HLTH_DE030(1.0),A,PC,PB1070,Y25-34,F,AT,2011,33.2,u
dataflow,ESTAT:HLTH_DE030(1.0),A,PC,PB1070,Y25-34,F,BE,2011,55.9,
dataflow,ESTAT:HLTH_DE030(1.0),A,PC,PB1070,Y25-34,F,BG,2011,89.6,u
dataflow,ESTAT:HLTH_DE030(1.0),A,PC,PB1070,Y25-34,F,CH,2011,19.7,
dataflow,ESTAT:HLTH_DE030(1.0),A,PC,PB1070,Y25-34,F,CY,2011,46.7,u
dataflow,ESTAT:HLTH_DE030(1.0),A,PC,PB1070,Y25-34,F,CZ,2011,54.5,
dataflow,ESTAT:HLTH_DE030(1.0),A,PC,PB1070,Y25-34,F,DE,2011,57.7,
dataflow,ESTAT:HLTH_DE030(1.0),A,PC,PB1070,Y25-34,F,DK,2011,39.8,
dataflow,ESTAT:HLTH_DE030(1.0),A,PC,PB1070,Y25-34,F,EE,2011,,u
dataflow,ESTAT:HLTH_DE030(1.0),A,PC,PB1070,Y25-34,F,EL,2011,63.2,u
dataflow,ESTAT:HLTH_DE030(1.0),A,PC,PB1070,Y25-34,F,ES,2011,43.4,
dataflow,ESTAT:HLTH_DE030(1.0),A,PC,PB1070,Y25-34,F,FI,2011,22.6,
dataflow,ESTAT:HLTH_DE030(1.0),A,PC,PB1070,Y25-34,F,FR,2011,36.0,
dataflow,ESTAT:HLTH_DE030(1.0),A,PC,PB1070,Y25-34,F,HR,2011,,u
dataflow,ESTAT:HLTH_DE030(1.0),A,PC,PB1070,Y25-34,F,HU,2011,70.1,
dataflow,ESTAT:HLTH_DE030(1.0),A,PC,PB1070,Y25-34,F,IE,2011,69.3,
dataflow,ESTAT:HLTH_DE030(1.0),A,PC,PB1070,Y25-34,F,IS,2011,23.6,
dataflow,ESTAT:HLTH_DE030(1.0),A,PC,PB1070,Y25-34,F,IT,2011,51.5,
dataflow,ESTAT:HLTH_DE030(1.0),A,PC,PB1070,Y25-34,F,LT,2011,,u
dataflow,ESTAT:HLTH_DE030(1.0),A,PC,PB1070,Y25-34,F,LU,2011,23,u
dataflow,ESTAT:HLTH_DE030(1.0),A,PC,PB1070,Y25-34,F,LV,2011,,u
dataflow,ESTAT:HLTH_DE030(1.0),A,PC,PB1070,Y25-34,F,MT,2011,,u
dataflow,ESTAT:HLTH_DE030(1.0),A,PC,PB1070,Y25-34,F,NL,2011,39.2,u
dataflow,ESTAT:HLTH_DE030(1.0),A,PC,PB1070,Y25-34,F,PL,2011,61.4,
dataflow,ESTAT:HLTH_DE030(1.0),A,PC,PB1070,Y25-34,F,PT,2011,26.9,
dataflow,ESTAT:HLTH_DE030(1.0),A,PC,PB1070,Y25-34,F,RO,2011,75.9,
dataflow,ESTAT:HLTH_DE030(1.0),A,PC,PB1070,Y25-34,F,SE,2011,19.9,
dataflow,ESTAT:HLTH_DE030(1.0),A,PC,PB1070,Y25-34,F,SI,2011,24.6,u
dataflow,ESTAT:HLTH_DE030(1.0),A,PC,PB1070,Y25-34,F,SK,2011,67.6,
dataflow,ESTAT:HLTH_DE030(1.0),A,PC,PB1070,Y25-34,F,TR,2011,65.6,
dataflow,ESTAT:HLTH_DE030(1.0),A,PC,PB1070,Y25-34,F,UK,2011,53.0,
dataflow,ESTAT:HLTH_DE030(1.0),A,PC,PB1070,Y25-34,M,AT,2011,19.1,u
dataflow,ESTAT:HLTH_DE030(1.0),A,PC,PB1070,Y25-34,M,BE,2011,53.8,
dataflow,ESTAT:HLTH_DE030(1.0),A,PC,PB1070,Y25-34,M,BG,2011,86.4,u
dataflow,ESTAT:HLTH_DE030(1.0),A,PC,PB1070,Y25-34,M,CH,2011,8.4,u
dataflow,ESTAT:HLTH_DE030(1.0),A,PC,PB1070,Y25-34,M,CY,2011,36.7,u
dataflow,ESTAT:HLTH_DE030(1.0),A,PC,PB1070,Y25-34,M,CZ,2011,51.7,
dataflow,ESTAT:HLTH_DE030(1.0),A,PC,PB1070,Y25-34,M,DE,2011,40.7,
dataflow,ESTAT:HLTH_DE030(1.0),A,PC,PB1070,Y25-34,M,DK,2011,34.2,
dataflow,ESTAT:HLTH_DE030(1.0),A,PC,PB1070,Y25-34,M,EE,2011,56.6,u
dataflow,ESTAT:HLTH_DE030(1.0),A,PC,PB1070,Y25-34,M,EL,2011,70.1,
dataflow,ESTAT:HLTH_DE030(1.0),A,PC,PB1070,Y25-34,M,ES,2011,41.4,
dataflow,ESTAT:HLTH_DE030(1.0),A,PC,PB1070,Y25-34,M,FI,2011,25.8,
dataflow,ESTAT:HLTH_DE030(1.0),A,PC,PB1070,Y25-34,M,FR,2011,23.6,u
dataflow,ESTAT:HLTH_DE030(1.0),A,PC,PB1070,Y25-34,M,HR,2011,,u
dataflow,ESTAT:HLTH_DE030(1.0),A,PC,PB1070,Y25-34,M,HU,2011,60.4,
dataflow,ESTAT:HLTH_DE030(1.0),A,PC,PB1070,Y25-34,M,IE,2011,69.9,
dataflow,ESTAT:HLTH_DE030(1.0),A,PC,PB1070,Y25-34,M,IS,2011,,u
dataflow,ESTAT:HLTH_DE030(1.0),A,PC,PB1070,Y25-34,M,IT,2011,45.0,
dataflow,ESTAT:HLTH_DE030(1.0),A,PC,PB1070,Y25-34,M,LT,2011,86.9,
dataflow,ESTAT:HLTH_DE030(1.0),A,PC,PB1070,Y25-34,M,LU,2011,,u
dataflow,ESTAT:HLTH_DE030(1.0),A,PC,PB1070,Y25-34,M,LV,2011,,u
dataflow,ESTAT:HLTH_DE030(1.0),A,PC,PB1070,Y25-34,M,MT,2011,,u
dataflow,ESTAT:HLTH_DE030(1.0),A,PC,PB1070,Y25-34,M,NL,2011,47.1,u
dataflow,ESTAT:HLTH_DE030(1.0),A,PC,PB1070,Y25-34,M,PL,2011,59.6,
dataflow,ESTAT:HLTH_DE030(1.0),A,PC,PB1070,Y25-34,M,PT,2011,33.7,
dataflow,ESTAT:HLTH_DE030(1.0),A,PC,PB1070,Y25-34,M,RO,2011,71.8,
dataflow,ESTAT:HLTH_DE030(1.0),A,PC,PB1070,Y25-34,M,SE,2011,12.9,u
dataflow,ESTAT:HLTH_DE030(1.0),A,PC,PB1070,Y25-34,M,SI,2011,26.2,u
dataflow,ESTAT:HLTH_DE030(1.0),A,PC,PB1070,Y25-34,M,SK,2011,77.1,
dataflow,ESTAT:HLTH_DE030(1.0),A,PC,PB1070,Y25-34,M,TR,2011,29.9,
dataflow,ESTAT:HLTH_DE030(1.0),A,PC,PB1070,Y25-34,M,UK,2011,50.3,
dataflow,ESTAT:HLTH_DE030(1.0),A,PC,PB1070,Y25-34,T,AT,2011,26.7,
dataflow,ESTAT:HLTH_DE030(1.0),A,PC,PB1070,Y25-34,T,BE,2011,55.0,
dataflow,ESTAT:HLTH_DE030(1.0),A,PC,PB1070,Y25-34,T,BG,2011,87.9,
dataflow,ESTAT:HLTH_DE030(1.0),A,PC,PB1070,Y25-34,T,CH,2011,14.1,
dataflow,ESTAT:HLTH_DE030(1.0),A,PC,PB1070,Y25-34,T,CY,2011,41.1,
dataflow,ESTAT:HLTH_DE030(1.0),A,PC,PB1070,Y25-34,T,CZ,2011,52.9,
dataflow,ESTAT:HLTH_DE030(1.0),A,PC,PB1070,Y25-34,T,DE,2011,50.0,
dataflow,ESTAT:HLTH_DE030(1.0),A,PC,PB1070,Y25-34,T,DK,2011,37.4,
dataflow,ESTAT:HLTH_DE030(1.0),A,PC,PB1070,Y25-34,T,EE,2011,53,u
dataflow,ESTAT:HLTH_DE030(1.0),A,PC,PB1070,Y25-34,T,EL,2011,67.4,
dataflow,ESTAT:HLTH_DE030(1.0),A,PC,PB1070,Y25-34,T,ES,2011,42.5,
dataflow,ESTAT:HLTH_DE030(1.0),A,PC,PB1070,Y25-34,T,FI,2011,24.1,
dataflow,ESTAT:HLTH_DE030(1.0),A,PC,PB1070,Y25-34,T,FR,2011,30.4,
dataflow,ESTAT:HLTH_DE030(1.0),A,PC,PB1070,Y25-34,T,HR,2011,55.7,u
dataflow,ESTAT:HLTH_DE030(1.0),A,PC,PB1070,Y25-34,T,HU,2011,65.4,
dataflow,ESTAT:HLTH_DE030(1.0),A,PC,PB1070,Y25-34,T,IE,2011,69.6,
dataflow,ESTAT:HLTH_DE030(1.0),A,PC,PB1070,Y25-34,T,IS,2011,21.0,
dataflow,ESTAT:HLTH_DE030(1.0),A,PC,PB1070,Y25-34,T,IT,2011,48.2,
dataflow,ESTAT:HLTH_DE030(1.0),A,PC,PB1070,Y25-34,T,LT,2011,77.8,
dataflow,ESTAT:HLTH_DE030(1.0),A,PC,PB1070,Y25-34,T,LU,2011,20.4,u
dataflow,ESTAT:HLTH_DE030(1.0),A,PC,PB1070,Y25-34,T,LV,2011,49.2,u
dataflow,ESTAT:HLTH_DE030(1.0),A,PC,PB1070,Y25-34,T,MT,2011,,u
dataflow,ESTAT:HLTH_DE030(1.0),A,PC,PB1070,Y25-34,T,NL,2011,42.1,
dataflow,ESTAT:HLTH_DE030(1.0),A,PC,PB1070,Y25-34,T,PL,2011,60.3,
dataflow,ESTAT:HLTH_DE030(1.0),A,PC,PB1070,Y25-34,T,PT,2011,29.7,
dataflow,ESTAT:HLTH_DE030(1.0),A,PC,PB1070,Y25-34,T,RO,2011,73.6,
dataflow,ESTAT:HLTH_DE030(1.0),A,PC,PB1070,Y25-34,T,SE,2011,17.1,
dataflow,ESTAT:HLTH_DE030(1.0),A,PC,PB1070,Y25-34,T,SI,2011,25.5,u
dataflow,ESTAT:HLTH_DE030(1.0),A,PC,PB1070,Y25-34,T,SK,2011,72.6,
dataflow,ESTAT:HLTH_DE030(1.0),A,PC,PB1070,Y25-34,T,TR,2011,49.0,
dataflow,ESTAT:HLTH_DE030(1.0),A,PC,PB1070,Y25-34,T,UK,2011,51.7,
dataflow,ESTAT:HLTH_DE030(1.0),A,PC,PB1071,Y15-24,F,AT,2011,7.2,
dataflow,ESTAT:HLTH_DE030(1.0),A,PC,PB1071,Y15-24,F,BE,2011,9.6,
dataflow,ESTAT:HLTH_DE030(1.0),A,PC,PB1071,Y15-24,F,BG,2011,21.2,
dataflow,ESTAT:HLTH_DE030(1.0),A,PC,PB1071,Y15-24,F,CH,2011,5.9,
dataflow,ESTAT:HLTH_DE030(1.0),A,PC,PB1071,Y15-24,F,CY,2011,10.6,
dataflow,ESTAT:HLTH_DE030(1.0),A,PC,PB1071,Y15-24,F,CZ,2011,8.9,
dataflow,ESTAT:HLTH_DE030(1.0),A,PC,PB1071,Y15-24,F,DE,2011,8.4,
dataflow,ESTAT:HLTH_DE030(1.0),A,PC,PB1071,Y15-24,F,DK,2011,4.9,
dataflow,ESTAT:HLTH_DE030(1.0),A,PC,PB1071,Y15-24,F,EE,2011,11.2,
dataflow,ESTAT:HLTH_DE030(1.0),A,PC,PB1071,Y15-24,F,EL,2011,17.7,
dataflow,ESTAT:HLTH_DE030(1.0),A,PC,PB1071,Y15-24,F,ES,2011,18.3,
dataflow,ESTAT:HLTH_DE030(1.0),A,PC,PB1071,Y15-24,F,FI,2011,6.3,
dataflow,ESTAT:HLTH_DE030(1.0),A,PC,PB1071,Y15-24,F,FR,2011,12.0,
dataflow,ESTAT:HLTH_DE030(1.0),A,PC,PB1071,Y15-24,F,HR,2011,12.8,u
dataflow,ESTAT:HLTH_DE030(1.0),A,PC,PB1071,Y15-24,F,HU,2011,12.2,
dataflow,ESTAT:HLTH_DE030(1.0),A,PC,PB1071,Y15-24,F,IE,2011,16.1,
dataflow,ESTAT:HLTH_DE030(1.0),A,PC,PB1071,Y15-24,F,IS,2011,,u
dataflow,ESTAT:HLTH_DE030(1.0),A,PC,PB1071,Y15-24,F,IT,2011,18.6,
dataflow,ESTAT:HLTH_DE030(1.0),A,PC,PB1071,Y15-24,F,LT,2011,9.0,
dataflow,ESTAT:HLTH_DE030(1.0),A,PC,PB1071,Y15-24,F,LU,2011,4.8,
dataflow,ESTAT:HLTH_DE030(1.0),A,PC,PB1071,Y15-24,F,LV,2011,17.8,
dataflow,ESTAT:HLTH_DE030(1.0),A,PC,PB1071,Y15-24,F,MT,2011,12.1,
dataflow,ESTAT:HLTH_DE030(1.0),A,PC,PB1071,Y15-24,F,NL,2011,2.8,u
dataflow,ESTAT:HLTH_DE030(1.0),A,PC,PB1071,Y15-24,F,PL,2011,10.3,
dataflow,ESTAT:HLTH_DE030(1.0),A,PC,PB1071,Y15-24,F,PT,2011,11.5,
dataflow,ESTAT:HLTH_DE030(1.0),A,PC,PB1071,Y15-24,F,RO,2011,16.9,
dataflow,ESTAT:HLTH_DE030(1.0),A,PC,PB1071,Y15-24,F,SE,2011,5.8,
dataflow,ESTAT:HLTH_DE030(1.0),A,PC,PB1071,Y15-24,F,SI,2011,5.3,u
dataflow,ESTAT:HLTH_DE030(1.0),A,PC,PB1071,Y15-24,F,SK,2011,12.7,
dataflow,ESTAT:HLTH_DE030(1.0),A,PC,PB1071,Y15-24,F,TR,2011,38.8,
dataflow,ESTAT:HLTH_DE030(1.0),A,PC,PB1071,Y15-24,F,UK,2011,16.4,
dataflow,ESTAT:HLTH_DE030(1.0),A,PC,PB1071,Y15-24,M,AT,2011,6.3,
dataflow,ESTAT:HLTH_DE030(1.0),A,PC,PB1071,Y15-24,M,BE,2011,8.7,
dataflow,ESTAT:HLTH_DE030(1.0),A,PC,PB1071,Y15-24,M,BG,2011,21.8,
dataflow,ESTAT:HLTH_DE030(1.0),A,PC,PB1071,Y15-24,M,CH,2011,7.7,
dataflow,ESTAT:HLTH_DE030(1.0),A,PC,PB1071,Y15-24,M,CY,2011,10.5,
dataflow,ESTAT:HLTH_DE030(1.0),A,PC,PB1071,Y15-24,M,CZ,2011,6.1,
dataflow,ESTAT:HLTH_DE030(1.0),A,PC,PB1071,Y15-24,M,DE,2011,7.4,
dataflow,ESTAT:HLTH_DE030(1.0),A,PC,PB1071,Y15-24,M,DK,2011,5.4,
dataflow,ESTAT:HLTH_DE030(1.0),A,PC,PB1071,Y15-24,M,EE,2011,9.7,
dataflow,ESTAT:HLTH_DE030(1.0),A,PC,PB1071,Y15-24,M,EL,2011,14.0,
dataflow,ESTAT:HLTH_DE030(1.0),A,PC,PB1071,Y15-24,M,ES,2011,20.0,
dataflow,ESTAT:HLTH_DE030(1.0),A,PC,PB1071,Y15-24,M,FI,2011,6.5,
dataflow,ESTAT:HLTH_DE030(1.0),A,PC,PB1071,Y15-24,M,FR,2011,9.3,
dataflow,ESTAT:HLTH_DE030(1.0),A,PC,PB1071,Y15-24,M,HR,2011,16.0,
dataflow,ESTAT:HLTH_DE030(1.0),A,PC,PB1071,Y15-24,M,HU,2011,10.5,
dataflow,ESTAT:HLTH_DE030(1.0),A,PC,PB1071,Y15-24,M,IE,2011,19.0,
dataflow,ESTAT:HLTH_DE030(1.0),A,PC,PB1071,Y15-24,M,IS,2011,8.5,
dataflow,ESTAT:HLTH_DE030(1.0),A,PC,PB1071,Y15-24,M,IT,2011,17.4,
dataflow,ESTAT:HLTH_DE030(1.0),A,PC,PB1071,Y15-24,M,LT,2011,11.7,
dataflow,ESTAT:HLTH_DE030(1.0),A,PC,PB1071,Y15-24,M,LU,2011,4.2,u
dataflow,ESTAT:HLTH_DE030(1.0),A,PC,PB1071,Y15-24,M,LV,2011,15.9,
dataflow,ESTAT:HLTH_DE030(1.0),A,PC,PB1071,Y15-24,M,MT,2011,10.3,u
dataflow,ESTAT:HLTH_DE030(1.0),A,PC,PB1071,Y15-24,M,NL,2011,2.4,u
dataflow,ESTAT:HLTH_DE030(1.0),A,PC,PB1071,Y15-24,M,PL,2011,9.7,
dataflow,ESTAT:HLTH_DE030(1.0),A,PC,PB1071,Y15-24,M,PT,2011,10.1,
dataflow,ESTAT:HLTH_DE030(1.0),A,PC,PB1071,Y15-24,M,RO,2011,14.8,
dataflow,ESTAT:HLTH_DE030(1.0),A,PC,PB1071,Y15-24,M,SE,2011,7.1,
dataflow,ESTAT:HLTH_DE030(1.0),A,PC,PB1071,Y15-24,M,SI,2011,5.7,u
dataflow,ESTAT:HLTH_DE030(1.0),A,PC,PB1071,Y15-24,M,SK,2011,12.3,
dataflow,ESTAT:HLTH_DE030(1.0),A,PC,PB1071,Y15-24,M,TR,2011,13.8,
dataflow,ESTAT:HLTH_DE030(1.0),A,PC,PB1071,Y15-24,M,UK,2011,14.1,
dataflow,ESTAT:HLTH_DE030(1.0),A,PC,PB1071,Y15-24,T,AT,2011,6.7,
dataflow,ESTAT:HLTH_DE030(1.0),A,PC,PB1071,Y15-24,T,BE,2011,9.2,
dataflow,ESTAT:HLTH_DE030(1.0),A,PC,PB1071,Y15-24,T,BG,2011,21.5,
dataflow,ESTAT:HLTH_DE030(1.0),A,PC,PB1071,Y15-24,T,CH,2011,6.8,
dataflow,ESTAT:HLTH_DE030(1.0),A,PC,PB1071,Y15-24,T,CY,2011,10.6,
dataflow,ESTAT:HLTH_DE030(1.0),A,PC,PB1071,Y15-24,T,CZ,2011,7.4,
dataflow,ESTAT:HLTH_DE030(1.0),A,PC,PB1071,Y15-24,T,DE,2011,7.9,
dataflow,ESTAT:HLTH_DE030(1.0),A,PC,PB1071,Y15-24,T,DK,2011,5.2,
dataflow,ESTAT:HLTH_DE030(1.0),A,PC,PB1071,Y15-24,T,EE,2011,10.5,
dataflow,ESTAT:HLTH_DE030(1.0),A,PC,PB1071,Y15-24,T,EL,2011,15.8,
dataflow,ESTAT:HLTH_DE030(1.0),A,PC,PB1071,Y15-24,T,ES,2011,19.1,
dataflow,ESTAT:HLTH_DE030(1.0),A,PC,PB1071,Y15-24,T,FI,2011,6.4,
dataflow,ESTAT:HLTH_DE030(1.0),A,PC,PB1071,Y15-24,T,FR,2011,10.7,
dataflow,ESTAT:HLTH_DE030(1.0),A,PC,PB1071,Y15-24,T,HR,2011,14.5,
dataflow,ESTAT:HLTH_DE030(1.0),A,PC,PB1071,Y15-24,T,HU,2011,11.3,
dataflow,ESTAT:HLTH_DE030(1.0),A,PC,PB1071,Y15-24,T,IE,2011,17.5,
dataflow,ESTAT:HLTH_DE030(1.0),A,PC,PB1071,Y15-24,T,IS,2011,6.8,
dataflow,ESTAT:HLTH_DE030(1.0),A,PC,PB1071,Y15-24,T,IT,2011,18.0,
dataflow,ESTAT:HLTH_DE030(1.0),A,PC,PB1071,Y15-24,T,LT,2011,10.4,
dataflow,ESTAT:HLTH_DE030(1.0),A,PC,PB1071,Y15-24,T,LU,2011,4.5,
dataflow,ESTAT:HLTH_DE030(1.0),A,PC,PB1071,Y15-24,T,LV,2011,16.8,
dataflow,ESTAT:HLTH_DE030(1.0),A,PC,PB1071,Y15-24,T,MT,2011,11.2,
dataflow,ESTAT:HLTH_DE030(1.0),A,PC,PB1071,Y15-24,T,NL,2011,2.6,
dataflow,ESTAT:HLTH_DE030(1.0),A,PC,PB1071,Y15-24,T,PL,2011,10.0,
dataflow,ESTAT:HLTH_DE030(1.0),A,PC,PB1071,Y15-24,T,PT,2011,10.7,
dataflow,ESTAT:HLTH_DE030(1.0),A,PC,PB1071,Y15-24,T,RO,2011,15.8,
dataflow,ESTAT:HLTH_DE030(1.0),A,PC,PB1071,Y15-24,T,SE,2011,6.5,
dataflow,ESTAT:HLTH_DE030(1.0),A,PC,PB1071,Y15-24,T,SI,2011,5.5,
dataflow,ESTAT:HLTH_DE030(1.0),A,PC,PB1071,Y15-24,T,SK,2011,12.5,
dataflow,ESTAT:HLTH_DE030(1.0),A,PC,PB1071,Y15-24,T,TR,2011,26.6,
dataflow,ESTAT:HLTH_DE030(1.0),A,PC,PB1071,Y15-24,T,UK,2011,15.2,
dataflow,ESTAT:HLTH_DE030(1.0),A,PC,PB1071,Y15-29,F,AT,2011,8.9,
dataflow,ESTAT:HLTH_DE030(1.0),A,PC,PB1071,Y15-29,F,BE,2011,12.6,
dataflow,ESTAT:HLTH_DE030(1.0),A,PC,PB1071,Y15-29,F,BG,2011,25.3,
dataflow,ESTAT:HLTH_DE030(1.0),A,PC,PB1071,Y15-29,F,CH,2011,8.8,
dataflow,ESTAT:HLTH_DE030(1.0),A,PC,PB1071,Y15-29,F,CY,2011,12.9,
dataflow,ESTAT:HLTH_DE030(1.0),A,PC,PB1071,Y15-29,F,CZ,2011,17.1,
dataflow,ESTAT:HLTH_DE030(1.0),A,PC,PB1071,Y15-29,F,DE,2011,11.3,
dataflow,ESTAT:HLTH_DE030(1.0),A,PC,PB1071,Y15-29,F,DK,2011,5.7,
dataflow,ESTAT:HLTH_DE030(1.0),A,PC,PB1071,Y15-29,F,EE,2011,16.2,
dataflow,ESTAT:HLTH_DE030(1.0),A,PC,PB1071,Y15-29,F,EL,2011,25.7,
dataflow,ESTAT:HLTH_DE030(1.0),A,PC,PB1071,Y15-29,F,ES,2011,20.7,
dataflow,ESTAT:HLTH_DE030(1.0),A,PC,PB1071,Y15-29,F,FI,2011,9.9,
dataflow,ESTAT:HLTH_DE030(1.0),A,PC,PB1071,Y15-29,F,FR,2011,15.8,
dataflow,ESTAT:HLTH_DE030(1.0),A,PC,PB1071,Y15-29,F,HR,2011,15.7,
dataflow,ESTAT:HLTH_DE030(1.0),A,PC,PB1071,Y15-29,F,HU,2011,19.6,
dataflow,ESTAT:HLTH_DE030(1.0),A,PC,PB1071,Y15-29,F,IE,2011,19.3,
dataflow,ESTAT:HLTH_DE030(1.0),A,PC,PB1071,Y15-29,F,IS,2011,6.6,
dataflow,ESTAT:HLTH_DE030(1.0),A,PC,PB1071,Y15-29,F,IT,2011,23.3,
dataflow,ESTAT:HLTH_DE030(1.0),A,PC,PB1071,Y15-29,F,LT,2011,12.2,
dataflow,ESTAT:HLTH_DE030(1.0),A,PC,PB1071,Y15-29,F,LU,2011,7.9,
dataflow,ESTAT:HLTH_DE030(1.0),A,PC,PB1071,Y15-29,F,LV,2011,21.5,
dataflow,ESTAT:HLTH_DE030(1.0),A,PC,PB1071,Y15-29,F,MT,2011,15.1,
dataflow,ESTAT:HLTH_DE030(1.0),A,PC,PB1071,Y15-29,F,NL,2011,4.5,
dataflow,ESTAT:HLTH_DE030(1.0),A,PC,PB1071,Y15-29,F,PL,2011,16.9,
dataflow,ESTAT:HLTH_DE030(1.0),A,PC,PB1071,Y15-29,F,PT,2011,13.1,
dataflow,ESTAT:HLTH_DE030(1.0),A,PC,PB1071,Y15-29,F,RO,2011,20.4,
dataflow,ESTAT:HLTH_DE030(1.0),A,PC,PB1071,Y15-29,F,SE,2011,6.4,
dataflow,ESTAT:HLTH_DE030(1.0),A,PC,PB1071,Y15-29,F,SI,2011,8.0,
dataflow,ESTAT:HLTH_DE030(1.0),A,PC,PB1071,Y15-29,F,SK,2011,20.0,
dataflow,ESTAT:HLTH_DE030(1.0),A,PC,PB1071,Y15-29,F,TR,2011,46.2,
dataflow,ESTAT:HLTH_DE030(1.0),A,PC,PB1071,Y15-29,F,UK,2011,18.5,
dataflow,ESTAT:HLTH_DE030(1.0),A,PC,PB1071,Y15-29,M,AT,2011,6.0,
dataflow,ESTAT:HLTH_DE030(1.0),A,PC,PB1071,Y15-29,M,BE,2011,8.8,
dataflow,ESTAT:HLTH_DE030(1.0),A,PC,PB1071,Y15-29,M,BG,2011,22.5,
dataflow,ESTAT:HLTH_DE030(1.0),A,PC,PB1071,Y15-29,M,CH,2011,6.7,
dataflow,ESTAT:HLTH_DE030(1.0),A,PC,PB1071,Y15-29,M,CY,2011,10.9,
dataflow,ESTAT:HLTH_DE030(1.0),A,PC,PB1071,Y15-29,M,CZ,2011,6.5,
dataflow,ESTAT:HLTH_DE030(1.0),A,PC,PB1071,Y15-29,M,DE,2011,8.3,
dataflow,ESTAT:HLTH_DE030(1.0),A,PC,PB1071,Y15-29,M,DK,2011,5.8,
dataflow,ESTAT:HLTH_DE030(1.0),A,PC,PB1071,Y15-29,M,EE,2011,10.7,
dataflow,ESTAT:HLTH_DE030(1.0),A,PC,PB1071,Y15-29,M,EL,2011,17.2,
dataflow,ESTAT:HLTH_DE030(1.0),A,PC,PB1071,Y15-29,M,ES,2011,20.4,
dataflow,ESTAT:HLTH_DE030(1.0),A,PC,PB1071,Y15-29,M,FI,2011,6.8,
dataflow,ESTAT:HLTH_DE030(1.0),A,PC,PB1071,Y15-29,M,FR,2011,10.1,
dataflow,ESTAT:HLTH_DE030(1.0),A,PC,PB1071,Y15-29,M,HR,2011,18.3,
dataflow,ESTAT:HLTH_DE030(1.0),A,PC,PB1071,Y15-29,M,HU,2011,12.1,
dataflow,ESTAT:HLTH_DE030(1.0),A,PC,PB1071,Y15-29,M,IE,2011,21.2,
dataflow,ESTAT:HLTH_DE030(1.0),A,PC,PB1071,Y15-29,M,IS,2011,8.2,
dataflow,ESTAT:HLTH_DE030(1.0),A,PC,PB1071,Y15-29,M,IT,2011,18.0,
dataflow,ESTAT:HLTH_DE030(1.0),A,PC,PB1071,Y15-29,M,LT,2011,14.1,
dataflow,ESTAT:HLTH_DE030(1.0),A,PC,PB1071,Y15-29,M,LU,2011,4.4,
dataflow,ESTAT:HLTH_DE030(1.0),A,PC,PB1071,Y15-29,M,LV,2011,18.0,
dataflow,ESTAT:HLTH_DE030(1.0),A,PC,PB1071,Y15-29,M,MT,2011,9.1,
dataflow,ESTAT:HLTH_DE030(1.0),A,PC,PB1071,Y15-29,M,NL,2011,3.0,
dataflow,ESTAT:HLTH_DE030(1.0),A,PC,PB1071,Y15-29,M,PL,2011,10.2,
dataflow,ESTAT:HLTH_DE030(1.0),A,PC,PB1071,Y15-29,M,PT,2011,10.7,
dataflow,ESTAT:HLTH_DE030(1.0),A,PC,PB1071,Y15-29,M,RO,2011,14.6,
dataflow,ESTAT:HLTH_DE030(1.0),A,PC,PB1071,Y15-29,M,SE,2011,6.6,
dataflow,ESTAT:HLTH_DE030(1.0),A,PC,PB1071,Y15-29,M,SI,2011,7.2,
dataflow,ESTAT:HLTH_DE030(1.0),A,PC,PB1071,Y15-29,M,SK,2011,13.8,
dataflow,ESTAT:HLTH_DE030(1.0),A,PC,PB1071,Y15-29,M,TR,2011,13.2,
dataflow,ESTAT:HLTH_DE030(1.0),A,PC,PB1071,Y15-29,M,UK,2011,12.5,
dataflow,ESTAT:HLTH_DE030(1.0),A,PC,PB1071,Y15-29,T,AT,2011,7.4,
dataflow,ESTAT:HLTH_DE030(1.0),A,PC,PB1071,Y15-29,T,BE,2011,10.7,
dataflow,ESTAT:HLTH_DE030(1.0),A,PC,PB1071,Y15-29,T,BG,2011,23.9,
dataflow,ESTAT:HLTH_DE030(1.0),A,PC,PB1071,Y15-29,T,CH,2011,7.7,
dataflow,ESTAT:HLTH_DE030(1.0),A,PC,PB1071,Y15-29,T,CY,2011,12.0,
dataflow,ESTAT:HLTH_DE030(1.0),A,PC,PB1071,Y15-29,T,CZ,2011,11.7,
dataflow,ESTAT:HLTH_DE030(1.0),A,PC,PB1071,Y15-29,T,DE,2011,9.8,
dataflow,ESTAT:HLTH_DE030(1.0),A,PC,PB1071,Y15-29,T,DK,2011,5.8,
dataflow,ESTAT:HLTH_DE030(1.0),A,PC,PB1071,Y15-29,T,EE,2011,13.5,
dataflow,ESTAT:HLTH_DE030(1.0),A,PC,PB1071,Y15-29,T,EL,2011,21.4,
dataflow,ESTAT:HLTH_DE030(1.0),A,PC,PB1071,Y15-29,T,ES,2011,20.6,
dataflow,ESTAT:HLTH_DE030(1.0),A,PC,PB1071,Y15-29,T,FI,2011,8.3,
dataflow,ESTAT:HLTH_DE030(1.0),A,PC,PB1071,Y15-29,T,FR,2011,13.0,
dataflow,ESTAT:HLTH_DE030(1.0),A,PC,PB1071,Y15-29,T,HR,2011,17.1,
dataflow,ESTAT:HLTH_DE030(1.0),A,PC,PB1071,Y15-29,T,HU,2011,15.8,
dataflow,ESTAT:HLTH_DE030(1.0),A,PC,PB1071,Y15-29,T,IE,2011,20.2,
dataflow,ESTAT:HLTH_DE030(1.0),A,PC,PB1071,Y15-29,T,IS,2011,7.5,
dataflow,ESTAT:HLTH_DE030(1.0),A,PC,PB1071,Y15-29,T,IT,2011,20.6,
dataflow,ESTAT:HLTH_DE030(1.0),A,PC,PB1071,Y15-29,T,LT,2011,13.2,
dataflow,ESTAT:HLTH_DE030(1.0),A,PC,PB1071,Y15-29,T,LU,2011,6.1,
dataflow,ESTAT:HLTH_DE030(1.0),A,PC,PB1071,Y15-29,T,LV,2011,19.7,
dataflow,ESTAT:HLTH_DE030(1.0),A,PC,PB1071,Y15-29,T,MT,2011,11.9,
dataflow,ESTAT:HLTH_DE030(1.0),A,PC,PB1071,Y15-29,T,NL,2011,3.8,
dataflow,ESTAT:HLTH_DE030(1.0),A,PC,PB1071,Y15-29,T,PL,2011,13.5,
dataflow,ESTAT:HLTH_DE030(1.0),A,PC,PB1071,Y15-29,T,PT,2011,11.9,
dataflow,ESTAT:HLTH_DE030(1.0),A,PC,PB1071,Y15-29,T,RO,2011,17.5,
dataflow,ESTAT:HLTH_DE030(1.0),A,PC,PB1071,Y15-29,T,SE,2011,6.5,
dataflow,ESTAT:HLTH_DE030(1.0),A,PC,PB1071,Y15-29,T,SI,2011,7.6,
dataflow,ESTAT:HLTH_DE030(1.0),A,PC,PB1071,Y15-29,T,SK,2011,16.8,
dataflow,ESTAT:HLTH_DE030(1.0),A,PC,PB1071,Y15-29,T,TR,2011,29.9,
dataflow,ESTAT:HLTH_DE030(1.0),A,PC,PB1071,Y15-29,T,UK,2011,15.5,
dataflow,ESTAT:HLTH_DE030(1.0),A,PC,PB1071,Y15-34,F,AT,2011,10.4,
dataflow,ESTAT:HLTH_DE030(1.0),A,PC,PB1071,Y15-34,F,BE,2011,13.7,
dataflow,ESTAT:HLTH_DE030(1.0),A,PC,PB1071,Y15-34,F,BG,2011,27.0,
dataflow,ESTAT:HLTH_DE030(1.0),A,PC,PB1071,Y15-34,F,CH,2011,10.6,
dataflow,ESTAT:HLTH_DE030(1.0),A,PC,PB1071,Y15-34,F,CY,2011,13.6,
dataflow,ESTAT:HLTH_DE030(1.0),A,PC,PB1071,Y15-34,F,CZ,2011,22.9,
dataflow,ESTAT:HLTH_DE030(1.0),A,PC,PB1071,Y15-34,F,DE,2011,15.4,
dataflow,ESTAT:HLTH_DE030(1.0),A,PC,PB1071,Y15-34,F,DK,2011,6.3,
dataflow,ESTAT:HLTH_DE030(1.0),A,PC,PB1071,Y15-34,F,EE,2011,19.3,
dataflow,ESTAT:HLTH_DE030(1.0),A,PC,PB1071,Y15-34,F,EL,2011,30.0,
dataflow,ESTAT:HLTH_DE030(1.0),A,PC,PB1071,Y15-34,F,ES,2011,22.7,
dataflow,ESTAT:HLTH_DE030(1.0),A,PC,PB1071,Y15-34,F,FI,2011,11.9,
dataflow,ESTAT:HLTH_DE030(1.0),A,PC,PB1071,Y15-34,F,FR,2011,16.8,
dataflow,ESTAT:HLTH_DE030(1.0),A,PC,PB1071,Y15-34,F,HR,2011,18.7,
dataflow,ESTAT:HLTH_DE030(1.0),A,PC,PB1071,Y15-34,F,HU,2011,24.7,
dataflow,ESTAT:HLTH_DE030(1.0),A,PC,PB1071,Y15-34,F,IE,2011,21.0,
dataflow,ESTAT:HLTH_DE030(1.0),A,PC,PB1071,Y15-34,F,IS,2011,7.2,
dataflow,ESTAT:HLTH_DE030(1.0),A,PC,PB1071,Y15-34,F,IT,2011,27.2,
dataflow,ESTAT:HLTH_DE030(1.0),A,PC,PB1071,Y15-34,F,LT,2011,13.2,
dataflow,ESTAT:HLTH_DE030(1.0),A,PC,PB1071,Y15-34,F,LU,2011,9.7,
dataflow,ESTAT:HLTH_DE030(1.0),A,PC,PB1071,Y15-34,F,LV,2011,21.3,
dataflow,ESTAT:HLTH_DE030(1.0),A,PC,PB1071,Y15-34,F,MT,2011,19.9,
dataflow,ESTAT:HLTH_DE030(1.0),A,PC,PB1071,Y15-34,F,NL,2011,5.9,
dataflow,ESTAT:HLTH_DE030(1.0),A,PC,PB1071,Y15-34,F,PL,2011,19.8,
dataflow,ESTAT:HLTH_DE030(1.0),A,PC,PB1071,Y15-34,F,PT,2011,13.8,
dataflow,ESTAT:HLTH_DE030(1.0),A,PC,PB1071,Y15-34,F,RO,2011,22.4,
dataflow,ESTAT:HLTH_DE030(1.0),A,PC,PB1071,Y15-34,F,SE,2011,6.6,
dataflow,ESTAT:HLTH_DE030(1.0),A,PC,PB1071,Y15-34,F,SI,2011,8.6,
dataflow,ESTAT:HLTH_DE030(1.0),A,PC,PB1071,Y15-34,F,SK,2011,24.6,
dataflow,ESTAT:HLTH_DE030(1.0),A,PC,PB1071,Y15-34,F,TR,2011,50.2,
dataflow,ESTAT:HLTH_DE030(1.0),A,PC,PB1071,Y15-34,F,UK,2011,18.8,
dataflow,ESTAT:HLTH_DE030(1.0),A,PC,PB1071,Y15-34,M,AT,2011,5.8,
dataflow,ESTAT:HLTH_DE030(1.0),A,PC,PB1071,Y15-34,M,BE,2011,8.3,
dataflow,ESTAT:HLTH_DE030(1.0),A,PC,PB1071,Y15-34,M,BG,2011,22.2,
dataflow,ESTAT:HLTH_DE030(1.0),A,PC,PB1071,Y15-34,M,CH,2011,5.5,
dataflow,ESTAT:HLTH_DE030(1.0),A,PC,PB1071,Y15-34,M,CY,2011,10.3,
dataflow,ESTAT:HLTH_DE030(1.0),A,PC,PB1071,Y15-34,M,CZ,2011,5.8,
dataflow,ESTAT:HLTH_DE030(1.0),A,PC,PB1071,Y15-34,M,DE,2011,8.3,
dataflow,ESTAT:HLTH_DE030(1.0),A,PC,PB1071,Y15-34,M,DK,2011,5.8,
dataflow,ESTAT:HLTH_DE030(1.0),A,PC,PB1071,Y15-34,M,EE,2011,10.6,
dataflow,ESTAT:HLTH_DE030(1.0),A,PC,PB1071,Y15-34,M,EL,2011,16.9,
dataflow,ESTAT:HLTH_DE030(1.0),A,PC,PB1071,Y15-34,M,ES,2011,20.1,
dataflow,ESTAT:HLTH_DE030(1.0),A,PC,PB1071,Y15-34,M,FI,2011,6.4,
dataflow,ESTAT:HLTH_DE030(1.0),A,PC,PB1071,Y15-34,M,FR,2011,9.4,
dataflow,ESTAT:HLTH_DE030(1.0),A,PC,PB1071,Y15-34,M,HR,2011,17.9,
dataflow,ESTAT:HLTH_DE030(1.0),A,PC,PB1071,Y15-34,M,HU,2011,12.0,
dataflow,ESTAT:HLTH_DE030(1.0),A,PC,PB1071,Y15-34,M,IE,2011,21.0,
dataflow,ESTAT:HLTH_DE030(1.0),A,PC,PB1071,Y15-34,M,IS,2011,8.2,
dataflow,ESTAT:HLTH_DE030(1.0),A,PC,PB1071,Y15-34,M,IT,2011,16.5,
dataflow,ESTAT:HLTH_DE030(1.0),A,PC,PB1071,Y15-34,M,LT,2011,15.6,
dataflow,ESTAT:HLTH_DE030(1.0),A,PC,PB1071,Y15-34,M,LU,2011,4.0,
dataflow,ESTAT:HLTH_DE030(1.0),A,PC,PB1071,Y15-34,M,LV,2011,19.3,
dataflow,ESTAT:HLTH_DE030(1.0),A,PC,PB1071,Y15-34,M,MT,2011,8.3,
dataflow,ESTAT:HLTH_DE030(1.0),A,PC,PB1071,Y15-34,M,NL,2011,3.3,
dataflow,ESTAT:HLTH_DE030(1.0),A,PC,PB1071,Y15-34,M,PL,2011,9.9,
dataflow,ESTAT:HLTH_DE030(1.0),A,PC,PB1071,Y15-34,M,PT,2011,10.3,
dataflow,ESTAT:HLTH_DE030(1.0),A,PC,PB1071,Y15-34,M,RO,2011,13.9,
dataflow,ESTAT:HLTH_DE030(1.0),A,PC,PB1071,Y15-34,M,SE,2011,5.8,
dataflow,ESTAT:HLTH_DE030(1.0),A,PC,PB1071,Y15-34,M,SI,2011,7.5,
dataflow,ESTAT:HLTH_DE030(1.0),A,PC,PB1071,Y15-34,M,SK,2011,13.5,
dataflow,ESTAT:HLTH_DE030(1.0),A,PC,PB1071,Y15-34,M,TR,2011,12.0,
dataflow,ESTAT:HLTH_DE030(1.0),A,PC,PB1071,Y15-34,M,UK,2011,11.2,
dataflow,ESTAT:HLTH_DE030(1.0),A,PC,PB1071,Y15-34,T,AT,2011,8.1,
dataflow,ESTAT:HLTH_DE030(1.0),A,PC,PB1071,Y15-34,T,BE,2011,11.0,
dataflow,ESTAT:HLTH_DE030(1.0),A,PC,PB1071,Y15-34,T,BG,2011,24.5,
dataflow,ESTAT:HLTH_DE030(1.0),A,PC,PB1071,Y15-34,T,CH,2011,8.0,
dataflow,ESTAT:HLTH_DE030(1.0),A,PC,PB1071,Y15-34,T,CY,2011,12.1,
dataflow,ESTAT:HLTH_DE030(1.0),A,PC,PB1071,Y15-34,T,CZ,2011,14.2,
dataflow,ESTAT:HLTH_DE030(1.0),A,PC,PB1071,Y15-34,T,DE,2011,11.8,
dataflow,ESTAT:HLTH_DE030(1.0),A,PC,PB1071,Y15-34,T,DK,2011,6.0,
dataflow,ESTAT:HLTH_DE030(1.0),A,PC,PB1071,Y15-34,T,EE,2011,15.0,
dataflow,ESTAT:HLTH_DE030(1.0),A,PC,PB1071,Y15-34,T,EL,2011,23.4,
dataflow,ESTAT:HLTH_DE030(1.0),A,PC,PB1071,Y15-34,T,ES,2011,21.4,
dataflow,ESTAT:HLTH_DE030(1.0),A,PC,PB1071,Y15-34,T,FI,2011,9.1,
dataflow,ESTAT:HLTH_DE030(1.0),A,PC,PB1071,Y15-34,T,FR,2011,13.1,
dataflow,ESTAT:HLTH_DE030(1.0),A,PC,PB1071,Y15-34,T,HR,2011,18.3,
dataflow,ESTAT:HLTH_DE030(1.0),A,PC,PB1071,Y15-34,T,HU,2011,18.3,
dataflow,ESTAT:HLTH_DE030(1.0),A,PC,PB1071,Y15-34,T,IE,2011,21.0,
dataflow,ESTAT:HLTH_DE030(1.0),A,PC,PB1071,Y15-34,T,IS,2011,7.7,
dataflow,ESTAT:HLTH_DE030(1.0),A,PC,PB1071,Y15-34,T,IT,2011,21.8,
dataflow,ESTAT:HLTH_DE030(1.0),A,PC,PB1071,Y15-34,T,LT,2011,14.4,
dataflow,ESTAT:HLTH_DE030(1.0),A,PC,PB1071,Y15-34,T,LU,2011,6.8,
dataflow,ESTAT:HLTH_DE030(1.0),A,PC,PB1071,Y15-34,T,LV,2011,20.2,
dataflow,ESTAT:HLTH_DE030(1.0),A,PC,PB1071,Y15-34,T,MT,2011,13.9,
dataflow,ESTAT:HLTH_DE030(1.0),A,PC,PB1071,Y15-34,T,NL,2011,4.6,
dataflow,ESTAT:HLTH_DE030(1.0),A,PC,PB1071,Y15-34,T,PL,2011,14.8,
dataflow,ESTAT:HLTH_DE030(1.0),A,PC,PB1071,Y15-34,T,PT,2011,12.0,
dataflow,ESTAT:HLTH_DE030(1.0),A,PC,PB1071,Y15-34,T,RO,2011,18.1,
dataflow,ESTAT:HLTH_DE030(1.0),A,PC,PB1071,Y15-34,T,SE,2011,6.2,
dataflow,ESTAT:HLTH_DE030(1.0),A,PC,PB1071,Y15-34,T,SI,2011,8.0,
dataflow,ESTAT:HLTH_DE030(1.0),A,PC,PB1071,Y15-34,T,SK,2011,18.9,
dataflow,ESTAT:HLTH_DE030(1.0),A,PC,PB1071,Y15-34,T,TR,2011,31.2,
dataflow,ESTAT:HLTH_DE030(1.0),A,PC,PB1071,Y15-34,T,UK,2011,15.0,
dataflow,ESTAT:HLTH_DE030(1.0),A,PC,PB1071,Y25-34,F,AT,2011,13.4,
dataflow,ESTAT:HLTH_DE030(1.0),A,PC,PB1071,Y25-34,F,BE,2011,17.7,
dataflow,ESTAT:HLTH_DE030(1.0),A,PC,PB1071,Y25-34,F,BG,2011,32.0,
dataflow,ESTAT:HLTH_DE030(1.0),A,PC,PB1071,Y25-34,F,CH,2011,14.7,
dataflow,ESTAT:HLTH_DE030(1.0),A,PC,PB1071,Y25-34,F,CY,2011,15.9,
dataflow,ESTAT:HLTH_DE030(1.0),A,PC,PB1071,Y25-34,F,CZ,2011,34.0,
dataflow,ESTAT:HLTH_DE030(1.0),A,PC,PB1071,Y25-34,F,DE,2011,22.8,
dataflow,ESTAT:HLTH_DE030(1.0),A,PC,PB1071,Y25-34,F,DK,2011,7.8,
dataflow,ESTAT:HLTH_DE030(1.0),A,PC,PB1071,Y25-34,F,EE,2011,26.6,
dataflow,ESTAT:HLTH_DE030(1.0),A,PC,PB1071,Y25-34,F,EL,2011,39.1,
dataflow,ESTAT:HLTH_DE030(1.0),A,PC,PB1071,Y25-34,F,ES,2011,25.5,
dataflow,ESTAT:HLTH_DE030(1.0),A,PC,PB1071,Y25-34,F,FI,2011,17.4,
dataflow,ESTAT:HLTH_DE030(1.0),A,PC,PB1071,Y25-34,F,FR,2011,21.6,
dataflow,ESTAT:HLTH_DE030(1.0),A,PC,PB1071,Y25-34,F,HR,2011,25.4,
dataflow,ESTAT:HLTH_DE030(1.0),A,PC,PB1071,Y25-34,F,HU,2011,35.3,
dataflow,ESTAT:HLTH_DE030(1.0),A,PC,PB1071,Y25-34,F,IE,2011,24.7,
dataflow,ESTAT:HLTH_DE030(1.0),A,PC,PB1071,Y25-34,F,IS,2011,9.3,
dataflow,ESTAT:HLTH_DE030(1.0),A,PC,PB1071,Y25-34,F,IT,2011,34.0,
dataflow,ESTAT:HLTH_DE030(1.0),A,PC,PB1071,Y25-34,F,LT,2011,17.9,
dataflow,ESTAT:HLTH_DE030(1.0),A,PC,PB1071,Y25-34,F,LU,2011,13.9,
dataflow,ESTAT:HLTH_DE030(1.0),A,PC,PB1071,Y25-34,F,LV,2011,24.7,
dataflow,ESTAT:HLTH_DE030(1.0),A,PC,PB1071,Y25-34,F,MT,2011,27.3,
dataflow,ESTAT:HLTH_DE030(1.0),A,PC,PB1071,Y25-34,F,NL,2011,9.2,
dataflow,ESTAT:HLTH_DE030(1.0),A,PC,PB1071,Y25-34,F,PL,2011,27.8,
dataflow,ESTAT:HLTH_DE030(1.0),A,PC,PB1071,Y25-34,F,PT,2011,15.6,
dataflow,ESTAT:HLTH_DE030(1.0),A,PC,PB1071,Y25-34,F,RO,2011,27.1,
dataflow,ESTAT:HLTH_DE030(1.0),A,PC,PB1071,Y25-34,F,SE,2011,7.5,
dataflow,ESTAT:HLTH_DE030(1.0),A,PC,PB1071,Y25-34,F,SI,2011,11.0,
dataflow,ESTAT:HLTH_DE030(1.0),A,PC,PB1071,Y25-34,F,SK,2011,34.9,
dataflow,ESTAT:HLTH_DE030(1.0),A,PC,PB1071,Y25-34,F,TR,2011,61.7,
dataflow,ESTAT:HLTH_DE030(1.0),A,PC,PB1071,Y25-34,F,UK,2011,21.0,
dataflow,ESTAT:HLTH_DE030(1.0),A,PC,PB1071,Y25-34,M,AT,2011,5.3,
dataflow,ESTAT:HLTH_DE030(1.0),A,PC,PB1071,Y25-34,M,BE,2011,8.0,
dataflow,ESTAT:HLTH_DE030(1.0),A,PC,PB1071,Y25-34,M,BG,2011,22.5,
dataflow,ESTAT:HLTH_DE030(1.0),A,PC,PB1071,Y25-34,M,CH,2011,3.6,
dataflow,ESTAT:HLTH_DE030(1.0),A,PC,PB1071,Y25-34,M,CY,2011,10.1,
dataflow,ESTAT:HLTH_DE030(1.0),A,PC,PB1071,Y25-34,M,CZ,2011,5.7,
dataflow,ESTAT:HLTH_DE030(1.0),A,PC,PB1071,Y25-34,M,DE,2011,9.2,
dataflow,ESTAT:HLTH_DE030(1.0),A,PC,PB1071,Y25-34,M,DK,2011,6.2,
dataflow,ESTAT:HLTH_DE030(1.0),A,PC,PB1071,Y25-34,M,EE,2011,11.4,
dataflow,ESTAT:HLTH_DE030(1.0),A,PC,PB1071,Y25-34,M,EL,2011,18.9,
dataflow,ESTAT:HLTH_DE030(1.0),A,PC,PB1071,Y25-34,M,ES,2011,20.1,
dataflow,ESTAT:HLTH_DE030(1.0),A,PC,PB1071,Y25-34,M,FI,2011,6.3,
dataflow,ESTAT:HLTH_DE030(1.0),A,PC,PB1071,Y25-34,M,FR,2011,9.5,
dataflow,ESTAT:HLTH_DE030(1.0),A,PC,PB1071,Y25-34,M,HR,2011,20.1,
dataflow,ESTAT:HLTH_DE030(1.0),A,PC,PB1071,Y25-34,M,HU,2011,13.2,
dataflow,ESTAT:HLTH_DE030(1.0),A,PC,PB1071,Y25-34,M,IE,2011,22.6,
dataflow,ESTAT:HLTH_DE030(1.0),A,PC,PB1071,Y25-34,M,IS,2011,7.9,
dataflow,ESTAT:HLTH_DE030(1.0),A,PC,PB1071,Y25-34,M,IT,2011,15.7,
dataflow,ESTAT:HLTH_DE030(1.0),A,PC,PB1071,Y25-34,M,LT,2011,20.2,
dataflow,ESTAT:HLTH_DE030(1.0),A,PC,PB1071,Y25-34,M,LU,2011,3.9,
dataflow,ESTAT:HLTH_DE030(1.0),A,PC,PB1071,Y25-34,M,LV,2011,22.7,
dataflow,ESTAT:HLTH_DE030(1.0),A,PC,PB1071,Y25-34,M,MT,2011,6.5,u
dataflow,ESTAT:HLTH_DE030(1.0),A,PC,PB1071,Y25-34,M,NL,2011,4.3,u
dataflow,ESTAT:HLTH_DE030(1.0),A,PC,PB1071,Y25-34,M,PL,2011,10.2,
dataflow,ESTAT:HLTH_DE030(1.0),A,PC,PB1071,Y25-34,M,PT,2011,10.5,
dataflow,ESTAT:HLTH_DE030(1.0),A,PC,PB1071,Y25-34,M,RO,2011,13.1,
dataflow,ESTAT:HLTH_DE030(1.0),A,PC,PB1071,Y25-34,M,SE,2011,4.5,
dataflow,ESTAT:HLTH_DE030(1.0),A,PC,PB1071,Y25-34,M,SI,2011,8.9,
dataflow,ESTAT:HLTH_DE030(1.0),A,PC,PB1071,Y25-34,M,SK,2011,14.4,
dataflow,ESTAT:HLTH_DE030(1.0),A,PC,PB1071,Y25-34,M,TR,2011,10.3,
dataflow,ESTAT:HLTH_DE030(1.0),A,PC,PB1071,Y25-34,M,UK,2011,8.7,
dataflow,ESTAT:HLTH_DE030(1.0),A,PC,PB1071,Y25-34,T,AT,2011,9.3,
dataflow,ESTAT:HLTH_DE030(1.0),A,PC,PB1071,Y25-34,T,BE,2011,12.7,
dataflow,ESTAT:HLTH_DE030(1.0),A,PC,PB1071,Y25-34,T,BG,2011,27.1,
dataflow,ESTAT:HLTH_DE030(1.0),A,PC,PB1071,Y25-34,T,CH,2011,9.1,
dataflow,ESTAT:HLTH_DE030(1.0),A,PC,PB1071,Y25-34,T,CY,2011,13.2,
dataflow,ESTAT:HLTH_DE030(1.0),A,PC,PB1071,Y25-34,T,CZ,2011,19.4,
dataflow,ESTAT:HLTH_DE030(1.0),A,PC,PB1071,Y25-34,T,DE,2011,15.9,
dataflow,ESTAT:HLTH_DE030(1.0),A,PC,PB1071,Y25-34,T,DK,2011,7.0,
dataflow,ESTAT:HLTH_DE030(1.0),A,PC,PB1071,Y25-34,T,EE,2011,19.1,
dataflow,ESTAT:HLTH_DE030(1.0),A,PC,PB1071,Y25-34,T,EL,2011,28.8,
dataflow,ESTAT:HLTH_DE030(1.0),A,PC,PB1071,Y25-34,T,ES,2011,22.7,
dataflow,ESTAT:HLTH_DE030(1.0),A,PC,PB1071,Y25-34,T,FI,2011,11.7,
dataflow,ESTAT:HLTH_DE030(1.0),A,PC,PB1071,Y25-34,T,FR,2011,15.5,
dataflow,ESTAT:HLTH_DE030(1.0),A,PC,PB1071,Y25-34,T,HR,2011,22.6,
dataflow,ESTAT:HLTH_DE030(1.0),A,PC,PB1071,Y25-34,T,HU,2011,24.0,
dataflow,ESTAT:HLTH_DE030(1.0),A,PC,PB1071,Y25-34,T,IE,2011,23.6,
dataflow,ESTAT:HLTH_DE030(1.0),A,PC,PB1071,Y25-34,T,IS,2011,8.6,
dataflow,ESTAT:HLTH_DE030(1.0),A,PC,PB1071,Y25-34,T,IT,2011,24.9,
dataflow,ESTAT:HLTH_DE030(1.0),A,PC,PB1071,Y25-34,T,LT,2011,19.0,
dataflow,ESTAT:HLTH_DE030(1.0),A,PC,PB1071,Y25-34,T,LU,2011,8.8,
dataflow,ESTAT:HLTH_DE030(1.0),A,PC,PB1071,Y25-34,T,LV,2011,23.6,
dataflow,ESTAT:HLTH_DE030(1.0),A,PC,PB1071,Y25-34,T,MT,2011,16.5,
dataflow,ESTAT:HLTH_DE030(1.0),A,PC,PB1071,Y25-34,T,NL,2011,6.7,
dataflow,ESTAT:HLTH_DE030(1.0),A,PC,PB1071,Y25-34,T,PL,2011,18.9,
dataflow,ESTAT:HLTH_DE030(1.0),A,PC,PB1071,Y25-34,T,PT,2011,12.9,
dataflow,ESTAT:HLTH_DE030(1.0),A,PC,PB1071,Y25-34,T,RO,2011,20.1,
dataflow,ESTAT:HLTH_DE030(1.0),A,PC,PB1071,Y25-34,T,SE,2011,5.9,
dataflow,ESTAT:HLTH_DE030(1.0),A,PC,PB1071,Y25-34,T,SI,2011,9.9,
dataflow,ESTAT:HLTH_DE030(1.0),A,PC,PB1071,Y25-34,T,SK,2011,24.4,
dataflow,ESTAT:HLTH_DE030(1.0),A,PC,PB1071,Y25-34,T,TR,2011,35.7,
dataflow,ESTAT:HLTH_DE030(1.0),A,PC,PB1071,Y25-34,T,UK,2011,14.7,
