STRUCTURE,STRUCTURE_ID,freq,unit,barrier,hlth_pb,sex,geo,TIME_PERIOD,OBS_VALUE,OBS_FLAG
dataflow,ESTAT:HLTH_DSI060(1.0),A,THS,PTP_LD1,PB1040,F,AT,2012,265.6,
dataflow,ESTAT:HLTH_DSI060(1.0),A,THS,PTP_LD1,PB1040,F,BE,2012,244.2,
dataflow,ESTAT:HLTH_DSI060(1.0),A,THS,PTP_LD1,PB1040,F,BG,2012,215.8,
dataflow,ESTAT:HLTH_DSI060(1.0),A,THS,PTP_LD1,PB1040,F,CY,2012,11.7,
dataflow,ESTAT:HLTH_DSI060(1.0),A,THS,PTP_LD1,PB1040,F,CZ,2012,157.8,
dataflow,ESTAT:HLTH_DSI060(1.0),A,THS,PTP_LD1,PB1040,F,DE,2012,1794.0,
dataflow,ESTAT:HLTH_DSI060(1.0),A,THS,PTP_LD1,PB1040,F,DK,2012,112.0,
dataflow,ESTAT:HLTH_DSI060(1.0),A,THS,PTP_LD1,PB1040,F,EE,2012,41.3,
dataflow,ESTAT:HLTH_DSI060(1.0),A,THS,PTP_LD1,PB1040,F,EEA,2012,9882.2,e
dataflow,ESTAT:HLTH_DSI060(1.0),A,THS,PTP_LD1,PB1040,F,EL,2012,193.2,
dataflow,ESTAT:HLTH_DSI060(1.0),A,THS,PTP_LD1,PB1040,F,ES,2012,856.3,
dataflow,ESTAT:HLTH_DSI060(1.0),A,THS,PTP_LD1,PB1040,F,EU27_2007,2012,9800.5,e
dataflow,ESTAT:HLTH_DSI060(1.0),A,THS,PTP_LD1,PB1040,F,FI,2012,79.7,
dataflow,ESTAT:HLTH_DSI060(1.0),A,THS,PTP_LD1,PB1040,F,FR,2012,1062.6,
dataflow,ESTAT:HLTH_DSI060(1.0),A,THS,PTP_LD1,PB1040,F,HU,2012,196.5,
dataflow,ESTAT:HLTH_DSI060(1.0),A,THS,PTP_LD1,PB1040,F,IS,2012,7.1,
dataflow,ESTAT:HLTH_DSI060(1.0),A,THS,PTP_LD1,PB1040,F,IT,2012,965.6,
dataflow,ESTAT:HLTH_DSI060(1.0),A,THS,PTP_LD1,PB1040,F,LT,2012,88.6,
dataflow,ESTAT:HLTH_DSI060(1.0),A,THS,PTP_LD1,PB1040,F,LU,2012,10.5,
dataflow,ESTAT:HLTH_DSI060(1.0),A,THS,PTP_LD1,PB1040,F,LV,2012,57.6,
dataflow,ESTAT:HLTH_DSI060(1.0),A,THS,PTP_LD1,PB1040,F,MT,2012,6.5,
dataflow,ESTAT:HLTH_DSI060(1.0),A,THS,PTP_LD1,PB1040,F,NL,2012,335.7,
dataflow,ESTAT:HLTH_DSI060(1.0),A,THS,PTP_LD1,PB1040,F,NO,2012,74.6,
dataflow,ESTAT:HLTH_DSI060(1.0),A,THS,PTP_LD1,PB1040,F,PL,2012,884.3,
dataflow,ESTAT:HLTH_DSI060(1.0),A,THS,PTP_LD1,PB1040,F,PT,2012,239.3,
dataflow,ESTAT:HLTH_DSI060(1.0),A,THS,PTP_LD1,PB1040,F,RO,2012,243.0,
dataflow,ESTAT:HLTH_DSI060(1.0),A,THS,PTP_LD1,PB1040,F,SE,2012,222.3,
dataflow,ESTAT:HLTH_DSI060(1.0),A,THS,PTP_LD1,PB1040,F,SI,2012,46.4,
dataflow,ESTAT:HLTH_DSI060(1.0),A,THS,PTP_LD1,PB1040,F,SK,2012,152.6,
dataflow,ESTAT:HLTH_DSI060(1.0),A,THS,PTP_LD1,PB1040,F,UK,2012,1317.4,
dataflow,ESTAT:HLTH_DSI060(1.0),A,THS,PTP_LD1,PB1040,M,AT,2012,194.0,
dataflow,ESTAT:HLTH_DSI060(1.0),A,THS,PTP_LD1,PB1040,M,BE,2012,161.0,
dataflow,ESTAT:HLTH_DSI060(1.0),A,THS,PTP_LD1,PB1040,M,BG,2012,142.2,
dataflow,ESTAT:HLTH_DSI060(1.0),A,THS,PTP_LD1,PB1040,M,CY,2012,5.7,
dataflow,ESTAT:HLTH_DSI060(1.0),A,THS,PTP_LD1,PB1040,M,CZ,2012,101.5,
dataflow,ESTAT:HLTH_DSI060(1.0),A,THS,PTP_LD1,PB1040,M,DE,2012,1835.7,
dataflow,ESTAT:HLTH_DSI060(1.0),A,THS,PTP_LD1,PB1040,M,DK,2012,81.5,
dataflow,ESTAT:HLTH_DSI060(1.0),A,THS,PTP_LD1,PB1040,M,EE,2012,21.0,
dataflow,ESTAT:HLTH_DSI060(1.0),A,THS,PTP_LD1,PB1040,M,EEA,2012,7252.9,e
dataflow,ESTAT:HLTH_DSI060(1.0),A,THS,PTP_LD1,PB1040,M,EL,2012,144.8,
dataflow,ESTAT:HLTH_DSI060(1.0),A,THS,PTP_LD1,PB1040,M,ES,2012,621.0,
dataflow,ESTAT:HLTH_DSI060(1.0),A,THS,PTP_LD1,PB1040,M,EU27_2007,2012,7198.5,e
dataflow,ESTAT:HLTH_DSI060(1.0),A,THS,PTP_LD1,PB1040,M,FI,2012,88.8,
dataflow,ESTAT:HLTH_DSI060(1.0),A,THS,PTP_LD1,PB1040,M,FR,2012,769.8,
dataflow,ESTAT:HLTH_DSI060(1.0),A,THS,PTP_LD1,PB1040,M,HU,2012,138.7,
dataflow,ESTAT:HLTH_DSI060(1.0),A,THS,PTP_LD1,PB1040,M,IS,2012,5.1,
dataflow,ESTAT:HLTH_DSI060(1.0),A,THS,PTP_LD1,PB1040,M,IT,2012,641.2,
dataflow,ESTAT:HLTH_DSI060(1.0),A,THS,PTP_LD1,PB1040,M,LT,2012,43.3,
dataflow,ESTAT:HLTH_DSI060(1.0),A,THS,PTP_LD1,PB1040,M,LU,2012,12.2,
dataflow,ESTAT:HLTH_DSI060(1.0),A,THS,PTP_LD1,PB1040,M,LV,2012,27.1,
dataflow,ESTAT:HLTH_DSI060(1.0),A,THS,PTP_LD1,PB1040,M,MT,2012,4.6,
dataflow,ESTAT:HLTH_DSI060(1.0),A,THS,PTP_LD1,PB1040,M,NL,2012,244.1,
dataflow,ESTAT:HLTH_DSI060(1.0),A,THS,PTP_LD1,PB1040,M,NO,2012,49.3,
dataflow,ESTAT:HLTH_DSI060(1.0),A,THS,PTP_LD1,PB1040,M,PL,2012,455.1,
dataflow,ESTAT:HLTH_DSI060(1.0),A,THS,PTP_LD1,PB1040,M,PT,2012,164.2,
dataflow,ESTAT:HLTH_DSI060(1.0),A,THS,PTP_LD1,PB1040,M,RO,2012,190.4,
dataflow,ESTAT:HLTH_DSI060(1.0),A,THS,PTP_LD1,PB1040,M,SE,2012,134.1,
dataflow,ESTAT:HLTH_DSI060(1.0),A,THS,PTP_LD1,PB1040,M,SI,2012,45.0,
dataflow,ESTAT:HLTH_DSI060(1.0),A,THS,PTP_LD1,PB1040,M,SK,2012,69.2,
dataflow,ESTAT:HLTH_DSI060(1.0),A,THS,PTP_LD1,PB1040,M,UK,2012,862.4,
dataflow,ESTAT:HLTH_DSI060(1.0),A,THS,PTP_LD1,PB1040,T,AT,2012,459.6,
dataflow,ESTAT:HLTH_DSI060(1.0),A,THS,PTP_LD1,PB1040,T,BE,2012,405.2,
dataflow,ESTAT:HLTH_DSI060(1.0),A,THS,PTP_LD1,PB1040,T,BG,2012,358.0,
dataflow,ESTAT:HLTH_DSI060(1.0),A,THS,PTP_LD1,PB1040,T,CY,2012,17.4,
dataflow,ESTAT:HLTH_DSI060(1.0),A,THS,PTP_LD1,PB1040,T,CZ,2012,259.3,
dataflow,ESTAT:HLTH_DSI060(1.0),A,THS,PTP_LD1,PB1040,T,DE,2012,3629.7,
dataflow,ESTAT:HLTH_DSI060(1.0),A,THS,PTP_LD1,PB1040,T,DK,2012,193.5,
dataflow,ESTAT:HLTH_DSI060(1.0),A,THS,PTP_LD1,PB1040,T,EE,2012,62.2,
dataflow,ESTAT:HLTH_DSI060(1.0),A,THS,PTP_LD1,PB1040,T,EEA,2012,17135.2,e
dataflow,ESTAT:HLTH_DSI060(1.0),A,THS,PTP_LD1,PB1040,T,EL,2012,338.0,
dataflow,ESTAT:HLTH_DSI060(1.0),A,THS,PTP_LD1,PB1040,T,ES,2012,1477.3,
dataflow,ESTAT:HLTH_DSI060(1.0),A,THS,PTP_LD1,PB1040,T,EU27_2007,2012,16999.0,e
dataflow,ESTAT:HLTH_DSI060(1.0),A,THS,PTP_LD1,PB1040,T,FI,2012,168.5,
dataflow,ESTAT:HLTH_DSI060(1.0),A,THS,PTP_LD1,PB1040,T,FR,2012,1832.4,
dataflow,ESTAT:HLTH_DSI060(1.0),A,THS,PTP_LD1,PB1040,T,HU,2012,335.2,
dataflow,ESTAT:HLTH_DSI060(1.0),A,THS,PTP_LD1,PB1040,T,IS,2012,12.2,
dataflow,ESTAT:HLTH_DSI060(1.0),A,THS,PTP_LD1,PB1040,T,IT,2012,1606.8,
dataflow,ESTAT:HLTH_DSI060(1.0),A,THS,PTP_LD1,PB1040,T,LT,2012,131.9,
dataflow,ESTAT:HLTH_DSI060(1.0),A,THS,PTP_LD1,PB1040,T,LU,2012,22.7,
dataflow,ESTAT:HLTH_DSI060(1.0),A,THS,PTP_LD1,PB1040,T,LV,2012,84.7,
dataflow,ESTAT:HLTH_DSI060(1.0),A,THS,PTP_LD1,PB1040,T,MT,2012,11.1,
dataflow,ESTAT:HLTH_DSI060(1.0),A,THS,PTP_LD1,PB1040,T,NL,2012,579.8,
dataflow,ESTAT:HLTH_DSI060(1.0),A,THS,PTP_LD1,PB1040,T,NO,2012,123.9,
dataflow,ESTAT:HLTH_DSI060(1.0),A,THS,PTP_LD1,PB1040,T,PL,2012,1339.3,
dataflow,ESTAT:HLTH_DSI060(1.0),A,THS,PTP_LD1,PB1040,T,PT,2012,403.5,
dataflow,ESTAT:HLTH_DSI060(1.0),A,THS,PTP_LD1,PB1040,T,RO,2012,433.4,
dataflow,ESTAT:HLTH_DSI060(1.0),A,THS,PTP_LD1,PB1040,T,SE,2012,356.3,
dataflow,ESTAT:HLTH_DSI060(1.0),A,THS,PTP_LD1,PB1040,T,SI,2012,91.4,
dataflow,ESTAT:HLTH_DSI060(1.0),A,THS,PTP_LD1,PB1040,T,SK,2012,221.8,
dataflow,ESTAT:HLTH_DSI060(1.0),A,THS,PTP_LD1,PB1040,T,UK,2012,2179.8,
dataflow,ESTAT:HLTH_DSI060(1.0),A,THS,PTP_LD1,PB1041,F,AT,2012,64.3,
dataflow,ESTAT:HLTH_DSI060(1.0),A,THS,PTP_LD1,PB1041,F,BE,2012,149.9,
dataflow,ESTAT:HLTH_DSI060(1.0),A,THS,PTP_LD1,PB1041,F,BG,2012,123.1,
dataflow,ESTAT:HLTH_DSI060(1.0),A,THS,PTP_LD1,PB1041,F,CY,2012,9.7,
dataflow,ESTAT:HLTH_DSI060(1.0),A,THS,PTP_LD1,PB1041,F,CZ,2012,64.8,
dataflow,ESTAT:HLTH_DSI060(1.0),A,THS,PTP_LD1,PB1041,F,DE,2012,1094.8,
dataflow,ESTAT:HLTH_DSI060(1.0),A,THS,PTP_LD1,PB1041,F,DK,2012,62.0,
dataflow,ESTAT:HLTH_DSI060(1.0),A,THS,PTP_LD1,PB1041,F,EE,2012,17.4,
dataflow,ESTAT:HLTH_DSI060(1.0),A,THS,PTP_LD1,PB1041,F,EEA,2012,4551.4,e
dataflow,ESTAT:HLTH_DSI060(1.0),A,THS,PTP_LD1,PB1041,F,EL,2012,149.7,
dataflow,ESTAT:HLTH_DSI060(1.0),A,THS,PTP_LD1,PB1041,F,ES,2012,286.7,
dataflow,ESTAT:HLTH_DSI060(1.0),A,THS,PTP_LD1,PB1041,F,EU27_2007,2012,4469.2,e
dataflow,ESTAT:HLTH_DSI060(1.0),A,THS,PTP_LD1,PB1041,F,FI,2012,74.8,
dataflow,ESTAT:HLTH_DSI060(1.0),A,THS,PTP_LD1,PB1041,F,FR,2012,284.0,
dataflow,ESTAT:HLTH_DSI060(1.0),A,THS,PTP_LD1,PB1041,F,HU,2012,165.4,
dataflow,ESTAT:HLTH_DSI060(1.0),A,THS,PTP_LD1,PB1041,F,IS,2012,3.4,
dataflow,ESTAT:HLTH_DSI060(1.0),A,THS,PTP_LD1,PB1041,F,IT,2012,346.3,
dataflow,ESTAT:HLTH_DSI060(1.0),A,THS,PTP_LD1,PB1041,F,LT,2012,39.2,
dataflow,ESTAT:HLTH_DSI060(1.0),A,THS,PTP_LD1,PB1041,F,LU,2012,3.8,
dataflow,ESTAT:HLTH_DSI060(1.0),A,THS,PTP_LD1,PB1041,F,LV,2012,41.1,
dataflow,ESTAT:HLTH_DSI060(1.0),A,THS,PTP_LD1,PB1041,F,MT,2012,5.1,
dataflow,ESTAT:HLTH_DSI060(1.0),A,THS,PTP_LD1,PB1041,F,NL,2012,191.1,
dataflow,ESTAT:HLTH_DSI060(1.0),A,THS,PTP_LD1,PB1041,F,NO,2012,78.8,
dataflow,ESTAT:HLTH_DSI060(1.0),A,THS,PTP_LD1,PB1041,F,PL,2012,367.3,
dataflow,ESTAT:HLTH_DSI060(1.0),A,THS,PTP_LD1,PB1041,F,PT,2012,49.1,
dataflow,ESTAT:HLTH_DSI060(1.0),A,THS,PTP_LD1,PB1041,F,RO,2012,250.5,
dataflow,ESTAT:HLTH_DSI060(1.0),A,THS,PTP_LD1,PB1041,F,SE,2012,102.9,
dataflow,ESTAT:HLTH_DSI060(1.0),A,THS,PTP_LD1,PB1041,F,SI,2012,13.8,
dataflow,ESTAT:HLTH_DSI060(1.0),A,THS,PTP_LD1,PB1041,F,SK,2012,67.4,
dataflow,ESTAT:HLTH_DSI060(1.0),A,THS,PTP_LD1,PB1041,F,UK,2012,444.9,
dataflow,ESTAT:HLTH_DSI060(1.0),A,THS,PTP_LD1,PB1041,M,AT,2012,74.6,
dataflow,ESTAT:HLTH_DSI060(1.0),A,THS,PTP_LD1,PB1041,M,BE,2012,124.3,
dataflow,ESTAT:HLTH_DSI060(1.0),A,THS,PTP_LD1,PB1041,M,BG,2012,119.5,
dataflow,ESTAT:HLTH_DSI060(1.0),A,THS,PTP_LD1,PB1041,M,CY,2012,10.7,
dataflow,ESTAT:HLTH_DSI060(1.0),A,THS,PTP_LD1,PB1041,M,CZ,2012,49.8,
dataflow,ESTAT:HLTH_DSI060(1.0),A,THS,PTP_LD1,PB1041,M,DE,2012,1016.1,
dataflow,ESTAT:HLTH_DSI060(1.0),A,THS,PTP_LD1,PB1041,M,DK,2012,66.4,
dataflow,ESTAT:HLTH_DSI060(1.0),A,THS,PTP_LD1,PB1041,M,EE,2012,9.3,
dataflow,ESTAT:HLTH_DSI060(1.0),A,THS,PTP_LD1,PB1041,M,EEA,2012,4534.5,e
dataflow,ESTAT:HLTH_DSI060(1.0),A,THS,PTP_LD1,PB1041,M,EL,2012,119.6,
dataflow,ESTAT:HLTH_DSI060(1.0),A,THS,PTP_LD1,PB1041,M,ES,2012,248.5,
dataflow,ESTAT:HLTH_DSI060(1.0),A,THS,PTP_LD1,PB1041,M,EU27_2007,2012,4468.6,e
dataflow,ESTAT:HLTH_DSI060(1.0),A,THS,PTP_LD1,PB1041,M,FI,2012,88.5,
dataflow,ESTAT:HLTH_DSI060(1.0),A,THS,PTP_LD1,PB1041,M,FR,2012,362.3,
dataflow,ESTAT:HLTH_DSI060(1.0),A,THS,PTP_LD1,PB1041,M,HU,2012,151.2,
dataflow,ESTAT:HLTH_DSI060(1.0),A,THS,PTP_LD1,PB1041,M,IS,2012,3.7,
dataflow,ESTAT:HLTH_DSI060(1.0),A,THS,PTP_LD1,PB1041,M,IT,2012,350.2,
dataflow,ESTAT:HLTH_DSI060(1.0),A,THS,PTP_LD1,PB1041,M,LT,2012,41.4,
dataflow,ESTAT:HLTH_DSI060(1.0),A,THS,PTP_LD1,PB1041,M,LU,2012,4.2,
dataflow,ESTAT:HLTH_DSI060(1.0),A,THS,PTP_LD1,PB1041,M,LV,2012,23.8,
dataflow,ESTAT:HLTH_DSI060(1.0),A,THS,PTP_LD1,PB1041,M,MT,2012,4.0,
dataflow,ESTAT:HLTH_DSI060(1.0),A,THS,PTP_LD1,PB1041,M,NL,2012,205.9,
dataflow,ESTAT:HLTH_DSI060(1.0),A,THS,PTP_LD1,PB1041,M,NO,2012,62.1,
dataflow,ESTAT:HLTH_DSI060(1.0),A,THS,PTP_LD1,PB1041,M,PL,2012,265.9,
dataflow,ESTAT:HLTH_DSI060(1.0),A,THS,PTP_LD1,PB1041,M,PT,2012,56.5,
dataflow,ESTAT:HLTH_DSI060(1.0),A,THS,PTP_LD1,PB1041,M,RO,2012,258.4,
dataflow,ESTAT:HLTH_DSI060(1.0),A,THS,PTP_LD1,PB1041,M,SE,2012,115.6,
dataflow,ESTAT:HLTH_DSI060(1.0),A,THS,PTP_LD1,PB1041,M,SI,2012,14.9,
dataflow,ESTAT:HLTH_DSI060(1.0),A,THS,PTP_LD1,PB1041,M,SK,2012,51.4,
dataflow,ESTAT:HLTH_DSI060(1.0),A,THS,PTP_LD1,PB1041,M,UK,2012,635.5,
dataflow,ESTAT:HLTH_DSI060(1.0),A,THS,PTP_LD1,PB1041,T,AT,2012,138.9,
dataflow,ESTAT:HLTH_DSI060(1.0),A,THS,PTP_LD1,PB1041,T,BE,2012,274.2,
dataflow,ESTAT:HLTH_DSI060(1.0),A,THS,PTP_LD1,PB1041,T,BG,2012,242.6,
dataflow,ESTAT:HLTH_DSI060(1.0),A,THS,PTP_LD1,PB1041,T,CY,2012,20.4,
dataflow,ESTAT:HLTH_DSI060(1.0),A,THS,PTP_LD1,PB1041,T,CZ,2012,114.6,
dataflow,ESTAT:HLTH_DSI060(1.0),A,THS,PTP_LD1,PB1041,T,DE,2012,2110.9,
dataflow,ESTAT:HLTH_DSI060(1.0),A,THS,PTP_LD1,PB1041,T,DK,2012,128.4,
dataflow,ESTAT:HLTH_DSI060(1.0),A,THS,PTP_LD1,PB1041,T,EE,2012,26.8,
dataflow,ESTAT:HLTH_DSI060(1.0),A,THS,PTP_LD1,PB1041,T,EEA,2012,9085.9,e
dataflow,ESTAT:HLTH_DSI060(1.0),A,THS,PTP_LD1,PB1041,T,EL,2012,269.4,
dataflow,ESTAT:HLTH_DSI060(1.0),A,THS,PTP_LD1,PB1041,T,ES,2012,535.1,
dataflow,ESTAT:HLTH_DSI060(1.0),A,THS,PTP_LD1,PB1041,T,EU27_2007,2012,8937.8,e
dataflow,ESTAT:HLTH_DSI060(1.0),A,THS,PTP_LD1,PB1041,T,FI,2012,163.3,
dataflow,ESTAT:HLTH_DSI060(1.0),A,THS,PTP_LD1,PB1041,T,FR,2012,646.4,
dataflow,ESTAT:HLTH_DSI060(1.0),A,THS,PTP_LD1,PB1041,T,HU,2012,316.6,
dataflow,ESTAT:HLTH_DSI060(1.0),A,THS,PTP_LD1,PB1041,T,IS,2012,7.2,
dataflow,ESTAT:HLTH_DSI060(1.0),A,THS,PTP_LD1,PB1041,T,IT,2012,696.5,
dataflow,ESTAT:HLTH_DSI060(1.0),A,THS,PTP_LD1,PB1041,T,LT,2012,80.7,
dataflow,ESTAT:HLTH_DSI060(1.0),A,THS,PTP_LD1,PB1041,T,LU,2012,7.9,
dataflow,ESTAT:HLTH_DSI060(1.0),A,THS,PTP_LD1,PB1041,T,LV,2012,64.8,
dataflow,ESTAT:HLTH_DSI060(1.0),A,THS,PTP_LD1,PB1041,T,MT,2012,9.0,
dataflow,ESTAT:HLTH_DSI060(1.0),A,THS,PTP_LD1,PB1041,T,NL,2012,397.1,
dataflow,ESTAT:HLTH_DSI060(1.0),A,THS,PTP_LD1,PB1041,T,NO,2012,141.0,
dataflow,ESTAT:HLTH_DSI060(1.0),A,THS,PTP_LD1,PB1041,T,PL,2012,633.2,
dataflow,ESTAT:HLTH_DSI060(1.0),A,THS,PTP_LD1,PB1041,T,PT,2012,105.6,
dataflow,ESTAT:HLTH_DSI060(1.0),A,THS,PTP_LD1,PB1041,T,RO,2012,508.9,
dataflow,ESTAT:HLTH_DSI060(1.0),A,THS,PTP_LD1,PB1041,T,SE,2012,218.5,
dataflow,ESTAT:HLTH_DSI060(1.0),A,THS,PTP_LD1,PB1041,T,SI,2012,28.7,
dataflow,ESTAT:HLTH_DSI060(1.0),A,THS,PTP_LD1,PB1041,T,SK,2012,118.8,
dataflow,ESTAT:HLTH_DSI060(1.0),A,THS,PTP_LD1,PB1041,T,UK,2012,1080.4,
dataflow,ESTAT:HLTH_DSI060(1.0),A,THS,PTP_LD1,TOTAL,F,AT,2012,329.9,
dataflow,ESTAT:HLTH_DSI060(1.0),A,THS,PTP_LD1,TOTAL,F,BE,2012,394.1,
dataflow,ESTAT:HLTH_DSI060(1.0),A,THS,PTP_LD1,TOTAL,F,BG,2012,338.8,
dataflow,ESTAT:HLTH_DSI060(1.0),A,THS,PTP_LD1,TOTAL,F,CY,2012,21.4,
dataflow,ESTAT:HLTH_DSI060(1.0),A,THS,PTP_LD1,TOTAL,F,CZ,2012,222.7,
dataflow,ESTAT:HLTH_DSI060(1.0),A,THS,PTP_LD1,TOTAL,F,DE,2012,2888.8,
dataflow,ESTAT:HLTH_DSI060(1.0),A,THS,PTP_LD1,TOTAL,F,DK,2012,174.1,
dataflow,ESTAT:HLTH_DSI060(1.0),A,THS,PTP_LD1,TOTAL,F,EE,2012,58.7,
dataflow,ESTAT:HLTH_DSI060(1.0),A,THS,PTP_LD1,TOTAL,F,EEA,2012,14433.7,e
dataflow,ESTAT:HLTH_DSI060(1.0),A,THS,PTP_LD1,TOTAL,F,EL,2012,342.9,
dataflow,ESTAT:HLTH_DSI060(1.0),A,THS,PTP_LD1,TOTAL,F,ES,2012,1143.0,
dataflow,ESTAT:HLTH_DSI060(1.0),A,THS,PTP_LD1,TOTAL,F,EU27_2007,2012,14269.7,e
dataflow,ESTAT:HLTH_DSI060(1.0),A,THS,PTP_LD1,TOTAL,F,FI,2012,154.5,
dataflow,ESTAT:HLTH_DSI060(1.0),A,THS,PTP_LD1,TOTAL,F,FR,2012,1346.6,
dataflow,ESTAT:HLTH_DSI060(1.0),A,THS,PTP_LD1,TOTAL,F,HU,2012,361.9,
dataflow,ESTAT:HLTH_DSI060(1.0),A,THS,PTP_LD1,TOTAL,F,IS,2012,10.6,
dataflow,ESTAT:HLTH_DSI060(1.0),A,THS,PTP_LD1,TOTAL,F,IT,2012,1311.9,
dataflow,ESTAT:HLTH_DSI060(1.0),A,THS,PTP_LD1,TOTAL,F,LT,2012,127.9,
dataflow,ESTAT:HLTH_DSI060(1.0),A,THS,PTP_LD1,TOTAL,F,LU,2012,14.3,
dataflow,ESTAT:HLTH_DSI060(1.0),A,THS,PTP_LD1,TOTAL,F,LV,2012,98.7,
dataflow,ESTAT:HLTH_DSI060(1.0),A,THS,PTP_LD1,TOTAL,F,MT,2012,11.5,
dataflow,ESTAT:HLTH_DSI060(1.0),A,THS,PTP_LD1,TOTAL,F,NL,2012,526.8,
dataflow,ESTAT:HLTH_DSI060(1.0),A,THS,PTP_LD1,TOTAL,F,NO,2012,153.4,
dataflow,ESTAT:HLTH_DSI060(1.0),A,THS,PTP_LD1,TOTAL,F,PL,2012,1251.6,
dataflow,ESTAT:HLTH_DSI060(1.0),A,THS,PTP_LD1,TOTAL,F,PT,2012,288.4,
dataflow,ESTAT:HLTH_DSI060(1.0),A,THS,PTP_LD1,TOTAL,F,RO,2012,493.5,
dataflow,ESTAT:HLTH_DSI060(1.0),A,THS,PTP_LD1,TOTAL,F,SE,2012,325.1,
dataflow,ESTAT:HLTH_DSI060(1.0),A,THS,PTP_LD1,TOTAL,F,SI,2012,60.2,
dataflow,ESTAT:HLTH_DSI060(1.0),A,THS,PTP_LD1,TOTAL,F,SK,2012,220.0,
dataflow,ESTAT:HLTH_DSI060(1.0),A,THS,PTP_LD1,TOTAL,F,UK,2012,1762.3,
dataflow,ESTAT:HLTH_DSI060(1.0),A,THS,PTP_LD1,TOTAL,M,AT,2012,268.6,
dataflow,ESTAT:HLTH_DSI060(1.0),A,THS,PTP_LD1,TOTAL,M,BE,2012,285.3,
dataflow,ESTAT:HLTH_DSI060(1.0),A,THS,PTP_LD1,TOTAL,M,BG,2012,261.8,
dataflow,ESTAT:HLTH_DSI060(1.0),A,THS,PTP_LD1,TOTAL,M,CY,2012,16.4,
dataflow,ESTAT:HLTH_DSI060(1.0),A,THS,PTP_LD1,TOTAL,M,CZ,2012,151.3,
dataflow,ESTAT:HLTH_DSI060(1.0),A,THS,PTP_LD1,TOTAL,M,DE,2012,2851.8,
dataflow,ESTAT:HLTH_DSI060(1.0),A,THS,PTP_LD1,TOTAL,M,DK,2012,147.9,
dataflow,ESTAT:HLTH_DSI060(1.0),A,THS,PTP_LD1,TOTAL,M,EE,2012,30.3,
dataflow,ESTAT:HLTH_DSI060(1.0),A,THS,PTP_LD1,TOTAL,M,EEA,2012,11787.4,e
dataflow,ESTAT:HLTH_DSI060(1.0),A,THS,PTP_LD1,TOTAL,M,EL,2012,264.4,
dataflow,ESTAT:HLTH_DSI060(1.0),A,THS,PTP_LD1,TOTAL,M,ES,2012,869.4,
dataflow,ESTAT:HLTH_DSI060(1.0),A,THS,PTP_LD1,TOTAL,M,EU27_2007,2012,11667.2,e
dataflow,ESTAT:HLTH_DSI060(1.0),A,THS,PTP_LD1,TOTAL,M,FI,2012,177.3,
dataflow,ESTAT:HLTH_DSI060(1.0),A,THS,PTP_LD1,TOTAL,M,FR,2012,1132.2,
dataflow,ESTAT:HLTH_DSI060(1.0),A,THS,PTP_LD1,TOTAL,M,HU,2012,289.9,
dataflow,ESTAT:HLTH_DSI060(1.0),A,THS,PTP_LD1,TOTAL,M,IS,2012,8.9,
dataflow,ESTAT:HLTH_DSI060(1.0),A,THS,PTP_LD1,TOTAL,M,IT,2012,991.4,
dataflow,ESTAT:HLTH_DSI060(1.0),A,THS,PTP_LD1,TOTAL,M,LT,2012,84.7,
dataflow,ESTAT:HLTH_DSI060(1.0),A,THS,PTP_LD1,TOTAL,M,LU,2012,16.3,
dataflow,ESTAT:HLTH_DSI060(1.0),A,THS,PTP_LD1,TOTAL,M,LV,2012,50.8,
dataflow,ESTAT:HLTH_DSI060(1.0),A,THS,PTP_LD1,TOTAL,M,MT,2012,8.6,
dataflow,ESTAT:HLTH_DSI060(1.0),A,THS,PTP_LD1,TOTAL,M,NL,2012,450.0,
dataflow,ESTAT:HLTH_DSI060(1.0),A,THS,PTP_LD1,TOTAL,M,NO,2012,111.4,
dataflow,ESTAT:HLTH_DSI060(1.0),A,THS,PTP_LD1,TOTAL,M,PL,2012,721.0,
dataflow,ESTAT:HLTH_DSI060(1.0),A,THS,PTP_LD1,TOTAL,M,PT,2012,220.7,
dataflow,ESTAT:HLTH_DSI060(1.0),A,THS,PTP_LD1,TOTAL,M,RO,2012,448.8,
dataflow,ESTAT:HLTH_DSI060(1.0),A,THS,PTP_LD1,TOTAL,M,SE,2012,249.7,
dataflow,ESTAT:HLTH_DSI060(1.0),A,THS,PTP_LD1,TOTAL,M,SI,2012,59.9,
dataflow,ESTAT:HLTH_DSI060(1.0),A,THS,PTP_LD1,TOTAL,M,SK,2012,120.6,
dataflow,ESTAT:HLTH_DSI060(1.0),A,THS,PTP_LD1,TOTAL,M,UK,2012,1497.9,
dataflow,ESTAT:HLTH_DSI060(1.0),A,THS,PTP_LD1,TOTAL,T,AT,2012,598.5,
dataflow,ESTAT:HLTH_DSI060(1.0),A,THS,PTP_LD1,TOTAL,T,BE,2012,679.4,
dataflow,ESTAT:HLTH_DSI060(1.0),A,THS,PTP_LD1,TOTAL,T,BG,2012,600.6,
dataflow,ESTAT:HLTH_DSI060(1.0),A,THS,PTP_LD1,TOTAL,T,CY,2012,37.8,
dataflow,ESTAT:HLTH_DSI060(1.0),A,THS,PTP_LD1,TOTAL,T,CZ,2012,374.0,
dataflow,ESTAT:HLTH_DSI060(1.0),A,THS,PTP_LD1,TOTAL,T,DE,2012,5740.6,
dataflow,ESTAT:HLTH_DSI060(1.0),A,THS,PTP_LD1,TOTAL,T,DK,2012,321.9,
dataflow,ESTAT:HLTH_DSI060(1.0),A,THS,PTP_LD1,TOTAL,T,EE,2012,89.0,
dataflow,ESTAT:HLTH_DSI060(1.0),A,THS,PTP_LD1,TOTAL,T,EEA,2012,26221.1,e
dataflow,ESTAT:HLTH_DSI060(1.0),A,THS,PTP_LD1,TOTAL,T,EL,2012,607.3,
dataflow,ESTAT:HLTH_DSI060(1.0),A,THS,PTP_LD1,TOTAL,T,ES,2012,2012.4,
dataflow,ESTAT:HLTH_DSI060(1.0),A,THS,PTP_LD1,TOTAL,T,EU27_2007,2012,25936.8,e
dataflow,ESTAT:HLTH_DSI060(1.0),A,THS,PTP_LD1,TOTAL,T,FI,2012,331.8,
dataflow,ESTAT:HLTH_DSI060(1.0),A,THS,PTP_LD1,TOTAL,T,FR,2012,2478.8,
dataflow,ESTAT:HLTH_DSI060(1.0),A,THS,PTP_LD1,TOTAL,T,HU,2012,651.8,
dataflow,ESTAT:HLTH_DSI060(1.0),A,THS,PTP_LD1,TOTAL,T,IS,2012,19.4,
dataflow,ESTAT:HLTH_DSI060(1.0),A,THS,PTP_LD1,TOTAL,T,IT,2012,2303.3,
dataflow,ESTAT:HLTH_DSI060(1.0),A,THS,PTP_LD1,TOTAL,T,LT,2012,212.6,
dataflow,ESTAT:HLTH_DSI060(1.0),A,THS,PTP_LD1,TOTAL,T,LU,2012,30.6,
dataflow,ESTAT:HLTH_DSI060(1.0),A,THS,PTP_LD1,TOTAL,T,LV,2012,149.5,
dataflow,ESTAT:HLTH_DSI060(1.0),A,THS,PTP_LD1,TOTAL,T,MT,2012,20.1,
dataflow,ESTAT:HLTH_DSI060(1.0),A,THS,PTP_LD1,TOTAL,T,NL,2012,976.9,
dataflow,ESTAT:HLTH_DSI060(1.0),A,THS,PTP_LD1,TOTAL,T,NO,2012,264.9,
dataflow,ESTAT:HLTH_DSI060(1.0),A,THS,PTP_LD1,TOTAL,T,PL,2012,1972.5,
dataflow,ESTAT:HLTH_DSI060(1.0),A,THS,PTP_LD1,TOTAL,T,PT,2012,509.1,
dataflow,ESTAT:HLTH_DSI060(1.0),A,THS,PTP_LD1,TOTAL,T,RO,2012,942.3,
dataflow,ESTAT:HLTH_DSI060(1.0),A,THS,PTP_LD1,TOTAL,T,SE,2012,574.9,
dataflow,ESTAT:HLTH_DSI060(1.0),A,THS,PTP_LD1,TOTAL,T,SI,2012,120.1,
dataflow,ESTAT:HLTH_DSI060(1.0),A,THS,PTP_LD1,TOTAL,T,SK,2012,340.6,
dataflow,ESTAT:HLTH_DSI060(1.0),A,THS,PTP_LD1,TOTAL,T,UK,2012,3260.2,
dataflow,ESTAT:HLTH_DSI060(1.0),A,THS,PTP_LD2-3,PB1040,F,AT,2012,130.7,
dataflow,ESTAT:HLTH_DSI060(1.0),A,THS,PTP_LD2-3,PB1040,F,BE,2012,177.9,
dataflow,ESTAT:HLTH_DSI060(1.0),A,THS,PTP_LD2-3,PB1040,F,BG,2012,155.6,
dataflow,ESTAT:HLTH_DSI060(1.0),A,THS,PTP_LD2-3,PB1040,F,CY,2012,15.1,
dataflow,ESTAT:HLTH_DSI060(1.0),A,THS,PTP_LD2-3,PB1040,F,CZ,2012,182.5,
dataflow,ESTAT:HLTH_DSI060(1.0),A,THS,PTP_LD2-3,PB1040,F,DE,2012,2062.7,
dataflow,ESTAT:HLTH_DSI060(1.0),A,THS,PTP_LD2-3,PB1040,F,DK,2012,126.3,
dataflow,ESTAT:HLTH_DSI060(1.0),A,THS,PTP_LD2-3,PB1040,F,EE,2012,38.1,
dataflow,ESTAT:HLTH_DSI060(1.0),A,THS,PTP_LD2-3,PB1040,F,EEA,2012,10814.6,e
dataflow,ESTAT:HLTH_DSI060(1.0),A,THS,PTP_LD2-3,PB1040,F,EL,2012,271.1,
dataflow,ESTAT:HLTH_DSI060(1.0),A,THS,PTP_LD2-3,PB1040,F,ES,2012,1192.2,
dataflow,ESTAT:HLTH_DSI060(1.0),A,THS,PTP_LD2-3,PB1040,F,EU27_2007,2012,10688.7,e
dataflow,ESTAT:HLTH_DSI060(1.0),A,THS,PTP_LD2-3,PB1040,F,FI,2012,98.6,
dataflow,ESTAT:HLTH_DSI060(1.0),A,THS,PTP_LD2-3,PB1040,F,FR,2012,1107.5,
dataflow,ESTAT:HLTH_DSI060(1.0),A,THS,PTP_LD2-3,PB1040,F,HU,2012,248.9,
dataflow,ESTAT:HLTH_DSI060(1.0),A,THS,PTP_LD2-3,PB1040,F,IS,2012,8.2,
dataflow,ESTAT:HLTH_DSI060(1.0),A,THS,PTP_LD2-3,PB1040,F,IT,2012,1299.5,
dataflow,ESTAT:HLTH_DSI060(1.0),A,THS,PTP_LD2-3,PB1040,F,LT,2012,107.0,
dataflow,ESTAT:HLTH_DSI060(1.0),A,THS,PTP_LD2-3,PB1040,F,LU,2012,12.4,
dataflow,ESTAT:HLTH_DSI060(1.0),A,THS,PTP_LD2-3,PB1040,F,LV,2012,66.3,
dataflow,ESTAT:HLTH_DSI060(1.0),A,THS,PTP_LD2-3,PB1040,F,MT,2012,5.2,
dataflow,ESTAT:HLTH_DSI060(1.0),A,THS,PTP_LD2-3,PB1040,F,NL,2012,344.7,
dataflow,ESTAT:HLTH_DSI060(1.0),A,THS,PTP_LD2-3,PB1040,F,NO,2012,117.8,
dataflow,ESTAT:HLTH_DSI060(1.0),A,THS,PTP_LD2-3,PB1040,F,PL,2012,770.5,
dataflow,ESTAT:HLTH_DSI060(1.0),A,THS,PTP_LD2-3,PB1040,F,PT,2012,196.6,
dataflow,ESTAT:HLTH_DSI060(1.0),A,THS,PTP_LD2-3,PB1040,F,RO,2012,365.5,
dataflow,ESTAT:HLTH_DSI060(1.0),A,THS,PTP_LD2-3,PB1040,F,SE,2012,175.3,
dataflow,ESTAT:HLTH_DSI060(1.0),A,THS,PTP_LD2-3,PB1040,F,SI,2012,48.8,
dataflow,ESTAT:HLTH_DSI060(1.0),A,THS,PTP_LD2-3,PB1040,F,SK,2012,151.5,
dataflow,ESTAT:HLTH_DSI060(1.0),A,THS,PTP_LD2-3,PB1040,F,UK,2012,1338.1,
dataflow,ESTAT:HLTH_DSI060(1.0),A,THS,PTP_LD2-3,PB1040,M,AT,2012,133.6,
dataflow,ESTAT:HLTH_DSI060(1.0),A,THS,PTP_LD2-3,PB1040,M,BE,2012,119.8,
dataflow,ESTAT:HLTH_DSI060(1.0),A,THS,PTP_LD2-3,PB1040,M,BG,2012,111.2,
dataflow,ESTAT:HLTH_DSI060(1.0),A,THS,PTP_LD2-3,PB1040,M,CY,2012,9.5,
dataflow,ESTAT:HLTH_DSI060(1.0),A,THS,PTP_LD2-3,PB1040,M,CZ,2012,134.9,
dataflow,ESTAT:HLTH_DSI060(1.0),A,THS,PTP_LD2-3,PB1040,M,DE,2012,1507.0,
dataflow,ESTAT:HLTH_DSI060(1.0),A,THS,PTP_LD2-3,PB1040,M,DK,2012,75.3,
dataflow,ESTAT:HLTH_DSI060(1.0),A,THS,PTP_LD2-3,PB1040,M,EE,2012,17.8,
dataflow,ESTAT:HLTH_DSI060(1.0),A,THS,PTP_LD2-3,PB1040,M,EEA,2012,7003.5,e
dataflow,ESTAT:HLTH_DSI060(1.0),A,THS,PTP_LD2-3,PB1040,M,EL,2012,148.3,
dataflow,ESTAT:HLTH_DSI060(1.0),A,THS,PTP_LD2-3,PB1040,M,ES,2012,716.1,
dataflow,ESTAT:HLTH_DSI060(1.0),A,THS,PTP_LD2-3,PB1040,M,EU27_2007,2012,6941.8,e
dataflow,ESTAT:HLTH_DSI060(1.0),A,THS,PTP_LD2-3,PB1040,M,FI,2012,72.7,
dataflow,ESTAT:HLTH_DSI060(1.0),A,THS,PTP_LD2-3,PB1040,M,FR,2012,716.5,
dataflow,ESTAT:HLTH_DSI060(1.0),A,THS,PTP_LD2-3,PB1040,M,HU,2012,159.5,
dataflow,ESTAT:HLTH_DSI060(1.0),A,THS,PTP_LD2-3,PB1040,M,IS,2012,3.2,
dataflow,ESTAT:HLTH_DSI060(1.0),A,THS,PTP_LD2-3,PB1040,M,IT,2012,678.3,
dataflow,ESTAT:HLTH_DSI060(1.0),A,THS,PTP_LD2-3,PB1040,M,LT,2012,56.0,
dataflow,ESTAT:HLTH_DSI060(1.0),A,THS,PTP_LD2-3,PB1040,M,LU,2012,8.0,
dataflow,ESTAT:HLTH_DSI060(1.0),A,THS,PTP_LD2-3,PB1040,M,LV,2012,35.0,
dataflow,ESTAT:HLTH_DSI060(1.0),A,THS,PTP_LD2-3,PB1040,M,MT,2012,4.1,
dataflow,ESTAT:HLTH_DSI060(1.0),A,THS,PTP_LD2-3,PB1040,M,NL,2012,206.2,
dataflow,ESTAT:HLTH_DSI060(1.0),A,THS,PTP_LD2-3,PB1040,M,NO,2012,58.5,
dataflow,ESTAT:HLTH_DSI060(1.0),A,THS,PTP_LD2-3,PB1040,M,PL,2012,614.7,
dataflow,ESTAT:HLTH_DSI060(1.0),A,THS,PTP_LD2-3,PB1040,M,PT,2012,132.8,
dataflow,ESTAT:HLTH_DSI060(1.0),A,THS,PTP_LD2-3,PB1040,M,RO,2012,292.5,
dataflow,ESTAT:HLTH_DSI060(1.0),A,THS,PTP_LD2-3,PB1040,M,SE,2012,99.3,
dataflow,ESTAT:HLTH_DSI060(1.0),A,THS,PTP_LD2-3,PB1040,M,SI,2012,38.7,
dataflow,ESTAT:HLTH_DSI060(1.0),A,THS,PTP_LD2-3,PB1040,M,SK,2012,90.1,
dataflow,ESTAT:HLTH_DSI060(1.0),A,THS,PTP_LD2-3,PB1040,M,UK,2012,763.8,
dataflow,ESTAT:HLTH_DSI060(1.0),A,THS,PTP_LD2-3,PB1040,T,AT,2012,264.3,
dataflow,ESTAT:HLTH_DSI060(1.0),A,THS,PTP_LD2-3,PB1040,T,BE,2012,297.7,
dataflow,ESTAT:HLTH_DSI060(1.0),A,THS,PTP_LD2-3,PB1040,T,BG,2012,266.8,
dataflow,ESTAT:HLTH_DSI060(1.0),A,THS,PTP_LD2-3,PB1040,T,CY,2012,24.6,
dataflow,ESTAT:HLTH_DSI060(1.0),A,THS,PTP_LD2-3,PB1040,T,CZ,2012,317.5,
dataflow,ESTAT:HLTH_DSI060(1.0),A,THS,PTP_LD2-3,PB1040,T,DE,2012,3569.7,
dataflow,ESTAT:HLTH_DSI060(1.0),A,THS,PTP_LD2-3,PB1040,T,DK,2012,201.6,
dataflow,ESTAT:HLTH_DSI060(1.0),A,THS,PTP_LD2-3,PB1040,T,EE,2012,55.9,
dataflow,ESTAT:HLTH_DSI060(1.0),A,THS,PTP_LD2-3,PB1040,T,EEA,2012,17818.1,e
dataflow,ESTAT:HLTH_DSI060(1.0),A,THS,PTP_LD2-3,PB1040,T,EL,2012,419.4,
dataflow,ESTAT:HLTH_DSI060(1.0),A,THS,PTP_LD2-3,PB1040,T,ES,2012,1908.3,
dataflow,ESTAT:HLTH_DSI060(1.0),A,THS,PTP_LD2-3,PB1040,T,EU27_2007,2012,17630.5,e
dataflow,ESTAT:HLTH_DSI060(1.0),A,THS,PTP_LD2-3,PB1040,T,FI,2012,171.4,
dataflow,ESTAT:HLTH_DSI060(1.0),A,THS,PTP_LD2-3,PB1040,T,FR,2012,1824.0,
dataflow,ESTAT:HLTH_DSI060(1.0),A,THS,PTP_LD2-3,PB1040,T,HU,2012,408.4,
dataflow,ESTAT:HLTH_DSI060(1.0),A,THS,PTP_LD2-3,PB1040,T,IS,2012,11.4,
dataflow,ESTAT:HLTH_DSI060(1.0),A,THS,PTP_LD2-3,PB1040,T,IT,2012,1977.8,
dataflow,ESTAT:HLTH_DSI060(1.0),A,THS,PTP_LD2-3,PB1040,T,LT,2012,163.0,
dataflow,ESTAT:HLTH_DSI060(1.0),A,THS,PTP_LD2-3,PB1040,T,LU,2012,20.4,
dataflow,ESTAT:HLTH_DSI060(1.0),A,THS,PTP_LD2-3,PB1040,T,LV,2012,101.3,
dataflow,ESTAT:HLTH_DSI060(1.0),A,THS,PTP_LD2-3,PB1040,T,MT,2012,9.3,
dataflow,ESTAT:HLTH_DSI060(1.0),A,THS,PTP_LD2-3,PB1040,T,NL,2012,550.9,
dataflow,ESTAT:HLTH_DSI060(1.0),A,THS,PTP_LD2-3,PB1040,T,NO,2012,176.2,
dataflow,ESTAT:HLTH_DSI060(1.0),A,THS,PTP_LD2-3,PB1040,T,PL,2012,1385.2,
dataflow,ESTAT:HLTH_DSI060(1.0),A,THS,PTP_LD2-3,PB1040,T,PT,2012,329.4,
dataflow,ESTAT:HLTH_DSI060(1.0),A,THS,PTP_LD2-3,PB1040,T,RO,2012,658.0,
dataflow,ESTAT:HLTH_DSI060(1.0),A,THS,PTP_LD2-3,PB1040,T,SE,2012,274.6,
dataflow,ESTAT:HLTH_DSI060(1.0),A,THS,PTP_LD2-3,PB1040,T,SI,2012,87.5,
dataflow,ESTAT:HLTH_DSI060(1.0),A,THS,PTP_LD2-3,PB1040,T,SK,2012,241.6,
dataflow,ESTAT:HLTH_DSI060(1.0),A,THS,PTP_LD2-3,PB1040,T,UK,2012,2101.8,
dataflow,ESTAT:HLTH_DSI060(1.0),A,THS,PTP_LD2-3,PB1041,F,AT,2012,21.3,u
dataflow,ESTAT:HLTH_DSI060(1.0),A,THS,PTP_LD2-3,PB1041,F,BE,2012,59.3,
dataflow,ESTAT:HLTH_DSI060(1.0),A,THS,PTP_LD2-3,PB1041,F,BG,2012,23.2,
dataflow,ESTAT:HLTH_DSI060(1.0),A,THS,PTP_LD2-3,PB1041,F,CY,2012,2.9,u
dataflow,ESTAT:HLTH_DSI060(1.0),A,THS,PTP_LD2-3,PB1041,F,CZ,2012,17.6,u
dataflow,ESTAT:HLTH_DSI060(1.0),A,THS,PTP_LD2-3,PB1041,F,DE,2012,428.6,
dataflow,ESTAT:HLTH_DSI060(1.0),A,THS,PTP_LD2-3,PB1041,F,DK,2012,30.6,
dataflow,ESTAT:HLTH_DSI060(1.0),A,THS,PTP_LD2-3,PB1041,F,EE,2012,5.3,u
dataflow,ESTAT:HLTH_DSI060(1.0),A,THS,PTP_LD2-3,PB1041,F,EEA,2012,1703.8,e
dataflow,ESTAT:HLTH_DSI060(1.0),A,THS,PTP_LD2-3,PB1041,F,EL,2012,41.6,
dataflow,ESTAT:HLTH_DSI060(1.0),A,THS,PTP_LD2-3,PB1041,F,ES,2012,131.8,
dataflow,ESTAT:HLTH_DSI060(1.0),A,THS,PTP_LD2-3,PB1041,F,EU27_2007,2012,1652.7,e
dataflow,ESTAT:HLTH_DSI060(1.0),A,THS,PTP_LD2-3,PB1041,F,FI,2012,34.3,
dataflow,ESTAT:HLTH_DSI060(1.0),A,THS,PTP_LD2-3,PB1041,F,FR,2012,80.4,
dataflow,ESTAT:HLTH_DSI060(1.0),A,THS,PTP_LD2-3,PB1041,F,HU,2012,46.2,
dataflow,ESTAT:HLTH_DSI060(1.0),A,THS,PTP_LD2-3,PB1041,F,IS,2012,1.4,u
dataflow,ESTAT:HLTH_DSI060(1.0),A,THS,PTP_LD2-3,PB1041,F,IT,2012,95.5,u
dataflow,ESTAT:HLTH_DSI060(1.0),A,THS,PTP_LD2-3,PB1041,F,LT,2012,7.0,u
dataflow,ESTAT:HLTH_DSI060(1.0),A,THS,PTP_LD2-3,PB1041,F,LU,2012,,u
dataflow,ESTAT:HLTH_DSI060(1.0),A,THS,PTP_LD2-3,PB1041,F,LV,2012,12.1,
dataflow,ESTAT:HLTH_DSI060(1.0),A,THS,PTP_LD2-3,PB1041,F,MT,2012,,u
dataflow,ESTAT:HLTH_DSI060(1.0),A,THS,PTP_LD2-3,PB1041,F,NL,2012,120.6,
dataflow,ESTAT:HLTH_DSI060(1.0),A,THS,PTP_LD2-3,PB1041,F,NO,2012,49.7,
dataflow,ESTAT:HLTH_DSI060(1.0),A,THS,PTP_LD2-3,PB1041,F,PL,2012,180.8,
dataflow,ESTAT:HLTH_DSI060(1.0),A,THS,PTP_LD2-3,PB1041,F,PT,2012,,u
dataflow,ESTAT:HLTH_DSI060(1.0),A,THS,PTP_LD2-3,PB1041,F,RO,2012,91.8,
dataflow,ESTAT:HLTH_DSI060(1.0),A,THS,PTP_LD2-3,PB1041,F,SE,2012,42.5,u
dataflow,ESTAT:HLTH_DSI060(1.0),A,THS,PTP_LD2-3,PB1041,F,SI,2012,,u
dataflow,ESTAT:HLTH_DSI060(1.0),A,THS,PTP_LD2-3,PB1041,F,SK,2012,18.4,u
dataflow,ESTAT:HLTH_DSI060(1.0),A,THS,PTP_LD2-3,PB1041,F,UK,2012,143.5,
dataflow,ESTAT:HLTH_DSI060(1.0),A,THS,PTP_LD2-3,PB1041,M,AT,2012,15.5,u
dataflow,ESTAT:HLTH_DSI060(1.0),A,THS,PTP_LD2-3,PB1041,M,BE,2012,22.4,
dataflow,ESTAT:HLTH_DSI060(1.0),A,THS,PTP_LD2-3,PB1041,M,BG,2012,22.5,
dataflow,ESTAT:HLTH_DSI060(1.0),A,THS,PTP_LD2-3,PB1041,M,CY,2012,4.8,u
dataflow,ESTAT:HLTH_DSI060(1.0),A,THS,PTP_LD2-3,PB1041,M,CZ,2012,27.3,u
dataflow,ESTAT:HLTH_DSI060(1.0),A,THS,PTP_LD2-3,PB1041,M,DE,2012,541.8,
dataflow,ESTAT:HLTH_DSI060(1.0),A,THS,PTP_LD2-3,PB1041,M,DK,2012,33.5,
dataflow,ESTAT:HLTH_DSI060(1.0),A,THS,PTP_LD2-3,PB1041,M,EE,2012,4.6,u
dataflow,ESTAT:HLTH_DSI060(1.0),A,THS,PTP_LD2-3,PB1041,M,EEA,2012,1790.8,e
dataflow,ESTAT:HLTH_DSI060(1.0),A,THS,PTP_LD2-3,PB1041,M,EL,2012,36.3,
dataflow,ESTAT:HLTH_DSI060(1.0),A,THS,PTP_LD2-3,PB1041,M,ES,2012,119.8,
dataflow,ESTAT:HLTH_DSI060(1.0),A,THS,PTP_LD2-3,PB1041,M,EU27_2007,2012,1742.1,e
dataflow,ESTAT:HLTH_DSI060(1.0),A,THS,PTP_LD2-3,PB1041,M,FI,2012,36.9,
dataflow,ESTAT:HLTH_DSI060(1.0),A,THS,PTP_LD2-3,PB1041,M,FR,2012,167.4,
dataflow,ESTAT:HLTH_DSI060(1.0),A,THS,PTP_LD2-3,PB1041,M,HU,2012,51.0,
dataflow,ESTAT:HLTH_DSI060(1.0),A,THS,PTP_LD2-3,PB1041,M,IS,2012,0.7,u
dataflow,ESTAT:HLTH_DSI060(1.0),A,THS,PTP_LD2-3,PB1041,M,IT,2012,112.3,u
dataflow,ESTAT:HLTH_DSI060(1.0),A,THS,PTP_LD2-3,PB1041,M,LT,2012,10.9,u
dataflow,ESTAT:HLTH_DSI060(1.0),A,THS,PTP_LD2-3,PB1041,M,LU,2012,,u
dataflow,ESTAT:HLTH_DSI060(1.0),A,THS,PTP_LD2-3,PB1041,M,LV,2012,16.5,
dataflow,ESTAT:HLTH_DSI060(1.0),A,THS,PTP_LD2-3,PB1041,M,MT,2012,,u
dataflow,ESTAT:HLTH_DSI060(1.0),A,THS,PTP_LD2-3,PB1041,M,NL,2012,104.4,
dataflow,ESTAT:HLTH_DSI060(1.0),A,THS,PTP_LD2-3,PB1041,M,NO,2012,48.0,
dataflow,ESTAT:HLTH_DSI060(1.0),A,THS,PTP_LD2-3,PB1041,M,PL,2012,75.9,
dataflow,ESTAT:HLTH_DSI060(1.0),A,THS,PTP_LD2-3,PB1041,M,PT,2012,,u
dataflow,ESTAT:HLTH_DSI060(1.0),A,THS,PTP_LD2-3,PB1041,M,RO,2012,76.0,
dataflow,ESTAT:HLTH_DSI060(1.0),A,THS,PTP_LD2-3,PB1041,M,SE,2012,28.7,u
dataflow,ESTAT:HLTH_DSI060(1.0),A,THS,PTP_LD2-3,PB1041,M,SI,2012,,u
dataflow,ESTAT:HLTH_DSI060(1.0),A,THS,PTP_LD2-3,PB1041,M,SK,2012,16.7,u
dataflow,ESTAT:HLTH_DSI060(1.0),A,THS,PTP_LD2-3,PB1041,M,UK,2012,197.1,
dataflow,ESTAT:HLTH_DSI060(1.0),A,THS,PTP_LD2-3,PB1041,T,AT,2012,36.8,u
dataflow,ESTAT:HLTH_DSI060(1.0),A,THS,PTP_LD2-3,PB1041,T,BE,2012,81.7,
dataflow,ESTAT:HLTH_DSI060(1.0),A,THS,PTP_LD2-3,PB1041,T,BG,2012,45.7,
dataflow,ESTAT:HLTH_DSI060(1.0),A,THS,PTP_LD2-3,PB1041,T,CY,2012,7.7,u
dataflow,ESTAT:HLTH_DSI060(1.0),A,THS,PTP_LD2-3,PB1041,T,CZ,2012,44.9,u
dataflow,ESTAT:HLTH_DSI060(1.0),A,THS,PTP_LD2-3,PB1041,T,DE,2012,970.4,
dataflow,ESTAT:HLTH_DSI060(1.0),A,THS,PTP_LD2-3,PB1041,T,DK,2012,64.1,
dataflow,ESTAT:HLTH_DSI060(1.0),A,THS,PTP_LD2-3,PB1041,T,EE,2012,10.0,u
dataflow,ESTAT:HLTH_DSI060(1.0),A,THS,PTP_LD2-3,PB1041,T,EEA,2012,3494.5,e
dataflow,ESTAT:HLTH_DSI060(1.0),A,THS,PTP_LD2-3,PB1041,T,EL,2012,77.9,
dataflow,ESTAT:HLTH_DSI060(1.0),A,THS,PTP_LD2-3,PB1041,T,ES,2012,251.5,
dataflow,ESTAT:HLTH_DSI060(1.0),A,THS,PTP_LD2-3,PB1041,T,EU27_2007,2012,3394.7,e
dataflow,ESTAT:HLTH_DSI060(1.0),A,THS,PTP_LD2-3,PB1041,T,FI,2012,71.2,
dataflow,ESTAT:HLTH_DSI060(1.0),A,THS,PTP_LD2-3,PB1041,T,FR,2012,247.9,
dataflow,ESTAT:HLTH_DSI060(1.0),A,THS,PTP_LD2-3,PB1041,T,HU,2012,97.2,
dataflow,ESTAT:HLTH_DSI060(1.0),A,THS,PTP_LD2-3,PB1041,T,IS,2012,2.1,u
dataflow,ESTAT:HLTH_DSI060(1.0),A,THS,PTP_LD2-3,PB1041,T,IT,2012,207.7,u
dataflow,ESTAT:HLTH_DSI060(1.0),A,THS,PTP_LD2-3,PB1041,T,LT,2012,17.9,u
dataflow,ESTAT:HLTH_DSI060(1.0),A,THS,PTP_LD2-3,PB1041,T,LU,2012,,u
dataflow,ESTAT:HLTH_DSI060(1.0),A,THS,PTP_LD2-3,PB1041,T,LV,2012,28.6,
dataflow,ESTAT:HLTH_DSI060(1.0),A,THS,PTP_LD2-3,PB1041,T,MT,2012,,u
dataflow,ESTAT:HLTH_DSI060(1.0),A,THS,PTP_LD2-3,PB1041,T,NL,2012,225.0,
dataflow,ESTAT:HLTH_DSI060(1.0),A,THS,PTP_LD2-3,PB1041,T,NO,2012,97.7,
dataflow,ESTAT:HLTH_DSI060(1.0),A,THS,PTP_LD2-3,PB1041,T,PL,2012,256.7,
dataflow,ESTAT:HLTH_DSI060(1.0),A,THS,PTP_LD2-3,PB1041,T,PT,2012,,u
dataflow,ESTAT:HLTH_DSI060(1.0),A,THS,PTP_LD2-3,PB1041,T,RO,2012,167.8,
dataflow,ESTAT:HLTH_DSI060(1.0),A,THS,PTP_LD2-3,PB1041,T,SE,2012,71.2,u
dataflow,ESTAT:HLTH_DSI060(1.0),A,THS,PTP_LD2-3,PB1041,T,SI,2012,,u
dataflow,ESTAT:HLTH_DSI060(1.0),A,THS,PTP_LD2-3,PB1041,T,SK,2012,35.1,u
dataflow,ESTAT:HLTH_DSI060(1.0),A,THS,PTP_LD2-3,PB1041,T,UK,2012,340.6,
dataflow,ESTAT:HLTH_DSI060(1.0),A,THS,PTP_LD2-3,TOTAL,F,AT,2012,152.0,
dataflow,ESTAT:HLTH_DSI060(1.0),A,THS,PTP_LD2-3,TOTAL,F,BE,2012,237.3,
dataflow,ESTAT:HLTH_DSI060(1.0),A,THS,PTP_LD2-3,TOTAL,F,BG,2012,178.9,
dataflow,ESTAT:HLTH_DSI060(1.0),A,THS,PTP_LD2-3,TOTAL,F,CY,2012,18.0,
dataflow,ESTAT:HLTH_DSI060(1.0),A,THS,PTP_LD2-3,TOTAL,F,CZ,2012,200.1,
dataflow,ESTAT:HLTH_DSI060(1.0),A,THS,PTP_LD2-3,TOTAL,F,DE,2012,2491.3,
dataflow,ESTAT:HLTH_DSI060(1.0),A,THS,PTP_LD2-3,TOTAL,F,DK,2012,156.9,
dataflow,ESTAT:HLTH_DSI060(1.0),A,THS,PTP_LD2-3,TOTAL,F,EE,2012,43.4,
dataflow,ESTAT:HLTH_DSI060(1.0),A,THS,PTP_LD2-3,TOTAL,F,EEA,2012,12518.4,e
dataflow,ESTAT:HLTH_DSI060(1.0),A,THS,PTP_LD2-3,TOTAL,F,EL,2012,312.7,
dataflow,ESTAT:HLTH_DSI060(1.0),A,THS,PTP_LD2-3,TOTAL,F,ES,2012,1324.0,
dataflow,ESTAT:HLTH_DSI060(1.0),A,THS,PTP_LD2-3,TOTAL,F,EU27_2007,2012,12341.3,e
dataflow,ESTAT:HLTH_DSI060(1.0),A,THS,PTP_LD2-3,TOTAL,F,FI,2012,132.9,
dataflow,ESTAT:HLTH_DSI060(1.0),A,THS,PTP_LD2-3,TOTAL,F,FR,2012,1187.9,
dataflow,ESTAT:HLTH_DSI060(1.0),A,THS,PTP_LD2-3,TOTAL,F,HU,2012,295.1,
dataflow,ESTAT:HLTH_DSI060(1.0),A,THS,PTP_LD2-3,TOTAL,F,IS,2012,9.6,
dataflow,ESTAT:HLTH_DSI060(1.0),A,THS,PTP_LD2-3,TOTAL,F,IT,2012,1395.0,
dataflow,ESTAT:HLTH_DSI060(1.0),A,THS,PTP_LD2-3,TOTAL,F,LT,2012,114.0,
dataflow,ESTAT:HLTH_DSI060(1.0),A,THS,PTP_LD2-3,TOTAL,F,LU,2012,13.5,
dataflow,ESTAT:HLTH_DSI060(1.0),A,THS,PTP_LD2-3,TOTAL,F,LV,2012,78.4,
dataflow,ESTAT:HLTH_DSI060(1.0),A,THS,PTP_LD2-3,TOTAL,F,MT,2012,6.1,
dataflow,ESTAT:HLTH_DSI060(1.0),A,THS,PTP_LD2-3,TOTAL,F,NL,2012,465.3,
dataflow,ESTAT:HLTH_DSI060(1.0),A,THS,PTP_LD2-3,TOTAL,F,NO,2012,167.5,
dataflow,ESTAT:HLTH_DSI060(1.0),A,THS,PTP_LD2-3,TOTAL,F,PL,2012,951.3,
dataflow,ESTAT:HLTH_DSI060(1.0),A,THS,PTP_LD2-3,TOTAL,F,PT,2012,207.9,
dataflow,ESTAT:HLTH_DSI060(1.0),A,THS,PTP_LD2-3,TOTAL,F,RO,2012,457.3,
dataflow,ESTAT:HLTH_DSI060(1.0),A,THS,PTP_LD2-3,TOTAL,F,SE,2012,217.8,
dataflow,ESTAT:HLTH_DSI060(1.0),A,THS,PTP_LD2-3,TOTAL,F,SI,2012,52.6,
dataflow,ESTAT:HLTH_DSI060(1.0),A,THS,PTP_LD2-3,TOTAL,F,SK,2012,169.9,
dataflow,ESTAT:HLTH_DSI060(1.0),A,THS,PTP_LD2-3,TOTAL,F,UK,2012,1481.6,
dataflow,ESTAT:HLTH_DSI060(1.0),A,THS,PTP_LD2-3,TOTAL,M,AT,2012,149.1,
dataflow,ESTAT:HLTH_DSI060(1.0),A,THS,PTP_LD2-3,TOTAL,M,BE,2012,142.2,
dataflow,ESTAT:HLTH_DSI060(1.0),A,THS,PTP_LD2-3,TOTAL,M,BG,2012,133.6,
dataflow,ESTAT:HLTH_DSI060(1.0),A,THS,PTP_LD2-3,TOTAL,M,CY,2012,14.3,
dataflow,ESTAT:HLTH_DSI060(1.0),A,THS,PTP_LD2-3,TOTAL,M,CZ,2012,162.3,
dataflow,ESTAT:HLTH_DSI060(1.0),A,THS,PTP_LD2-3,TOTAL,M,DE,2012,2048.8,
dataflow,ESTAT:HLTH_DSI060(1.0),A,THS,PTP_LD2-3,TOTAL,M,DK,2012,108.8,
dataflow,ESTAT:HLTH_DSI060(1.0),A,THS,PTP_LD2-3,TOTAL,M,EE,2012,22.4,
dataflow,ESTAT:HLTH_DSI060(1.0),A,THS,PTP_LD2-3,TOTAL,M,EEA,2012,8794.3,e
dataflow,ESTAT:HLTH_DSI060(1.0),A,THS,PTP_LD2-3,TOTAL,M,EL,2012,184.6,
dataflow,ESTAT:HLTH_DSI060(1.0),A,THS,PTP_LD2-3,TOTAL,M,ES,2012,835.9,
dataflow,ESTAT:HLTH_DSI060(1.0),A,THS,PTP_LD2-3,TOTAL,M,EU27_2007,2012,8683.9,e
dataflow,ESTAT:HLTH_DSI060(1.0),A,THS,PTP_LD2-3,TOTAL,M,FI,2012,109.6,
dataflow,ESTAT:HLTH_DSI060(1.0),A,THS,PTP_LD2-3,TOTAL,M,FR,2012,883.9,
dataflow,ESTAT:HLTH_DSI060(1.0),A,THS,PTP_LD2-3,TOTAL,M,HU,2012,210.5,
dataflow,ESTAT:HLTH_DSI060(1.0),A,THS,PTP_LD2-3,TOTAL,M,IS,2012,3.9,
dataflow,ESTAT:HLTH_DSI060(1.0),A,THS,PTP_LD2-3,TOTAL,M,IT,2012,790.6,
dataflow,ESTAT:HLTH_DSI060(1.0),A,THS,PTP_LD2-3,TOTAL,M,LT,2012,66.9,
dataflow,ESTAT:HLTH_DSI060(1.0),A,THS,PTP_LD2-3,TOTAL,M,LU,2012,8.6,
dataflow,ESTAT:HLTH_DSI060(1.0),A,THS,PTP_LD2-3,TOTAL,M,LV,2012,51.5,
dataflow,ESTAT:HLTH_DSI060(1.0),A,THS,PTP_LD2-3,TOTAL,M,MT,2012,4.5,
dataflow,ESTAT:HLTH_DSI060(1.0),A,THS,PTP_LD2-3,TOTAL,M,NL,2012,310.6,
dataflow,ESTAT:HLTH_DSI060(1.0),A,THS,PTP_LD2-3,TOTAL,M,NO,2012,106.4,
dataflow,ESTAT:HLTH_DSI060(1.0),A,THS,PTP_LD2-3,TOTAL,M,PL,2012,690.6,
dataflow,ESTAT:HLTH_DSI060(1.0),A,THS,PTP_LD2-3,TOTAL,M,PT,2012,148.0,
dataflow,ESTAT:HLTH_DSI060(1.0),A,THS,PTP_LD2-3,TOTAL,M,RO,2012,368.5,
dataflow,ESTAT:HLTH_DSI060(1.0),A,THS,PTP_LD2-3,TOTAL,M,SE,2012,128.0,
dataflow,ESTAT:HLTH_DSI060(1.0),A,THS,PTP_LD2-3,TOTAL,M,SI,2012,42.2,
dataflow,ESTAT:HLTH_DSI060(1.0),A,THS,PTP_LD2-3,TOTAL,M,SK,2012,106.8,
dataflow,ESTAT:HLTH_DSI060(1.0),A,THS,PTP_LD2-3,TOTAL,M,UK,2012,960.9,
dataflow,ESTAT:HLTH_DSI060(1.0),A,THS,PTP_LD2-3,TOTAL,T,AT,2012,301.1,
dataflow,ESTAT:HLTH_DSI060(1.0),A,THS,PTP_LD2-3,TOTAL,T,BE,2012,379.5,
dataflow,ESTAT:HLTH_DSI060(1.0),A,THS,PTP_LD2-3,TOTAL,T,BG,2012,312.5,
dataflow,ESTAT:HLTH_DSI060(1.0),A,THS,PTP_LD2-3,TOTAL,T,CY,2012,32.3,
dataflow,ESTAT:HLTH_DSI060(1.0),A,THS,PTP_LD2-3,TOTAL,T,CZ,2012,362.4,
dataflow,ESTAT:HLTH_DSI060(1.0),A,THS,PTP_LD2-3,TOTAL,T,DE,2012,4540.2,
dataflow,ESTAT:HLTH_DSI060(1.0),A,THS,PTP_LD2-3,TOTAL,T,DK,2012,265.7,
dataflow,ESTAT:HLTH_DSI060(1.0),A,THS,PTP_LD2-3,TOTAL,T,EE,2012,65.9,
dataflow,ESTAT:HLTH_DSI060(1.0),A,THS,PTP_LD2-3,TOTAL,T,EEA,2012,21312.7,e
dataflow,ESTAT:HLTH_DSI060(1.0),A,THS,PTP_LD2-3,TOTAL,T,EL,2012,497.3,
dataflow,ESTAT:HLTH_DSI060(1.0),A,THS,PTP_LD2-3,TOTAL,T,ES,2012,2159.9,
dataflow,ESTAT:HLTH_DSI060(1.0),A,THS,PTP_LD2-3,TOTAL,T,EU27_2007,2012,21025.2,e
dataflow,ESTAT:HLTH_DSI060(1.0),A,THS,PTP_LD2-3,TOTAL,T,FI,2012,242.6,
dataflow,ESTAT:HLTH_DSI060(1.0),A,THS,PTP_LD2-3,TOTAL,T,FR,2012,2071.8,
dataflow,ESTAT:HLTH_DSI060(1.0),A,THS,PTP_LD2-3,TOTAL,T,HU,2012,505.6,
dataflow,ESTAT:HLTH_DSI060(1.0),A,THS,PTP_LD2-3,TOTAL,T,IS,2012,13.5,
dataflow,ESTAT:HLTH_DSI060(1.0),A,THS,PTP_LD2-3,TOTAL,T,IT,2012,2185.5,
dataflow,ESTAT:HLTH_DSI060(1.0),A,THS,PTP_LD2-3,TOTAL,T,LT,2012,181.0,
dataflow,ESTAT:HLTH_DSI060(1.0),A,THS,PTP_LD2-3,TOTAL,T,LU,2012,22.2,
dataflow,ESTAT:HLTH_DSI060(1.0),A,THS,PTP_LD2-3,TOTAL,T,LV,2012,129.9,
dataflow,ESTAT:HLTH_DSI060(1.0),A,THS,PTP_LD2-3,TOTAL,T,MT,2012,10.7,
dataflow,ESTAT:HLTH_DSI060(1.0),A,THS,PTP_LD2-3,TOTAL,T,NL,2012,775.9,
dataflow,ESTAT:HLTH_DSI060(1.0),A,THS,PTP_LD2-3,TOTAL,T,NO,2012,274.0,
dataflow,ESTAT:HLTH_DSI060(1.0),A,THS,PTP_LD2-3,TOTAL,T,PL,2012,1641.9,
dataflow,ESTAT:HLTH_DSI060(1.0),A,THS,PTP_LD2-3,TOTAL,T,PT,2012,355.9,
dataflow,ESTAT:HLTH_DSI060(1.0),A,THS,PTP_LD2-3,TOTAL,T,RO,2012,825.8,
dataflow,ESTAT:HLTH_DSI060(1.0),A,THS,PTP_LD2-3,TOTAL,T,SE,2012,345.8,
dataflow,ESTAT:HLTH_DSI060(1.0),A,THS,PTP_LD2-3,TOTAL,T,SI,2012,94.8,
dataflow,ESTAT:HLTH_DSI060(1.0),A,THS,PTP_LD2-3,TOTAL,T,SK,2012,276.7,
dataflow,ESTAT:HLTH_DSI060(1.0),A,THS,PTP_LD2-3,TOTAL,T,UK,2012,2442.5,
dataflow,ESTAT:HLTH_DSI060(1.0),A,THS,PTP_LD_GE4,PB1040,F,AT,2012,154.0,
dataflow,ESTAT:HLTH_DSI060(1.0),A,THS,PTP_LD_GE4,PB1040,F,BE,2012,312.8,
dataflow,ESTAT:HLTH_DSI060(1.0),A,THS,PTP_LD_GE4,PB1040,F,BG,2012,260.7,
dataflow,ESTAT:HLTH_DSI060(1.0),A,THS,PTP_LD_GE4,PB1040,F,CY,2012,15.5,
dataflow,ESTAT:HLTH_DSI060(1.0),A,THS,PTP_LD_GE4,PB1040,F,CZ,2012,331.5,
dataflow,ESTAT:HLTH_DSI060(1.0),A,THS,PTP_LD_GE4,PB1040,F,DE,2012,2541.5,
dataflow,ESTAT:HLTH_DSI060(1.0),A,THS,PTP_LD_GE4,PB1040,F,DK,2012,180.9,
dataflow,ESTAT:HLTH_DSI060(1.0),A,THS,PTP_LD_GE4,PB1040,F,EE,2012,44.6,
dataflow,ESTAT:HLTH_DSI060(1.0),A,THS,PTP_LD_GE4,PB1040,F,EEA,2012,15459.8,e
dataflow,ESTAT:HLTH_DSI060(1.0),A,THS,PTP_LD_GE4,PB1040,F,EL,2012,362.6,
dataflow,ESTAT:HLTH_DSI060(1.0),A,THS,PTP_LD_GE4,PB1040,F,ES,2012,1500.9,
dataflow,ESTAT:HLTH_DSI060(1.0),A,THS,PTP_LD_GE4,PB1040,F,EU27_2007,2012,15294.1,e
dataflow,ESTAT:HLTH_DSI060(1.0),A,THS,PTP_LD_GE4,PB1040,F,FI,2012,108.2,
dataflow,ESTAT:HLTH_DSI060(1.0),A,THS,PTP_LD_GE4,PB1040,F,FR,2012,1290.1,
dataflow,ESTAT:HLTH_DSI060(1.0),A,THS,PTP_LD_GE4,PB1040,F,HU,2012,570.9,
dataflow,ESTAT:HLTH_DSI060(1.0),A,THS,PTP_LD_GE4,PB1040,F,IS,2012,5.7,
dataflow,ESTAT:HLTH_DSI060(1.0),A,THS,PTP_LD_GE4,PB1040,F,IT,2012,1852.0,
dataflow,ESTAT:HLTH_DSI060(1.0),A,THS,PTP_LD_GE4,PB1040,F,LT,2012,129.9,
dataflow,ESTAT:HLTH_DSI060(1.0),A,THS,PTP_LD_GE4,PB1040,F,LU,2012,8.7,
dataflow,ESTAT:HLTH_DSI060(1.0),A,THS,PTP_LD_GE4,PB1040,F,LV,2012,83.3,
dataflow,ESTAT:HLTH_DSI060(1.0),A,THS,PTP_LD_GE4,PB1040,F,MT,2012,6.2,
dataflow,ESTAT:HLTH_DSI060(1.0),A,THS,PTP_LD_GE4,PB1040,F,NL,2012,415.3,
dataflow,ESTAT:HLTH_DSI060(1.0),A,THS,PTP_LD_GE4,PB1040,F,NO,2012,160.0,
dataflow,ESTAT:HLTH_DSI060(1.0),A,THS,PTP_LD_GE4,PB1040,F,PL,2012,1340.6,
dataflow,ESTAT:HLTH_DSI060(1.0),A,THS,PTP_LD_GE4,PB1040,F,PT,2012,210.5,
dataflow,ESTAT:HLTH_DSI060(1.0),A,THS,PTP_LD_GE4,PB1040,F,RO,2012,805.7,
dataflow,ESTAT:HLTH_DSI060(1.0),A,THS,PTP_LD_GE4,PB1040,F,SE,2012,154.1,
dataflow,ESTAT:HLTH_DSI060(1.0),A,THS,PTP_LD_GE4,PB1040,F,SI,2012,67.5,
dataflow,ESTAT:HLTH_DSI060(1.0),A,THS,PTP_LD_GE4,PB1040,F,SK,2012,110.3,
dataflow,ESTAT:HLTH_DSI060(1.0),A,THS,PTP_LD_GE4,PB1040,F,UK,2012,2436.0,
dataflow,ESTAT:HLTH_DSI060(1.0),A,THS,PTP_LD_GE4,PB1040,M,AT,2012,88.5,
dataflow,ESTAT:HLTH_DSI060(1.0),A,THS,PTP_LD_GE4,PB1040,M,BE,2012,157.3,
dataflow,ESTAT:HLTH_DSI060(1.0),A,THS,PTP_LD_GE4,PB1040,M,BG,2012,173.5,
dataflow,ESTAT:HLTH_DSI060(1.0),A,THS,PTP_LD_GE4,PB1040,M,CY,2012,16.0,
dataflow,ESTAT:HLTH_DSI060(1.0),A,THS,PTP_LD_GE4,PB1040,M,CZ,2012,188.1,
dataflow,ESTAT:HLTH_DSI060(1.0),A,THS,PTP_LD_GE4,PB1040,M,DE,2012,1631.0,
dataflow,ESTAT:HLTH_DSI060(1.0),A,THS,PTP_LD_GE4,PB1040,M,DK,2012,129.3,
dataflow,ESTAT:HLTH_DSI060(1.0),A,THS,PTP_LD_GE4,PB1040,M,EE,2012,23.6,
dataflow,ESTAT:HLTH_DSI060(1.0),A,THS,PTP_LD_GE4,PB1040,M,EEA,2012,9642.8,e
dataflow,ESTAT:HLTH_DSI060(1.0),A,THS,PTP_LD_GE4,PB1040,M,EL,2012,202.2,
dataflow,ESTAT:HLTH_DSI060(1.0),A,THS,PTP_LD_GE4,PB1040,M,ES,2012,799.6,
dataflow,ESTAT:HLTH_DSI060(1.0),A,THS,PTP_LD_GE4,PB1040,M,EU27_2007,2012,9563.6,e
dataflow,ESTAT:HLTH_DSI060(1.0),A,THS,PTP_LD_GE4,PB1040,M,FI,2012,54.9,
dataflow,ESTAT:HLTH_DSI060(1.0),A,THS,PTP_LD_GE4,PB1040,M,FR,2012,857.2,
dataflow,ESTAT:HLTH_DSI060(1.0),A,THS,PTP_LD_GE4,PB1040,M,HU,2012,312.4,
dataflow,ESTAT:HLTH_DSI060(1.0),A,THS,PTP_LD_GE4,PB1040,M,IS,2012,1.6,
dataflow,ESTAT:HLTH_DSI060(1.0),A,THS,PTP_LD_GE4,PB1040,M,IT,2012,1018.6,
dataflow,ESTAT:HLTH_DSI060(1.0),A,THS,PTP_LD_GE4,PB1040,M,LT,2012,58.2,
dataflow,ESTAT:HLTH_DSI060(1.0),A,THS,PTP_LD_GE4,PB1040,M,LU,2012,6.1,
dataflow,ESTAT:HLTH_DSI060(1.0),A,THS,PTP_LD_GE4,PB1040,M,LV,2012,36.1,
dataflow,ESTAT:HLTH_DSI060(1.0),A,THS,PTP_LD_GE4,PB1040,M,MT,2012,4.0,
dataflow,ESTAT:HLTH_DSI060(1.0),A,THS,PTP_LD_GE4,PB1040,M,NL,2012,182.9,
dataflow,ESTAT:HLTH_DSI060(1.0),A,THS,PTP_LD_GE4,PB1040,M,NO,2012,77.6,
dataflow,ESTAT:HLTH_DSI060(1.0),A,THS,PTP_LD_GE4,PB1040,M,PL,2012,760.2,
dataflow,ESTAT:HLTH_DSI060(1.0),A,THS,PTP_LD_GE4,PB1040,M,PT,2012,138.5,
dataflow,ESTAT:HLTH_DSI060(1.0),A,THS,PTP_LD_GE4,PB1040,M,RO,2012,599.1,
dataflow,ESTAT:HLTH_DSI060(1.0),A,THS,PTP_LD_GE4,PB1040,M,SE,2012,75.8,
dataflow,ESTAT:HLTH_DSI060(1.0),A,THS,PTP_LD_GE4,PB1040,M,SI,2012,33.7,
dataflow,ESTAT:HLTH_DSI060(1.0),A,THS,PTP_LD_GE4,PB1040,M,SK,2012,73.6,
dataflow,ESTAT:HLTH_DSI060(1.0),A,THS,PTP_LD_GE4,PB1040,M,UK,2012,1943.1,
dataflow,ESTAT:HLTH_DSI060(1.0),A,THS,PTP_LD_GE4,PB1040,T,AT,2012,242.5,
dataflow,ESTAT:HLTH_DSI060(1.0),A,THS,PTP_LD_GE4,PB1040,T,BE,2012,470.1,
dataflow,ESTAT:HLTH_DSI060(1.0),A,THS,PTP_LD_GE4,PB1040,T,BG,2012,434.2,
dataflow,ESTAT:HLTH_DSI060(1.0),A,THS,PTP_LD_GE4,PB1040,T,CY,2012,31.5,
dataflow,ESTAT:HLTH_DSI060(1.0),A,THS,PTP_LD_GE4,PB1040,T,CZ,2012,519.5,
dataflow,ESTAT:HLTH_DSI060(1.0),A,THS,PTP_LD_GE4,PB1040,T,DE,2012,4172.4,
dataflow,ESTAT:HLTH_DSI060(1.0),A,THS,PTP_LD_GE4,PB1040,T,DK,2012,310.2,
dataflow,ESTAT:HLTH_DSI060(1.0),A,THS,PTP_LD_GE4,PB1040,T,EE,2012,68.2,
dataflow,ESTAT:HLTH_DSI060(1.0),A,THS,PTP_LD_GE4,PB1040,T,EEA,2012,25102.6,e
dataflow,ESTAT:HLTH_DSI060(1.0),A,THS,PTP_LD_GE4,PB1040,T,EL,2012,564.8,
dataflow,ESTAT:HLTH_DSI060(1.0),A,THS,PTP_LD_GE4,PB1040,T,ES,2012,2300.4,
dataflow,ESTAT:HLTH_DSI060(1.0),A,THS,PTP_LD_GE4,PB1040,T,EU27_2007,2012,24857.7,e
dataflow,ESTAT:HLTH_DSI060(1.0),A,THS,PTP_LD_GE4,PB1040,T,FI,2012,163.1,
dataflow,ESTAT:HLTH_DSI060(1.0),A,THS,PTP_LD_GE4,PB1040,T,FR,2012,2147.3,
dataflow,ESTAT:HLTH_DSI060(1.0),A,THS,PTP_LD_GE4,PB1040,T,HU,2012,883.3,
dataflow,ESTAT:HLTH_DSI060(1.0),A,THS,PTP_LD_GE4,PB1040,T,IS,2012,7.3,
dataflow,ESTAT:HLTH_DSI060(1.0),A,THS,PTP_LD_GE4,PB1040,T,IT,2012,2870.7,
dataflow,ESTAT:HLTH_DSI060(1.0),A,THS,PTP_LD_GE4,PB1040,T,LT,2012,188.1,
dataflow,ESTAT:HLTH_DSI060(1.0),A,THS,PTP_LD_GE4,PB1040,T,LU,2012,14.8,
dataflow,ESTAT:HLTH_DSI060(1.0),A,THS,PTP_LD_GE4,PB1040,T,LV,2012,119.4,
dataflow,ESTAT:HLTH_DSI060(1.0),A,THS,PTP_LD_GE4,PB1040,T,MT,2012,10.2,
dataflow,ESTAT:HLTH_DSI060(1.0),A,THS,PTP_LD_GE4,PB1040,T,NL,2012,598.1,
dataflow,ESTAT:HLTH_DSI060(1.0),A,THS,PTP_LD_GE4,PB1040,T,NO,2012,237.5,
dataflow,ESTAT:HLTH_DSI060(1.0),A,THS,PTP_LD_GE4,PB1040,T,PL,2012,2100.9,
dataflow,ESTAT:HLTH_DSI060(1.0),A,THS,PTP_LD_GE4,PB1040,T,PT,2012,349.1,
dataflow,ESTAT:HLTH_DSI060(1.0),A,THS,PTP_LD_GE4,PB1040,T,RO,2012,1404.8,
dataflow,ESTAT:HLTH_DSI060(1.0),A,THS,PTP_LD_GE4,PB1040,T,SE,2012,229.9,
dataflow,ESTAT:HLTH_DSI060(1.0),A,THS,PTP_LD_GE4,PB1040,T,SI,2012,101.2,
dataflow,ESTAT:HLTH_DSI060(1.0),A,THS,PTP_LD_GE4,PB1040,T,SK,2012,183.9,
dataflow,ESTAT:HLTH_DSI060(1.0),A,THS,PTP_LD_GE4,PB1040,T,UK,2012,4379.1,
dataflow,ESTAT:HLTH_DSI060(1.0),A,THS,PTP_LD_GE4,PB1041,F,AT,2012,,u
dataflow,ESTAT:HLTH_DSI060(1.0),A,THS,PTP_LD_GE4,PB1041,F,BE,2012,15.1,u
dataflow,ESTAT:HLTH_DSI060(1.0),A,THS,PTP_LD_GE4,PB1041,F,BG,2012,11.1,u
dataflow,ESTAT:HLTH_DSI060(1.0),A,THS,PTP_LD_GE4,PB1041,F,CY,2012,,u
dataflow,ESTAT:HLTH_DSI060(1.0),A,THS,PTP_LD_GE4,PB1041,F,CZ,2012,,u
dataflow,ESTAT:HLTH_DSI060(1.0),A,THS,PTP_LD_GE4,PB1041,F,DE,2012,229.2,
dataflow,ESTAT:HLTH_DSI060(1.0),A,THS,PTP_LD_GE4,PB1041,F,DK,2012,14.2,u
dataflow,ESTAT:HLTH_DSI060(1.0),A,THS,PTP_LD_GE4,PB1041,F,EE,2012,,u
dataflow,ESTAT:HLTH_DSI060(1.0),A,THS,PTP_LD_GE4,PB1041,F,EEA,2012,764.0,e
dataflow,ESTAT:HLTH_DSI060(1.0),A,THS,PTP_LD_GE4,PB1041,F,EL,2012,,u
dataflow,ESTAT:HLTH_DSI060(1.0),A,THS,PTP_LD_GE4,PB1041,F,ES,2012,33.4,u
dataflow,ESTAT:HLTH_DSI060(1.0),A,THS,PTP_LD_GE4,PB1041,F,EU27_2007,2012,735.2,e
dataflow,ESTAT:HLTH_DSI060(1.0),A,THS,PTP_LD_GE4,PB1041,F,FI,2012,18.0,u
dataflow,ESTAT:HLTH_DSI060(1.0),A,THS,PTP_LD_GE4,PB1041,F,FR,2012,55.5,u
dataflow,ESTAT:HLTH_DSI060(1.0),A,THS,PTP_LD_GE4,PB1041,F,HU,2012,15.2,u
dataflow,ESTAT:HLTH_DSI060(1.0),A,THS,PTP_LD_GE4,PB1041,F,IS,2012,,u
dataflow,ESTAT:HLTH_DSI060(1.0),A,THS,PTP_LD_GE4,PB1041,F,IT,2012,,u
dataflow,ESTAT:HLTH_DSI060(1.0),A,THS,PTP_LD_GE4,PB1041,F,LT,2012,,u
dataflow,ESTAT:HLTH_DSI060(1.0),A,THS,PTP_LD_GE4,PB1041,F,LU,2012,,u
dataflow,ESTAT:HLTH_DSI060(1.0),A,THS,PTP_LD_GE4,PB1041,F,LV,2012,5.0,u
dataflow,ESTAT:HLTH_DSI060(1.0),A,THS,PTP_LD_GE4,PB1041,F,MT,2012,,u
dataflow,ESTAT:HLTH_DSI060(1.0),A,THS,PTP_LD_GE4,PB1041,F,NL,2012,27.6,u
dataflow,ESTAT:HLTH_DSI060(1.0),A,THS,PTP_LD_GE4,PB1041,F,NO,2012,28.4,
dataflow,ESTAT:HLTH_DSI060(1.0),A,THS,PTP_LD_GE4,PB1041,F,PL,2012,61.7,u
dataflow,ESTAT:HLTH_DSI060(1.0),A,THS,PTP_LD_GE4,PB1041,F,PT,2012,,u
dataflow,ESTAT:HLTH_DSI060(1.0),A,THS,PTP_LD_GE4,PB1041,F,RO,2012,49.1,
dataflow,ESTAT:HLTH_DSI060(1.0),A,THS,PTP_LD_GE4,PB1041,F,SE,2012,,u
dataflow,ESTAT:HLTH_DSI060(1.0),A,THS,PTP_LD_GE4,PB1041,F,SI,2012,,u
dataflow,ESTAT:HLTH_DSI060(1.0),A,THS,PTP_LD_GE4,PB1041,F,SK,2012,,u
dataflow,ESTAT:HLTH_DSI060(1.0),A,THS,PTP_LD_GE4,PB1041,F,UK,2012,106.2,u
dataflow,ESTAT:HLTH_DSI060(1.0),A,THS,PTP_LD_GE4,PB1041,M,AT,2012,,u
dataflow,ESTAT:HLTH_DSI060(1.0),A,THS,PTP_LD_GE4,PB1041,M,BE,2012,9.4,u
dataflow,ESTAT:HLTH_DSI060(1.0),A,THS,PTP_LD_GE4,PB1041,M,BG,2012,11.1,u
dataflow,ESTAT:HLTH_DSI060(1.0),A,THS,PTP_LD_GE4,PB1041,M,CY,2012,,u
dataflow,ESTAT:HLTH_DSI060(1.0),A,THS,PTP_LD_GE4,PB1041,M,CZ,2012,,u
dataflow,ESTAT:HLTH_DSI060(1.0),A,THS,PTP_LD_GE4,PB1041,M,DE,2012,101.4,
dataflow,ESTAT:HLTH_DSI060(1.0),A,THS,PTP_LD_GE4,PB1041,M,DK,2012,7.2,u
dataflow,ESTAT:HLTH_DSI060(1.0),A,THS,PTP_LD_GE4,PB1041,M,EE,2012,,u
dataflow,ESTAT:HLTH_DSI060(1.0),A,THS,PTP_LD_GE4,PB1041,M,EEA,2012,494.5,e
dataflow,ESTAT:HLTH_DSI060(1.0),A,THS,PTP_LD_GE4,PB1041,M,EL,2012,,u
dataflow,ESTAT:HLTH_DSI060(1.0),A,THS,PTP_LD_GE4,PB1041,M,ES,2012,45.0,u
dataflow,ESTAT:HLTH_DSI060(1.0),A,THS,PTP_LD_GE4,PB1041,M,EU27_2007,2012,475.6,e
dataflow,ESTAT:HLTH_DSI060(1.0),A,THS,PTP_LD_GE4,PB1041,M,FI,2012,11.9,u
dataflow,ESTAT:HLTH_DSI060(1.0),A,THS,PTP_LD_GE4,PB1041,M,FR,2012,52.0,u
dataflow,ESTAT:HLTH_DSI060(1.0),A,THS,PTP_LD_GE4,PB1041,M,HU,2012,16.8,u
dataflow,ESTAT:HLTH_DSI060(1.0),A,THS,PTP_LD_GE4,PB1041,M,IS,2012,,u
dataflow,ESTAT:HLTH_DSI060(1.0),A,THS,PTP_LD_GE4,PB1041,M,IT,2012,,u
dataflow,ESTAT:HLTH_DSI060(1.0),A,THS,PTP_LD_GE4,PB1041,M,LT,2012,,u
dataflow,ESTAT:HLTH_DSI060(1.0),A,THS,PTP_LD_GE4,PB1041,M,LU,2012,,u
dataflow,ESTAT:HLTH_DSI060(1.0),A,THS,PTP_LD_GE4,PB1041,M,LV,2012,1.5,u
dataflow,ESTAT:HLTH_DSI060(1.0),A,THS,PTP_LD_GE4,PB1041,M,MT,2012,,u
dataflow,ESTAT:HLTH_DSI060(1.0),A,THS,PTP_LD_GE4,PB1041,M,NL,2012,16.6,u
dataflow,ESTAT:HLTH_DSI060(1.0),A,THS,PTP_LD_GE4,PB1041,M,NO,2012,18.7,
dataflow,ESTAT:HLTH_DSI060(1.0),A,THS,PTP_LD_GE4,PB1041,M,PL,2012,28.2,u
dataflow,ESTAT:HLTH_DSI060(1.0),A,THS,PTP_LD_GE4,PB1041,M,PT,2012,,u
dataflow,ESTAT:HLTH_DSI060(1.0),A,THS,PTP_LD_GE4,PB1041,M,RO,2012,41.6,
dataflow,ESTAT:HLTH_DSI060(1.0),A,THS,PTP_LD_GE4,PB1041,M,SE,2012,,u
dataflow,ESTAT:HLTH_DSI060(1.0),A,THS,PTP_LD_GE4,PB1041,M,SI,2012,,u
dataflow,ESTAT:HLTH_DSI060(1.0),A,THS,PTP_LD_GE4,PB1041,M,SK,2012,,u
dataflow,ESTAT:HLTH_DSI060(1.0),A,THS,PTP_LD_GE4,PB1041,M,UK,2012,80.5,u
dataflow,ESTAT:HLTH_DSI060(1.0),A,THS,PTP_LD_GE4,PB1041,T,AT,2012,,u
dataflow,ESTAT:HLTH_DSI060(1.0),A,THS,PTP_LD_GE4,PB1041,T,BE,2012,24.4,u
dataflow,ESTAT:HLTH_DSI060(1.0),A,THS,PTP_LD_GE4,PB1041,T,BG,2012,22.2,u
dataflow,ESTAT:HLTH_DSI060(1.0),A,THS,PTP_LD_GE4,PB1041,T,CY,2012,,u
dataflow,ESTAT:HLTH_DSI060(1.0),A,THS,PTP_LD_GE4,PB1041,T,CZ,2012,,u
dataflow,ESTAT:HLTH_DSI060(1.0),A,THS,PTP_LD_GE4,PB1041,T,DE,2012,330.6,
dataflow,ESTAT:HLTH_DSI060(1.0),A,THS,PTP_LD_GE4,PB1041,T,DK,2012,21.4,u
dataflow,ESTAT:HLTH_DSI060(1.0),A,THS,PTP_LD_GE4,PB1041,T,EE,2012,,u
dataflow,ESTAT:HLTH_DSI060(1.0),A,THS,PTP_LD_GE4,PB1041,T,EEA,2012,1258.5,e
dataflow,ESTAT:HLTH_DSI060(1.0),A,THS,PTP_LD_GE4,PB1041,T,EL,2012,,u
dataflow,ESTAT:HLTH_DSI060(1.0),A,THS,PTP_LD_GE4,PB1041,T,ES,2012,78.4,u
dataflow,ESTAT:HLTH_DSI060(1.0),A,THS,PTP_LD_GE4,PB1041,T,EU27_2007,2012,1210.8,e
dataflow,ESTAT:HLTH_DSI060(1.0),A,THS,PTP_LD_GE4,PB1041,T,FI,2012,29.9,u
dataflow,ESTAT:HLTH_DSI060(1.0),A,THS,PTP_LD_GE4,PB1041,T,FR,2012,107.5,u
dataflow,ESTAT:HLTH_DSI060(1.0),A,THS,PTP_LD_GE4,PB1041,T,HU,2012,32.1,u
dataflow,ESTAT:HLTH_DSI060(1.0),A,THS,PTP_LD_GE4,PB1041,T,IS,2012,,u
dataflow,ESTAT:HLTH_DSI060(1.0),A,THS,PTP_LD_GE4,PB1041,T,IT,2012,,u
dataflow,ESTAT:HLTH_DSI060(1.0),A,THS,PTP_LD_GE4,PB1041,T,LT,2012,,u
dataflow,ESTAT:HLTH_DSI060(1.0),A,THS,PTP_LD_GE4,PB1041,T,LU,2012,,u
dataflow,ESTAT:HLTH_DSI060(1.0),A,THS,PTP_LD_GE4,PB1041,T,LV,2012,6.5,u
dataflow,ESTAT:HLTH_DSI060(1.0),A,THS,PTP_LD_GE4,PB1041,T,MT,2012,,u
dataflow,ESTAT:HLTH_DSI060(1.0),A,THS,PTP_LD_GE4,PB1041,T,NL,2012,44.2,u
dataflow,ESTAT:HLTH_DSI060(1.0),A,THS,PTP_LD_GE4,PB1041,T,NO,2012,47.1,
dataflow,ESTAT:HLTH_DSI060(1.0),A,THS,PTP_LD_GE4,PB1041,T,PL,2012,89.9,u
dataflow,ESTAT:HLTH_DSI060(1.0),A,THS,PTP_LD_GE4,PB1041,T,PT,2012,,u
dataflow,ESTAT:HLTH_DSI060(1.0),A,THS,PTP_LD_GE4,PB1041,T,RO,2012,90.7,
dataflow,ESTAT:HLTH_DSI060(1.0),A,THS,PTP_LD_GE4,PB1041,T,SE,2012,,u
dataflow,ESTAT:HLTH_DSI060(1.0),A,THS,PTP_LD_GE4,PB1041,T,SI,2012,,u
dataflow,ESTAT:HLTH_DSI060(1.0),A,THS,PTP_LD_GE4,PB1041,T,SK,2012,,u
dataflow,ESTAT:HLTH_DSI060(1.0),A,THS,PTP_LD_GE4,PB1041,T,UK,2012,186.8,u
dataflow,ESTAT:HLTH_DSI060(1.0),A,THS,PTP_LD_GE4,TOTAL,F,AT,2012,163.5,
dataflow,ESTAT:HLTH_DSI060(1.0),A,THS,PTP_LD_GE4,TOTAL,F,BE,2012,327.9,
dataflow,ESTAT:HLTH_DSI060(1.0),A,THS,PTP_LD_GE4,TOTAL,F,BG,2012,271.8,
dataflow,ESTAT:HLTH_DSI060(1.0),A,THS,PTP_LD_GE4,TOTAL,F,CY,2012,16.3,
dataflow,ESTAT:HLTH_DSI060(1.0),A,THS,PTP_LD_GE4,TOTAL,F,CZ,2012,340.6,
dataflow,ESTAT:HLTH_DSI060(1.0),A,THS,PTP_LD_GE4,TOTAL,F,DE,2012,2770.6,
dataflow,ESTAT:HLTH_DSI060(1.0),A,THS,PTP_LD_GE4,TOTAL,F,DK,2012,195.1,
dataflow,ESTAT:HLTH_DSI060(1.0),A,THS,PTP_LD_GE4,TOTAL,F,EE,2012,46.4,
dataflow,ESTAT:HLTH_DSI060(1.0),A,THS,PTP_LD_GE4,TOTAL,F,EEA,2012,16223.8,e
dataflow,ESTAT:HLTH_DSI060(1.0),A,THS,PTP_LD_GE4,TOTAL,F,EL,2012,372.2,
dataflow,ESTAT:HLTH_DSI060(1.0),A,THS,PTP_LD_GE4,TOTAL,F,ES,2012,1534.3,
dataflow,ESTAT:HLTH_DSI060(1.0),A,THS,PTP_LD_GE4,TOTAL,F,EU27_2007,2012,16029.4,e
dataflow,ESTAT:HLTH_DSI060(1.0),A,THS,PTP_LD_GE4,TOTAL,F,FI,2012,126.3,
dataflow,ESTAT:HLTH_DSI060(1.0),A,THS,PTP_LD_GE4,TOTAL,F,FR,2012,1345.6,
dataflow,ESTAT:HLTH_DSI060(1.0),A,THS,PTP_LD_GE4,TOTAL,F,HU,2012,586.1,
dataflow,ESTAT:HLTH_DSI060(1.0),A,THS,PTP_LD_GE4,TOTAL,F,IS,2012,6.1,
dataflow,ESTAT:HLTH_DSI060(1.0),A,THS,PTP_LD_GE4,TOTAL,F,IT,2012,1886.7,
dataflow,ESTAT:HLTH_DSI060(1.0),A,THS,PTP_LD_GE4,TOTAL,F,LT,2012,132.6,
dataflow,ESTAT:HLTH_DSI060(1.0),A,THS,PTP_LD_GE4,TOTAL,F,LU,2012,8.9,
dataflow,ESTAT:HLTH_DSI060(1.0),A,THS,PTP_LD_GE4,TOTAL,F,LV,2012,88.4,
dataflow,ESTAT:HLTH_DSI060(1.0),A,THS,PTP_LD_GE4,TOTAL,F,MT,2012,6.8,
dataflow,ESTAT:HLTH_DSI060(1.0),A,THS,PTP_LD_GE4,TOTAL,F,NL,2012,442.8,
dataflow,ESTAT:HLTH_DSI060(1.0),A,THS,PTP_LD_GE4,TOTAL,F,NO,2012,188.4,
dataflow,ESTAT:HLTH_DSI060(1.0),A,THS,PTP_LD_GE4,TOTAL,F,PL,2012,1402.3,
dataflow,ESTAT:HLTH_DSI060(1.0),A,THS,PTP_LD_GE4,TOTAL,F,PT,2012,220.3,
dataflow,ESTAT:HLTH_DSI060(1.0),A,THS,PTP_LD_GE4,TOTAL,F,RO,2012,854.8,
dataflow,ESTAT:HLTH_DSI060(1.0),A,THS,PTP_LD_GE4,TOTAL,F,SE,2012,162.5,
dataflow,ESTAT:HLTH_DSI060(1.0),A,THS,PTP_LD_GE4,TOTAL,F,SI,2012,69.9,
dataflow,ESTAT:HLTH_DSI060(1.0),A,THS,PTP_LD_GE4,TOTAL,F,SK,2012,114.6,
dataflow,ESTAT:HLTH_DSI060(1.0),A,THS,PTP_LD_GE4,TOTAL,F,UK,2012,2542.2,
dataflow,ESTAT:HLTH_DSI060(1.0),A,THS,PTP_LD_GE4,TOTAL,M,AT,2012,99.6,
dataflow,ESTAT:HLTH_DSI060(1.0),A,THS,PTP_LD_GE4,TOTAL,M,BE,2012,166.7,
dataflow,ESTAT:HLTH_DSI060(1.0),A,THS,PTP_LD_GE4,TOTAL,M,BG,2012,184.6,
dataflow,ESTAT:HLTH_DSI060(1.0),A,THS,PTP_LD_GE4,TOTAL,M,CY,2012,17.8,
dataflow,ESTAT:HLTH_DSI060(1.0),A,THS,PTP_LD_GE4,TOTAL,M,CZ,2012,195.2,
dataflow,ESTAT:HLTH_DSI060(1.0),A,THS,PTP_LD_GE4,TOTAL,M,DE,2012,1732.4,
dataflow,ESTAT:HLTH_DSI060(1.0),A,THS,PTP_LD_GE4,TOTAL,M,DK,2012,136.5,
dataflow,ESTAT:HLTH_DSI060(1.0),A,THS,PTP_LD_GE4,TOTAL,M,EE,2012,23.9,
dataflow,ESTAT:HLTH_DSI060(1.0),A,THS,PTP_LD_GE4,TOTAL,M,EEA,2012,10137.3,e
dataflow,ESTAT:HLTH_DSI060(1.0),A,THS,PTP_LD_GE4,TOTAL,M,EL,2012,209.8,
dataflow,ESTAT:HLTH_DSI060(1.0),A,THS,PTP_LD_GE4,TOTAL,M,ES,2012,844.5,
dataflow,ESTAT:HLTH_DSI060(1.0),A,THS,PTP_LD_GE4,TOTAL,M,EU27_2007,2012,10039.2,e
dataflow,ESTAT:HLTH_DSI060(1.0),A,THS,PTP_LD_GE4,TOTAL,M,FI,2012,66.8,
dataflow,ESTAT:HLTH_DSI060(1.0),A,THS,PTP_LD_GE4,TOTAL,M,FR,2012,909.2,
dataflow,ESTAT:HLTH_DSI060(1.0),A,THS,PTP_LD_GE4,TOTAL,M,HU,2012,329.2,
dataflow,ESTAT:HLTH_DSI060(1.0),A,THS,PTP_LD_GE4,TOTAL,M,IS,2012,1.8,
dataflow,ESTAT:HLTH_DSI060(1.0),A,THS,PTP_LD_GE4,TOTAL,M,IT,2012,1024.0,
dataflow,ESTAT:HLTH_DSI060(1.0),A,THS,PTP_LD_GE4,TOTAL,M,LT,2012,59.3,
dataflow,ESTAT:HLTH_DSI060(1.0),A,THS,PTP_LD_GE4,TOTAL,M,LU,2012,6.6,
dataflow,ESTAT:HLTH_DSI060(1.0),A,THS,PTP_LD_GE4,TOTAL,M,LV,2012,37.6,
dataflow,ESTAT:HLTH_DSI060(1.0),A,THS,PTP_LD_GE4,TOTAL,M,MT,2012,4.6,
dataflow,ESTAT:HLTH_DSI060(1.0),A,THS,PTP_LD_GE4,TOTAL,M,NL,2012,199.5,
dataflow,ESTAT:HLTH_DSI060(1.0),A,THS,PTP_LD_GE4,TOTAL,M,NO,2012,96.3,
dataflow,ESTAT:HLTH_DSI060(1.0),A,THS,PTP_LD_GE4,TOTAL,M,PL,2012,788.4,
dataflow,ESTAT:HLTH_DSI060(1.0),A,THS,PTP_LD_GE4,TOTAL,M,PT,2012,139.3,
dataflow,ESTAT:HLTH_DSI060(1.0),A,THS,PTP_LD_GE4,TOTAL,M,RO,2012,640.7,
dataflow,ESTAT:HLTH_DSI060(1.0),A,THS,PTP_LD_GE4,TOTAL,M,SE,2012,81.8,
dataflow,ESTAT:HLTH_DSI060(1.0),A,THS,PTP_LD_GE4,TOTAL,M,SI,2012,35.5,
dataflow,ESTAT:HLTH_DSI060(1.0),A,THS,PTP_LD_GE4,TOTAL,M,SK,2012,82.2,
dataflow,ESTAT:HLTH_DSI060(1.0),A,THS,PTP_LD_GE4,TOTAL,M,UK,2012,2023.6,
dataflow,ESTAT:HLTH_DSI060(1.0),A,THS,PTP_LD_GE4,TOTAL,T,AT,2012,263.1,
dataflow,ESTAT:HLTH_DSI060(1.0),A,THS,PTP_LD_GE4,TOTAL,T,BE,2012,494.5,
dataflow,ESTAT:HLTH_DSI060(1.0),A,THS,PTP_LD_GE4,TOTAL,T,BG,2012,456.4,
dataflow,ESTAT:HLTH_DSI060(1.0),A,THS,PTP_LD_GE4,TOTAL,T,CY,2012,34.0,
dataflow,ESTAT:HLTH_DSI060(1.0),A,THS,PTP_LD_GE4,TOTAL,T,CZ,2012,535.8,
dataflow,ESTAT:HLTH_DSI060(1.0),A,THS,PTP_LD_GE4,TOTAL,T,DE,2012,4503.0,
dataflow,ESTAT:HLTH_DSI060(1.0),A,THS,PTP_LD_GE4,TOTAL,T,DK,2012,331.6,
dataflow,ESTAT:HLTH_DSI060(1.0),A,THS,PTP_LD_GE4,TOTAL,T,EE,2012,70.2,
dataflow,ESTAT:HLTH_DSI060(1.0),A,THS,PTP_LD_GE4,TOTAL,T,EEA,2012,26361.1,e
dataflow,ESTAT:HLTH_DSI060(1.0),A,THS,PTP_LD_GE4,TOTAL,T,EL,2012,582.0,
dataflow,ESTAT:HLTH_DSI060(1.0),A,THS,PTP_LD_GE4,TOTAL,T,ES,2012,2378.8,
dataflow,ESTAT:HLTH_DSI060(1.0),A,THS,PTP_LD_GE4,TOTAL,T,EU27_2007,2012,26068.5,e
dataflow,ESTAT:HLTH_DSI060(1.0),A,THS,PTP_LD_GE4,TOTAL,T,FI,2012,193.1,
dataflow,ESTAT:HLTH_DSI060(1.0),A,THS,PTP_LD_GE4,TOTAL,T,FR,2012,2254.8,
dataflow,ESTAT:HLTH_DSI060(1.0),A,THS,PTP_LD_GE4,TOTAL,T,HU,2012,915.4,
dataflow,ESTAT:HLTH_DSI060(1.0),A,THS,PTP_LD_GE4,TOTAL,T,IS,2012,7.9,
dataflow,ESTAT:HLTH_DSI060(1.0),A,THS,PTP_LD_GE4,TOTAL,T,IT,2012,2910.7,
dataflow,ESTAT:HLTH_DSI060(1.0),A,THS,PTP_LD_GE4,TOTAL,T,LT,2012,191.9,
dataflow,ESTAT:HLTH_DSI060(1.0),A,THS,PTP_LD_GE4,TOTAL,T,LU,2012,15.5,
dataflow,ESTAT:HLTH_DSI060(1.0),A,THS,PTP_LD_GE4,TOTAL,T,LV,2012,126.0,
dataflow,ESTAT:HLTH_DSI060(1.0),A,THS,PTP_LD_GE4,TOTAL,T,MT,2012,11.3,
dataflow,ESTAT:HLTH_DSI060(1.0),A,THS,PTP_LD_GE4,TOTAL,T,NL,2012,642.3,
dataflow,ESTAT:HLTH_DSI060(1.0),A,THS,PTP_LD_GE4,TOTAL,T,NO,2012,284.6,
dataflow,ESTAT:HLTH_DSI060(1.0),A,THS,PTP_LD_GE4,TOTAL,T,PL,2012,2190.7,
dataflow,ESTAT:HLTH_DSI060(1.0),A,THS,PTP_LD_GE4,TOTAL,T,PT,2012,359.6,
dataflow,ESTAT:HLTH_DSI060(1.0),A,THS,PTP_LD_GE4,TOTAL,T,RO,2012,1495.5,
dataflow,ESTAT:HLTH_DSI060(1.0),A,THS,PTP_LD_GE4,TOTAL,T,SE,2012,244.3,
dataflow,ESTAT:HLTH_DSI060(1.0),A,THS,PTP_LD_GE4,TOTAL,T,SI,2012,105.3,
dataflow,ESTAT:HLTH_DSI060(1.0),A,THS,PTP_LD_GE4,TOTAL,T,SK,2012,196.8,
dataflow,ESTAT:HLTH_DSI060(1.0),A,THS,PTP_LD_GE4,TOTAL,T,UK,2012,4565.8,
dataflow,ESTAT:HLTH_DSI060(1.0),A,THS,TOTAL,PB1040,F,AT,2012,550.3,
dataflow,ESTAT:HLTH_DSI060(1.0),A,THS,TOTAL,PB1040,F,BE,2012,734.9,
dataflow,ESTAT:HLTH_DSI060(1.0),A,THS,TOTAL,PB1040,F,BG,2012,632.0,
dataflow,ESTAT:HLTH_DSI060(1.0),A,THS,TOTAL,PB1040,F,CY,2012,42.3,
dataflow,ESTAT:HLTH_DSI060(1.0),A,THS,TOTAL,PB1040,F,CZ,2012,671.8,
dataflow,ESTAT:HLTH_DSI060(1.0),A,THS,TOTAL,PB1040,F,DE,2012,6398.1,
dataflow,ESTAT:HLTH_DSI060(1.0),A,THS,TOTAL,PB1040,F,DK,2012,419.2,
dataflow,ESTAT:HLTH_DSI060(1.0),A,THS,TOTAL,PB1040,F,EE,2012,123.9,
dataflow,ESTAT:HLTH_DSI060(1.0),A,THS,TOTAL,PB1040,F,EEA,2012,36156.7,e
dataflow,ESTAT:HLTH_DSI060(1.0),A,THS,TOTAL,PB1040,F,EL,2012,826.9,
dataflow,ESTAT:HLTH_DSI060(1.0),A,THS,TOTAL,PB1040,F,ES,2012,3549.4,
dataflow,ESTAT:HLTH_DSI060(1.0),A,THS,TOTAL,PB1040,F,EU27_2007,2012,35783.3,e
dataflow,ESTAT:HLTH_DSI060(1.0),A,THS,TOTAL,PB1040,F,FI,2012,286.5,
dataflow,ESTAT:HLTH_DSI060(1.0),A,THS,TOTAL,PB1040,F,FR,2012,3460.2,
dataflow,ESTAT:HLTH_DSI060(1.0),A,THS,TOTAL,PB1040,F,HU,2012,1016.3,
dataflow,ESTAT:HLTH_DSI060(1.0),A,THS,TOTAL,PB1040,F,IS,2012,21.0,
dataflow,ESTAT:HLTH_DSI060(1.0),A,THS,TOTAL,PB1040,F,IT,2012,4117.1,
dataflow,ESTAT:HLTH_DSI060(1.0),A,THS,TOTAL,PB1040,F,LT,2012,325.6,
dataflow,ESTAT:HLTH_DSI060(1.0),A,THS,TOTAL,PB1040,F,LU,2012,31.6,
dataflow,ESTAT:HLTH_DSI060(1.0),A,THS,TOTAL,PB1040,F,LV,2012,207.2,
dataflow,ESTAT:HLTH_DSI060(1.0),A,THS,TOTAL,PB1040,F,MT,2012,17.9,
dataflow,ESTAT:HLTH_DSI060(1.0),A,THS,TOTAL,PB1040,F,NL,2012,1095.7,
dataflow,ESTAT:HLTH_DSI060(1.0),A,THS,TOTAL,PB1040,F,NO,2012,352.4,
dataflow,ESTAT:HLTH_DSI060(1.0),A,THS,TOTAL,PB1040,F,PL,2012,2995.4,
dataflow,ESTAT:HLTH_DSI060(1.0),A,THS,TOTAL,PB1040,F,PT,2012,646.4,
dataflow,ESTAT:HLTH_DSI060(1.0),A,THS,TOTAL,PB1040,F,RO,2012,1414.2,
dataflow,ESTAT:HLTH_DSI060(1.0),A,THS,TOTAL,PB1040,F,SE,2012,551.6,
dataflow,ESTAT:HLTH_DSI060(1.0),A,THS,TOTAL,PB1040,F,SI,2012,162.7,
dataflow,ESTAT:HLTH_DSI060(1.0),A,THS,TOTAL,PB1040,F,SK,2012,414.5,
dataflow,ESTAT:HLTH_DSI060(1.0),A,THS,TOTAL,PB1040,F,UK,2012,5091.5,
dataflow,ESTAT:HLTH_DSI060(1.0),A,THS,TOTAL,PB1040,M,AT,2012,416.1,
dataflow,ESTAT:HLTH_DSI060(1.0),A,THS,TOTAL,PB1040,M,BE,2012,438.1,
dataflow,ESTAT:HLTH_DSI060(1.0),A,THS,TOTAL,PB1040,M,BG,2012,427.0,
dataflow,ESTAT:HLTH_DSI060(1.0),A,THS,TOTAL,PB1040,M,CY,2012,31.1,
dataflow,ESTAT:HLTH_DSI060(1.0),A,THS,TOTAL,PB1040,M,CZ,2012,424.5,
dataflow,ESTAT:HLTH_DSI060(1.0),A,THS,TOTAL,PB1040,M,DE,2012,4973.7,
dataflow,ESTAT:HLTH_DSI060(1.0),A,THS,TOTAL,PB1040,M,DK,2012,286.1,
dataflow,ESTAT:HLTH_DSI060(1.0),A,THS,TOTAL,PB1040,M,EE,2012,62.4,
dataflow,ESTAT:HLTH_DSI060(1.0),A,THS,TOTAL,PB1040,M,EEA,2012,23899.2,e
dataflow,ESTAT:HLTH_DSI060(1.0),A,THS,TOTAL,PB1040,M,EL,2012,495.3,
dataflow,ESTAT:HLTH_DSI060(1.0),A,THS,TOTAL,PB1040,M,ES,2012,2136.6,
dataflow,ESTAT:HLTH_DSI060(1.0),A,THS,TOTAL,PB1040,M,EU27_2007,2012,23704.0,e
dataflow,ESTAT:HLTH_DSI060(1.0),A,THS,TOTAL,PB1040,M,FI,2012,216.4,
dataflow,ESTAT:HLTH_DSI060(1.0),A,THS,TOTAL,PB1040,M,FR,2012,2343.5,
dataflow,ESTAT:HLTH_DSI060(1.0),A,THS,TOTAL,PB1040,M,HU,2012,610.6,
dataflow,ESTAT:HLTH_DSI060(1.0),A,THS,TOTAL,PB1040,M,IS,2012,9.9,
dataflow,ESTAT:HLTH_DSI060(1.0),A,THS,TOTAL,PB1040,M,IT,2012,2338.1,
dataflow,ESTAT:HLTH_DSI060(1.0),A,THS,TOTAL,PB1040,M,LT,2012,157.5,
dataflow,ESTAT:HLTH_DSI060(1.0),A,THS,TOTAL,PB1040,M,LU,2012,26.3,
dataflow,ESTAT:HLTH_DSI060(1.0),A,THS,TOTAL,PB1040,M,LV,2012,98.2,
dataflow,ESTAT:HLTH_DSI060(1.0),A,THS,TOTAL,PB1040,M,MT,2012,12.7,
dataflow,ESTAT:HLTH_DSI060(1.0),A,THS,TOTAL,PB1040,M,NL,2012,633.2,
dataflow,ESTAT:HLTH_DSI060(1.0),A,THS,TOTAL,PB1040,M,NO,2012,185.3,
dataflow,ESTAT:HLTH_DSI060(1.0),A,THS,TOTAL,PB1040,M,PL,2012,1830.0,
dataflow,ESTAT:HLTH_DSI060(1.0),A,THS,TOTAL,PB1040,M,PT,2012,435.5,
dataflow,ESTAT:HLTH_DSI060(1.0),A,THS,TOTAL,PB1040,M,RO,2012,1081.9,
dataflow,ESTAT:HLTH_DSI060(1.0),A,THS,TOTAL,PB1040,M,SE,2012,309.2,
dataflow,ESTAT:HLTH_DSI060(1.0),A,THS,TOTAL,PB1040,M,SI,2012,117.4,
dataflow,ESTAT:HLTH_DSI060(1.0),A,THS,TOTAL,PB1040,M,SK,2012,233.0,
dataflow,ESTAT:HLTH_DSI060(1.0),A,THS,TOTAL,PB1040,M,UK,2012,3569.2,
dataflow,ESTAT:HLTH_DSI060(1.0),A,THS,TOTAL,PB1040,T,AT,2012,966.4,
dataflow,ESTAT:HLTH_DSI060(1.0),A,THS,TOTAL,PB1040,T,BE,2012,1173.1,
dataflow,ESTAT:HLTH_DSI060(1.0),A,THS,TOTAL,PB1040,T,BG,2012,1059.0,
dataflow,ESTAT:HLTH_DSI060(1.0),A,THS,TOTAL,PB1040,T,CY,2012,73.4,
dataflow,ESTAT:HLTH_DSI060(1.0),A,THS,TOTAL,PB1040,T,CZ,2012,1096.4,
dataflow,ESTAT:HLTH_DSI060(1.0),A,THS,TOTAL,PB1040,T,DE,2012,11371.8,
dataflow,ESTAT:HLTH_DSI060(1.0),A,THS,TOTAL,PB1040,T,DK,2012,705.4,
dataflow,ESTAT:HLTH_DSI060(1.0),A,THS,TOTAL,PB1040,T,EE,2012,186.3,
dataflow,ESTAT:HLTH_DSI060(1.0),A,THS,TOTAL,PB1040,T,EEA,2012,60055.9,e
dataflow,ESTAT:HLTH_DSI060(1.0),A,THS,TOTAL,PB1040,T,EL,2012,1322.2,
dataflow,ESTAT:HLTH_DSI060(1.0),A,THS,TOTAL,PB1040,T,ES,2012,5686.0,
dataflow,ESTAT:HLTH_DSI060(1.0),A,THS,TOTAL,PB1040,T,EU27_2007,2012,59487.2,e
dataflow,ESTAT:HLTH_DSI060(1.0),A,THS,TOTAL,PB1040,T,FI,2012,503.0,
dataflow,ESTAT:HLTH_DSI060(1.0),A,THS,TOTAL,PB1040,T,FR,2012,5803.7,
dataflow,ESTAT:HLTH_DSI060(1.0),A,THS,TOTAL,PB1040,T,HU,2012,1626.9,
dataflow,ESTAT:HLTH_DSI060(1.0),A,THS,TOTAL,PB1040,T,IS,2012,30.9,
dataflow,ESTAT:HLTH_DSI060(1.0),A,THS,TOTAL,PB1040,T,IT,2012,6455.2,
dataflow,ESTAT:HLTH_DSI060(1.0),A,THS,TOTAL,PB1040,T,LT,2012,483.1,
dataflow,ESTAT:HLTH_DSI060(1.0),A,THS,TOTAL,PB1040,T,LU,2012,57.9,
dataflow,ESTAT:HLTH_DSI060(1.0),A,THS,TOTAL,PB1040,T,LV,2012,305.4,
dataflow,ESTAT:HLTH_DSI060(1.0),A,THS,TOTAL,PB1040,T,MT,2012,30.6,
dataflow,ESTAT:HLTH_DSI060(1.0),A,THS,TOTAL,PB1040,T,NL,2012,1728.9,
dataflow,ESTAT:HLTH_DSI060(1.0),A,THS,TOTAL,PB1040,T,NO,2012,537.7,
dataflow,ESTAT:HLTH_DSI060(1.0),A,THS,TOTAL,PB1040,T,PL,2012,4825.4,
dataflow,ESTAT:HLTH_DSI060(1.0),A,THS,TOTAL,PB1040,T,PT,2012,1081.9,
dataflow,ESTAT:HLTH_DSI060(1.0),A,THS,TOTAL,PB1040,T,RO,2012,2496.2,
dataflow,ESTAT:HLTH_DSI060(1.0),A,THS,TOTAL,PB1040,T,SE,2012,860.9,
dataflow,ESTAT:HLTH_DSI060(1.0),A,THS,TOTAL,PB1040,T,SI,2012,280.1,
dataflow,ESTAT:HLTH_DSI060(1.0),A,THS,TOTAL,PB1040,T,SK,2012,647.4,
dataflow,ESTAT:HLTH_DSI060(1.0),A,THS,TOTAL,PB1040,T,UK,2012,8660.7,
dataflow,ESTAT:HLTH_DSI060(1.0),A,THS,TOTAL,PB1041,F,AT,2012,95.1,
dataflow,ESTAT:HLTH_DSI060(1.0),A,THS,TOTAL,PB1041,F,BE,2012,224.3,
dataflow,ESTAT:HLTH_DSI060(1.0),A,THS,TOTAL,PB1041,F,BG,2012,157.5,
dataflow,ESTAT:HLTH_DSI060(1.0),A,THS,TOTAL,PB1041,F,CY,2012,13.4,
dataflow,ESTAT:HLTH_DSI060(1.0),A,THS,TOTAL,PB1041,F,CZ,2012,91.5,
dataflow,ESTAT:HLTH_DSI060(1.0),A,THS,TOTAL,PB1041,F,DE,2012,1752.6,
dataflow,ESTAT:HLTH_DSI060(1.0),A,THS,TOTAL,PB1041,F,DK,2012,106.9,
dataflow,ESTAT:HLTH_DSI060(1.0),A,THS,TOTAL,PB1041,F,EE,2012,24.6,
dataflow,ESTAT:HLTH_DSI060(1.0),A,THS,TOTAL,PB1041,F,EEA,2012,7019.3,e
dataflow,ESTAT:HLTH_DSI060(1.0),A,THS,TOTAL,PB1041,F,EL,2012,201.0,
dataflow,ESTAT:HLTH_DSI060(1.0),A,THS,TOTAL,PB1041,F,ES,2012,451.9,
dataflow,ESTAT:HLTH_DSI060(1.0),A,THS,TOTAL,PB1041,F,EU27_2007,2012,6857.1,e
dataflow,ESTAT:HLTH_DSI060(1.0),A,THS,TOTAL,PB1041,F,FI,2012,127.2,
dataflow,ESTAT:HLTH_DSI060(1.0),A,THS,TOTAL,PB1041,F,FR,2012,420.0,
dataflow,ESTAT:HLTH_DSI060(1.0),A,THS,TOTAL,PB1041,F,HU,2012,226.8,
dataflow,ESTAT:HLTH_DSI060(1.0),A,THS,TOTAL,PB1041,F,IS,2012,5.2,
dataflow,ESTAT:HLTH_DSI060(1.0),A,THS,TOTAL,PB1041,F,IT,2012,476.5,
dataflow,ESTAT:HLTH_DSI060(1.0),A,THS,TOTAL,PB1041,F,LT,2012,48.9,
dataflow,ESTAT:HLTH_DSI060(1.0),A,THS,TOTAL,PB1041,F,LU,2012,5.2,
dataflow,ESTAT:HLTH_DSI060(1.0),A,THS,TOTAL,PB1041,F,LV,2012,58.2,
dataflow,ESTAT:HLTH_DSI060(1.0),A,THS,TOTAL,PB1041,F,MT,2012,6.6,
dataflow,ESTAT:HLTH_DSI060(1.0),A,THS,TOTAL,PB1041,F,NL,2012,339.3,
dataflow,ESTAT:HLTH_DSI060(1.0),A,THS,TOTAL,PB1041,F,NO,2012,157.0,
dataflow,ESTAT:HLTH_DSI060(1.0),A,THS,TOTAL,PB1041,F,PL,2012,609.8,
dataflow,ESTAT:HLTH_DSI060(1.0),A,THS,TOTAL,PB1041,F,PT,2012,70.2,
dataflow,ESTAT:HLTH_DSI060(1.0),A,THS,TOTAL,PB1041,F,RO,2012,391.4,
dataflow,ESTAT:HLTH_DSI060(1.0),A,THS,TOTAL,PB1041,F,SE,2012,153.9,
dataflow,ESTAT:HLTH_DSI060(1.0),A,THS,TOTAL,PB1041,F,SI,2012,20.0,
dataflow,ESTAT:HLTH_DSI060(1.0),A,THS,TOTAL,PB1041,F,SK,2012,90.0,
dataflow,ESTAT:HLTH_DSI060(1.0),A,THS,TOTAL,PB1041,F,UK,2012,694.6,
dataflow,ESTAT:HLTH_DSI060(1.0),A,THS,TOTAL,PB1041,M,AT,2012,101.2,
dataflow,ESTAT:HLTH_DSI060(1.0),A,THS,TOTAL,PB1041,M,BE,2012,156.1,
dataflow,ESTAT:HLTH_DSI060(1.0),A,THS,TOTAL,PB1041,M,BG,2012,153.1,
dataflow,ESTAT:HLTH_DSI060(1.0),A,THS,TOTAL,PB1041,M,CY,2012,17.3,
dataflow,ESTAT:HLTH_DSI060(1.0),A,THS,TOTAL,PB1041,M,CZ,2012,84.2,
dataflow,ESTAT:HLTH_DSI060(1.0),A,THS,TOTAL,PB1041,M,DE,2012,1659.3,
dataflow,ESTAT:HLTH_DSI060(1.0),A,THS,TOTAL,PB1041,M,DK,2012,107.1,
dataflow,ESTAT:HLTH_DSI060(1.0),A,THS,TOTAL,PB1041,M,EE,2012,14.2,
dataflow,ESTAT:HLTH_DSI060(1.0),A,THS,TOTAL,PB1041,M,EEA,2012,6819.7,e
dataflow,ESTAT:HLTH_DSI060(1.0),A,THS,TOTAL,PB1041,M,EL,2012,163.5,
dataflow,ESTAT:HLTH_DSI060(1.0),A,THS,TOTAL,PB1041,M,ES,2012,413.2,
dataflow,ESTAT:HLTH_DSI060(1.0),A,THS,TOTAL,PB1041,M,EU27_2007,2012,6686.3,e
dataflow,ESTAT:HLTH_DSI060(1.0),A,THS,TOTAL,PB1041,M,FI,2012,137.3,
dataflow,ESTAT:HLTH_DSI060(1.0),A,THS,TOTAL,PB1041,M,FR,2012,581.8,
dataflow,ESTAT:HLTH_DSI060(1.0),A,THS,TOTAL,PB1041,M,HU,2012,219.1,
dataflow,ESTAT:HLTH_DSI060(1.0),A,THS,TOTAL,PB1041,M,IS,2012,4.7,
dataflow,ESTAT:HLTH_DSI060(1.0),A,THS,TOTAL,PB1041,M,IT,2012,467.8,
dataflow,ESTAT:HLTH_DSI060(1.0),A,THS,TOTAL,PB1041,M,LT,2012,53.5,
dataflow,ESTAT:HLTH_DSI060(1.0),A,THS,TOTAL,PB1041,M,LU,2012,5.3,
dataflow,ESTAT:HLTH_DSI060(1.0),A,THS,TOTAL,PB1041,M,LV,2012,41.7,
dataflow,ESTAT:HLTH_DSI060(1.0),A,THS,TOTAL,PB1041,M,MT,2012,4.9,
dataflow,ESTAT:HLTH_DSI060(1.0),A,THS,TOTAL,PB1041,M,NL,2012,327.0,
dataflow,ESTAT:HLTH_DSI060(1.0),A,THS,TOTAL,PB1041,M,NO,2012,128.8,
dataflow,ESTAT:HLTH_DSI060(1.0),A,THS,TOTAL,PB1041,M,PL,2012,370.0,
dataflow,ESTAT:HLTH_DSI060(1.0),A,THS,TOTAL,PB1041,M,PT,2012,72.4,
dataflow,ESTAT:HLTH_DSI060(1.0),A,THS,TOTAL,PB1041,M,RO,2012,376.1,
dataflow,ESTAT:HLTH_DSI060(1.0),A,THS,TOTAL,PB1041,M,SE,2012,150.3,
dataflow,ESTAT:HLTH_DSI060(1.0),A,THS,TOTAL,PB1041,M,SI,2012,20.1,
dataflow,ESTAT:HLTH_DSI060(1.0),A,THS,TOTAL,PB1041,M,SK,2012,76.7,
dataflow,ESTAT:HLTH_DSI060(1.0),A,THS,TOTAL,PB1041,M,UK,2012,913.1,
dataflow,ESTAT:HLTH_DSI060(1.0),A,THS,TOTAL,PB1041,T,AT,2012,196.3,
dataflow,ESTAT:HLTH_DSI060(1.0),A,THS,TOTAL,PB1041,T,BE,2012,380.4,
dataflow,ESTAT:HLTH_DSI060(1.0),A,THS,TOTAL,PB1041,T,BG,2012,310.6,
dataflow,ESTAT:HLTH_DSI060(1.0),A,THS,TOTAL,PB1041,T,CY,2012,30.7,
dataflow,ESTAT:HLTH_DSI060(1.0),A,THS,TOTAL,PB1041,T,CZ,2012,175.8,
dataflow,ESTAT:HLTH_DSI060(1.0),A,THS,TOTAL,PB1041,T,DE,2012,3412.0,
dataflow,ESTAT:HLTH_DSI060(1.0),A,THS,TOTAL,PB1041,T,DK,2012,213.9,
dataflow,ESTAT:HLTH_DSI060(1.0),A,THS,TOTAL,PB1041,T,EE,2012,38.8,
dataflow,ESTAT:HLTH_DSI060(1.0),A,THS,TOTAL,PB1041,T,EEA,2012,13839.0,e
dataflow,ESTAT:HLTH_DSI060(1.0),A,THS,TOTAL,PB1041,T,EL,2012,364.4,
dataflow,ESTAT:HLTH_DSI060(1.0),A,THS,TOTAL,PB1041,T,ES,2012,865.1,
dataflow,ESTAT:HLTH_DSI060(1.0),A,THS,TOTAL,PB1041,T,EU27_2007,2012,13543.3,e
dataflow,ESTAT:HLTH_DSI060(1.0),A,THS,TOTAL,PB1041,T,FI,2012,264.5,
dataflow,ESTAT:HLTH_DSI060(1.0),A,THS,TOTAL,PB1041,T,FR,2012,1001.7,
dataflow,ESTAT:HLTH_DSI060(1.0),A,THS,TOTAL,PB1041,T,HU,2012,445.8,
dataflow,ESTAT:HLTH_DSI060(1.0),A,THS,TOTAL,PB1041,T,IS,2012,9.9,
dataflow,ESTAT:HLTH_DSI060(1.0),A,THS,TOTAL,PB1041,T,IT,2012,944.3,
dataflow,ESTAT:HLTH_DSI060(1.0),A,THS,TOTAL,PB1041,T,LT,2012,102.4,
dataflow,ESTAT:HLTH_DSI060(1.0),A,THS,TOTAL,PB1041,T,LU,2012,10.4,
dataflow,ESTAT:HLTH_DSI060(1.0),A,THS,TOTAL,PB1041,T,LV,2012,100.0,
dataflow,ESTAT:HLTH_DSI060(1.0),A,THS,TOTAL,PB1041,T,MT,2012,11.5,
dataflow,ESTAT:HLTH_DSI060(1.0),A,THS,TOTAL,PB1041,T,NL,2012,666.2,
dataflow,ESTAT:HLTH_DSI060(1.0),A,THS,TOTAL,PB1041,T,NO,2012,285.8,
dataflow,ESTAT:HLTH_DSI060(1.0),A,THS,TOTAL,PB1041,T,PL,2012,979.8,
dataflow,ESTAT:HLTH_DSI060(1.0),A,THS,TOTAL,PB1041,T,PT,2012,142.6,
dataflow,ESTAT:HLTH_DSI060(1.0),A,THS,TOTAL,PB1041,T,RO,2012,767.4,
dataflow,ESTAT:HLTH_DSI060(1.0),A,THS,TOTAL,PB1041,T,SE,2012,304.1,
dataflow,ESTAT:HLTH_DSI060(1.0),A,THS,TOTAL,PB1041,T,SI,2012,40.2,
dataflow,ESTAT:HLTH_DSI060(1.0),A,THS,TOTAL,PB1041,T,SK,2012,166.7,
dataflow,ESTAT:HLTH_DSI060(1.0),A,THS,TOTAL,PB1041,T,UK,2012,1607.8,
dataflow,ESTAT:HLTH_DSI060(1.0),A,THS,TOTAL,TOTAL,F,AT,2012,645.4,
dataflow,ESTAT:HLTH_DSI060(1.0),A,THS,TOTAL,TOTAL,F,BE,2012,959.2,
dataflow,ESTAT:HLTH_DSI060(1.0),A,THS,TOTAL,TOTAL,F,BG,2012,789.5,
dataflow,ESTAT:HLTH_DSI060(1.0),A,THS,TOTAL,TOTAL,F,CY,2012,55.7,
dataflow,ESTAT:HLTH_DSI060(1.0),A,THS,TOTAL,TOTAL,F,CZ,2012,763.4,
dataflow,ESTAT:HLTH_DSI060(1.0),A,THS,TOTAL,TOTAL,F,DE,2012,8150.7,
dataflow,ESTAT:HLTH_DSI060(1.0),A,THS,TOTAL,TOTAL,F,DK,2012,526.1,
dataflow,ESTAT:HLTH_DSI060(1.0),A,THS,TOTAL,TOTAL,F,EE,2012,148.5,
dataflow,ESTAT:HLTH_DSI060(1.0),A,THS,TOTAL,TOTAL,F,EEA,2012,43175.9,e
dataflow,ESTAT:HLTH_DSI060(1.0),A,THS,TOTAL,TOTAL,F,EL,2012,1027.8,
dataflow,ESTAT:HLTH_DSI060(1.0),A,THS,TOTAL,TOTAL,F,ES,2012,4001.3,
dataflow,ESTAT:HLTH_DSI060(1.0),A,THS,TOTAL,TOTAL,F,EU27_2007,2012,42640.3,e
dataflow,ESTAT:HLTH_DSI060(1.0),A,THS,TOTAL,TOTAL,F,FI,2012,413.7,
dataflow,ESTAT:HLTH_DSI060(1.0),A,THS,TOTAL,TOTAL,F,FR,2012,3880.1,
dataflow,ESTAT:HLTH_DSI060(1.0),A,THS,TOTAL,TOTAL,F,HU,2012,1243.1,
dataflow,ESTAT:HLTH_DSI060(1.0),A,THS,TOTAL,TOTAL,F,IS,2012,26.2,
dataflow,ESTAT:HLTH_DSI060(1.0),A,THS,TOTAL,TOTAL,F,IT,2012,4593.6,
dataflow,ESTAT:HLTH_DSI060(1.0),A,THS,TOTAL,TOTAL,F,LT,2012,374.5,
dataflow,ESTAT:HLTH_DSI060(1.0),A,THS,TOTAL,TOTAL,F,LU,2012,36.8,
dataflow,ESTAT:HLTH_DSI060(1.0),A,THS,TOTAL,TOTAL,F,LV,2012,265.4,
dataflow,ESTAT:HLTH_DSI060(1.0),A,THS,TOTAL,TOTAL,F,MT,2012,24.4,
dataflow,ESTAT:HLTH_DSI060(1.0),A,THS,TOTAL,TOTAL,F,NL,2012,1435.0,
dataflow,ESTAT:HLTH_DSI060(1.0),A,THS,TOTAL,TOTAL,F,NO,2012,509.3,
dataflow,ESTAT:HLTH_DSI060(1.0),A,THS,TOTAL,TOTAL,F,PL,2012,3605.2,
dataflow,ESTAT:HLTH_DSI060(1.0),A,THS,TOTAL,TOTAL,F,PT,2012,716.5,
dataflow,ESTAT:HLTH_DSI060(1.0),A,THS,TOTAL,TOTAL,F,RO,2012,1805.6,
dataflow,ESTAT:HLTH_DSI060(1.0),A,THS,TOTAL,TOTAL,F,SE,2012,705.5,
dataflow,ESTAT:HLTH_DSI060(1.0),A,THS,TOTAL,TOTAL,F,SI,2012,182.7,
dataflow,ESTAT:HLTH_DSI060(1.0),A,THS,TOTAL,TOTAL,F,SK,2012,504.5,
dataflow,ESTAT:HLTH_DSI060(1.0),A,THS,TOTAL,TOTAL,F,UK,2012,5786.1,
dataflow,ESTAT:HLTH_DSI060(1.0),A,THS,TOTAL,TOTAL,M,AT,2012,517.3,
dataflow,ESTAT:HLTH_DSI060(1.0),A,THS,TOTAL,TOTAL,M,BE,2012,594.2,
dataflow,ESTAT:HLTH_DSI060(1.0),A,THS,TOTAL,TOTAL,M,BG,2012,580.1,
dataflow,ESTAT:HLTH_DSI060(1.0),A,THS,TOTAL,TOTAL,M,CY,2012,48.5,
dataflow,ESTAT:HLTH_DSI060(1.0),A,THS,TOTAL,TOTAL,M,CZ,2012,508.7,
dataflow,ESTAT:HLTH_DSI060(1.0),A,THS,TOTAL,TOTAL,M,DE,2012,6633.1,
dataflow,ESTAT:HLTH_DSI060(1.0),A,THS,TOTAL,TOTAL,M,DK,2012,393.2,
dataflow,ESTAT:HLTH_DSI060(1.0),A,THS,TOTAL,TOTAL,M,EE,2012,76.6,
dataflow,ESTAT:HLTH_DSI060(1.0),A,THS,TOTAL,TOTAL,M,EEA,2012,30719.0,e
dataflow,ESTAT:HLTH_DSI060(1.0),A,THS,TOTAL,TOTAL,M,EL,2012,658.8,
dataflow,ESTAT:HLTH_DSI060(1.0),A,THS,TOTAL,TOTAL,M,ES,2012,2549.8,
dataflow,ESTAT:HLTH_DSI060(1.0),A,THS,TOTAL,TOTAL,M,EU27_2007,2012,30390.2,e
dataflow,ESTAT:HLTH_DSI060(1.0),A,THS,TOTAL,TOTAL,M,FI,2012,353.8,
dataflow,ESTAT:HLTH_DSI060(1.0),A,THS,TOTAL,TOTAL,M,FR,2012,2925.3,
dataflow,ESTAT:HLTH_DSI060(1.0),A,THS,TOTAL,TOTAL,M,HU,2012,829.7,
dataflow,ESTAT:HLTH_DSI060(1.0),A,THS,TOTAL,TOTAL,M,IS,2012,14.6,
dataflow,ESTAT:HLTH_DSI060(1.0),A,THS,TOTAL,TOTAL,M,IT,2012,2805.9,
dataflow,ESTAT:HLTH_DSI060(1.0),A,THS,TOTAL,TOTAL,M,LT,2012,211.0,
dataflow,ESTAT:HLTH_DSI060(1.0),A,THS,TOTAL,TOTAL,M,LU,2012,31.6,
dataflow,ESTAT:HLTH_DSI060(1.0),A,THS,TOTAL,TOTAL,M,LV,2012,139.9,
dataflow,ESTAT:HLTH_DSI060(1.0),A,THS,TOTAL,TOTAL,M,MT,2012,17.7,
dataflow,ESTAT:HLTH_DSI060(1.0),A,THS,TOTAL,TOTAL,M,NL,2012,960.2,
dataflow,ESTAT:HLTH_DSI060(1.0),A,THS,TOTAL,TOTAL,M,NO,2012,314.1,
dataflow,ESTAT:HLTH_DSI060(1.0),A,THS,TOTAL,TOTAL,M,PL,2012,2200.0,
dataflow,ESTAT:HLTH_DSI060(1.0),A,THS,TOTAL,TOTAL,M,PT,2012,508.0,
dataflow,ESTAT:HLTH_DSI060(1.0),A,THS,TOTAL,TOTAL,M,RO,2012,1458.0,
dataflow,ESTAT:HLTH_DSI060(1.0),A,THS,TOTAL,TOTAL,M,SE,2012,459.5,
dataflow,ESTAT:HLTH_DSI060(1.0),A,THS,TOTAL,TOTAL,M,SI,2012,137.5,
dataflow,ESTAT:HLTH_DSI060(1.0),A,THS,TOTAL,TOTAL,M,SK,2012,309.6,
dataflow,ESTAT:HLTH_DSI060(1.0),A,THS,TOTAL,TOTAL,M,UK,2012,4482.4,
dataflow,ESTAT:HLTH_DSI060(1.0),A,THS,TOTAL,TOTAL,T,AT,2012,1162.7,
dataflow,ESTAT:HLTH_DSI060(1.0),A,THS,TOTAL,TOTAL,T,BE,2012,1553.4,
dataflow,ESTAT:HLTH_DSI060(1.0),A,THS,TOTAL,TOTAL,T,BG,2012,1369.5,
dataflow,ESTAT:HLTH_DSI060(1.0),A,THS,TOTAL,TOTAL,T,CY,2012,104.1,
dataflow,ESTAT:HLTH_DSI060(1.0),A,THS,TOTAL,TOTAL,T,CZ,2012,1272.1,
dataflow,ESTAT:HLTH_DSI060(1.0),A,THS,TOTAL,TOTAL,T,DE,2012,14783.8,
dataflow,ESTAT:HLTH_DSI060(1.0),A,THS,TOTAL,TOTAL,T,DK,2012,919.3,
dataflow,ESTAT:HLTH_DSI060(1.0),A,THS,TOTAL,TOTAL,T,EE,2012,225.1,
dataflow,ESTAT:HLTH_DSI060(1.0),A,THS,TOTAL,TOTAL,T,EEA,2012,73894.9,e
dataflow,ESTAT:HLTH_DSI060(1.0),A,THS,TOTAL,TOTAL,T,EL,2012,1686.6,
dataflow,ESTAT:HLTH_DSI060(1.0),A,THS,TOTAL,TOTAL,T,ES,2012,6551.1,
dataflow,ESTAT:HLTH_DSI060(1.0),A,THS,TOTAL,TOTAL,T,EU27_2007,2012,73030.6,e
dataflow,ESTAT:HLTH_DSI060(1.0),A,THS,TOTAL,TOTAL,T,FI,2012,767.5,
dataflow,ESTAT:HLTH_DSI060(1.0),A,THS,TOTAL,TOTAL,T,FR,2012,6805.4,
dataflow,ESTAT:HLTH_DSI060(1.0),A,THS,TOTAL,TOTAL,T,HU,2012,2072.8,
dataflow,ESTAT:HLTH_DSI060(1.0),A,THS,TOTAL,TOTAL,T,IS,2012,40.8,
dataflow,ESTAT:HLTH_DSI060(1.0),A,THS,TOTAL,TOTAL,T,IT,2012,7399.5,
dataflow,ESTAT:HLTH_DSI060(1.0),A,THS,TOTAL,TOTAL,T,LT,2012,585.5,
dataflow,ESTAT:HLTH_DSI060(1.0),A,THS,TOTAL,TOTAL,T,LU,2012,68.3,
dataflow,ESTAT:HLTH_DSI060(1.0),A,THS,TOTAL,TOTAL,T,LV,2012,405.4,
dataflow,ESTAT:HLTH_DSI060(1.0),A,THS,TOTAL,TOTAL,T,MT,2012,42.1,
dataflow,ESTAT:HLTH_DSI060(1.0),A,THS,TOTAL,TOTAL,T,NL,2012,2395.1,
dataflow,ESTAT:HLTH_DSI060(1.0),A,THS,TOTAL,TOTAL,T,NO,2012,823.5,
dataflow,ESTAT:HLTH_DSI060(1.0),A,THS,TOTAL,TOTAL,T,PL,2012,5805.1,
dataflow,ESTAT:HLTH_DSI060(1.0),A,THS,TOTAL,TOTAL,T,PT,2012,1224.5,
dataflow,ESTAT:HLTH_DSI060(1.0),A,THS,TOTAL,TOTAL,T,RO,2012,3263.6,
dataflow,ESTAT:HLTH_DSI060(1.0),A,THS,TOTAL,TOTAL,T,SE,2012,1165.0,
dataflow,ESTAT:HLTH_DSI060(1.0),A,THS,TOTAL,TOTAL,T,SI,2012,320.3,
dataflow,ESTAT:HLTH_DSI060(1.0),A,THS,TOTAL,TOTAL,T,SK,2012,814.1,
dataflow,ESTAT:HLTH_DSI060(1.0),A,THS,TOTAL,TOTAL,T,UK,2012,10268.5,
