STRUCTURE,STRUCTURE_ID,freq,unit,hlth_pb,assist,sex,geo,TIME_PERIOD,OBS_VALUE,OBS_FLAG
dataflow,ESTAT:HLTH_DPEH170(1.0),A,THS,PB1000,AS1015,F,AT,2012,141.7,
dataflow,ESTAT:HLTH_DPEH170(1.0),A,THS,PB1000,AS1015,F,BE,2012,379.6,
dataflow,ESTAT:HLTH_DPEH170(1.0),A,THS,PB1000,AS1015,F,BG,2012,252.7,
dataflow,ESTAT:HLTH_DPEH170(1.0),A,THS,PB1000,AS1015,F,CY,2012,18.3,
dataflow,ESTAT:HLTH_DPEH170(1.0),A,THS,PB1000,AS1015,F,CZ,2012,239.0,
dataflow,ESTAT:HLTH_DPEH170(1.0),A,THS,PB1000,AS1015,F,DE,2012,2301.6,
dataflow,ESTAT:HLTH_DPEH170(1.0),A,THS,PB1000,AS1015,F,DK,2012,135.2,
dataflow,ESTAT:HLTH_DPEH170(1.0),A,THS,PB1000,AS1015,F,EE,2012,61.3,
dataflow,ESTAT:HLTH_DPEH170(1.0),A,THS,PB1000,AS1015,F,EEA,2012,16499.4,e
dataflow,ESTAT:HLTH_DPEH170(1.0),A,THS,PB1000,AS1015,F,EL,2012,435.9,
dataflow,ESTAT:HLTH_DPEH170(1.0),A,THS,PB1000,AS1015,F,ES,2012,2119.1,
dataflow,ESTAT:HLTH_DPEH170(1.0),A,THS,PB1000,AS1015,F,EU27_2007,2012,16356.4,e
dataflow,ESTAT:HLTH_DPEH170(1.0),A,THS,PB1000,AS1015,F,FI,2012,77.0,
dataflow,ESTAT:HLTH_DPEH170(1.0),A,THS,PB1000,AS1015,F,FR,2012,1773.6,
dataflow,ESTAT:HLTH_DPEH170(1.0),A,THS,PB1000,AS1015,F,HU,2012,266.5,
dataflow,ESTAT:HLTH_DPEH170(1.0),A,THS,PB1000,AS1015,F,IS,2012,5.7,
dataflow,ESTAT:HLTH_DPEH170(1.0),A,THS,PB1000,AS1015,F,IT,2012,2538.1,
dataflow,ESTAT:HLTH_DPEH170(1.0),A,THS,PB1000,AS1015,F,LT,2012,160.4,
dataflow,ESTAT:HLTH_DPEH170(1.0),A,THS,PB1000,AS1015,F,LU,2012,11.8,
dataflow,ESTAT:HLTH_DPEH170(1.0),A,THS,PB1000,AS1015,F,LV,2012,49.5,
dataflow,ESTAT:HLTH_DPEH170(1.0),A,THS,PB1000,AS1015,F,MT,2012,8.6,
dataflow,ESTAT:HLTH_DPEH170(1.0),A,THS,PB1000,AS1015,F,NL,2012,382.7,
dataflow,ESTAT:HLTH_DPEH170(1.0),A,THS,PB1000,AS1015,F,NO,2012,137.4,
dataflow,ESTAT:HLTH_DPEH170(1.0),A,THS,PB1000,AS1015,F,PL,2012,1040.3,
dataflow,ESTAT:HLTH_DPEH170(1.0),A,THS,PB1000,AS1015,F,PT,2012,328.7,
dataflow,ESTAT:HLTH_DPEH170(1.0),A,THS,PB1000,AS1015,F,RO,2012,668.4,
dataflow,ESTAT:HLTH_DPEH170(1.0),A,THS,PB1000,AS1015,F,SE,2012,191.0,
dataflow,ESTAT:HLTH_DPEH170(1.0),A,THS,PB1000,AS1015,F,SI,2012,51.1,
dataflow,ESTAT:HLTH_DPEH170(1.0),A,THS,PB1000,AS1015,F,SK,2012,117.0,
dataflow,ESTAT:HLTH_DPEH170(1.0),A,THS,PB1000,AS1015,F,UK,2012,2607.2,
dataflow,ESTAT:HLTH_DPEH170(1.0),A,THS,PB1000,AS1015,M,AT,2012,90.9,
dataflow,ESTAT:HLTH_DPEH170(1.0),A,THS,PB1000,AS1015,M,BE,2012,193.8,
dataflow,ESTAT:HLTH_DPEH170(1.0),A,THS,PB1000,AS1015,M,BG,2012,168.6,
dataflow,ESTAT:HLTH_DPEH170(1.0),A,THS,PB1000,AS1015,M,CY,2012,14.8,
dataflow,ESTAT:HLTH_DPEH170(1.0),A,THS,PB1000,AS1015,M,CZ,2012,155.3,
dataflow,ESTAT:HLTH_DPEH170(1.0),A,THS,PB1000,AS1015,M,DE,2012,1387.1,
dataflow,ESTAT:HLTH_DPEH170(1.0),A,THS,PB1000,AS1015,M,DK,2012,93.7,
dataflow,ESTAT:HLTH_DPEH170(1.0),A,THS,PB1000,AS1015,M,EE,2012,27.5,
dataflow,ESTAT:HLTH_DPEH170(1.0),A,THS,PB1000,AS1015,M,EEA,2012,10303.7,e
dataflow,ESTAT:HLTH_DPEH170(1.0),A,THS,PB1000,AS1015,M,EL,2012,242.3,
dataflow,ESTAT:HLTH_DPEH170(1.0),A,THS,PB1000,AS1015,M,ES,2012,1152.1,
dataflow,ESTAT:HLTH_DPEH170(1.0),A,THS,PB1000,AS1015,M,EU27_2007,2012,10222.7,e
dataflow,ESTAT:HLTH_DPEH170(1.0),A,THS,PB1000,AS1015,M,FI,2012,43.3,
dataflow,ESTAT:HLTH_DPEH170(1.0),A,THS,PB1000,AS1015,M,FR,2012,1282.1,
dataflow,ESTAT:HLTH_DPEH170(1.0),A,THS,PB1000,AS1015,M,HU,2012,112.5,
dataflow,ESTAT:HLTH_DPEH170(1.0),A,THS,PB1000,AS1015,M,IS,2012,2.3,
dataflow,ESTAT:HLTH_DPEH170(1.0),A,THS,PB1000,AS1015,M,IT,2012,1368.8,
dataflow,ESTAT:HLTH_DPEH170(1.0),A,THS,PB1000,AS1015,M,LT,2012,66.4,
dataflow,ESTAT:HLTH_DPEH170(1.0),A,THS,PB1000,AS1015,M,LU,2012,8.2,
dataflow,ESTAT:HLTH_DPEH170(1.0),A,THS,PB1000,AS1015,M,LV,2012,21.4,
dataflow,ESTAT:HLTH_DPEH170(1.0),A,THS,PB1000,AS1015,M,MT,2012,5.9,
dataflow,ESTAT:HLTH_DPEH170(1.0),A,THS,PB1000,AS1015,M,NL,2012,234.5,
dataflow,ESTAT:HLTH_DPEH170(1.0),A,THS,PB1000,AS1015,M,NO,2012,78.7,
dataflow,ESTAT:HLTH_DPEH170(1.0),A,THS,PB1000,AS1015,M,PL,2012,602.1,
dataflow,ESTAT:HLTH_DPEH170(1.0),A,THS,PB1000,AS1015,M,PT,2012,195.2,
dataflow,ESTAT:HLTH_DPEH170(1.0),A,THS,PB1000,AS1015,M,RO,2012,441.8,
dataflow,ESTAT:HLTH_DPEH170(1.0),A,THS,PB1000,AS1015,M,SE,2012,116.0,
dataflow,ESTAT:HLTH_DPEH170(1.0),A,THS,PB1000,AS1015,M,SI,2012,21.7,
dataflow,ESTAT:HLTH_DPEH170(1.0),A,THS,PB1000,AS1015,M,SK,2012,74.6,
dataflow,ESTAT:HLTH_DPEH170(1.0),A,THS,PB1000,AS1015,M,UK,2012,2102.3,
dataflow,ESTAT:HLTH_DPEH170(1.0),A,THS,PB1000,AS1015,T,AT,2012,232.6,
dataflow,ESTAT:HLTH_DPEH170(1.0),A,THS,PB1000,AS1015,T,BE,2012,573.5,
dataflow,ESTAT:HLTH_DPEH170(1.0),A,THS,PB1000,AS1015,T,BG,2012,421.3,
dataflow,ESTAT:HLTH_DPEH170(1.0),A,THS,PB1000,AS1015,T,CY,2012,33.2,
dataflow,ESTAT:HLTH_DPEH170(1.0),A,THS,PB1000,AS1015,T,CZ,2012,394.2,
dataflow,ESTAT:HLTH_DPEH170(1.0),A,THS,PB1000,AS1015,T,DE,2012,3688.7,
dataflow,ESTAT:HLTH_DPEH170(1.0),A,THS,PB1000,AS1015,T,DK,2012,228.9,
dataflow,ESTAT:HLTH_DPEH170(1.0),A,THS,PB1000,AS1015,T,EE,2012,88.8,
dataflow,ESTAT:HLTH_DPEH170(1.0),A,THS,PB1000,AS1015,T,EEA,2012,26803.1,e
dataflow,ESTAT:HLTH_DPEH170(1.0),A,THS,PB1000,AS1015,T,EL,2012,678.2,
dataflow,ESTAT:HLTH_DPEH170(1.0),A,THS,PB1000,AS1015,T,ES,2012,3271.2,
dataflow,ESTAT:HLTH_DPEH170(1.0),A,THS,PB1000,AS1015,T,EU27_2007,2012,26579.1,e
dataflow,ESTAT:HLTH_DPEH170(1.0),A,THS,PB1000,AS1015,T,FI,2012,120.3,
dataflow,ESTAT:HLTH_DPEH170(1.0),A,THS,PB1000,AS1015,T,FR,2012,3055.7,
dataflow,ESTAT:HLTH_DPEH170(1.0),A,THS,PB1000,AS1015,T,HU,2012,379.0,
dataflow,ESTAT:HLTH_DPEH170(1.0),A,THS,PB1000,AS1015,T,IS,2012,8.0,
dataflow,ESTAT:HLTH_DPEH170(1.0),A,THS,PB1000,AS1015,T,IT,2012,3907.0,
dataflow,ESTAT:HLTH_DPEH170(1.0),A,THS,PB1000,AS1015,T,LT,2012,226.9,
dataflow,ESTAT:HLTH_DPEH170(1.0),A,THS,PB1000,AS1015,T,LU,2012,20.0,
dataflow,ESTAT:HLTH_DPEH170(1.0),A,THS,PB1000,AS1015,T,LV,2012,70.9,
dataflow,ESTAT:HLTH_DPEH170(1.0),A,THS,PB1000,AS1015,T,MT,2012,14.5,
dataflow,ESTAT:HLTH_DPEH170(1.0),A,THS,PB1000,AS1015,T,NL,2012,617.2,
dataflow,ESTAT:HLTH_DPEH170(1.0),A,THS,PB1000,AS1015,T,NO,2012,216.1,
dataflow,ESTAT:HLTH_DPEH170(1.0),A,THS,PB1000,AS1015,T,PL,2012,1642.4,
dataflow,ESTAT:HLTH_DPEH170(1.0),A,THS,PB1000,AS1015,T,PT,2012,523.8,
dataflow,ESTAT:HLTH_DPEH170(1.0),A,THS,PB1000,AS1015,T,RO,2012,1110.1,
dataflow,ESTAT:HLTH_DPEH170(1.0),A,THS,PB1000,AS1015,T,SE,2012,307.0,
dataflow,ESTAT:HLTH_DPEH170(1.0),A,THS,PB1000,AS1015,T,SI,2012,72.7,
dataflow,ESTAT:HLTH_DPEH170(1.0),A,THS,PB1000,AS1015,T,SK,2012,191.6,
dataflow,ESTAT:HLTH_DPEH170(1.0),A,THS,PB1000,AS1015,T,UK,2012,4709.5,
dataflow,ESTAT:HLTH_DPEH170(1.0),A,THS,PB1000,AS1095,F,AT,2012,434.1,
dataflow,ESTAT:HLTH_DPEH170(1.0),A,THS,PB1000,AS1095,F,BE,2012,545.4,
dataflow,ESTAT:HLTH_DPEH170(1.0),A,THS,PB1000,AS1095,F,BG,2012,512.2,
dataflow,ESTAT:HLTH_DPEH170(1.0),A,THS,PB1000,AS1095,F,CY,2012,35.5,
dataflow,ESTAT:HLTH_DPEH170(1.0),A,THS,PB1000,AS1095,F,CZ,2012,510.0,
dataflow,ESTAT:HLTH_DPEH170(1.0),A,THS,PB1000,AS1095,F,DE,2012,5665.7,
dataflow,ESTAT:HLTH_DPEH170(1.0),A,THS,PB1000,AS1095,F,DK,2012,380.8,
dataflow,ESTAT:HLTH_DPEH170(1.0),A,THS,PB1000,AS1095,F,EE,2012,86.0,
dataflow,ESTAT:HLTH_DPEH170(1.0),A,THS,PB1000,AS1095,F,EEA,2012,25344.8,e
dataflow,ESTAT:HLTH_DPEH170(1.0),A,THS,PB1000,AS1095,F,EL,2012,537.6,
dataflow,ESTAT:HLTH_DPEH170(1.0),A,THS,PB1000,AS1095,F,ES,2012,1846.2,
dataflow,ESTAT:HLTH_DPEH170(1.0),A,THS,PB1000,AS1095,F,EU27_2007,2012,24971.3,e
dataflow,ESTAT:HLTH_DPEH170(1.0),A,THS,PB1000,AS1095,F,FI,2012,328.4,
dataflow,ESTAT:HLTH_DPEH170(1.0),A,THS,PB1000,AS1095,F,FR,2012,2019.4,
dataflow,ESTAT:HLTH_DPEH170(1.0),A,THS,PB1000,AS1095,F,HU,2012,913.9,
dataflow,ESTAT:HLTH_DPEH170(1.0),A,THS,PB1000,AS1095,F,IS,2012,20.1,
dataflow,ESTAT:HLTH_DPEH170(1.0),A,THS,PB1000,AS1095,F,IT,2012,1831.9,
dataflow,ESTAT:HLTH_DPEH170(1.0),A,THS,PB1000,AS1095,F,LT,2012,204.9,
dataflow,ESTAT:HLTH_DPEH170(1.0),A,THS,PB1000,AS1095,F,LU,2012,23.0,
dataflow,ESTAT:HLTH_DPEH170(1.0),A,THS,PB1000,AS1095,F,LV,2012,212.3,
dataflow,ESTAT:HLTH_DPEH170(1.0),A,THS,PB1000,AS1095,F,MT,2012,15.0,
dataflow,ESTAT:HLTH_DPEH170(1.0),A,THS,PB1000,AS1095,F,NL,2012,995.4,
dataflow,ESTAT:HLTH_DPEH170(1.0),A,THS,PB1000,AS1095,F,NO,2012,353.4,
dataflow,ESTAT:HLTH_DPEH170(1.0),A,THS,PB1000,AS1095,F,PL,2012,2491.2,
dataflow,ESTAT:HLTH_DPEH170(1.0),A,THS,PB1000,AS1095,F,PT,2012,374.5,
dataflow,ESTAT:HLTH_DPEH170(1.0),A,THS,PB1000,AS1095,F,RO,2012,1049.0,
dataflow,ESTAT:HLTH_DPEH170(1.0),A,THS,PB1000,AS1095,F,SE,2012,500.3,
dataflow,ESTAT:HLTH_DPEH170(1.0),A,THS,PB1000,AS1095,F,SI,2012,125.8,
dataflow,ESTAT:HLTH_DPEH170(1.0),A,THS,PB1000,AS1095,F,SK,2012,381.5,
dataflow,ESTAT:HLTH_DPEH170(1.0),A,THS,PB1000,AS1095,F,UK,2012,2951.4,
dataflow,ESTAT:HLTH_DPEH170(1.0),A,THS,PB1000,AS1095,M,AT,2012,381.3,
dataflow,ESTAT:HLTH_DPEH170(1.0),A,THS,PB1000,AS1095,M,BE,2012,370.1,
dataflow,ESTAT:HLTH_DPEH170(1.0),A,THS,PB1000,AS1095,M,BG,2012,379.3,
dataflow,ESTAT:HLTH_DPEH170(1.0),A,THS,PB1000,AS1095,M,CY,2012,31.7,
dataflow,ESTAT:HLTH_DPEH170(1.0),A,THS,PB1000,AS1095,M,CZ,2012,336.1,
dataflow,ESTAT:HLTH_DPEH170(1.0),A,THS,PB1000,AS1095,M,DE,2012,4962.9,
dataflow,ESTAT:HLTH_DPEH170(1.0),A,THS,PB1000,AS1095,M,DK,2012,287.7,
dataflow,ESTAT:HLTH_DPEH170(1.0),A,THS,PB1000,AS1095,M,EE,2012,48.2,
dataflow,ESTAT:HLTH_DPEH170(1.0),A,THS,PB1000,AS1095,M,EEA,2012,18938.1,e
dataflow,ESTAT:HLTH_DPEH170(1.0),A,THS,PB1000,AS1095,M,EL,2012,365.5,
dataflow,ESTAT:HLTH_DPEH170(1.0),A,THS,PB1000,AS1095,M,ES,2012,1348.4,
dataflow,ESTAT:HLTH_DPEH170(1.0),A,THS,PB1000,AS1095,M,EU27_2007,2012,18702.1,e
dataflow,ESTAT:HLTH_DPEH170(1.0),A,THS,PB1000,AS1095,M,FI,2012,305.6,
dataflow,ESTAT:HLTH_DPEH170(1.0),A,THS,PB1000,AS1095,M,FR,2012,1545.8,
dataflow,ESTAT:HLTH_DPEH170(1.0),A,THS,PB1000,AS1095,M,HU,2012,675.8,
dataflow,ESTAT:HLTH_DPEH170(1.0),A,THS,PB1000,AS1095,M,IS,2012,11.7,
dataflow,ESTAT:HLTH_DPEH170(1.0),A,THS,PB1000,AS1095,M,IT,2012,1252.6,
dataflow,ESTAT:HLTH_DPEH170(1.0),A,THS,PB1000,AS1095,M,LT,2012,136.6,
dataflow,ESTAT:HLTH_DPEH170(1.0),A,THS,PB1000,AS1095,M,LU,2012,21.2,
dataflow,ESTAT:HLTH_DPEH170(1.0),A,THS,PB1000,AS1095,M,LV,2012,115.9,
dataflow,ESTAT:HLTH_DPEH170(1.0),A,THS,PB1000,AS1095,M,MT,2012,11.0,
dataflow,ESTAT:HLTH_DPEH170(1.0),A,THS,PB1000,AS1095,M,NL,2012,679.9,
dataflow,ESTAT:HLTH_DPEH170(1.0),A,THS,PB1000,AS1095,M,NO,2012,224.4,
dataflow,ESTAT:HLTH_DPEH170(1.0),A,THS,PB1000,AS1095,M,PL,2012,1513.2,
dataflow,ESTAT:HLTH_DPEH170(1.0),A,THS,PB1000,AS1095,M,PT,2012,281.1,
dataflow,ESTAT:HLTH_DPEH170(1.0),A,THS,PB1000,AS1095,M,RO,2012,895.8,
dataflow,ESTAT:HLTH_DPEH170(1.0),A,THS,PB1000,AS1095,M,SE,2012,328.6,
dataflow,ESTAT:HLTH_DPEH170(1.0),A,THS,PB1000,AS1095,M,SI,2012,108.9,
dataflow,ESTAT:HLTH_DPEH170(1.0),A,THS,PB1000,AS1095,M,SK,2012,225.2,
dataflow,ESTAT:HLTH_DPEH170(1.0),A,THS,PB1000,AS1095,M,UK,2012,2093.6,
dataflow,ESTAT:HLTH_DPEH170(1.0),A,THS,PB1000,AS1095,T,AT,2012,815.5,
dataflow,ESTAT:HLTH_DPEH170(1.0),A,THS,PB1000,AS1095,T,BE,2012,915.5,
dataflow,ESTAT:HLTH_DPEH170(1.0),A,THS,PB1000,AS1095,T,BG,2012,891.5,
dataflow,ESTAT:HLTH_DPEH170(1.0),A,THS,PB1000,AS1095,T,CY,2012,67.2,
dataflow,ESTAT:HLTH_DPEH170(1.0),A,THS,PB1000,AS1095,T,CZ,2012,846.1,
dataflow,ESTAT:HLTH_DPEH170(1.0),A,THS,PB1000,AS1095,T,DE,2012,10628.6,
dataflow,ESTAT:HLTH_DPEH170(1.0),A,THS,PB1000,AS1095,T,DK,2012,668.5,
dataflow,ESTAT:HLTH_DPEH170(1.0),A,THS,PB1000,AS1095,T,EE,2012,134.2,
dataflow,ESTAT:HLTH_DPEH170(1.0),A,THS,PB1000,AS1095,T,EEA,2012,44283.0,e
dataflow,ESTAT:HLTH_DPEH170(1.0),A,THS,PB1000,AS1095,T,EL,2012,903.1,
dataflow,ESTAT:HLTH_DPEH170(1.0),A,THS,PB1000,AS1095,T,ES,2012,3194.5,
dataflow,ESTAT:HLTH_DPEH170(1.0),A,THS,PB1000,AS1095,T,EU27_2007,2012,43673.4,e
dataflow,ESTAT:HLTH_DPEH170(1.0),A,THS,PB1000,AS1095,T,FI,2012,633.9,
dataflow,ESTAT:HLTH_DPEH170(1.0),A,THS,PB1000,AS1095,T,FR,2012,3565.2,
dataflow,ESTAT:HLTH_DPEH170(1.0),A,THS,PB1000,AS1095,T,HU,2012,1589.7,
dataflow,ESTAT:HLTH_DPEH170(1.0),A,THS,PB1000,AS1095,T,IS,2012,31.8,
dataflow,ESTAT:HLTH_DPEH170(1.0),A,THS,PB1000,AS1095,T,IT,2012,3084.5,
dataflow,ESTAT:HLTH_DPEH170(1.0),A,THS,PB1000,AS1095,T,LT,2012,341.5,
dataflow,ESTAT:HLTH_DPEH170(1.0),A,THS,PB1000,AS1095,T,LU,2012,44.1,
dataflow,ESTAT:HLTH_DPEH170(1.0),A,THS,PB1000,AS1095,T,LV,2012,328.2,
dataflow,ESTAT:HLTH_DPEH170(1.0),A,THS,PB1000,AS1095,T,MT,2012,26.0,
dataflow,ESTAT:HLTH_DPEH170(1.0),A,THS,PB1000,AS1095,T,NL,2012,1675.4,
dataflow,ESTAT:HLTH_DPEH170(1.0),A,THS,PB1000,AS1095,T,NO,2012,577.8,
dataflow,ESTAT:HLTH_DPEH170(1.0),A,THS,PB1000,AS1095,T,PL,2012,4004.4,
dataflow,ESTAT:HLTH_DPEH170(1.0),A,THS,PB1000,AS1095,T,PT,2012,655.7,
dataflow,ESTAT:HLTH_DPEH170(1.0),A,THS,PB1000,AS1095,T,RO,2012,1944.8,
dataflow,ESTAT:HLTH_DPEH170(1.0),A,THS,PB1000,AS1095,T,SE,2012,828.9,
dataflow,ESTAT:HLTH_DPEH170(1.0),A,THS,PB1000,AS1095,T,SI,2012,234.7,
dataflow,ESTAT:HLTH_DPEH170(1.0),A,THS,PB1000,AS1095,T,SK,2012,606.7,
dataflow,ESTAT:HLTH_DPEH170(1.0),A,THS,PB1000,AS1095,T,UK,2012,5045.0,
dataflow,ESTAT:HLTH_DPEH170(1.0),A,THS,PB1000,TOTAL,F,AT,2012,575.8,
dataflow,ESTAT:HLTH_DPEH170(1.0),A,THS,PB1000,TOTAL,F,BE,2012,925.0,
dataflow,ESTAT:HLTH_DPEH170(1.0),A,THS,PB1000,TOTAL,F,BG,2012,764.9,
dataflow,ESTAT:HLTH_DPEH170(1.0),A,THS,PB1000,TOTAL,F,CY,2012,53.9,
dataflow,ESTAT:HLTH_DPEH170(1.0),A,THS,PB1000,TOTAL,F,CZ,2012,748.9,
dataflow,ESTAT:HLTH_DPEH170(1.0),A,THS,PB1000,TOTAL,F,DE,2012,7967.3,
dataflow,ESTAT:HLTH_DPEH170(1.0),A,THS,PB1000,TOTAL,F,DK,2012,516.0,
dataflow,ESTAT:HLTH_DPEH170(1.0),A,THS,PB1000,TOTAL,F,EE,2012,147.3,
dataflow,ESTAT:HLTH_DPEH170(1.0),A,THS,PB1000,TOTAL,F,EEA,2012,41844.3,e
dataflow,ESTAT:HLTH_DPEH170(1.0),A,THS,PB1000,TOTAL,F,EL,2012,973.5,
dataflow,ESTAT:HLTH_DPEH170(1.0),A,THS,PB1000,TOTAL,F,ES,2012,3965.2,
dataflow,ESTAT:HLTH_DPEH170(1.0),A,THS,PB1000,TOTAL,F,EU27_2007,2012,41327.6,e
dataflow,ESTAT:HLTH_DPEH170(1.0),A,THS,PB1000,TOTAL,F,FI,2012,405.4,
dataflow,ESTAT:HLTH_DPEH170(1.0),A,THS,PB1000,TOTAL,F,FR,2012,3793.0,
dataflow,ESTAT:HLTH_DPEH170(1.0),A,THS,PB1000,TOTAL,F,HU,2012,1180.4,
dataflow,ESTAT:HLTH_DPEH170(1.0),A,THS,PB1000,TOTAL,F,IS,2012,25.8,
dataflow,ESTAT:HLTH_DPEH170(1.0),A,THS,PB1000,TOTAL,F,IT,2012,4370.0,
dataflow,ESTAT:HLTH_DPEH170(1.0),A,THS,PB1000,TOTAL,F,LT,2012,365.3,
dataflow,ESTAT:HLTH_DPEH170(1.0),A,THS,PB1000,TOTAL,F,LU,2012,34.8,
dataflow,ESTAT:HLTH_DPEH170(1.0),A,THS,PB1000,TOTAL,F,LV,2012,261.8,
dataflow,ESTAT:HLTH_DPEH170(1.0),A,THS,PB1000,TOTAL,F,MT,2012,23.6,
dataflow,ESTAT:HLTH_DPEH170(1.0),A,THS,PB1000,TOTAL,F,NL,2012,1378.2,
dataflow,ESTAT:HLTH_DPEH170(1.0),A,THS,PB1000,TOTAL,F,NO,2012,490.8,
dataflow,ESTAT:HLTH_DPEH170(1.0),A,THS,PB1000,TOTAL,F,PL,2012,3531.5,
dataflow,ESTAT:HLTH_DPEH170(1.0),A,THS,PB1000,TOTAL,F,PT,2012,703.2,
dataflow,ESTAT:HLTH_DPEH170(1.0),A,THS,PB1000,TOTAL,F,RO,2012,1717.4,
dataflow,ESTAT:HLTH_DPEH170(1.0),A,THS,PB1000,TOTAL,F,SE,2012,691.3,
dataflow,ESTAT:HLTH_DPEH170(1.0),A,THS,PB1000,TOTAL,F,SI,2012,176.9,
dataflow,ESTAT:HLTH_DPEH170(1.0),A,THS,PB1000,TOTAL,F,SK,2012,498.4,
dataflow,ESTAT:HLTH_DPEH170(1.0),A,THS,PB1000,TOTAL,F,UK,2012,5558.6,
dataflow,ESTAT:HLTH_DPEH170(1.0),A,THS,PB1000,TOTAL,M,AT,2012,472.2,
dataflow,ESTAT:HLTH_DPEH170(1.0),A,THS,PB1000,TOTAL,M,BE,2012,564.0,
dataflow,ESTAT:HLTH_DPEH170(1.0),A,THS,PB1000,TOTAL,M,BG,2012,547.9,
dataflow,ESTAT:HLTH_DPEH170(1.0),A,THS,PB1000,TOTAL,M,CY,2012,46.5,
dataflow,ESTAT:HLTH_DPEH170(1.0),A,THS,PB1000,TOTAL,M,CZ,2012,491.4,
dataflow,ESTAT:HLTH_DPEH170(1.0),A,THS,PB1000,TOTAL,M,DE,2012,6349.9,
dataflow,ESTAT:HLTH_DPEH170(1.0),A,THS,PB1000,TOTAL,M,DK,2012,381.4,
dataflow,ESTAT:HLTH_DPEH170(1.0),A,THS,PB1000,TOTAL,M,EE,2012,75.7,
dataflow,ESTAT:HLTH_DPEH170(1.0),A,THS,PB1000,TOTAL,M,EEA,2012,29241.8,e
dataflow,ESTAT:HLTH_DPEH170(1.0),A,THS,PB1000,TOTAL,M,EL,2012,607.8,
dataflow,ESTAT:HLTH_DPEH170(1.0),A,THS,PB1000,TOTAL,M,ES,2012,2500.4,
dataflow,ESTAT:HLTH_DPEH170(1.0),A,THS,PB1000,TOTAL,M,EU27_2007,2012,28924.8,e
dataflow,ESTAT:HLTH_DPEH170(1.0),A,THS,PB1000,TOTAL,M,FI,2012,348.9,
dataflow,ESTAT:HLTH_DPEH170(1.0),A,THS,PB1000,TOTAL,M,FR,2012,2827.9,
dataflow,ESTAT:HLTH_DPEH170(1.0),A,THS,PB1000,TOTAL,M,HU,2012,788.3,
dataflow,ESTAT:HLTH_DPEH170(1.0),A,THS,PB1000,TOTAL,M,IS,2012,13.9,
dataflow,ESTAT:HLTH_DPEH170(1.0),A,THS,PB1000,TOTAL,M,IT,2012,2621.5,
dataflow,ESTAT:HLTH_DPEH170(1.0),A,THS,PB1000,TOTAL,M,LT,2012,203.1,
dataflow,ESTAT:HLTH_DPEH170(1.0),A,THS,PB1000,TOTAL,M,LU,2012,29.3,
dataflow,ESTAT:HLTH_DPEH170(1.0),A,THS,PB1000,TOTAL,M,LV,2012,137.3,
dataflow,ESTAT:HLTH_DPEH170(1.0),A,THS,PB1000,TOTAL,M,MT,2012,16.9,
dataflow,ESTAT:HLTH_DPEH170(1.0),A,THS,PB1000,TOTAL,M,NL,2012,914.4,
dataflow,ESTAT:HLTH_DPEH170(1.0),A,THS,PB1000,TOTAL,M,NO,2012,303.1,
dataflow,ESTAT:HLTH_DPEH170(1.0),A,THS,PB1000,TOTAL,M,PL,2012,2115.3,
dataflow,ESTAT:HLTH_DPEH170(1.0),A,THS,PB1000,TOTAL,M,PT,2012,476.3,
dataflow,ESTAT:HLTH_DPEH170(1.0),A,THS,PB1000,TOTAL,M,RO,2012,1337.6,
dataflow,ESTAT:HLTH_DPEH170(1.0),A,THS,PB1000,TOTAL,M,SE,2012,444.6,
dataflow,ESTAT:HLTH_DPEH170(1.0),A,THS,PB1000,TOTAL,M,SI,2012,130.5,
dataflow,ESTAT:HLTH_DPEH170(1.0),A,THS,PB1000,TOTAL,M,SK,2012,299.8,
dataflow,ESTAT:HLTH_DPEH170(1.0),A,THS,PB1000,TOTAL,M,UK,2012,4195.9,
dataflow,ESTAT:HLTH_DPEH170(1.0),A,THS,PB1000,TOTAL,T,AT,2012,1048.0,
dataflow,ESTAT:HLTH_DPEH170(1.0),A,THS,PB1000,TOTAL,T,BE,2012,1489.0,
dataflow,ESTAT:HLTH_DPEH170(1.0),A,THS,PB1000,TOTAL,T,BG,2012,1312.8,
dataflow,ESTAT:HLTH_DPEH170(1.0),A,THS,PB1000,TOTAL,T,CY,2012,100.4,
dataflow,ESTAT:HLTH_DPEH170(1.0),A,THS,PB1000,TOTAL,T,CZ,2012,1240.3,
dataflow,ESTAT:HLTH_DPEH170(1.0),A,THS,PB1000,TOTAL,T,DE,2012,14317.2,
dataflow,ESTAT:HLTH_DPEH170(1.0),A,THS,PB1000,TOTAL,T,DK,2012,897.4,
dataflow,ESTAT:HLTH_DPEH170(1.0),A,THS,PB1000,TOTAL,T,EE,2012,223.0,
dataflow,ESTAT:HLTH_DPEH170(1.0),A,THS,PB1000,TOTAL,T,EEA,2012,71086.1,e
dataflow,ESTAT:HLTH_DPEH170(1.0),A,THS,PB1000,TOTAL,T,EL,2012,1581.3,
dataflow,ESTAT:HLTH_DPEH170(1.0),A,THS,PB1000,TOTAL,T,ES,2012,6465.7,
dataflow,ESTAT:HLTH_DPEH170(1.0),A,THS,PB1000,TOTAL,T,EU27_2007,2012,70252.4,e
dataflow,ESTAT:HLTH_DPEH170(1.0),A,THS,PB1000,TOTAL,T,FI,2012,754.2,
dataflow,ESTAT:HLTH_DPEH170(1.0),A,THS,PB1000,TOTAL,T,FR,2012,6620.9,
dataflow,ESTAT:HLTH_DPEH170(1.0),A,THS,PB1000,TOTAL,T,HU,2012,1968.7,
dataflow,ESTAT:HLTH_DPEH170(1.0),A,THS,PB1000,TOTAL,T,IS,2012,39.8,
dataflow,ESTAT:HLTH_DPEH170(1.0),A,THS,PB1000,TOTAL,T,IT,2012,6991.4,
dataflow,ESTAT:HLTH_DPEH170(1.0),A,THS,PB1000,TOTAL,T,LT,2012,568.4,
dataflow,ESTAT:HLTH_DPEH170(1.0),A,THS,PB1000,TOTAL,T,LU,2012,64.2,
dataflow,ESTAT:HLTH_DPEH170(1.0),A,THS,PB1000,TOTAL,T,LV,2012,399.1,
dataflow,ESTAT:HLTH_DPEH170(1.0),A,THS,PB1000,TOTAL,T,MT,2012,40.5,
dataflow,ESTAT:HLTH_DPEH170(1.0),A,THS,PB1000,TOTAL,T,NL,2012,2292.6,
dataflow,ESTAT:HLTH_DPEH170(1.0),A,THS,PB1000,TOTAL,T,NO,2012,793.9,
dataflow,ESTAT:HLTH_DPEH170(1.0),A,THS,PB1000,TOTAL,T,PL,2012,5646.8,
dataflow,ESTAT:HLTH_DPEH170(1.0),A,THS,PB1000,TOTAL,T,PT,2012,1179.5,
dataflow,ESTAT:HLTH_DPEH170(1.0),A,THS,PB1000,TOTAL,T,RO,2012,3055.0,
dataflow,ESTAT:HLTH_DPEH170(1.0),A,THS,PB1000,TOTAL,T,SE,2012,1135.9,
dataflow,ESTAT:HLTH_DPEH170(1.0),A,THS,PB1000,TOTAL,T,SI,2012,307.4,
dataflow,ESTAT:HLTH_DPEH170(1.0),A,THS,PB1000,TOTAL,T,SK,2012,798.2,
dataflow,ESTAT:HLTH_DPEH170(1.0),A,THS,PB1000,TOTAL,T,UK,2012,9754.5,
dataflow,ESTAT:HLTH_DPEH170(1.0),A,THS,PB1001,AS1015,F,AT,2012,8.2,
dataflow,ESTAT:HLTH_DPEH170(1.0),A,THS,PB1001,AS1015,F,BE,2012,2.6,u
dataflow,ESTAT:HLTH_DPEH170(1.0),A,THS,PB1001,AS1015,F,BG,2012,0,
dataflow,ESTAT:HLTH_DPEH170(1.0),A,THS,PB1001,AS1015,F,CY,2012,,u
dataflow,ESTAT:HLTH_DPEH170(1.0),A,THS,PB1001,AS1015,F,CZ,2012,,u
dataflow,ESTAT:HLTH_DPEH170(1.0),A,THS,PB1001,AS1015,F,DE,2012,17.1,
dataflow,ESTAT:HLTH_DPEH170(1.0),A,THS,PB1001,AS1015,F,DK,2012,,u
dataflow,ESTAT:HLTH_DPEH170(1.0),A,THS,PB1001,AS1015,F,EE,2012,0,
dataflow,ESTAT:HLTH_DPEH170(1.0),A,THS,PB1001,AS1015,F,EEA,2012,189.4,e
dataflow,ESTAT:HLTH_DPEH170(1.0),A,THS,PB1001,AS1015,F,EL,2012,2.1,u
dataflow,ESTAT:HLTH_DPEH170(1.0),A,THS,PB1001,AS1015,F,ES,2012,,u
dataflow,ESTAT:HLTH_DPEH170(1.0),A,THS,PB1001,AS1015,F,EU27_2007,2012,186.5,e
dataflow,ESTAT:HLTH_DPEH170(1.0),A,THS,PB1001,AS1015,F,FI,2012,0,
dataflow,ESTAT:HLTH_DPEH170(1.0),A,THS,PB1001,AS1015,F,FR,2012,37.0,u
dataflow,ESTAT:HLTH_DPEH170(1.0),A,THS,PB1001,AS1015,F,HU,2012,3.6,
dataflow,ESTAT:HLTH_DPEH170(1.0),A,THS,PB1001,AS1015,F,IS,2012,,u
dataflow,ESTAT:HLTH_DPEH170(1.0),A,THS,PB1001,AS1015,F,IT,2012,27.8,
dataflow,ESTAT:HLTH_DPEH170(1.0),A,THS,PB1001,AS1015,F,LT,2012,0.6,u
dataflow,ESTAT:HLTH_DPEH170(1.0),A,THS,PB1001,AS1015,F,LU,2012,,u
dataflow,ESTAT:HLTH_DPEH170(1.0),A,THS,PB1001,AS1015,F,LV,2012,0,
dataflow,ESTAT:HLTH_DPEH170(1.0),A,THS,PB1001,AS1015,F,MT,2012,,u
dataflow,ESTAT:HLTH_DPEH170(1.0),A,THS,PB1001,AS1015,F,NL,2012,3.4,u
dataflow,ESTAT:HLTH_DPEH170(1.0),A,THS,PB1001,AS1015,F,NO,2012,2.8,u
dataflow,ESTAT:HLTH_DPEH170(1.0),A,THS,PB1001,AS1015,F,PL,2012,17.9,u
dataflow,ESTAT:HLTH_DPEH170(1.0),A,THS,PB1001,AS1015,F,PT,2012,,u
dataflow,ESTAT:HLTH_DPEH170(1.0),A,THS,PB1001,AS1015,F,RO,2012,3.8,u
dataflow,ESTAT:HLTH_DPEH170(1.0),A,THS,PB1001,AS1015,F,SE,2012,,u
dataflow,ESTAT:HLTH_DPEH170(1.0),A,THS,PB1001,AS1015,F,SI,2012,0,
dataflow,ESTAT:HLTH_DPEH170(1.0),A,THS,PB1001,AS1015,F,SK,2012,0,
dataflow,ESTAT:HLTH_DPEH170(1.0),A,THS,PB1001,AS1015,F,UK,2012,45.3,
dataflow,ESTAT:HLTH_DPEH170(1.0),A,THS,PB1001,AS1015,M,AT,2012,10.9,u
dataflow,ESTAT:HLTH_DPEH170(1.0),A,THS,PB1001,AS1015,M,BE,2012,7.1,u
dataflow,ESTAT:HLTH_DPEH170(1.0),A,THS,PB1001,AS1015,M,BG,2012,0,
dataflow,ESTAT:HLTH_DPEH170(1.0),A,THS,PB1001,AS1015,M,CY,2012,,u
dataflow,ESTAT:HLTH_DPEH170(1.0),A,THS,PB1001,AS1015,M,CZ,2012,0,
dataflow,ESTAT:HLTH_DPEH170(1.0),A,THS,PB1001,AS1015,M,DE,2012,32.7,
dataflow,ESTAT:HLTH_DPEH170(1.0),A,THS,PB1001,AS1015,M,DK,2012,,u
dataflow,ESTAT:HLTH_DPEH170(1.0),A,THS,PB1001,AS1015,M,EE,2012,,u
dataflow,ESTAT:HLTH_DPEH170(1.0),A,THS,PB1001,AS1015,M,EEA,2012,211.0,e
dataflow,ESTAT:HLTH_DPEH170(1.0),A,THS,PB1001,AS1015,M,EL,2012,0,
dataflow,ESTAT:HLTH_DPEH170(1.0),A,THS,PB1001,AS1015,M,ES,2012,20.9,u
dataflow,ESTAT:HLTH_DPEH170(1.0),A,THS,PB1001,AS1015,M,EU27_2007,2012,208.6,e
dataflow,ESTAT:HLTH_DPEH170(1.0),A,THS,PB1001,AS1015,M,FI,2012,0,
dataflow,ESTAT:HLTH_DPEH170(1.0),A,THS,PB1001,AS1015,M,FR,2012,20.0,u
dataflow,ESTAT:HLTH_DPEH170(1.0),A,THS,PB1001,AS1015,M,HU,2012,0.5,u
dataflow,ESTAT:HLTH_DPEH170(1.0),A,THS,PB1001,AS1015,M,IS,2012,0,
dataflow,ESTAT:HLTH_DPEH170(1.0),A,THS,PB1001,AS1015,M,IT,2012,3.8,u
dataflow,ESTAT:HLTH_DPEH170(1.0),A,THS,PB1001,AS1015,M,LT,2012,0,
dataflow,ESTAT:HLTH_DPEH170(1.0),A,THS,PB1001,AS1015,M,LU,2012,,u
dataflow,ESTAT:HLTH_DPEH170(1.0),A,THS,PB1001,AS1015,M,LV,2012,,u
dataflow,ESTAT:HLTH_DPEH170(1.0),A,THS,PB1001,AS1015,M,MT,2012,,u
dataflow,ESTAT:HLTH_DPEH170(1.0),A,THS,PB1001,AS1015,M,NL,2012,7.8,u
dataflow,ESTAT:HLTH_DPEH170(1.0),A,THS,PB1001,AS1015,M,NO,2012,,u
dataflow,ESTAT:HLTH_DPEH170(1.0),A,THS,PB1001,AS1015,M,PL,2012,9.1,u
dataflow,ESTAT:HLTH_DPEH170(1.0),A,THS,PB1001,AS1015,M,PT,2012,,u
dataflow,ESTAT:HLTH_DPEH170(1.0),A,THS,PB1001,AS1015,M,RO,2012,3.0,
dataflow,ESTAT:HLTH_DPEH170(1.0),A,THS,PB1001,AS1015,M,SE,2012,,u
dataflow,ESTAT:HLTH_DPEH170(1.0),A,THS,PB1001,AS1015,M,SI,2012,,u
dataflow,ESTAT:HLTH_DPEH170(1.0),A,THS,PB1001,AS1015,M,SK,2012,,u
dataflow,ESTAT:HLTH_DPEH170(1.0),A,THS,PB1001,AS1015,M,UK,2012,71.7,
dataflow,ESTAT:HLTH_DPEH170(1.0),A,THS,PB1001,AS1015,T,AT,2012,19.0,
dataflow,ESTAT:HLTH_DPEH170(1.0),A,THS,PB1001,AS1015,T,BE,2012,9.7,u
dataflow,ESTAT:HLTH_DPEH170(1.0),A,THS,PB1001,AS1015,T,BG,2012,0,
dataflow,ESTAT:HLTH_DPEH170(1.0),A,THS,PB1001,AS1015,T,CY,2012,,u
dataflow,ESTAT:HLTH_DPEH170(1.0),A,THS,PB1001,AS1015,T,CZ,2012,2.4,u
dataflow,ESTAT:HLTH_DPEH170(1.0),A,THS,PB1001,AS1015,T,DE,2012,49.8,
dataflow,ESTAT:HLTH_DPEH170(1.0),A,THS,PB1001,AS1015,T,DK,2012,2.6,u
dataflow,ESTAT:HLTH_DPEH170(1.0),A,THS,PB1001,AS1015,T,EE,2012,,u
dataflow,ESTAT:HLTH_DPEH170(1.0),A,THS,PB1001,AS1015,T,EEA,2012,400.4,e
dataflow,ESTAT:HLTH_DPEH170(1.0),A,THS,PB1001,AS1015,T,EL,2012,2.1,
dataflow,ESTAT:HLTH_DPEH170(1.0),A,THS,PB1001,AS1015,T,ES,2012,31.0,u
dataflow,ESTAT:HLTH_DPEH170(1.0),A,THS,PB1001,AS1015,T,EU27_2007,2012,395.1,e
dataflow,ESTAT:HLTH_DPEH170(1.0),A,THS,PB1001,AS1015,T,FI,2012,0,
dataflow,ESTAT:HLTH_DPEH170(1.0),A,THS,PB1001,AS1015,T,FR,2012,56.9,
dataflow,ESTAT:HLTH_DPEH170(1.0),A,THS,PB1001,AS1015,T,HU,2012,4.2,
dataflow,ESTAT:HLTH_DPEH170(1.0),A,THS,PB1001,AS1015,T,IS,2012,,u
dataflow,ESTAT:HLTH_DPEH170(1.0),A,THS,PB1001,AS1015,T,IT,2012,31.7,
dataflow,ESTAT:HLTH_DPEH170(1.0),A,THS,PB1001,AS1015,T,LT,2012,0.6,u
dataflow,ESTAT:HLTH_DPEH170(1.0),A,THS,PB1001,AS1015,T,LU,2012,1.3,u
dataflow,ESTAT:HLTH_DPEH170(1.0),A,THS,PB1001,AS1015,T,LV,2012,0.7,u
dataflow,ESTAT:HLTH_DPEH170(1.0),A,THS,PB1001,AS1015,T,MT,2012,,u
dataflow,ESTAT:HLTH_DPEH170(1.0),A,THS,PB1001,AS1015,T,NL,2012,11.2,u
dataflow,ESTAT:HLTH_DPEH170(1.0),A,THS,PB1001,AS1015,T,NO,2012,5.2,u
dataflow,ESTAT:HLTH_DPEH170(1.0),A,THS,PB1001,AS1015,T,PL,2012,27.0,
dataflow,ESTAT:HLTH_DPEH170(1.0),A,THS,PB1001,AS1015,T,PT,2012,10.4,u
dataflow,ESTAT:HLTH_DPEH170(1.0),A,THS,PB1001,AS1015,T,RO,2012,6.8,
dataflow,ESTAT:HLTH_DPEH170(1.0),A,THS,PB1001,AS1015,T,SE,2012,,u
dataflow,ESTAT:HLTH_DPEH170(1.0),A,THS,PB1001,AS1015,T,SI,2012,0.9,u
dataflow,ESTAT:HLTH_DPEH170(1.0),A,THS,PB1001,AS1015,T,SK,2012,4.8,u
dataflow,ESTAT:HLTH_DPEH170(1.0),A,THS,PB1001,AS1015,T,UK,2012,117.0,
dataflow,ESTAT:HLTH_DPEH170(1.0),A,THS,PB1001,AS1095,F,AT,2012,61.4,
dataflow,ESTAT:HLTH_DPEH170(1.0),A,THS,PB1001,AS1095,F,BE,2012,31.7,u
dataflow,ESTAT:HLTH_DPEH170(1.0),A,THS,PB1001,AS1095,F,BG,2012,24.6,u
dataflow,ESTAT:HLTH_DPEH170(1.0),A,THS,PB1001,AS1095,F,CY,2012,,u
dataflow,ESTAT:HLTH_DPEH170(1.0),A,THS,PB1001,AS1095,F,CZ,2012,,u
dataflow,ESTAT:HLTH_DPEH170(1.0),A,THS,PB1001,AS1095,F,DE,2012,166.4,
dataflow,ESTAT:HLTH_DPEH170(1.0),A,THS,PB1001,AS1095,F,DK,2012,,u
dataflow,ESTAT:HLTH_DPEH170(1.0),A,THS,PB1001,AS1095,F,EE,2012,,u
dataflow,ESTAT:HLTH_DPEH170(1.0),A,THS,PB1001,AS1095,F,EEA,2012,1142.3,e
dataflow,ESTAT:HLTH_DPEH170(1.0),A,THS,PB1001,AS1095,F,EL,2012,52.2,u
dataflow,ESTAT:HLTH_DPEH170(1.0),A,THS,PB1001,AS1095,F,ES,2012,,u
dataflow,ESTAT:HLTH_DPEH170(1.0),A,THS,PB1001,AS1095,F,EU27_2007,2012,1126.2,e
dataflow,ESTAT:HLTH_DPEH170(1.0),A,THS,PB1001,AS1095,F,FI,2012,,u
dataflow,ESTAT:HLTH_DPEH170(1.0),A,THS,PB1001,AS1095,F,FR,2012,50.1,u
dataflow,ESTAT:HLTH_DPEH170(1.0),A,THS,PB1001,AS1095,F,HU,2012,59.1,
dataflow,ESTAT:HLTH_DPEH170(1.0),A,THS,PB1001,AS1095,F,IS,2012,,u
dataflow,ESTAT:HLTH_DPEH170(1.0),A,THS,PB1001,AS1095,F,IT,2012,195.8,
dataflow,ESTAT:HLTH_DPEH170(1.0),A,THS,PB1001,AS1095,F,LT,2012,8.6,u
dataflow,ESTAT:HLTH_DPEH170(1.0),A,THS,PB1001,AS1095,F,LU,2012,,u
dataflow,ESTAT:HLTH_DPEH170(1.0),A,THS,PB1001,AS1095,F,LV,2012,3.6,u
dataflow,ESTAT:HLTH_DPEH170(1.0),A,THS,PB1001,AS1095,F,MT,2012,,u
dataflow,ESTAT:HLTH_DPEH170(1.0),A,THS,PB1001,AS1095,F,NL,2012,53.3,u
dataflow,ESTAT:HLTH_DPEH170(1.0),A,THS,PB1001,AS1095,F,NO,2012,15.7,u
dataflow,ESTAT:HLTH_DPEH170(1.0),A,THS,PB1001,AS1095,F,PL,2012,55.8,u
dataflow,ESTAT:HLTH_DPEH170(1.0),A,THS,PB1001,AS1095,F,PT,2012,,u
dataflow,ESTAT:HLTH_DPEH170(1.0),A,THS,PB1001,AS1095,F,RO,2012,84.4,u
dataflow,ESTAT:HLTH_DPEH170(1.0),A,THS,PB1001,AS1095,F,SE,2012,,u
dataflow,ESTAT:HLTH_DPEH170(1.0),A,THS,PB1001,AS1095,F,SI,2012,,u
dataflow,ESTAT:HLTH_DPEH170(1.0),A,THS,PB1001,AS1095,F,SK,2012,,u
dataflow,ESTAT:HLTH_DPEH170(1.0),A,THS,PB1001,AS1095,F,UK,2012,182.3,
dataflow,ESTAT:HLTH_DPEH170(1.0),A,THS,PB1001,AS1095,M,AT,2012,34.2,u
dataflow,ESTAT:HLTH_DPEH170(1.0),A,THS,PB1001,AS1095,M,BE,2012,23.1,u
dataflow,ESTAT:HLTH_DPEH170(1.0),A,THS,PB1001,AS1095,M,BG,2012,32.2,u
dataflow,ESTAT:HLTH_DPEH170(1.0),A,THS,PB1001,AS1095,M,CY,2012,,u
dataflow,ESTAT:HLTH_DPEH170(1.0),A,THS,PB1001,AS1095,M,CZ,2012,,u
dataflow,ESTAT:HLTH_DPEH170(1.0),A,THS,PB1001,AS1095,M,DE,2012,250.4,
dataflow,ESTAT:HLTH_DPEH170(1.0),A,THS,PB1001,AS1095,M,DK,2012,,u
dataflow,ESTAT:HLTH_DPEH170(1.0),A,THS,PB1001,AS1095,M,EE,2012,,u
dataflow,ESTAT:HLTH_DPEH170(1.0),A,THS,PB1001,AS1095,M,EEA,2012,1266.1,e
dataflow,ESTAT:HLTH_DPEH170(1.0),A,THS,PB1001,AS1095,M,EL,2012,51.0,u
dataflow,ESTAT:HLTH_DPEH170(1.0),A,THS,PB1001,AS1095,M,ES,2012,28.5,u
dataflow,ESTAT:HLTH_DPEH170(1.0),A,THS,PB1001,AS1095,M,EU27_2007,2012,1256.8,e
dataflow,ESTAT:HLTH_DPEH170(1.0),A,THS,PB1001,AS1095,M,FI,2012,,u
dataflow,ESTAT:HLTH_DPEH170(1.0),A,THS,PB1001,AS1095,M,FR,2012,77.4,u
dataflow,ESTAT:HLTH_DPEH170(1.0),A,THS,PB1001,AS1095,M,HU,2012,40.8,u
dataflow,ESTAT:HLTH_DPEH170(1.0),A,THS,PB1001,AS1095,M,IS,2012,,u
dataflow,ESTAT:HLTH_DPEH170(1.0),A,THS,PB1001,AS1095,M,IT,2012,180.6,u
dataflow,ESTAT:HLTH_DPEH170(1.0),A,THS,PB1001,AS1095,M,LT,2012,7.9,u
dataflow,ESTAT:HLTH_DPEH170(1.0),A,THS,PB1001,AS1095,M,LU,2012,,u
dataflow,ESTAT:HLTH_DPEH170(1.0),A,THS,PB1001,AS1095,M,LV,2012,,u
dataflow,ESTAT:HLTH_DPEH170(1.0),A,THS,PB1001,AS1095,M,MT,2012,,u
dataflow,ESTAT:HLTH_DPEH170(1.0),A,THS,PB1001,AS1095,M,NL,2012,37.9,u
dataflow,ESTAT:HLTH_DPEH170(1.0),A,THS,PB1001,AS1095,M,NO,2012,,u
dataflow,ESTAT:HLTH_DPEH170(1.0),A,THS,PB1001,AS1095,M,PL,2012,75.6,u
dataflow,ESTAT:HLTH_DPEH170(1.0),A,THS,PB1001,AS1095,M,PT,2012,,u
dataflow,ESTAT:HLTH_DPEH170(1.0),A,THS,PB1001,AS1095,M,RO,2012,117.4,
dataflow,ESTAT:HLTH_DPEH170(1.0),A,THS,PB1001,AS1095,M,SE,2012,,u
dataflow,ESTAT:HLTH_DPEH170(1.0),A,THS,PB1001,AS1095,M,SI,2012,,u
dataflow,ESTAT:HLTH_DPEH170(1.0),A,THS,PB1001,AS1095,M,SK,2012,,u
dataflow,ESTAT:HLTH_DPEH170(1.0),A,THS,PB1001,AS1095,M,UK,2012,214.7,
dataflow,ESTAT:HLTH_DPEH170(1.0),A,THS,PB1001,AS1095,T,AT,2012,95.6,
dataflow,ESTAT:HLTH_DPEH170(1.0),A,THS,PB1001,AS1095,T,BE,2012,54.8,u
dataflow,ESTAT:HLTH_DPEH170(1.0),A,THS,PB1001,AS1095,T,BG,2012,56.7,
dataflow,ESTAT:HLTH_DPEH170(1.0),A,THS,PB1001,AS1095,T,CY,2012,,u
dataflow,ESTAT:HLTH_DPEH170(1.0),A,THS,PB1001,AS1095,T,CZ,2012,29.4,u
dataflow,ESTAT:HLTH_DPEH170(1.0),A,THS,PB1001,AS1095,T,DE,2012,416.8,
dataflow,ESTAT:HLTH_DPEH170(1.0),A,THS,PB1001,AS1095,T,DK,2012,19.3,u
dataflow,ESTAT:HLTH_DPEH170(1.0),A,THS,PB1001,AS1095,T,EE,2012,,u
dataflow,ESTAT:HLTH_DPEH170(1.0),A,THS,PB1001,AS1095,T,EEA,2012,2408.4,e
dataflow,ESTAT:HLTH_DPEH170(1.0),A,THS,PB1001,AS1095,T,EL,2012,103.2,
dataflow,ESTAT:HLTH_DPEH170(1.0),A,THS,PB1001,AS1095,T,ES,2012,54.4,u
dataflow,ESTAT:HLTH_DPEH170(1.0),A,THS,PB1001,AS1095,T,EU27_2007,2012,2383.1,e
dataflow,ESTAT:HLTH_DPEH170(1.0),A,THS,PB1001,AS1095,T,FI,2012,,u
dataflow,ESTAT:HLTH_DPEH170(1.0),A,THS,PB1001,AS1095,T,FR,2012,127.6,
dataflow,ESTAT:HLTH_DPEH170(1.0),A,THS,PB1001,AS1095,T,HU,2012,99.9,
dataflow,ESTAT:HLTH_DPEH170(1.0),A,THS,PB1001,AS1095,T,IS,2012,,u
dataflow,ESTAT:HLTH_DPEH170(1.0),A,THS,PB1001,AS1095,T,IT,2012,376.4,
dataflow,ESTAT:HLTH_DPEH170(1.0),A,THS,PB1001,AS1095,T,LT,2012,16.5,u
dataflow,ESTAT:HLTH_DPEH170(1.0),A,THS,PB1001,AS1095,T,LU,2012,2.9,u
dataflow,ESTAT:HLTH_DPEH170(1.0),A,THS,PB1001,AS1095,T,LV,2012,5.6,u
dataflow,ESTAT:HLTH_DPEH170(1.0),A,THS,PB1001,AS1095,T,MT,2012,,u
dataflow,ESTAT:HLTH_DPEH170(1.0),A,THS,PB1001,AS1095,T,NL,2012,91.3,u
dataflow,ESTAT:HLTH_DPEH170(1.0),A,THS,PB1001,AS1095,T,NO,2012,24.4,u
dataflow,ESTAT:HLTH_DPEH170(1.0),A,THS,PB1001,AS1095,T,PL,2012,131.3,
dataflow,ESTAT:HLTH_DPEH170(1.0),A,THS,PB1001,AS1095,T,PT,2012,34.6,u
dataflow,ESTAT:HLTH_DPEH170(1.0),A,THS,PB1001,AS1095,T,RO,2012,201.9,
dataflow,ESTAT:HLTH_DPEH170(1.0),A,THS,PB1001,AS1095,T,SE,2012,,u
dataflow,ESTAT:HLTH_DPEH170(1.0),A,THS,PB1001,AS1095,T,SI,2012,12.0,u
dataflow,ESTAT:HLTH_DPEH170(1.0),A,THS,PB1001,AS1095,T,SK,2012,11.1,u
dataflow,ESTAT:HLTH_DPEH170(1.0),A,THS,PB1001,AS1095,T,UK,2012,397.0,
dataflow,ESTAT:HLTH_DPEH170(1.0),A,THS,PB1001,TOTAL,F,AT,2012,69.6,
dataflow,ESTAT:HLTH_DPEH170(1.0),A,THS,PB1001,TOTAL,F,BE,2012,34.2,u
dataflow,ESTAT:HLTH_DPEH170(1.0),A,THS,PB1001,TOTAL,F,BG,2012,24.6,u
dataflow,ESTAT:HLTH_DPEH170(1.0),A,THS,PB1001,TOTAL,F,CY,2012,,u
dataflow,ESTAT:HLTH_DPEH170(1.0),A,THS,PB1001,TOTAL,F,CZ,2012,,u
dataflow,ESTAT:HLTH_DPEH170(1.0),A,THS,PB1001,TOTAL,F,DE,2012,183.5,
dataflow,ESTAT:HLTH_DPEH170(1.0),A,THS,PB1001,TOTAL,F,DK,2012,,u
dataflow,ESTAT:HLTH_DPEH170(1.0),A,THS,PB1001,TOTAL,F,EE,2012,,u
dataflow,ESTAT:HLTH_DPEH170(1.0),A,THS,PB1001,TOTAL,F,EEA,2012,1331.6,e
dataflow,ESTAT:HLTH_DPEH170(1.0),A,THS,PB1001,TOTAL,F,EL,2012,54.3,u
dataflow,ESTAT:HLTH_DPEH170(1.0),A,THS,PB1001,TOTAL,F,ES,2012,,u
dataflow,ESTAT:HLTH_DPEH170(1.0),A,THS,PB1001,TOTAL,F,EU27_2007,2012,1312.7,e
dataflow,ESTAT:HLTH_DPEH170(1.0),A,THS,PB1001,TOTAL,F,FI,2012,,u
dataflow,ESTAT:HLTH_DPEH170(1.0),A,THS,PB1001,TOTAL,F,FR,2012,87.1,u
dataflow,ESTAT:HLTH_DPEH170(1.0),A,THS,PB1001,TOTAL,F,HU,2012,62.7,
dataflow,ESTAT:HLTH_DPEH170(1.0),A,THS,PB1001,TOTAL,F,IS,2012,,u
dataflow,ESTAT:HLTH_DPEH170(1.0),A,THS,PB1001,TOTAL,F,IT,2012,223.6,
dataflow,ESTAT:HLTH_DPEH170(1.0),A,THS,PB1001,TOTAL,F,LT,2012,9.2,u
dataflow,ESTAT:HLTH_DPEH170(1.0),A,THS,PB1001,TOTAL,F,LU,2012,,u
dataflow,ESTAT:HLTH_DPEH170(1.0),A,THS,PB1001,TOTAL,F,LV,2012,3.6,u
dataflow,ESTAT:HLTH_DPEH170(1.0),A,THS,PB1001,TOTAL,F,MT,2012,,u
dataflow,ESTAT:HLTH_DPEH170(1.0),A,THS,PB1001,TOTAL,F,NL,2012,56.8,u
dataflow,ESTAT:HLTH_DPEH170(1.0),A,THS,PB1001,TOTAL,F,NO,2012,18.5,u
dataflow,ESTAT:HLTH_DPEH170(1.0),A,THS,PB1001,TOTAL,F,PL,2012,73.7,u
dataflow,ESTAT:HLTH_DPEH170(1.0),A,THS,PB1001,TOTAL,F,PT,2012,,u
dataflow,ESTAT:HLTH_DPEH170(1.0),A,THS,PB1001,TOTAL,F,RO,2012,88.2,u
dataflow,ESTAT:HLTH_DPEH170(1.0),A,THS,PB1001,TOTAL,F,SE,2012,,u
dataflow,ESTAT:HLTH_DPEH170(1.0),A,THS,PB1001,TOTAL,F,SI,2012,,u
dataflow,ESTAT:HLTH_DPEH170(1.0),A,THS,PB1001,TOTAL,F,SK,2012,,u
dataflow,ESTAT:HLTH_DPEH170(1.0),A,THS,PB1001,TOTAL,F,UK,2012,227.6,
dataflow,ESTAT:HLTH_DPEH170(1.0),A,THS,PB1001,TOTAL,M,AT,2012,45.1,u
dataflow,ESTAT:HLTH_DPEH170(1.0),A,THS,PB1001,TOTAL,M,BE,2012,30.2,u
dataflow,ESTAT:HLTH_DPEH170(1.0),A,THS,PB1001,TOTAL,M,BG,2012,32.2,u
dataflow,ESTAT:HLTH_DPEH170(1.0),A,THS,PB1001,TOTAL,M,CY,2012,,u
dataflow,ESTAT:HLTH_DPEH170(1.0),A,THS,PB1001,TOTAL,M,CZ,2012,,u
dataflow,ESTAT:HLTH_DPEH170(1.0),A,THS,PB1001,TOTAL,M,DE,2012,283.1,
dataflow,ESTAT:HLTH_DPEH170(1.0),A,THS,PB1001,TOTAL,M,DK,2012,,u
dataflow,ESTAT:HLTH_DPEH170(1.0),A,THS,PB1001,TOTAL,M,EE,2012,,u
dataflow,ESTAT:HLTH_DPEH170(1.0),A,THS,PB1001,TOTAL,M,EEA,2012,1477.1,e
dataflow,ESTAT:HLTH_DPEH170(1.0),A,THS,PB1001,TOTAL,M,EL,2012,51.0,u
dataflow,ESTAT:HLTH_DPEH170(1.0),A,THS,PB1001,TOTAL,M,ES,2012,49.4,u
dataflow,ESTAT:HLTH_DPEH170(1.0),A,THS,PB1001,TOTAL,M,EU27_2007,2012,1465.5,e
dataflow,ESTAT:HLTH_DPEH170(1.0),A,THS,PB1001,TOTAL,M,FI,2012,,u
dataflow,ESTAT:HLTH_DPEH170(1.0),A,THS,PB1001,TOTAL,M,FR,2012,97.4,u
dataflow,ESTAT:HLTH_DPEH170(1.0),A,THS,PB1001,TOTAL,M,HU,2012,41.3,u
dataflow,ESTAT:HLTH_DPEH170(1.0),A,THS,PB1001,TOTAL,M,IS,2012,,u
dataflow,ESTAT:HLTH_DPEH170(1.0),A,THS,PB1001,TOTAL,M,IT,2012,184.5,u
dataflow,ESTAT:HLTH_DPEH170(1.0),A,THS,PB1001,TOTAL,M,LT,2012,7.9,u
dataflow,ESTAT:HLTH_DPEH170(1.0),A,THS,PB1001,TOTAL,M,LU,2012,,u
dataflow,ESTAT:HLTH_DPEH170(1.0),A,THS,PB1001,TOTAL,M,LV,2012,,u
dataflow,ESTAT:HLTH_DPEH170(1.0),A,THS,PB1001,TOTAL,M,MT,2012,,u
dataflow,ESTAT:HLTH_DPEH170(1.0),A,THS,PB1001,TOTAL,M,NL,2012,45.7,u
dataflow,ESTAT:HLTH_DPEH170(1.0),A,THS,PB1001,TOTAL,M,NO,2012,,u
dataflow,ESTAT:HLTH_DPEH170(1.0),A,THS,PB1001,TOTAL,M,PL,2012,84.7,u
dataflow,ESTAT:HLTH_DPEH170(1.0),A,THS,PB1001,TOTAL,M,PT,2012,,u
dataflow,ESTAT:HLTH_DPEH170(1.0),A,THS,PB1001,TOTAL,M,RO,2012,120.4,
dataflow,ESTAT:HLTH_DPEH170(1.0),A,THS,PB1001,TOTAL,M,SE,2012,,u
dataflow,ESTAT:HLTH_DPEH170(1.0),A,THS,PB1001,TOTAL,M,SI,2012,,u
dataflow,ESTAT:HLTH_DPEH170(1.0),A,THS,PB1001,TOTAL,M,SK,2012,,u
dataflow,ESTAT:HLTH_DPEH170(1.0),A,THS,PB1001,TOTAL,M,UK,2012,286.5,
dataflow,ESTAT:HLTH_DPEH170(1.0),A,THS,PB1001,TOTAL,T,AT,2012,114.7,
dataflow,ESTAT:HLTH_DPEH170(1.0),A,THS,PB1001,TOTAL,T,BE,2012,64.5,u
dataflow,ESTAT:HLTH_DPEH170(1.0),A,THS,PB1001,TOTAL,T,BG,2012,56.7,
dataflow,ESTAT:HLTH_DPEH170(1.0),A,THS,PB1001,TOTAL,T,CY,2012,,u
dataflow,ESTAT:HLTH_DPEH170(1.0),A,THS,PB1001,TOTAL,T,CZ,2012,31.8,u
dataflow,ESTAT:HLTH_DPEH170(1.0),A,THS,PB1001,TOTAL,T,DE,2012,466.6,
dataflow,ESTAT:HLTH_DPEH170(1.0),A,THS,PB1001,TOTAL,T,DK,2012,21.9,u
dataflow,ESTAT:HLTH_DPEH170(1.0),A,THS,PB1001,TOTAL,T,EE,2012,,u
dataflow,ESTAT:HLTH_DPEH170(1.0),A,THS,PB1001,TOTAL,T,EEA,2012,2808.8,e
dataflow,ESTAT:HLTH_DPEH170(1.0),A,THS,PB1001,TOTAL,T,EL,2012,105.3,
dataflow,ESTAT:HLTH_DPEH170(1.0),A,THS,PB1001,TOTAL,T,ES,2012,85.5,u
dataflow,ESTAT:HLTH_DPEH170(1.0),A,THS,PB1001,TOTAL,T,EU27_2007,2012,2778.2,e
dataflow,ESTAT:HLTH_DPEH170(1.0),A,THS,PB1001,TOTAL,T,FI,2012,,u
dataflow,ESTAT:HLTH_DPEH170(1.0),A,THS,PB1001,TOTAL,T,FR,2012,184.5,
dataflow,ESTAT:HLTH_DPEH170(1.0),A,THS,PB1001,TOTAL,T,HU,2012,104.0,
dataflow,ESTAT:HLTH_DPEH170(1.0),A,THS,PB1001,TOTAL,T,IS,2012,,u
dataflow,ESTAT:HLTH_DPEH170(1.0),A,THS,PB1001,TOTAL,T,IT,2012,408.1,
dataflow,ESTAT:HLTH_DPEH170(1.0),A,THS,PB1001,TOTAL,T,LT,2012,17.1,u
dataflow,ESTAT:HLTH_DPEH170(1.0),A,THS,PB1001,TOTAL,T,LU,2012,4.2,u
dataflow,ESTAT:HLTH_DPEH170(1.0),A,THS,PB1001,TOTAL,T,LV,2012,6.3,u
dataflow,ESTAT:HLTH_DPEH170(1.0),A,THS,PB1001,TOTAL,T,MT,2012,,u
dataflow,ESTAT:HLTH_DPEH170(1.0),A,THS,PB1001,TOTAL,T,NL,2012,102.5,u
dataflow,ESTAT:HLTH_DPEH170(1.0),A,THS,PB1001,TOTAL,T,NO,2012,29.6,u
dataflow,ESTAT:HLTH_DPEH170(1.0),A,THS,PB1001,TOTAL,T,PL,2012,158.3,
dataflow,ESTAT:HLTH_DPEH170(1.0),A,THS,PB1001,TOTAL,T,PT,2012,45.0,u
dataflow,ESTAT:HLTH_DPEH170(1.0),A,THS,PB1001,TOTAL,T,RO,2012,208.7,
dataflow,ESTAT:HLTH_DPEH170(1.0),A,THS,PB1001,TOTAL,T,SE,2012,,u
dataflow,ESTAT:HLTH_DPEH170(1.0),A,THS,PB1001,TOTAL,T,SI,2012,12.9,u
dataflow,ESTAT:HLTH_DPEH170(1.0),A,THS,PB1001,TOTAL,T,SK,2012,15.9,u
dataflow,ESTAT:HLTH_DPEH170(1.0),A,THS,PB1001,TOTAL,T,UK,2012,514.0,
dataflow,ESTAT:HLTH_DPEH170(1.0),A,THS,TOTAL,AS1015,F,AT,2012,149.9,
dataflow,ESTAT:HLTH_DPEH170(1.0),A,THS,TOTAL,AS1015,F,BE,2012,382.2,
dataflow,ESTAT:HLTH_DPEH170(1.0),A,THS,TOTAL,AS1015,F,BG,2012,252.7,
dataflow,ESTAT:HLTH_DPEH170(1.0),A,THS,TOTAL,AS1015,F,CY,2012,18.5,
dataflow,ESTAT:HLTH_DPEH170(1.0),A,THS,TOTAL,AS1015,F,CZ,2012,241.4,
dataflow,ESTAT:HLTH_DPEH170(1.0),A,THS,TOTAL,AS1015,F,DE,2012,2318.7,
dataflow,ESTAT:HLTH_DPEH170(1.0),A,THS,TOTAL,AS1015,F,DK,2012,135.8,
dataflow,ESTAT:HLTH_DPEH170(1.0),A,THS,TOTAL,AS1015,F,EE,2012,61.3,
dataflow,ESTAT:HLTH_DPEH170(1.0),A,THS,TOTAL,AS1015,F,EEA,2012,16688.8,e
dataflow,ESTAT:HLTH_DPEH170(1.0),A,THS,TOTAL,AS1015,F,EL,2012,438.0,
dataflow,ESTAT:HLTH_DPEH170(1.0),A,THS,TOTAL,AS1015,F,ES,2012,2129.2,
dataflow,ESTAT:HLTH_DPEH170(1.0),A,THS,TOTAL,AS1015,F,EU27_2007,2012,16542.8,e
dataflow,ESTAT:HLTH_DPEH170(1.0),A,THS,TOTAL,AS1015,F,FI,2012,77.0,
dataflow,ESTAT:HLTH_DPEH170(1.0),A,THS,TOTAL,AS1015,F,FR,2012,1810.5,
dataflow,ESTAT:HLTH_DPEH170(1.0),A,THS,TOTAL,AS1015,F,HU,2012,270.2,
dataflow,ESTAT:HLTH_DPEH170(1.0),A,THS,TOTAL,AS1015,F,IS,2012,5.8,
dataflow,ESTAT:HLTH_DPEH170(1.0),A,THS,TOTAL,AS1015,F,IT,2012,2566.0,
dataflow,ESTAT:HLTH_DPEH170(1.0),A,THS,TOTAL,AS1015,F,LT,2012,161.0,
dataflow,ESTAT:HLTH_DPEH170(1.0),A,THS,TOTAL,AS1015,F,LU,2012,12.4,
dataflow,ESTAT:HLTH_DPEH170(1.0),A,THS,TOTAL,AS1015,F,LV,2012,49.5,
dataflow,ESTAT:HLTH_DPEH170(1.0),A,THS,TOTAL,AS1015,F,MT,2012,8.9,
dataflow,ESTAT:HLTH_DPEH170(1.0),A,THS,TOTAL,AS1015,F,NL,2012,386.2,
dataflow,ESTAT:HLTH_DPEH170(1.0),A,THS,TOTAL,AS1015,F,NO,2012,140.2,
dataflow,ESTAT:HLTH_DPEH170(1.0),A,THS,TOTAL,AS1015,F,PL,2012,1058.2,
dataflow,ESTAT:HLTH_DPEH170(1.0),A,THS,TOTAL,AS1015,F,PT,2012,329.5,
dataflow,ESTAT:HLTH_DPEH170(1.0),A,THS,TOTAL,AS1015,F,RO,2012,672.2,
dataflow,ESTAT:HLTH_DPEH170(1.0),A,THS,TOTAL,AS1015,F,SE,2012,193.1,
dataflow,ESTAT:HLTH_DPEH170(1.0),A,THS,TOTAL,AS1015,F,SI,2012,51.1,
dataflow,ESTAT:HLTH_DPEH170(1.0),A,THS,TOTAL,AS1015,F,SK,2012,117.0,
dataflow,ESTAT:HLTH_DPEH170(1.0),A,THS,TOTAL,AS1015,F,UK,2012,2652.5,
dataflow,ESTAT:HLTH_DPEH170(1.0),A,THS,TOTAL,AS1015,M,AT,2012,101.8,
dataflow,ESTAT:HLTH_DPEH170(1.0),A,THS,TOTAL,AS1015,M,BE,2012,200.9,
dataflow,ESTAT:HLTH_DPEH170(1.0),A,THS,TOTAL,AS1015,M,BG,2012,168.6,
dataflow,ESTAT:HLTH_DPEH170(1.0),A,THS,TOTAL,AS1015,M,CY,2012,15.5,
dataflow,ESTAT:HLTH_DPEH170(1.0),A,THS,TOTAL,AS1015,M,CZ,2012,155.3,
dataflow,ESTAT:HLTH_DPEH170(1.0),A,THS,TOTAL,AS1015,M,DE,2012,1419.8,
dataflow,ESTAT:HLTH_DPEH170(1.0),A,THS,TOTAL,AS1015,M,DK,2012,95.7,
dataflow,ESTAT:HLTH_DPEH170(1.0),A,THS,TOTAL,AS1015,M,EE,2012,27.9,
dataflow,ESTAT:HLTH_DPEH170(1.0),A,THS,TOTAL,AS1015,M,EEA,2012,10514.7,e
dataflow,ESTAT:HLTH_DPEH170(1.0),A,THS,TOTAL,AS1015,M,EL,2012,242.3,
dataflow,ESTAT:HLTH_DPEH170(1.0),A,THS,TOTAL,AS1015,M,ES,2012,1173.0,
dataflow,ESTAT:HLTH_DPEH170(1.0),A,THS,TOTAL,AS1015,M,EU27_2007,2012,10431.4,e
dataflow,ESTAT:HLTH_DPEH170(1.0),A,THS,TOTAL,AS1015,M,FI,2012,43.3,
dataflow,ESTAT:HLTH_DPEH170(1.0),A,THS,TOTAL,AS1015,M,FR,2012,1302.1,
dataflow,ESTAT:HLTH_DPEH170(1.0),A,THS,TOTAL,AS1015,M,HU,2012,113.0,
dataflow,ESTAT:HLTH_DPEH170(1.0),A,THS,TOTAL,AS1015,M,IS,2012,2.3,
dataflow,ESTAT:HLTH_DPEH170(1.0),A,THS,TOTAL,AS1015,M,IT,2012,1372.6,
dataflow,ESTAT:HLTH_DPEH170(1.0),A,THS,TOTAL,AS1015,M,LT,2012,66.4,
dataflow,ESTAT:HLTH_DPEH170(1.0),A,THS,TOTAL,AS1015,M,LU,2012,8.9,
dataflow,ESTAT:HLTH_DPEH170(1.0),A,THS,TOTAL,AS1015,M,LV,2012,22.1,
dataflow,ESTAT:HLTH_DPEH170(1.0),A,THS,TOTAL,AS1015,M,MT,2012,6.4,
dataflow,ESTAT:HLTH_DPEH170(1.0),A,THS,TOTAL,AS1015,M,NL,2012,242.3,
dataflow,ESTAT:HLTH_DPEH170(1.0),A,THS,TOTAL,AS1015,M,NO,2012,81.1,
dataflow,ESTAT:HLTH_DPEH170(1.0),A,THS,TOTAL,AS1015,M,PL,2012,611.2,
dataflow,ESTAT:HLTH_DPEH170(1.0),A,THS,TOTAL,AS1015,M,PT,2012,204.8,
dataflow,ESTAT:HLTH_DPEH170(1.0),A,THS,TOTAL,AS1015,M,RO,2012,444.7,
dataflow,ESTAT:HLTH_DPEH170(1.0),A,THS,TOTAL,AS1015,M,SE,2012,117.0,
dataflow,ESTAT:HLTH_DPEH170(1.0),A,THS,TOTAL,AS1015,M,SI,2012,22.5,
dataflow,ESTAT:HLTH_DPEH170(1.0),A,THS,TOTAL,AS1015,M,SK,2012,79.4,
dataflow,ESTAT:HLTH_DPEH170(1.0),A,THS,TOTAL,AS1015,M,UK,2012,2174.0,
dataflow,ESTAT:HLTH_DPEH170(1.0),A,THS,TOTAL,AS1015,T,AT,2012,251.6,
dataflow,ESTAT:HLTH_DPEH170(1.0),A,THS,TOTAL,AS1015,T,BE,2012,583.1,
dataflow,ESTAT:HLTH_DPEH170(1.0),A,THS,TOTAL,AS1015,T,BG,2012,421.3,
dataflow,ESTAT:HLTH_DPEH170(1.0),A,THS,TOTAL,AS1015,T,CY,2012,34.0,
dataflow,ESTAT:HLTH_DPEH170(1.0),A,THS,TOTAL,AS1015,T,CZ,2012,396.6,
dataflow,ESTAT:HLTH_DPEH170(1.0),A,THS,TOTAL,AS1015,T,DE,2012,3738.5,
dataflow,ESTAT:HLTH_DPEH170(1.0),A,THS,TOTAL,AS1015,T,DK,2012,231.4,
dataflow,ESTAT:HLTH_DPEH170(1.0),A,THS,TOTAL,AS1015,T,EE,2012,89.1,
dataflow,ESTAT:HLTH_DPEH170(1.0),A,THS,TOTAL,AS1015,T,EEA,2012,27203.5,e
dataflow,ESTAT:HLTH_DPEH170(1.0),A,THS,TOTAL,AS1015,T,EL,2012,680.3,
dataflow,ESTAT:HLTH_DPEH170(1.0),A,THS,TOTAL,AS1015,T,ES,2012,3302.2,
dataflow,ESTAT:HLTH_DPEH170(1.0),A,THS,TOTAL,AS1015,T,EU27_2007,2012,26974.2,e
dataflow,ESTAT:HLTH_DPEH170(1.0),A,THS,TOTAL,AS1015,T,FI,2012,120.3,
dataflow,ESTAT:HLTH_DPEH170(1.0),A,THS,TOTAL,AS1015,T,FR,2012,3112.6,
dataflow,ESTAT:HLTH_DPEH170(1.0),A,THS,TOTAL,AS1015,T,HU,2012,383.2,
dataflow,ESTAT:HLTH_DPEH170(1.0),A,THS,TOTAL,AS1015,T,IS,2012,8.1,
dataflow,ESTAT:HLTH_DPEH170(1.0),A,THS,TOTAL,AS1015,T,IT,2012,3938.6,
dataflow,ESTAT:HLTH_DPEH170(1.0),A,THS,TOTAL,AS1015,T,LT,2012,227.5,
dataflow,ESTAT:HLTH_DPEH170(1.0),A,THS,TOTAL,AS1015,T,LU,2012,21.3,
dataflow,ESTAT:HLTH_DPEH170(1.0),A,THS,TOTAL,AS1015,T,LV,2012,71.6,
dataflow,ESTAT:HLTH_DPEH170(1.0),A,THS,TOTAL,AS1015,T,MT,2012,15.3,
dataflow,ESTAT:HLTH_DPEH170(1.0),A,THS,TOTAL,AS1015,T,NL,2012,628.5,
dataflow,ESTAT:HLTH_DPEH170(1.0),A,THS,TOTAL,AS1015,T,NO,2012,221.3,
dataflow,ESTAT:HLTH_DPEH170(1.0),A,THS,TOTAL,AS1015,T,PL,2012,1669.4,
dataflow,ESTAT:HLTH_DPEH170(1.0),A,THS,TOTAL,AS1015,T,PT,2012,534.3,
dataflow,ESTAT:HLTH_DPEH170(1.0),A,THS,TOTAL,AS1015,T,RO,2012,1116.9,
dataflow,ESTAT:HLTH_DPEH170(1.0),A,THS,TOTAL,AS1015,T,SE,2012,310.1,
dataflow,ESTAT:HLTH_DPEH170(1.0),A,THS,TOTAL,AS1015,T,SI,2012,73.6,
dataflow,ESTAT:HLTH_DPEH170(1.0),A,THS,TOTAL,AS1015,T,SK,2012,196.4,
dataflow,ESTAT:HLTH_DPEH170(1.0),A,THS,TOTAL,AS1015,T,UK,2012,4826.5,
dataflow,ESTAT:HLTH_DPEH170(1.0),A,THS,TOTAL,AS1095,F,AT,2012,495.5,
dataflow,ESTAT:HLTH_DPEH170(1.0),A,THS,TOTAL,AS1095,F,BE,2012,577.0,
dataflow,ESTAT:HLTH_DPEH170(1.0),A,THS,TOTAL,AS1095,F,BG,2012,536.8,
dataflow,ESTAT:HLTH_DPEH170(1.0),A,THS,TOTAL,AS1095,F,CY,2012,37.2,
dataflow,ESTAT:HLTH_DPEH170(1.0),A,THS,TOTAL,AS1095,F,CZ,2012,522.0,
dataflow,ESTAT:HLTH_DPEH170(1.0),A,THS,TOTAL,AS1095,F,DE,2012,5832.0,
dataflow,ESTAT:HLTH_DPEH170(1.0),A,THS,TOTAL,AS1095,F,DK,2012,390.3,
dataflow,ESTAT:HLTH_DPEH170(1.0),A,THS,TOTAL,AS1095,F,EE,2012,87.2,
dataflow,ESTAT:HLTH_DPEH170(1.0),A,THS,TOTAL,AS1095,F,EEA,2012,26487.1,e
dataflow,ESTAT:HLTH_DPEH170(1.0),A,THS,TOTAL,AS1095,F,EL,2012,589.8,
dataflow,ESTAT:HLTH_DPEH170(1.0),A,THS,TOTAL,AS1095,F,ES,2012,1872.1,
dataflow,ESTAT:HLTH_DPEH170(1.0),A,THS,TOTAL,AS1095,F,EU27_2007,2012,26097.5,e
dataflow,ESTAT:HLTH_DPEH170(1.0),A,THS,TOTAL,AS1095,F,FI,2012,336.7,
dataflow,ESTAT:HLTH_DPEH170(1.0),A,THS,TOTAL,AS1095,F,FR,2012,2069.6,
dataflow,ESTAT:HLTH_DPEH170(1.0),A,THS,TOTAL,AS1095,F,HU,2012,972.9,
dataflow,ESTAT:HLTH_DPEH170(1.0),A,THS,TOTAL,AS1095,F,IS,2012,20.4,
dataflow,ESTAT:HLTH_DPEH170(1.0),A,THS,TOTAL,AS1095,F,IT,2012,2027.7,
dataflow,ESTAT:HLTH_DPEH170(1.0),A,THS,TOTAL,AS1095,F,LT,2012,213.5,
dataflow,ESTAT:HLTH_DPEH170(1.0),A,THS,TOTAL,AS1095,F,LU,2012,24.4,
dataflow,ESTAT:HLTH_DPEH170(1.0),A,THS,TOTAL,AS1095,F,LV,2012,215.9,
dataflow,ESTAT:HLTH_DPEH170(1.0),A,THS,TOTAL,AS1095,F,MT,2012,15.6,
dataflow,ESTAT:HLTH_DPEH170(1.0),A,THS,TOTAL,AS1095,F,NL,2012,1048.8,
dataflow,ESTAT:HLTH_DPEH170(1.0),A,THS,TOTAL,AS1095,F,NO,2012,369.2,
dataflow,ESTAT:HLTH_DPEH170(1.0),A,THS,TOTAL,AS1095,F,PL,2012,2547.0,
dataflow,ESTAT:HLTH_DPEH170(1.0),A,THS,TOTAL,AS1095,F,PT,2012,387.1,
dataflow,ESTAT:HLTH_DPEH170(1.0),A,THS,TOTAL,AS1095,F,RO,2012,1133.5,
dataflow,ESTAT:HLTH_DPEH170(1.0),A,THS,TOTAL,AS1095,F,SE,2012,512.3,
dataflow,ESTAT:HLTH_DPEH170(1.0),A,THS,TOTAL,AS1095,F,SI,2012,131.7,
dataflow,ESTAT:HLTH_DPEH170(1.0),A,THS,TOTAL,AS1095,F,SK,2012,387.5,
dataflow,ESTAT:HLTH_DPEH170(1.0),A,THS,TOTAL,AS1095,F,UK,2012,3133.7,
dataflow,ESTAT:HLTH_DPEH170(1.0),A,THS,TOTAL,AS1095,M,AT,2012,415.6,
dataflow,ESTAT:HLTH_DPEH170(1.0),A,THS,TOTAL,AS1095,M,BE,2012,393.3,
dataflow,ESTAT:HLTH_DPEH170(1.0),A,THS,TOTAL,AS1095,M,BG,2012,411.5,
dataflow,ESTAT:HLTH_DPEH170(1.0),A,THS,TOTAL,AS1095,M,CY,2012,33.0,
dataflow,ESTAT:HLTH_DPEH170(1.0),A,THS,TOTAL,AS1095,M,CZ,2012,353.5,
dataflow,ESTAT:HLTH_DPEH170(1.0),A,THS,TOTAL,AS1095,M,DE,2012,5213.3,
dataflow,ESTAT:HLTH_DPEH170(1.0),A,THS,TOTAL,AS1095,M,DK,2012,297.6,
dataflow,ESTAT:HLTH_DPEH170(1.0),A,THS,TOTAL,AS1095,M,EE,2012,48.7,
dataflow,ESTAT:HLTH_DPEH170(1.0),A,THS,TOTAL,AS1095,M,EEA,2012,20204.3,e
dataflow,ESTAT:HLTH_DPEH170(1.0),A,THS,TOTAL,AS1095,M,EL,2012,416.6,
dataflow,ESTAT:HLTH_DPEH170(1.0),A,THS,TOTAL,AS1095,M,ES,2012,1376.8,
dataflow,ESTAT:HLTH_DPEH170(1.0),A,THS,TOTAL,AS1095,M,EU27_2007,2012,19958.9,e
dataflow,ESTAT:HLTH_DPEH170(1.0),A,THS,TOTAL,AS1095,M,FI,2012,310.5,
dataflow,ESTAT:HLTH_DPEH170(1.0),A,THS,TOTAL,AS1095,M,FR,2012,1623.2,
dataflow,ESTAT:HLTH_DPEH170(1.0),A,THS,TOTAL,AS1095,M,HU,2012,716.6,
dataflow,ESTAT:HLTH_DPEH170(1.0),A,THS,TOTAL,AS1095,M,IS,2012,12.3,
dataflow,ESTAT:HLTH_DPEH170(1.0),A,THS,TOTAL,AS1095,M,IT,2012,1433.3,
dataflow,ESTAT:HLTH_DPEH170(1.0),A,THS,TOTAL,AS1095,M,LT,2012,144.5,
dataflow,ESTAT:HLTH_DPEH170(1.0),A,THS,TOTAL,AS1095,M,LU,2012,22.7,
dataflow,ESTAT:HLTH_DPEH170(1.0),A,THS,TOTAL,AS1095,M,LV,2012,117.8,
dataflow,ESTAT:HLTH_DPEH170(1.0),A,THS,TOTAL,AS1095,M,MT,2012,11.3,
dataflow,ESTAT:HLTH_DPEH170(1.0),A,THS,TOTAL,AS1095,M,NL,2012,717.9,
dataflow,ESTAT:HLTH_DPEH170(1.0),A,THS,TOTAL,AS1095,M,NO,2012,233.0,
dataflow,ESTAT:HLTH_DPEH170(1.0),A,THS,TOTAL,AS1095,M,PL,2012,1588.8,
dataflow,ESTAT:HLTH_DPEH170(1.0),A,THS,TOTAL,AS1095,M,PT,2012,303.2,
dataflow,ESTAT:HLTH_DPEH170(1.0),A,THS,TOTAL,AS1095,M,RO,2012,1013.2,
dataflow,ESTAT:HLTH_DPEH170(1.0),A,THS,TOTAL,AS1095,M,SE,2012,342.5,
dataflow,ESTAT:HLTH_DPEH170(1.0),A,THS,TOTAL,AS1095,M,SI,2012,115.0,
dataflow,ESTAT:HLTH_DPEH170(1.0),A,THS,TOTAL,AS1095,M,SK,2012,230.2,
dataflow,ESTAT:HLTH_DPEH170(1.0),A,THS,TOTAL,AS1095,M,UK,2012,2308.4,
dataflow,ESTAT:HLTH_DPEH170(1.0),A,THS,TOTAL,AS1095,T,AT,2012,911.1,
dataflow,ESTAT:HLTH_DPEH170(1.0),A,THS,TOTAL,AS1095,T,BE,2012,970.3,
dataflow,ESTAT:HLTH_DPEH170(1.0),A,THS,TOTAL,AS1095,T,BG,2012,948.2,
dataflow,ESTAT:HLTH_DPEH170(1.0),A,THS,TOTAL,AS1095,T,CY,2012,70.1,
dataflow,ESTAT:HLTH_DPEH170(1.0),A,THS,TOTAL,AS1095,T,CZ,2012,875.5,
dataflow,ESTAT:HLTH_DPEH170(1.0),A,THS,TOTAL,AS1095,T,DE,2012,11045.3,
dataflow,ESTAT:HLTH_DPEH170(1.0),A,THS,TOTAL,AS1095,T,DK,2012,687.8,
dataflow,ESTAT:HLTH_DPEH170(1.0),A,THS,TOTAL,AS1095,T,EE,2012,135.9,
dataflow,ESTAT:HLTH_DPEH170(1.0),A,THS,TOTAL,AS1095,T,EEA,2012,46691.4,e
dataflow,ESTAT:HLTH_DPEH170(1.0),A,THS,TOTAL,AS1095,T,EL,2012,1006.4,
dataflow,ESTAT:HLTH_DPEH170(1.0),A,THS,TOTAL,AS1095,T,ES,2012,3249.0,
dataflow,ESTAT:HLTH_DPEH170(1.0),A,THS,TOTAL,AS1095,T,EU27_2007,2012,46056.4,e
dataflow,ESTAT:HLTH_DPEH170(1.0),A,THS,TOTAL,AS1095,T,FI,2012,647.2,
dataflow,ESTAT:HLTH_DPEH170(1.0),A,THS,TOTAL,AS1095,T,FR,2012,3692.8,
dataflow,ESTAT:HLTH_DPEH170(1.0),A,THS,TOTAL,AS1095,T,HU,2012,1689.6,
dataflow,ESTAT:HLTH_DPEH170(1.0),A,THS,TOTAL,AS1095,T,IS,2012,32.8,
dataflow,ESTAT:HLTH_DPEH170(1.0),A,THS,TOTAL,AS1095,T,IT,2012,3460.9,
dataflow,ESTAT:HLTH_DPEH170(1.0),A,THS,TOTAL,AS1095,T,LT,2012,358.0,
dataflow,ESTAT:HLTH_DPEH170(1.0),A,THS,TOTAL,AS1095,T,LU,2012,47.0,
dataflow,ESTAT:HLTH_DPEH170(1.0),A,THS,TOTAL,AS1095,T,LV,2012,333.8,
dataflow,ESTAT:HLTH_DPEH170(1.0),A,THS,TOTAL,AS1095,T,MT,2012,26.9,
dataflow,ESTAT:HLTH_DPEH170(1.0),A,THS,TOTAL,AS1095,T,NL,2012,1766.6,
dataflow,ESTAT:HLTH_DPEH170(1.0),A,THS,TOTAL,AS1095,T,NO,2012,602.2,
dataflow,ESTAT:HLTH_DPEH170(1.0),A,THS,TOTAL,AS1095,T,PL,2012,4135.8,
dataflow,ESTAT:HLTH_DPEH170(1.0),A,THS,TOTAL,AS1095,T,PT,2012,690.3,
dataflow,ESTAT:HLTH_DPEH170(1.0),A,THS,TOTAL,AS1095,T,RO,2012,2146.7,
dataflow,ESTAT:HLTH_DPEH170(1.0),A,THS,TOTAL,AS1095,T,SE,2012,854.9,
dataflow,ESTAT:HLTH_DPEH170(1.0),A,THS,TOTAL,AS1095,T,SI,2012,246.7,
dataflow,ESTAT:HLTH_DPEH170(1.0),A,THS,TOTAL,AS1095,T,SK,2012,617.7,
dataflow,ESTAT:HLTH_DPEH170(1.0),A,THS,TOTAL,AS1095,T,UK,2012,5442.0,
dataflow,ESTAT:HLTH_DPEH170(1.0),A,THS,TOTAL,TOTAL,F,AT,2012,645.4,
dataflow,ESTAT:HLTH_DPEH170(1.0),A,THS,TOTAL,TOTAL,F,BE,2012,959.2,
dataflow,ESTAT:HLTH_DPEH170(1.0),A,THS,TOTAL,TOTAL,F,BG,2012,789.5,
dataflow,ESTAT:HLTH_DPEH170(1.0),A,THS,TOTAL,TOTAL,F,CY,2012,55.7,
dataflow,ESTAT:HLTH_DPEH170(1.0),A,THS,TOTAL,TOTAL,F,CZ,2012,763.4,
dataflow,ESTAT:HLTH_DPEH170(1.0),A,THS,TOTAL,TOTAL,F,DE,2012,8150.7,
dataflow,ESTAT:HLTH_DPEH170(1.0),A,THS,TOTAL,TOTAL,F,DK,2012,526.1,
dataflow,ESTAT:HLTH_DPEH170(1.0),A,THS,TOTAL,TOTAL,F,EE,2012,148.5,
dataflow,ESTAT:HLTH_DPEH170(1.0),A,THS,TOTAL,TOTAL,F,EEA,2012,43175.9,e
dataflow,ESTAT:HLTH_DPEH170(1.0),A,THS,TOTAL,TOTAL,F,EL,2012,1027.8,
dataflow,ESTAT:HLTH_DPEH170(1.0),A,THS,TOTAL,TOTAL,F,ES,2012,4001.3,
dataflow,ESTAT:HLTH_DPEH170(1.0),A,THS,TOTAL,TOTAL,F,EU27_2007,2012,42640.3,e
dataflow,ESTAT:HLTH_DPEH170(1.0),A,THS,TOTAL,TOTAL,F,FI,2012,413.7,
dataflow,ESTAT:HLTH_DPEH170(1.0),A,THS,TOTAL,TOTAL,F,FR,2012,3880.1,
dataflow,ESTAT:HLTH_DPEH170(1.0),A,THS,TOTAL,TOTAL,F,HU,2012,1243.1,
dataflow,ESTAT:HLTH_DPEH170(1.0),A,THS,TOTAL,TOTAL,F,IS,2012,26.2,
dataflow,ESTAT:HLTH_DPEH170(1.0),A,THS,TOTAL,TOTAL,F,IT,2012,4593.6,
dataflow,ESTAT:HLTH_DPEH170(1.0),A,THS,TOTAL,TOTAL,F,LT,2012,374.5,
dataflow,ESTAT:HLTH_DPEH170(1.0),A,THS,TOTAL,TOTAL,F,LU,2012,36.8,
dataflow,ESTAT:HLTH_DPEH170(1.0),A,THS,TOTAL,TOTAL,F,LV,2012,265.4,
dataflow,ESTAT:HLTH_DPEH170(1.0),A,THS,TOTAL,TOTAL,F,MT,2012,24.4,
dataflow,ESTAT:HLTH_DPEH170(1.0),A,THS,TOTAL,TOTAL,F,NL,2012,1435.0,
dataflow,ESTAT:HLTH_DPEH170(1.0),A,THS,TOTAL,TOTAL,F,NO,2012,509.3,
dataflow,ESTAT:HLTH_DPEH170(1.0),A,THS,TOTAL,TOTAL,F,PL,2012,3605.2,
dataflow,ESTAT:HLTH_DPEH170(1.0),A,THS,TOTAL,TOTAL,F,PT,2012,716.5,
dataflow,ESTAT:HLTH_DPEH170(1.0),A,THS,TOTAL,TOTAL,F,RO,2012,1805.6,
dataflow,ESTAT:HLTH_DPEH170(1.0),A,THS,TOTAL,TOTAL,F,SE,2012,705.5,
dataflow,ESTAT:HLTH_DPEH170(1.0),A,THS,TOTAL,TOTAL,F,SI,2012,182.7,
dataflow,ESTAT:HLTH_DPEH170(1.0),A,THS,TOTAL,TOTAL,F,SK,2012,504.5,
dataflow,ESTAT:HLTH_DPEH170(1.0),A,THS,TOTAL,TOTAL,F,UK,2012,5786.1,
dataflow,ESTAT:HLTH_DPEH170(1.0),A,THS,TOTAL,TOTAL,M,AT,2012,517.3,
dataflow,ESTAT:HLTH_DPEH170(1.0),A,THS,TOTAL,TOTAL,M,BE,2012,594.2,
dataflow,ESTAT:HLTH_DPEH170(1.0),A,THS,TOTAL,TOTAL,M,BG,2012,580.1,
dataflow,ESTAT:HLTH_DPEH170(1.0),A,THS,TOTAL,TOTAL,M,CY,2012,48.5,
dataflow,ESTAT:HLTH_DPEH170(1.0),A,THS,TOTAL,TOTAL,M,CZ,2012,508.7,
dataflow,ESTAT:HLTH_DPEH170(1.0),A,THS,TOTAL,TOTAL,M,DE,2012,6633.1,
dataflow,ESTAT:HLTH_DPEH170(1.0),A,THS,TOTAL,TOTAL,M,DK,2012,393.2,
dataflow,ESTAT:HLTH_DPEH170(1.0),A,THS,TOTAL,TOTAL,M,EE,2012,76.6,
dataflow,ESTAT:HLTH_DPEH170(1.0),A,THS,TOTAL,TOTAL,M,EEA,2012,30719.0,e
dataflow,ESTAT:HLTH_DPEH170(1.0),A,THS,TOTAL,TOTAL,M,EL,2012,658.8,
dataflow,ESTAT:HLTH_DPEH170(1.0),A,THS,TOTAL,TOTAL,M,ES,2012,2549.8,
dataflow,ESTAT:HLTH_DPEH170(1.0),A,THS,TOTAL,TOTAL,M,EU27_2007,2012,30390.2,e
dataflow,ESTAT:HLTH_DPEH170(1.0),A,THS,TOTAL,TOTAL,M,FI,2012,353.8,
dataflow,ESTAT:HLTH_DPEH170(1.0),A,THS,TOTAL,TOTAL,M,FR,2012,2925.3,
dataflow,ESTAT:HLTH_DPEH170(1.0),A,THS,TOTAL,TOTAL,M,HU,2012,829.7,
dataflow,ESTAT:HLTH_DPEH170(1.0),A,THS,TOTAL,TOTAL,M,IS,2012,14.6,
dataflow,ESTAT:HLTH_DPEH170(1.0),A,THS,TOTAL,TOTAL,M,IT,2012,2805.9,
dataflow,ESTAT:HLTH_DPEH170(1.0),A,THS,TOTAL,TOTAL,M,LT,2012,211.0,
dataflow,ESTAT:HLTH_DPEH170(1.0),A,THS,TOTAL,TOTAL,M,LU,2012,31.6,
dataflow,ESTAT:HLTH_DPEH170(1.0),A,THS,TOTAL,TOTAL,M,LV,2012,139.9,
dataflow,ESTAT:HLTH_DPEH170(1.0),A,THS,TOTAL,TOTAL,M,MT,2012,17.7,
dataflow,ESTAT:HLTH_DPEH170(1.0),A,THS,TOTAL,TOTAL,M,NL,2012,960.2,
dataflow,ESTAT:HLTH_DPEH170(1.0),A,THS,TOTAL,TOTAL,M,NO,2012,314.1,
dataflow,ESTAT:HLTH_DPEH170(1.0),A,THS,TOTAL,TOTAL,M,PL,2012,2200.0,
dataflow,ESTAT:HLTH_DPEH170(1.0),A,THS,TOTAL,TOTAL,M,PT,2012,508.0,
dataflow,ESTAT:HLTH_DPEH170(1.0),A,THS,TOTAL,TOTAL,M,RO,2012,1458.0,
dataflow,ESTAT:HLTH_DPEH170(1.0),A,THS,TOTAL,TOTAL,M,SE,2012,459.5,
dataflow,ESTAT:HLTH_DPEH170(1.0),A,THS,TOTAL,TOTAL,M,SI,2012,137.5,
dataflow,ESTAT:HLTH_DPEH170(1.0),A,THS,TOTAL,TOTAL,M,SK,2012,309.6,
dataflow,ESTAT:HLTH_DPEH170(1.0),A,THS,TOTAL,TOTAL,M,UK,2012,4482.4,
dataflow,ESTAT:HLTH_DPEH170(1.0),A,THS,TOTAL,TOTAL,T,AT,2012,1162.7,
dataflow,ESTAT:HLTH_DPEH170(1.0),A,THS,TOTAL,TOTAL,T,BE,2012,1553.4,
dataflow,ESTAT:HLTH_DPEH170(1.0),A,THS,TOTAL,TOTAL,T,BG,2012,1369.5,
dataflow,ESTAT:HLTH_DPEH170(1.0),A,THS,TOTAL,TOTAL,T,CY,2012,104.1,
dataflow,ESTAT:HLTH_DPEH170(1.0),A,THS,TOTAL,TOTAL,T,CZ,2012,1272.1,
dataflow,ESTAT:HLTH_DPEH170(1.0),A,THS,TOTAL,TOTAL,T,DE,2012,14783.8,
dataflow,ESTAT:HLTH_DPEH170(1.0),A,THS,TOTAL,TOTAL,T,DK,2012,919.3,
dataflow,ESTAT:HLTH_DPEH170(1.0),A,THS,TOTAL,TOTAL,T,EE,2012,225.1,
dataflow,ESTAT:HLTH_DPEH170(1.0),A,THS,TOTAL,TOTAL,T,EEA,2012,73894.9,e
dataflow,ESTAT:HLTH_DPEH170(1.0),A,THS,TOTAL,TOTAL,T,EL,2012,1686.6,
dataflow,ESTAT:HLTH_DPEH170(1.0),A,THS,TOTAL,TOTAL,T,ES,2012,6551.1,
dataflow,ESTAT:HLTH_DPEH170(1.0),A,THS,TOTAL,TOTAL,T,EU27_2007,2012,73030.6,e
dataflow,ESTAT:HLTH_DPEH170(1.0),A,THS,TOTAL,TOTAL,T,FI,2012,767.5,
dataflow,ESTAT:HLTH_DPEH170(1.0),A,THS,TOTAL,TOTAL,T,FR,2012,6805.4,
dataflow,ESTAT:HLTH_DPEH170(1.0),A,THS,TOTAL,TOTAL,T,HU,2012,2072.8,
dataflow,ESTAT:HLTH_DPEH170(1.0),A,THS,TOTAL,TOTAL,T,IS,2012,40.8,
dataflow,ESTAT:HLTH_DPEH170(1.0),A,THS,TOTAL,TOTAL,T,IT,2012,7399.5,
dataflow,ESTAT:HLTH_DPEH170(1.0),A,THS,TOTAL,TOTAL,T,LT,2012,585.5,
dataflow,ESTAT:HLTH_DPEH170(1.0),A,THS,TOTAL,TOTAL,T,LU,2012,68.3,
dataflow,ESTAT:HLTH_DPEH170(1.0),A,THS,TOTAL,TOTAL,T,LV,2012,405.4,
dataflow,ESTAT:HLTH_DPEH170(1.0),A,THS,TOTAL,TOTAL,T,MT,2012,42.1,
dataflow,ESTAT:HLTH_DPEH170(1.0),A,THS,TOTAL,TOTAL,T,NL,2012,2395.1,
dataflow,ESTAT:HLTH_DPEH170(1.0),A,THS,TOTAL,TOTAL,T,NO,2012,823.5,
dataflow,ESTAT:HLTH_DPEH170(1.0),A,THS,TOTAL,TOTAL,T,PL,2012,5805.1,
dataflow,ESTAT:HLTH_DPEH170(1.0),A,THS,TOTAL,TOTAL,T,PT,2012,1224.5,
dataflow,ESTAT:HLTH_DPEH170(1.0),A,THS,TOTAL,TOTAL,T,RO,2012,3263.6,
dataflow,ESTAT:HLTH_DPEH170(1.0),A,THS,TOTAL,TOTAL,T,SE,2012,1165.0,
dataflow,ESTAT:HLTH_DPEH170(1.0),A,THS,TOTAL,TOTAL,T,SI,2012,320.3,
dataflow,ESTAT:HLTH_DPEH170(1.0),A,THS,TOTAL,TOTAL,T,SK,2012,814.1,
dataflow,ESTAT:HLTH_DPEH170(1.0),A,THS,TOTAL,TOTAL,T,UK,2012,10268.5,
