STRUCTURE,STRUCTURE_ID,freq,unit,source,icd10,geo,TIME_PERIOD,OBS_VALUE,OBS_FLAG
dataflow,ESTAT:HLTH_PS_SCRE(1.0),A,PC,PRG,C50,BE,2001,50.00,
dataflow,ESTAT:HLTH_PS_SCRE(1.0),A,PC,PRG,C50,BE,2002,54.00,
dataflow,ESTAT:HLTH_PS_SCRE(1.0),A,PC,PRG,C50,BE,2003,53.70,
dataflow,ESTAT:HLTH_PS_SCRE(1.0),A,PC,PRG,C50,BE,2004,55.90,
dataflow,ESTAT:HLTH_PS_SCRE(1.0),A,PC,PRG,C50,BE,2005,56.60,
dataflow,ESTAT:HLTH_PS_SCRE(1.0),A,PC,PRG,C50,BE,2006,60.10,
dataflow,ESTAT:HLTH_PS_SCRE(1.0),A,PC,PRG,C50,BE,2007,62.00,
dataflow,ESTAT:HLTH_PS_SCRE(1.0),A,PC,PRG,C50,BE,2008,62.20,
dataflow,ESTAT:HLTH_PS_SCRE(1.0),A,PC,PRG,C50,BE,2009,62.50,
dataflow,ESTAT:HLTH_PS_SCRE(1.0),A,PC,PRG,C50,BE,2010,61.80,
dataflow,ESTAT:HLTH_PS_SCRE(1.0),A,PC,PRG,C50,BE,2011,62.70,
dataflow,ESTAT:HLTH_PS_SCRE(1.0),A,PC,PRG,C50,BE,2012,62.70,
dataflow,ESTAT:HLTH_PS_SCRE(1.0),A,PC,PRG,C50,BE,2013,62.30,
dataflow,ESTAT:HLTH_PS_SCRE(1.0),A,PC,PRG,C50,BE,2014,61.90,
dataflow,ESTAT:HLTH_PS_SCRE(1.0),A,PC,PRG,C50,BE,2015,61.60,
dataflow,ESTAT:HLTH_PS_SCRE(1.0),A,PC,PRG,C50,BE,2016,61.80,
dataflow,ESTAT:HLTH_PS_SCRE(1.0),A,PC,PRG,C50,BE,2017,61.00,
dataflow,ESTAT:HLTH_PS_SCRE(1.0),A,PC,PRG,C50,BE,2018,60.20,
dataflow,ESTAT:HLTH_PS_SCRE(1.0),A,PC,PRG,C50,BE,2019,59.70,
dataflow,ESTAT:HLTH_PS_SCRE(1.0),A,PC,PRG,C50,BG,2015,13.70,
dataflow,ESTAT:HLTH_PS_SCRE(1.0),A,PC,PRG,C50,BG,2016,21.20,b
dataflow,ESTAT:HLTH_PS_SCRE(1.0),A,PC,PRG,C50,BG,2017,20.55,
dataflow,ESTAT:HLTH_PS_SCRE(1.0),A,PC,PRG,C50,CY,2007,31.76,d
dataflow,ESTAT:HLTH_PS_SCRE(1.0),A,PC,PRG,C50,CY,2008,31.76,d
dataflow,ESTAT:HLTH_PS_SCRE(1.0),A,PC,PRG,C50,CY,2011,31.28,d
dataflow,ESTAT:HLTH_PS_SCRE(1.0),A,PC,PRG,C50,CY,2012,31.28,d
dataflow,ESTAT:HLTH_PS_SCRE(1.0),A,PC,PRG,C50,CY,2013,31.72,d
dataflow,ESTAT:HLTH_PS_SCRE(1.0),A,PC,PRG,C50,CY,2014,33.64,d
dataflow,ESTAT:HLTH_PS_SCRE(1.0),A,PC,PRG,C50,CY,2015,35.48,d
dataflow,ESTAT:HLTH_PS_SCRE(1.0),A,PC,PRG,C50,CY,2016,35.15,d
dataflow,ESTAT:HLTH_PS_SCRE(1.0),A,PC,PRG,C50,CY,2017,34.79,d
dataflow,ESTAT:HLTH_PS_SCRE(1.0),A,PC,PRG,C50,CY,2018,33.21,d
dataflow,ESTAT:HLTH_PS_SCRE(1.0),A,PC,PRG,C50,CY,2019,31.35,d
dataflow,ESTAT:HLTH_PS_SCRE(1.0),A,PC,PRG,C50,CZ,2004,25.80,
dataflow,ESTAT:HLTH_PS_SCRE(1.0),A,PC,PRG,C50,CZ,2005,31.50,
dataflow,ESTAT:HLTH_PS_SCRE(1.0),A,PC,PRG,C50,CZ,2006,35.70,
dataflow,ESTAT:HLTH_PS_SCRE(1.0),A,PC,PRG,C50,CZ,2007,42.70,
dataflow,ESTAT:HLTH_PS_SCRE(1.0),A,PC,PRG,C50,CZ,2008,49.50,
dataflow,ESTAT:HLTH_PS_SCRE(1.0),A,PC,PRG,C50,CZ,2009,48.40,
dataflow,ESTAT:HLTH_PS_SCRE(1.0),A,PC,PRG,C50,CZ,2010,49.50,
dataflow,ESTAT:HLTH_PS_SCRE(1.0),A,PC,PRG,C50,CZ,2011,52.20,b
dataflow,ESTAT:HLTH_PS_SCRE(1.0),A,PC,PRG,C50,CZ,2012,54.40,
dataflow,ESTAT:HLTH_PS_SCRE(1.0),A,PC,PRG,C50,CZ,2013,57.70,
dataflow,ESTAT:HLTH_PS_SCRE(1.0),A,PC,PRG,C50,CZ,2014,60.60,
dataflow,ESTAT:HLTH_PS_SCRE(1.0),A,PC,PRG,C50,CZ,2015,61.00,
dataflow,ESTAT:HLTH_PS_SCRE(1.0),A,PC,PRG,C50,CZ,2016,60.40,
dataflow,ESTAT:HLTH_PS_SCRE(1.0),A,PC,PRG,C50,CZ,2017,60.80,
dataflow,ESTAT:HLTH_PS_SCRE(1.0),A,PC,PRG,C50,CZ,2018,60.30,
dataflow,ESTAT:HLTH_PS_SCRE(1.0),A,PC,PRG,C50,CZ,2019,60.40,
dataflow,ESTAT:HLTH_PS_SCRE(1.0),A,PC,PRG,C50,CZ,2020,58.60,
dataflow,ESTAT:HLTH_PS_SCRE(1.0),A,PC,PRG,C50,DE,2006,57.30,
dataflow,ESTAT:HLTH_PS_SCRE(1.0),A,PC,PRG,C50,DE,2007,53.60,
dataflow,ESTAT:HLTH_PS_SCRE(1.0),A,PC,PRG,C50,DE,2008,53.00,
dataflow,ESTAT:HLTH_PS_SCRE(1.0),A,PC,PRG,C50,DE,2009,54.40,
dataflow,ESTAT:HLTH_PS_SCRE(1.0),A,PC,PRG,C50,DE,2010,53.70,
dataflow,ESTAT:HLTH_PS_SCRE(1.0),A,PC,PRG,C50,DE,2011,55.90,
dataflow,ESTAT:HLTH_PS_SCRE(1.0),A,PC,PRG,C50,DE,2012,56.30,
dataflow,ESTAT:HLTH_PS_SCRE(1.0),A,PC,PRG,C50,DE,2013,56.60,
dataflow,ESTAT:HLTH_PS_SCRE(1.0),A,PC,PRG,C50,DE,2014,54.30,
dataflow,ESTAT:HLTH_PS_SCRE(1.0),A,PC,PRG,C50,DE,2015,51.60,
dataflow,ESTAT:HLTH_PS_SCRE(1.0),A,PC,PRG,C50,DE,2016,51.00,
dataflow,ESTAT:HLTH_PS_SCRE(1.0),A,PC,PRG,C50,DE,2017,49.40,
dataflow,ESTAT:HLTH_PS_SCRE(1.0),A,PC,PRG,C50,DE,2018,50.10,
dataflow,ESTAT:HLTH_PS_SCRE(1.0),A,PC,PRG,C50,DE,2019,49.90,
dataflow,ESTAT:HLTH_PS_SCRE(1.0),A,PC,PRG,C50,DK,2008,73.70,
dataflow,ESTAT:HLTH_PS_SCRE(1.0),A,PC,PRG,C50,DK,2010,77.40,
dataflow,ESTAT:HLTH_PS_SCRE(1.0),A,PC,PRG,C50,DK,2012,83.00,
dataflow,ESTAT:HLTH_PS_SCRE(1.0),A,PC,PRG,C50,DK,2014,84.30,
dataflow,ESTAT:HLTH_PS_SCRE(1.0),A,PC,PRG,C50,DK,2016,82.10,
dataflow,ESTAT:HLTH_PS_SCRE(1.0),A,PC,PRG,C50,DK,2018,83.20,
dataflow,ESTAT:HLTH_PS_SCRE(1.0),A,PC,PRG,C50,DK,2020,83.70,
dataflow,ESTAT:HLTH_PS_SCRE(1.0),A,PC,PRG,C50,EE,2003,37.00,d
dataflow,ESTAT:HLTH_PS_SCRE(1.0),A,PC,PRG,C50,EE,2004,41.00,d
dataflow,ESTAT:HLTH_PS_SCRE(1.0),A,PC,PRG,C50,EE,2005,42.00,d
dataflow,ESTAT:HLTH_PS_SCRE(1.0),A,PC,PRG,C50,EE,2006,43.00,d
dataflow,ESTAT:HLTH_PS_SCRE(1.0),A,PC,PRG,C50,EE,2007,44.00,d
dataflow,ESTAT:HLTH_PS_SCRE(1.0),A,PC,PRG,C50,EE,2008,51.00,d
dataflow,ESTAT:HLTH_PS_SCRE(1.0),A,PC,PRG,C50,EE,2009,52.00,d
dataflow,ESTAT:HLTH_PS_SCRE(1.0),A,PC,PRG,C50,EE,2010,62.00,d
dataflow,ESTAT:HLTH_PS_SCRE(1.0),A,PC,PRG,C50,EE,2011,51.00,d
dataflow,ESTAT:HLTH_PS_SCRE(1.0),A,PC,PRG,C50,EE,2012,52.00,d
dataflow,ESTAT:HLTH_PS_SCRE(1.0),A,PC,PRG,C50,EE,2013,53.40,d
dataflow,ESTAT:HLTH_PS_SCRE(1.0),A,PC,PRG,C50,EE,2014,58.00,d
dataflow,ESTAT:HLTH_PS_SCRE(1.0),A,PC,PRG,C50,EE,2015,50.80,d
dataflow,ESTAT:HLTH_PS_SCRE(1.0),A,PC,PRG,C50,EE,2016,56.30,d
dataflow,ESTAT:HLTH_PS_SCRE(1.0),A,PC,PRG,C50,EE,2017,55.90,d
dataflow,ESTAT:HLTH_PS_SCRE(1.0),A,PC,PRG,C50,EE,2018,52.80,
dataflow,ESTAT:HLTH_PS_SCRE(1.0),A,PC,PRG,C50,EE,2019,55.90,
dataflow,ESTAT:HLTH_PS_SCRE(1.0),A,PC,PRG,C50,EE,2020,53.40,
dataflow,ESTAT:HLTH_PS_SCRE(1.0),A,PC,PRG,C50,FI,2001,87.40,
dataflow,ESTAT:HLTH_PS_SCRE(1.0),A,PC,PRG,C50,FI,2002,87.60,
dataflow,ESTAT:HLTH_PS_SCRE(1.0),A,PC,PRG,C50,FI,2003,87.90,
dataflow,ESTAT:HLTH_PS_SCRE(1.0),A,PC,PRG,C50,FI,2004,87.40,
dataflow,ESTAT:HLTH_PS_SCRE(1.0),A,PC,PRG,C50,FI,2005,87.00,
dataflow,ESTAT:HLTH_PS_SCRE(1.0),A,PC,PRG,C50,FI,2006,86.30,
dataflow,ESTAT:HLTH_PS_SCRE(1.0),A,PC,PRG,C50,FI,2007,84.40,b
dataflow,ESTAT:HLTH_PS_SCRE(1.0),A,PC,PRG,C50,FI,2008,84.90,
dataflow,ESTAT:HLTH_PS_SCRE(1.0),A,PC,PRG,C50,FI,2009,85.50,
dataflow,ESTAT:HLTH_PS_SCRE(1.0),A,PC,PRG,C50,FI,2010,84.80,
dataflow,ESTAT:HLTH_PS_SCRE(1.0),A,PC,PRG,C50,FI,2011,84.80,
dataflow,ESTAT:HLTH_PS_SCRE(1.0),A,PC,PRG,C50,FI,2012,83.00,
dataflow,ESTAT:HLTH_PS_SCRE(1.0),A,PC,PRG,C50,FI,2013,83.30,
dataflow,ESTAT:HLTH_PS_SCRE(1.0),A,PC,PRG,C50,FI,2014,82.90,
dataflow,ESTAT:HLTH_PS_SCRE(1.0),A,PC,PRG,C50,FI,2015,82.70,
dataflow,ESTAT:HLTH_PS_SCRE(1.0),A,PC,PRG,C50,FI,2016,82.60,
dataflow,ESTAT:HLTH_PS_SCRE(1.0),A,PC,PRG,C50,FI,2017,81.90,
dataflow,ESTAT:HLTH_PS_SCRE(1.0),A,PC,PRG,C50,FI,2018,81.40,
dataflow,ESTAT:HLTH_PS_SCRE(1.0),A,PC,PRG,C50,FI,2019,81.60,
dataflow,ESTAT:HLTH_PS_SCRE(1.0),A,PC,PRG,C50,FI,2020,80.50,e
dataflow,ESTAT:HLTH_PS_SCRE(1.0),A,PC,PRG,C50,FR,2004,37.70,
dataflow,ESTAT:HLTH_PS_SCRE(1.0),A,PC,PRG,C50,FR,2005,44.30,
dataflow,ESTAT:HLTH_PS_SCRE(1.0),A,PC,PRG,C50,FR,2006,48.50,
dataflow,ESTAT:HLTH_PS_SCRE(1.0),A,PC,PRG,C50,FR,2007,50.10,
dataflow,ESTAT:HLTH_PS_SCRE(1.0),A,PC,PRG,C50,FR,2008,52.00,
dataflow,ESTAT:HLTH_PS_SCRE(1.0),A,PC,PRG,C50,FR,2009,52.70,
dataflow,ESTAT:HLTH_PS_SCRE(1.0),A,PC,PRG,C50,FR,2010,52.30,
dataflow,ESTAT:HLTH_PS_SCRE(1.0),A,PC,PRG,C50,FR,2011,52.90,
dataflow,ESTAT:HLTH_PS_SCRE(1.0),A,PC,PRG,C50,FR,2012,52.80,
dataflow,ESTAT:HLTH_PS_SCRE(1.0),A,PC,PRG,C50,FR,2013,51.60,
dataflow,ESTAT:HLTH_PS_SCRE(1.0),A,PC,PRG,C50,FR,2014,52.00,
dataflow,ESTAT:HLTH_PS_SCRE(1.0),A,PC,PRG,C50,FR,2015,51.40,
dataflow,ESTAT:HLTH_PS_SCRE(1.0),A,PC,PRG,C50,FR,2016,50.60,
dataflow,ESTAT:HLTH_PS_SCRE(1.0),A,PC,PRG,C50,FR,2017,49.90,
dataflow,ESTAT:HLTH_PS_SCRE(1.0),A,PC,PRG,C50,FR,2018,50.30,
dataflow,ESTAT:HLTH_PS_SCRE(1.0),A,PC,PRG,C50,FR,2019,48.80,
dataflow,ESTAT:HLTH_PS_SCRE(1.0),A,PC,PRG,C50,FR,2020,42.60,
dataflow,ESTAT:HLTH_PS_SCRE(1.0),A,PC,PRG,C50,HR,2006,63.00,
dataflow,ESTAT:HLTH_PS_SCRE(1.0),A,PC,PRG,C50,HR,2007,63.00,
dataflow,ESTAT:HLTH_PS_SCRE(1.0),A,PC,PRG,C50,HR,2008,63.00,
dataflow,ESTAT:HLTH_PS_SCRE(1.0),A,PC,PRG,C50,HR,2009,57.00,
dataflow,ESTAT:HLTH_PS_SCRE(1.0),A,PC,PRG,C50,HR,2010,57.00,
dataflow,ESTAT:HLTH_PS_SCRE(1.0),A,PC,PRG,C50,HR,2011,57.00,
dataflow,ESTAT:HLTH_PS_SCRE(1.0),A,PC,PRG,C50,HR,2012,60.00,
dataflow,ESTAT:HLTH_PS_SCRE(1.0),A,PC,PRG,C50,HR,2013,60.00,
dataflow,ESTAT:HLTH_PS_SCRE(1.0),A,PC,PRG,C50,HR,2014,60.00,
dataflow,ESTAT:HLTH_PS_SCRE(1.0),A,PC,PRG,C50,HR,2015,60.00,
dataflow,ESTAT:HLTH_PS_SCRE(1.0),A,PC,PRG,C50,HR,2016,60.00,
dataflow,ESTAT:HLTH_PS_SCRE(1.0),A,PC,PRG,C50,HR,2017,60.00,
dataflow,ESTAT:HLTH_PS_SCRE(1.0),A,PC,PRG,C50,HR,2018,64.00,
dataflow,ESTAT:HLTH_PS_SCRE(1.0),A,PC,PRG,C50,HR,2019,60.00,
dataflow,ESTAT:HLTH_PS_SCRE(1.0),A,PC,PRG,C50,HR,2020,56.00,
dataflow,ESTAT:HLTH_PS_SCRE(1.0),A,PC,PRG,C50,HR,2021,56.00,
dataflow,ESTAT:HLTH_PS_SCRE(1.0),A,PC,PRG,C50,HU,2006,49.23,
dataflow,ESTAT:HLTH_PS_SCRE(1.0),A,PC,PRG,C50,HU,2007,46.31,
dataflow,ESTAT:HLTH_PS_SCRE(1.0),A,PC,PRG,C50,HU,2008,45.56,
dataflow,ESTAT:HLTH_PS_SCRE(1.0),A,PC,PRG,C50,HU,2009,47.03,
dataflow,ESTAT:HLTH_PS_SCRE(1.0),A,PC,PRG,C50,HU,2010,47.13,
dataflow,ESTAT:HLTH_PS_SCRE(1.0),A,PC,PRG,C50,HU,2011,46.06,
dataflow,ESTAT:HLTH_PS_SCRE(1.0),A,PC,PRG,C50,HU,2012,44.27,
dataflow,ESTAT:HLTH_PS_SCRE(1.0),A,PC,PRG,C50,HU,2013,43.19,
dataflow,ESTAT:HLTH_PS_SCRE(1.0),A,PC,PRG,C50,HU,2014,42.08,
dataflow,ESTAT:HLTH_PS_SCRE(1.0),A,PC,PRG,C50,HU,2015,42.27,
dataflow,ESTAT:HLTH_PS_SCRE(1.0),A,PC,PRG,C50,HU,2016,41.98,
dataflow,ESTAT:HLTH_PS_SCRE(1.0),A,PC,PRG,C50,HU,2017,41.09,
dataflow,ESTAT:HLTH_PS_SCRE(1.0),A,PC,PRG,C50,HU,2018,40.02,
dataflow,ESTAT:HLTH_PS_SCRE(1.0),A,PC,PRG,C50,HU,2019,39.07,
dataflow,ESTAT:HLTH_PS_SCRE(1.0),A,PC,PRG,C50,HU,2020,33.65,
dataflow,ESTAT:HLTH_PS_SCRE(1.0),A,PC,PRG,C50,IE,2002,78.40,d
dataflow,ESTAT:HLTH_PS_SCRE(1.0),A,PC,PRG,C50,IE,2003,79.50,d
dataflow,ESTAT:HLTH_PS_SCRE(1.0),A,PC,PRG,C50,IE,2004,77.10,d
dataflow,ESTAT:HLTH_PS_SCRE(1.0),A,PC,PRG,C50,IE,2005,76.80,d
dataflow,ESTAT:HLTH_PS_SCRE(1.0),A,PC,PRG,C50,IE,2006,78.10,d
dataflow,ESTAT:HLTH_PS_SCRE(1.0),A,PC,PRG,C50,IE,2007,75.30,d
dataflow,ESTAT:HLTH_PS_SCRE(1.0),A,PC,PRG,C50,IE,2008,77.40,d
dataflow,ESTAT:HLTH_PS_SCRE(1.0),A,PC,PRG,C50,IE,2009,75.70,d
dataflow,ESTAT:HLTH_PS_SCRE(1.0),A,PC,PRG,C50,IE,2010,73.90,d
dataflow,ESTAT:HLTH_PS_SCRE(1.0),A,PC,PRG,C50,IE,2011,74.50,d
dataflow,ESTAT:HLTH_PS_SCRE(1.0),A,PC,PRG,C50,IE,2012,71.40,d
dataflow,ESTAT:HLTH_PS_SCRE(1.0),A,PC,PRG,C50,IE,2013,70.20,d
dataflow,ESTAT:HLTH_PS_SCRE(1.0),A,PC,PRG,C50,IE,2014,76.50,d
dataflow,ESTAT:HLTH_PS_SCRE(1.0),A,PC,PRG,C50,IE,2015,74.70,d
dataflow,ESTAT:HLTH_PS_SCRE(1.0),A,PC,PRG,C50,IE,2016,75.10,d
dataflow,ESTAT:HLTH_PS_SCRE(1.0),A,PC,PRG,C50,IE,2017,73.80,d
dataflow,ESTAT:HLTH_PS_SCRE(1.0),A,PC,PRG,C50,IE,2018,74.30,d
dataflow,ESTAT:HLTH_PS_SCRE(1.0),A,PC,PRG,C50,IE,2019,71.60,d
dataflow,ESTAT:HLTH_PS_SCRE(1.0),A,PC,PRG,C50,IE,2020,76.10,dp
dataflow,ESTAT:HLTH_PS_SCRE(1.0),A,PC,PRG,C50,IS,2000,61.00,d
dataflow,ESTAT:HLTH_PS_SCRE(1.0),A,PC,PRG,C50,IS,2001,62.00,d
dataflow,ESTAT:HLTH_PS_SCRE(1.0),A,PC,PRG,C50,IS,2002,62.00,d
dataflow,ESTAT:HLTH_PS_SCRE(1.0),A,PC,PRG,C50,IS,2003,62.00,d
dataflow,ESTAT:HLTH_PS_SCRE(1.0),A,PC,PRG,C50,IS,2004,61.00,d
dataflow,ESTAT:HLTH_PS_SCRE(1.0),A,PC,PRG,C50,IS,2005,61.00,d
dataflow,ESTAT:HLTH_PS_SCRE(1.0),A,PC,PRG,C50,IS,2006,62.00,d
dataflow,ESTAT:HLTH_PS_SCRE(1.0),A,PC,PRG,C50,IS,2007,62.00,d
dataflow,ESTAT:HLTH_PS_SCRE(1.0),A,PC,PRG,C50,IS,2008,62.00,d
dataflow,ESTAT:HLTH_PS_SCRE(1.0),A,PC,PRG,C50,IS,2009,61.00,d
dataflow,ESTAT:HLTH_PS_SCRE(1.0),A,PC,PRG,C50,IS,2010,59.00,d
dataflow,ESTAT:HLTH_PS_SCRE(1.0),A,PC,PRG,C50,IS,2011,58.00,d
dataflow,ESTAT:HLTH_PS_SCRE(1.0),A,PC,PRG,C50,IS,2012,59.00,d
dataflow,ESTAT:HLTH_PS_SCRE(1.0),A,PC,PRG,C50,IS,2013,59.00,d
dataflow,ESTAT:HLTH_PS_SCRE(1.0),A,PC,PRG,C50,IS,2014,59.00,d
dataflow,ESTAT:HLTH_PS_SCRE(1.0),A,PC,PRG,C50,IS,2015,58.00,d
dataflow,ESTAT:HLTH_PS_SCRE(1.0),A,PC,PRG,C50,IS,2016,55.00,d
dataflow,ESTAT:HLTH_PS_SCRE(1.0),A,PC,PRG,C50,IS,2017,57.00,d
dataflow,ESTAT:HLTH_PS_SCRE(1.0),A,PC,PRG,C50,IS,2018,57.00,d
dataflow,ESTAT:HLTH_PS_SCRE(1.0),A,PC,PRG,C50,IS,2019,61.00,d
dataflow,ESTAT:HLTH_PS_SCRE(1.0),A,PC,PRG,C50,IS,2020,62.00,d
dataflow,ESTAT:HLTH_PS_SCRE(1.0),A,PC,PRG,C50,IT,2004,59.00,
dataflow,ESTAT:HLTH_PS_SCRE(1.0),A,PC,PRG,C50,IT,2005,60.90,
dataflow,ESTAT:HLTH_PS_SCRE(1.0),A,PC,PRG,C50,IT,2006,59.60,
dataflow,ESTAT:HLTH_PS_SCRE(1.0),A,PC,PRG,C50,IT,2007,61.00,
dataflow,ESTAT:HLTH_PS_SCRE(1.0),A,PC,PRG,C50,IT,2008,60.00,
dataflow,ESTAT:HLTH_PS_SCRE(1.0),A,PC,PRG,C50,IT,2009,60.00,
dataflow,ESTAT:HLTH_PS_SCRE(1.0),A,PC,PRG,C50,IT,2010,59.20,
dataflow,ESTAT:HLTH_PS_SCRE(1.0),A,PC,PRG,C50,IT,2011,59.60,
dataflow,ESTAT:HLTH_PS_SCRE(1.0),A,PC,PRG,C50,IT,2012,57.50,
dataflow,ESTAT:HLTH_PS_SCRE(1.0),A,PC,PRG,C50,IT,2013,62.20,
dataflow,ESTAT:HLTH_PS_SCRE(1.0),A,PC,PRG,C50,IT,2014,57.00,
dataflow,ESTAT:HLTH_PS_SCRE(1.0),A,PC,PRG,C50,IT,2015,55.00,
dataflow,ESTAT:HLTH_PS_SCRE(1.0),A,PC,PRG,C50,IT,2016,60.00,
dataflow,ESTAT:HLTH_PS_SCRE(1.0),A,PC,PRG,C50,IT,2017,59.30,
dataflow,ESTAT:HLTH_PS_SCRE(1.0),A,PC,PRG,C50,IT,2018,60.50,
dataflow,ESTAT:HLTH_PS_SCRE(1.0),A,PC,PRG,C50,IT,2019,60.70,
dataflow,ESTAT:HLTH_PS_SCRE(1.0),A,PC,PRG,C50,IT,2020,51.00,
dataflow,ESTAT:HLTH_PS_SCRE(1.0),A,PC,PRG,C50,LI,2009,57.30,
dataflow,ESTAT:HLTH_PS_SCRE(1.0),A,PC,PRG,C50,LI,2010,30.50,
dataflow,ESTAT:HLTH_PS_SCRE(1.0),A,PC,PRG,C50,LI,2011,47.50,
dataflow,ESTAT:HLTH_PS_SCRE(1.0),A,PC,PRG,C50,LI,2014,11.65,b
dataflow,ESTAT:HLTH_PS_SCRE(1.0),A,PC,PRG,C50,LI,2015,14.43,
dataflow,ESTAT:HLTH_PS_SCRE(1.0),A,PC,PRG,C50,LI,2016,8.50,
dataflow,ESTAT:HLTH_PS_SCRE(1.0),A,PC,PRG,C50,LI,2017,8.10,
dataflow,ESTAT:HLTH_PS_SCRE(1.0),A,PC,PRG,C50,LI,2018,5.30,
dataflow,ESTAT:HLTH_PS_SCRE(1.0),A,PC,PRG,C50,LI,2019,2.90,
dataflow,ESTAT:HLTH_PS_SCRE(1.0),A,PC,PRG,C50,LT,2006,12.40,
dataflow,ESTAT:HLTH_PS_SCRE(1.0),A,PC,PRG,C50,LT,2007,22.20,
dataflow,ESTAT:HLTH_PS_SCRE(1.0),A,PC,PRG,C50,LT,2008,23.20,
dataflow,ESTAT:HLTH_PS_SCRE(1.0),A,PC,PRG,C50,LT,2009,25.60,
dataflow,ESTAT:HLTH_PS_SCRE(1.0),A,PC,PRG,C50,LT,2010,28.60,
dataflow,ESTAT:HLTH_PS_SCRE(1.0),A,PC,PRG,C50,LT,2011,32.60,
dataflow,ESTAT:HLTH_PS_SCRE(1.0),A,PC,PRG,C50,LT,2012,37.50,
dataflow,ESTAT:HLTH_PS_SCRE(1.0),A,PC,PRG,C50,LT,2013,38.40,
dataflow,ESTAT:HLTH_PS_SCRE(1.0),A,PC,PRG,C50,LT,2014,40.80,
dataflow,ESTAT:HLTH_PS_SCRE(1.0),A,PC,PRG,C50,LT,2015,44.80,
dataflow,ESTAT:HLTH_PS_SCRE(1.0),A,PC,PRG,C50,LT,2016,46.20,
dataflow,ESTAT:HLTH_PS_SCRE(1.0),A,PC,PRG,C50,LT,2017,48.30,
dataflow,ESTAT:HLTH_PS_SCRE(1.0),A,PC,PRG,C50,LT,2018,50.00,
dataflow,ESTAT:HLTH_PS_SCRE(1.0),A,PC,PRG,C50,LT,2019,52.90,
dataflow,ESTAT:HLTH_PS_SCRE(1.0),A,PC,PRG,C50,LT,2020,45.70,
dataflow,ESTAT:HLTH_PS_SCRE(1.0),A,PC,PRG,C50,LT,2021,45.50,p
dataflow,ESTAT:HLTH_PS_SCRE(1.0),A,PC,PRG,C50,LU,2000,61.30,
dataflow,ESTAT:HLTH_PS_SCRE(1.0),A,PC,PRG,C50,LU,2001,56.80,b
dataflow,ESTAT:HLTH_PS_SCRE(1.0),A,PC,PRG,C50,LU,2002,62.20,
dataflow,ESTAT:HLTH_PS_SCRE(1.0),A,PC,PRG,C50,LU,2003,59.80,
dataflow,ESTAT:HLTH_PS_SCRE(1.0),A,PC,PRG,C50,LU,2004,62.20,
dataflow,ESTAT:HLTH_PS_SCRE(1.0),A,PC,PRG,C50,LU,2005,63.90,
dataflow,ESTAT:HLTH_PS_SCRE(1.0),A,PC,PRG,C50,LU,2006,63.60,
dataflow,ESTAT:HLTH_PS_SCRE(1.0),A,PC,PRG,C50,LU,2007,64.10,
dataflow,ESTAT:HLTH_PS_SCRE(1.0),A,PC,PRG,C50,LU,2008,64.60,
dataflow,ESTAT:HLTH_PS_SCRE(1.0),A,PC,PRG,C50,LU,2009,63.60,
dataflow,ESTAT:HLTH_PS_SCRE(1.0),A,PC,PRG,C50,LU,2010,62.00,
dataflow,ESTAT:HLTH_PS_SCRE(1.0),A,PC,PRG,C50,LU,2011,55.90,
dataflow,ESTAT:HLTH_PS_SCRE(1.0),A,PC,PRG,C50,LU,2012,64.70,
dataflow,ESTAT:HLTH_PS_SCRE(1.0),A,PC,PRG,C50,LU,2013,56.60,
dataflow,ESTAT:HLTH_PS_SCRE(1.0),A,PC,PRG,C50,LU,2014,61.00,
dataflow,ESTAT:HLTH_PS_SCRE(1.0),A,PC,PRG,C50,LU,2015,58.60,
dataflow,ESTAT:HLTH_PS_SCRE(1.0),A,PC,PRG,C50,LU,2016,58.60,
dataflow,ESTAT:HLTH_PS_SCRE(1.0),A,PC,PRG,C50,LU,2017,57.10,
dataflow,ESTAT:HLTH_PS_SCRE(1.0),A,PC,PRG,C50,LU,2018,55.10,
dataflow,ESTAT:HLTH_PS_SCRE(1.0),A,PC,PRG,C50,LU,2019,53.70,
dataflow,ESTAT:HLTH_PS_SCRE(1.0),A,PC,PRG,C50,LU,2020,50.80,p
dataflow,ESTAT:HLTH_PS_SCRE(1.0),A,PC,PRG,C50,LV,2009,21.10,
dataflow,ESTAT:HLTH_PS_SCRE(1.0),A,PC,PRG,C50,LV,2010,19.40,
dataflow,ESTAT:HLTH_PS_SCRE(1.0),A,PC,PRG,C50,LV,2011,33.80,
dataflow,ESTAT:HLTH_PS_SCRE(1.0),A,PC,PRG,C50,LV,2012,32.70,
dataflow,ESTAT:HLTH_PS_SCRE(1.0),A,PC,PRG,C50,LV,2013,34.20,
dataflow,ESTAT:HLTH_PS_SCRE(1.0),A,PC,PRG,C50,LV,2014,35.90,
dataflow,ESTAT:HLTH_PS_SCRE(1.0),A,PC,PRG,C50,LV,2015,34.90,
dataflow,ESTAT:HLTH_PS_SCRE(1.0),A,PC,PRG,C50,LV,2016,27.40,
dataflow,ESTAT:HLTH_PS_SCRE(1.0),A,PC,PRG,C50,LV,2017,44.00,
dataflow,ESTAT:HLTH_PS_SCRE(1.0),A,PC,PRG,C50,LV,2018,42.10,
dataflow,ESTAT:HLTH_PS_SCRE(1.0),A,PC,PRG,C50,LV,2019,39.10,
dataflow,ESTAT:HLTH_PS_SCRE(1.0),A,PC,PRG,C50,LV,2020,29.90,
dataflow,ESTAT:HLTH_PS_SCRE(1.0),A,PC,PRG,C50,LV,2021,30.80,
dataflow,ESTAT:HLTH_PS_SCRE(1.0),A,PC,PRG,C50,ME,2018,27.40,
dataflow,ESTAT:HLTH_PS_SCRE(1.0),A,PC,PRG,C50,ME,2019,20.65,
dataflow,ESTAT:HLTH_PS_SCRE(1.0),A,PC,PRG,C50,ME,2020,6.58,
dataflow,ESTAT:HLTH_PS_SCRE(1.0),A,PC,PRG,C50,MK,2019,0.60,
dataflow,ESTAT:HLTH_PS_SCRE(1.0),A,PC,PRG,C50,MK,2020,0.30,
dataflow,ESTAT:HLTH_PS_SCRE(1.0),A,PC,PRG,C50,MT,2010,47.40,d
dataflow,ESTAT:HLTH_PS_SCRE(1.0),A,PC,PRG,C50,MT,2011,50.90,d
dataflow,ESTAT:HLTH_PS_SCRE(1.0),A,PC,PRG,C50,MT,2012,53.50,d
dataflow,ESTAT:HLTH_PS_SCRE(1.0),A,PC,PRG,C50,MT,2013,53.90,d
dataflow,ESTAT:HLTH_PS_SCRE(1.0),A,PC,PRG,C50,MT,2014,55.90,d
dataflow,ESTAT:HLTH_PS_SCRE(1.0),A,PC,PRG,C50,MT,2015,60.60,d
dataflow,ESTAT:HLTH_PS_SCRE(1.0),A,PC,PRG,C50,MT,2016,51.50,d
dataflow,ESTAT:HLTH_PS_SCRE(1.0),A,PC,PRG,C50,MT,2017,50.50,d
dataflow,ESTAT:HLTH_PS_SCRE(1.0),A,PC,PRG,C50,MT,2018,75.00,d
dataflow,ESTAT:HLTH_PS_SCRE(1.0),A,PC,PRG,C50,MT,2019,68.50,
dataflow,ESTAT:HLTH_PS_SCRE(1.0),A,PC,PRG,C50,MT,2020,71.20,
dataflow,ESTAT:HLTH_PS_SCRE(1.0),A,PC,PRG,C50,MT,2021,77.80,
dataflow,ESTAT:HLTH_PS_SCRE(1.0),A,PC,PRG,C50,NL,2000,80.50,
dataflow,ESTAT:HLTH_PS_SCRE(1.0),A,PC,PRG,C50,NL,2001,80.40,
dataflow,ESTAT:HLTH_PS_SCRE(1.0),A,PC,PRG,C50,NL,2002,80.50,
dataflow,ESTAT:HLTH_PS_SCRE(1.0),A,PC,PRG,C50,NL,2003,82.00,
dataflow,ESTAT:HLTH_PS_SCRE(1.0),A,PC,PRG,C50,NL,2004,81.90,
dataflow,ESTAT:HLTH_PS_SCRE(1.0),A,PC,PRG,C50,NL,2005,82.60,
dataflow,ESTAT:HLTH_PS_SCRE(1.0),A,PC,PRG,C50,NL,2006,82.60,
dataflow,ESTAT:HLTH_PS_SCRE(1.0),A,PC,PRG,C50,NL,2007,83.10,
dataflow,ESTAT:HLTH_PS_SCRE(1.0),A,PC,PRG,C50,NL,2008,82.60,
dataflow,ESTAT:HLTH_PS_SCRE(1.0),A,PC,PRG,C50,NL,2009,82.20,
dataflow,ESTAT:HLTH_PS_SCRE(1.0),A,PC,PRG,C50,NL,2010,81.50,
dataflow,ESTAT:HLTH_PS_SCRE(1.0),A,PC,PRG,C50,NL,2011,80.80,
dataflow,ESTAT:HLTH_PS_SCRE(1.0),A,PC,PRG,C50,NL,2012,80.30,
dataflow,ESTAT:HLTH_PS_SCRE(1.0),A,PC,PRG,C50,NL,2013,80.10,
dataflow,ESTAT:HLTH_PS_SCRE(1.0),A,PC,PRG,C50,NL,2014,79.40,
dataflow,ESTAT:HLTH_PS_SCRE(1.0),A,PC,PRG,C50,NL,2015,78.20,e
dataflow,ESTAT:HLTH_PS_SCRE(1.0),A,PC,PRG,C50,NL,2016,77.80,
dataflow,ESTAT:HLTH_PS_SCRE(1.0),A,PC,PRG,C50,NL,2017,77.20,
dataflow,ESTAT:HLTH_PS_SCRE(1.0),A,PC,PRG,C50,NL,2018,77.00,
dataflow,ESTAT:HLTH_PS_SCRE(1.0),A,PC,PRG,C50,NL,2019,76.10,
dataflow,ESTAT:HLTH_PS_SCRE(1.0),A,PC,PRG,C50,NL,2020,70.40,d
dataflow,ESTAT:HLTH_PS_SCRE(1.0),A,PC,PRG,C50,NO,2000,79.20,
dataflow,ESTAT:HLTH_PS_SCRE(1.0),A,PC,PRG,C50,NO,2001,77.60,
dataflow,ESTAT:HLTH_PS_SCRE(1.0),A,PC,PRG,C50,NO,2002,75.60,
dataflow,ESTAT:HLTH_PS_SCRE(1.0),A,PC,PRG,C50,NO,2003,75.60,
dataflow,ESTAT:HLTH_PS_SCRE(1.0),A,PC,PRG,C50,NO,2004,74.60,
dataflow,ESTAT:HLTH_PS_SCRE(1.0),A,PC,PRG,C50,NO,2005,72.80,
dataflow,ESTAT:HLTH_PS_SCRE(1.0),A,PC,PRG,C50,NO,2006,73.30,
dataflow,ESTAT:HLTH_PS_SCRE(1.0),A,PC,PRG,C50,NO,2007,72.10,
dataflow,ESTAT:HLTH_PS_SCRE(1.0),A,PC,PRG,C50,NO,2008,71.40,
dataflow,ESTAT:HLTH_PS_SCRE(1.0),A,PC,PRG,C50,NO,2009,71.90,
dataflow,ESTAT:HLTH_PS_SCRE(1.0),A,PC,PRG,C50,NO,2010,71.30,
dataflow,ESTAT:HLTH_PS_SCRE(1.0),A,PC,PRG,C50,NO,2011,70.90,
dataflow,ESTAT:HLTH_PS_SCRE(1.0),A,PC,PRG,C50,NO,2012,70.20,
dataflow,ESTAT:HLTH_PS_SCRE(1.0),A,PC,PRG,C50,NO,2013,70.10,
dataflow,ESTAT:HLTH_PS_SCRE(1.0),A,PC,PRG,C50,NO,2014,70.70,
dataflow,ESTAT:HLTH_PS_SCRE(1.0),A,PC,PRG,C50,NO,2015,71.90,
dataflow,ESTAT:HLTH_PS_SCRE(1.0),A,PC,PRG,C50,NO,2016,72.20,
dataflow,ESTAT:HLTH_PS_SCRE(1.0),A,PC,PRG,C50,NO,2017,72.00,
dataflow,ESTAT:HLTH_PS_SCRE(1.0),A,PC,PRG,C50,NO,2018,71.70,
dataflow,ESTAT:HLTH_PS_SCRE(1.0),A,PC,PRG,C50,NO,2019,71.60,
dataflow,ESTAT:HLTH_PS_SCRE(1.0),A,PC,PRG,C50,NO,2020,62.80,
dataflow,ESTAT:HLTH_PS_SCRE(1.0),A,PC,PRG,C50,NO,2021,65.50,
dataflow,ESTAT:HLTH_PS_SCRE(1.0),A,PC,PRG,C50,RO,2014,0.04,
dataflow,ESTAT:HLTH_PS_SCRE(1.0),A,PC,PRG,C50,RO,2015,0.20,
dataflow,ESTAT:HLTH_PS_SCRE(1.0),A,PC,PRG,C50,RS,2013,3.30,
dataflow,ESTAT:HLTH_PS_SCRE(1.0),A,PC,PRG,C50,RS,2014,7.60,
dataflow,ESTAT:HLTH_PS_SCRE(1.0),A,PC,PRG,C50,RS,2015,10.00,
dataflow,ESTAT:HLTH_PS_SCRE(1.0),A,PC,PRG,C50,RS,2016,11.50,
dataflow,ESTAT:HLTH_PS_SCRE(1.0),A,PC,PRG,C50,RS,2017,10.30,
dataflow,ESTAT:HLTH_PS_SCRE(1.0),A,PC,PRG,C50,RS,2018,9.00,
dataflow,ESTAT:HLTH_PS_SCRE(1.0),A,PC,PRG,C50,RS,2019,9.80,
dataflow,ESTAT:HLTH_PS_SCRE(1.0),A,PC,PRG,C50,RS,2020,7.70,
dataflow,ESTAT:HLTH_PS_SCRE(1.0),A,PC,PRG,C50,RS,2021,5.20,
dataflow,ESTAT:HLTH_PS_SCRE(1.0),A,PC,PRG,C50,SI,2010,85.10,
dataflow,ESTAT:HLTH_PS_SCRE(1.0),A,PC,PRG,C50,SI,2011,72.80,
dataflow,ESTAT:HLTH_PS_SCRE(1.0),A,PC,PRG,C50,SI,2012,69.80,
dataflow,ESTAT:HLTH_PS_SCRE(1.0),A,PC,PRG,C50,SI,2013,82.60,
dataflow,ESTAT:HLTH_PS_SCRE(1.0),A,PC,PRG,C50,SI,2014,78.50,
dataflow,ESTAT:HLTH_PS_SCRE(1.0),A,PC,PRG,C50,SI,2015,81.40,
dataflow,ESTAT:HLTH_PS_SCRE(1.0),A,PC,PRG,C50,SI,2016,76.80,
dataflow,ESTAT:HLTH_PS_SCRE(1.0),A,PC,PRG,C50,SI,2017,70.50,
dataflow,ESTAT:HLTH_PS_SCRE(1.0),A,PC,PRG,C50,SI,2018,74.30,
dataflow,ESTAT:HLTH_PS_SCRE(1.0),A,PC,PRG,C50,SI,2019,76.80,
dataflow,ESTAT:HLTH_PS_SCRE(1.0),A,PC,PRG,C50,SI,2020,74.30,
dataflow,ESTAT:HLTH_PS_SCRE(1.0),A,PC,PRG,C50,SI,2021,77.20,
dataflow,ESTAT:HLTH_PS_SCRE(1.0),A,PC,PRG,C50,SK,2006,29.14,d
dataflow,ESTAT:HLTH_PS_SCRE(1.0),A,PC,PRG,C50,SK,2007,32.36,d
dataflow,ESTAT:HLTH_PS_SCRE(1.0),A,PC,PRG,C50,SK,2008,34.38,d
dataflow,ESTAT:HLTH_PS_SCRE(1.0),A,PC,PRG,C50,SK,2009,34.87,d
dataflow,ESTAT:HLTH_PS_SCRE(1.0),A,PC,PRG,C50,SK,2010,32.66,d
dataflow,ESTAT:HLTH_PS_SCRE(1.0),A,PC,PRG,C50,SK,2011,31.06,d
dataflow,ESTAT:HLTH_PS_SCRE(1.0),A,PC,PRG,C50,SK,2012,31.64,d
dataflow,ESTAT:HLTH_PS_SCRE(1.0),A,PC,PRG,C50,SK,2013,30.54,d
dataflow,ESTAT:HLTH_PS_SCRE(1.0),A,PC,PRG,C50,SK,2014,30.05,d
dataflow,ESTAT:HLTH_PS_SCRE(1.0),A,PC,PRG,C50,SK,2015,30.41,d
dataflow,ESTAT:HLTH_PS_SCRE(1.0),A,PC,PRG,C50,SK,2016,30.79,d
dataflow,ESTAT:HLTH_PS_SCRE(1.0),A,PC,PRG,C50,SK,2017,30.70,d
dataflow,ESTAT:HLTH_PS_SCRE(1.0),A,PC,PRG,C50,SK,2018,30.44,d
dataflow,ESTAT:HLTH_PS_SCRE(1.0),A,PC,PRG,C50,SK,2019,30.97,d
dataflow,ESTAT:HLTH_PS_SCRE(1.0),A,PC,PRG,C50,SK,2020,27.23,d
dataflow,ESTAT:HLTH_PS_SCRE(1.0),A,PC,PRG,C50,TR,2013,30.17,d
dataflow,ESTAT:HLTH_PS_SCRE(1.0),A,PC,PRG,C50,TR,2014,30.82,d
dataflow,ESTAT:HLTH_PS_SCRE(1.0),A,PC,PRG,C50,TR,2015,30.95,d
dataflow,ESTAT:HLTH_PS_SCRE(1.0),A,PC,PRG,C50,TR,2016,33.17,d
dataflow,ESTAT:HLTH_PS_SCRE(1.0),A,PC,PRG,C50,TR,2017,33.25,d
dataflow,ESTAT:HLTH_PS_SCRE(1.0),A,PC,PRG,C50,TR,2018,34.80,d
dataflow,ESTAT:HLTH_PS_SCRE(1.0),A,PC,PRG,C50,TR,2019,35.98,d
dataflow,ESTAT:HLTH_PS_SCRE(1.0),A,PC,PRG,C50,TR,2020,26.93,d
dataflow,ESTAT:HLTH_PS_SCRE(1.0),A,PC,PRG,C50,UK,2002,75.90,
dataflow,ESTAT:HLTH_PS_SCRE(1.0),A,PC,PRG,C50,UK,2003,75.04,
dataflow,ESTAT:HLTH_PS_SCRE(1.0),A,PC,PRG,C50,UK,2004,74.71,
dataflow,ESTAT:HLTH_PS_SCRE(1.0),A,PC,PRG,C50,UK,2005,75.30,
dataflow,ESTAT:HLTH_PS_SCRE(1.0),A,PC,PRG,C50,UK,2006,75.82,
dataflow,ESTAT:HLTH_PS_SCRE(1.0),A,PC,PRG,C50,UK,2007,75.97,
dataflow,ESTAT:HLTH_PS_SCRE(1.0),A,PC,PRG,C50,UK,2008,76.59,
dataflow,ESTAT:HLTH_PS_SCRE(1.0),A,PC,PRG,C50,UK,2009,76.79,
dataflow,ESTAT:HLTH_PS_SCRE(1.0),A,PC,PRG,C50,UK,2010,76.95,
dataflow,ESTAT:HLTH_PS_SCRE(1.0),A,PC,PRG,C50,UK,2011,77.20,
dataflow,ESTAT:HLTH_PS_SCRE(1.0),A,PC,PRG,C50,UK,2012,76.73,
dataflow,ESTAT:HLTH_PS_SCRE(1.0),A,PC,PRG,C50,UK,2013,75.86,
dataflow,ESTAT:HLTH_PS_SCRE(1.0),A,PC,PRG,C50,UK,2014,75.32,
dataflow,ESTAT:HLTH_PS_SCRE(1.0),A,PC,PRG,C50,UK,2015,75.08,
dataflow,ESTAT:HLTH_PS_SCRE(1.0),A,PC,PRG,C50,UK,2016,75.38,
dataflow,ESTAT:HLTH_PS_SCRE(1.0),A,PC,PRG,C50,UK,2017,75.06,
dataflow,ESTAT:HLTH_PS_SCRE(1.0),A,PC,PRG,C50,UK,2018,75.21,e
dataflow,ESTAT:HLTH_PS_SCRE(1.0),A,PC,PRG,C53,BE,2000,58.60,
dataflow,ESTAT:HLTH_PS_SCRE(1.0),A,PC,PRG,C53,BE,2001,59.50,
dataflow,ESTAT:HLTH_PS_SCRE(1.0),A,PC,PRG,C53,BE,2002,59.30,
dataflow,ESTAT:HLTH_PS_SCRE(1.0),A,PC,PRG,C53,BE,2003,59.70,
dataflow,ESTAT:HLTH_PS_SCRE(1.0),A,PC,PRG,C53,BE,2004,60.70,
dataflow,ESTAT:HLTH_PS_SCRE(1.0),A,PC,PRG,C53,BE,2005,61.10,
dataflow,ESTAT:HLTH_PS_SCRE(1.0),A,PC,PRG,C53,BE,2006,61.20,
dataflow,ESTAT:HLTH_PS_SCRE(1.0),A,PC,PRG,C53,BE,2007,60.00,
dataflow,ESTAT:HLTH_PS_SCRE(1.0),A,PC,PRG,C53,BE,2008,58.70,
dataflow,ESTAT:HLTH_PS_SCRE(1.0),A,PC,PRG,C53,BE,2009,60.00,
dataflow,ESTAT:HLTH_PS_SCRE(1.0),A,PC,PRG,C53,BE,2010,62.90,
dataflow,ESTAT:HLTH_PS_SCRE(1.0),A,PC,PRG,C53,BE,2011,60.70,
dataflow,ESTAT:HLTH_PS_SCRE(1.0),A,PC,PRG,C53,BE,2012,59.40,
dataflow,ESTAT:HLTH_PS_SCRE(1.0),A,PC,PRG,C53,BE,2013,59.20,
dataflow,ESTAT:HLTH_PS_SCRE(1.0),A,PC,PRG,C53,BE,2014,52.90,
dataflow,ESTAT:HLTH_PS_SCRE(1.0),A,PC,PRG,C53,BE,2015,50.60,
dataflow,ESTAT:HLTH_PS_SCRE(1.0),A,PC,PRG,C53,BE,2016,53.10,
dataflow,ESTAT:HLTH_PS_SCRE(1.0),A,PC,PRG,C53,BE,2017,53.20,
dataflow,ESTAT:HLTH_PS_SCRE(1.0),A,PC,PRG,C53,BE,2018,50.80,
dataflow,ESTAT:HLTH_PS_SCRE(1.0),A,PC,PRG,C53,BE,2019,49.50,
dataflow,ESTAT:HLTH_PS_SCRE(1.0),A,PC,PRG,C53,BE,2020,45.70,
dataflow,ESTAT:HLTH_PS_SCRE(1.0),A,PC,PRG,C53,BG,2015,8.60,d
dataflow,ESTAT:HLTH_PS_SCRE(1.0),A,PC,PRG,C53,BG,2016,34.40,bd
dataflow,ESTAT:HLTH_PS_SCRE(1.0),A,PC,PRG,C53,BG,2017,13.35,d
dataflow,ESTAT:HLTH_PS_SCRE(1.0),A,PC,PRG,C53,CZ,2012,72.60,
dataflow,ESTAT:HLTH_PS_SCRE(1.0),A,PC,PRG,C53,CZ,2013,73.80,
dataflow,ESTAT:HLTH_PS_SCRE(1.0),A,PC,PRG,C53,CZ,2014,74.70,
dataflow,ESTAT:HLTH_PS_SCRE(1.0),A,PC,PRG,C53,CZ,2015,75.30,
dataflow,ESTAT:HLTH_PS_SCRE(1.0),A,PC,PRG,C53,CZ,2016,75.40,
dataflow,ESTAT:HLTH_PS_SCRE(1.0),A,PC,PRG,C53,CZ,2017,75.30,
dataflow,ESTAT:HLTH_PS_SCRE(1.0),A,PC,PRG,C53,CZ,2018,75.30,
dataflow,ESTAT:HLTH_PS_SCRE(1.0),A,PC,PRG,C53,CZ,2019,75.40,
dataflow,ESTAT:HLTH_PS_SCRE(1.0),A,PC,PRG,C53,CZ,2020,75.00,
dataflow,ESTAT:HLTH_PS_SCRE(1.0),A,PC,PRG,C53,DE,2002,55.90,
dataflow,ESTAT:HLTH_PS_SCRE(1.0),A,PC,PRG,C53,DK,2009,66.30,d
dataflow,ESTAT:HLTH_PS_SCRE(1.0),A,PC,PRG,C53,DK,2010,64.90,d
dataflow,ESTAT:HLTH_PS_SCRE(1.0),A,PC,PRG,C53,DK,2011,65.60,d
dataflow,ESTAT:HLTH_PS_SCRE(1.0),A,PC,PRG,C53,DK,2012,64.20,d
dataflow,ESTAT:HLTH_PS_SCRE(1.0),A,PC,PRG,C53,DK,2013,66.20,d
dataflow,ESTAT:HLTH_PS_SCRE(1.0),A,PC,PRG,C53,DK,2014,66.00,d
dataflow,ESTAT:HLTH_PS_SCRE(1.0),A,PC,PRG,C53,DK,2015,64.80,d
dataflow,ESTAT:HLTH_PS_SCRE(1.0),A,PC,PRG,C53,DK,2016,63.50,d
dataflow,ESTAT:HLTH_PS_SCRE(1.0),A,PC,PRG,C53,DK,2017,62.00,d
dataflow,ESTAT:HLTH_PS_SCRE(1.0),A,PC,PRG,C53,DK,2018,62.30,d
dataflow,ESTAT:HLTH_PS_SCRE(1.0),A,PC,PRG,C53,DK,2019,61.00,d
dataflow,ESTAT:HLTH_PS_SCRE(1.0),A,PC,PRG,C53,EE,2007,32.00,d
dataflow,ESTAT:HLTH_PS_SCRE(1.0),A,PC,PRG,C53,EE,2008,48.00,d
dataflow,ESTAT:HLTH_PS_SCRE(1.0),A,PC,PRG,C53,EE,2009,52.00,d
dataflow,ESTAT:HLTH_PS_SCRE(1.0),A,PC,PRG,C53,EE,2010,44.00,d
dataflow,ESTAT:HLTH_PS_SCRE(1.0),A,PC,PRG,C53,EE,2011,53.00,d
dataflow,ESTAT:HLTH_PS_SCRE(1.0),A,PC,PRG,C53,EE,2012,50.00,d
dataflow,ESTAT:HLTH_PS_SCRE(1.0),A,PC,PRG,C53,EE,2013,49.20,d
dataflow,ESTAT:HLTH_PS_SCRE(1.0),A,PC,PRG,C53,EE,2014,50.00,d
dataflow,ESTAT:HLTH_PS_SCRE(1.0),A,PC,PRG,C53,EE,2015,45.90,d
dataflow,ESTAT:HLTH_PS_SCRE(1.0),A,PC,PRG,C53,EE,2016,45.90,d
dataflow,ESTAT:HLTH_PS_SCRE(1.0),A,PC,PRG,C53,EE,2017,50.70,d
dataflow,ESTAT:HLTH_PS_SCRE(1.0),A,PC,PRG,C53,EE,2018,45.30,d
dataflow,ESTAT:HLTH_PS_SCRE(1.0),A,PC,PRG,C53,EE,2019,46.10,d
dataflow,ESTAT:HLTH_PS_SCRE(1.0),A,PC,PRG,C53,EE,2020,42.20,d
dataflow,ESTAT:HLTH_PS_SCRE(1.0),A,PC,PRG,C53,FI,2001,70.30,d
dataflow,ESTAT:HLTH_PS_SCRE(1.0),A,PC,PRG,C53,FI,2002,72.00,d
dataflow,ESTAT:HLTH_PS_SCRE(1.0),A,PC,PRG,C53,FI,2003,72.20,d
dataflow,ESTAT:HLTH_PS_SCRE(1.0),A,PC,PRG,C53,FI,2004,71.60,d
dataflow,ESTAT:HLTH_PS_SCRE(1.0),A,PC,PRG,C53,FI,2005,71.40,d
dataflow,ESTAT:HLTH_PS_SCRE(1.0),A,PC,PRG,C53,FI,2006,70.70,d
dataflow,ESTAT:HLTH_PS_SCRE(1.0),A,PC,PRG,C53,FI,2007,69.80,d
dataflow,ESTAT:HLTH_PS_SCRE(1.0),A,PC,PRG,C53,FI,2008,69.00,d
dataflow,ESTAT:HLTH_PS_SCRE(1.0),A,PC,PRG,C53,FI,2009,69.80,d
dataflow,ESTAT:HLTH_PS_SCRE(1.0),A,PC,PRG,C53,FI,2010,66.70,d
dataflow,ESTAT:HLTH_PS_SCRE(1.0),A,PC,PRG,C53,FI,2011,67.90,d
dataflow,ESTAT:HLTH_PS_SCRE(1.0),A,PC,PRG,C53,FI,2012,67.40,d
dataflow,ESTAT:HLTH_PS_SCRE(1.0),A,PC,PRG,C53,FI,2013,70.90,d
dataflow,ESTAT:HLTH_PS_SCRE(1.0),A,PC,PRG,C53,FI,2014,70.10,d
dataflow,ESTAT:HLTH_PS_SCRE(1.0),A,PC,PRG,C53,FI,2015,69.50,d
dataflow,ESTAT:HLTH_PS_SCRE(1.0),A,PC,PRG,C53,FI,2016,70.50,d
dataflow,ESTAT:HLTH_PS_SCRE(1.0),A,PC,PRG,C53,FI,2017,70.60,d
dataflow,ESTAT:HLTH_PS_SCRE(1.0),A,PC,PRG,C53,FI,2018,70.90,d
dataflow,ESTAT:HLTH_PS_SCRE(1.0),A,PC,PRG,C53,FI,2019,71.30,d
dataflow,ESTAT:HLTH_PS_SCRE(1.0),A,PC,PRG,C53,FR,2014,58.80,d
dataflow,ESTAT:HLTH_PS_SCRE(1.0),A,PC,PRG,C53,FR,2015,59.20,d
dataflow,ESTAT:HLTH_PS_SCRE(1.0),A,PC,PRG,C53,FR,2016,59.10,d
dataflow,ESTAT:HLTH_PS_SCRE(1.0),A,PC,PRG,C53,FR,2017,59.40,d
dataflow,ESTAT:HLTH_PS_SCRE(1.0),A,PC,PRG,C53,FR,2018,59.40,d
dataflow,ESTAT:HLTH_PS_SCRE(1.0),A,PC,PRG,C53,FR,2019,58.20,d
dataflow,ESTAT:HLTH_PS_SCRE(1.0),A,PC,PRG,C53,FR,2020,58.80,d
dataflow,ESTAT:HLTH_PS_SCRE(1.0),A,PC,PRG,C53,HU,2006,47.16,
dataflow,ESTAT:HLTH_PS_SCRE(1.0),A,PC,PRG,C53,HU,2007,45.34,
dataflow,ESTAT:HLTH_PS_SCRE(1.0),A,PC,PRG,C53,HU,2008,42.45,
dataflow,ESTAT:HLTH_PS_SCRE(1.0),A,PC,PRG,C53,HU,2009,39.24,
dataflow,ESTAT:HLTH_PS_SCRE(1.0),A,PC,PRG,C53,HU,2010,38.68,
dataflow,ESTAT:HLTH_PS_SCRE(1.0),A,PC,PRG,C53,HU,2011,38.33,
dataflow,ESTAT:HLTH_PS_SCRE(1.0),A,PC,PRG,C53,HU,2012,37.53,
dataflow,ESTAT:HLTH_PS_SCRE(1.0),A,PC,PRG,C53,HU,2013,36.60,
dataflow,ESTAT:HLTH_PS_SCRE(1.0),A,PC,PRG,C53,HU,2014,35.63,
dataflow,ESTAT:HLTH_PS_SCRE(1.0),A,PC,PRG,C53,HU,2015,35.30,
dataflow,ESTAT:HLTH_PS_SCRE(1.0),A,PC,PRG,C53,HU,2016,35.06,
dataflow,ESTAT:HLTH_PS_SCRE(1.0),A,PC,PRG,C53,HU,2017,34.20,
dataflow,ESTAT:HLTH_PS_SCRE(1.0),A,PC,PRG,C53,HU,2018,32.18,
dataflow,ESTAT:HLTH_PS_SCRE(1.0),A,PC,PRG,C53,HU,2019,30.23,
dataflow,ESTAT:HLTH_PS_SCRE(1.0),A,PC,PRG,C53,HU,2020,27.54,
dataflow,ESTAT:HLTH_PS_SCRE(1.0),A,PC,PRG,C53,IE,2011,60.90,
dataflow,ESTAT:HLTH_PS_SCRE(1.0),A,PC,PRG,C53,IE,2012,67.90,bd
dataflow,ESTAT:HLTH_PS_SCRE(1.0),A,PC,PRG,C53,IE,2013,74.70,bd
dataflow,ESTAT:HLTH_PS_SCRE(1.0),A,PC,PRG,C53,IE,2014,77.00,d
dataflow,ESTAT:HLTH_PS_SCRE(1.0),A,PC,PRG,C53,IE,2015,78.70,d
dataflow,ESTAT:HLTH_PS_SCRE(1.0),A,PC,PRG,C53,IE,2016,79.70,d
dataflow,ESTAT:HLTH_PS_SCRE(1.0),A,PC,PRG,C53,IE,2017,80.20,d
dataflow,ESTAT:HLTH_PS_SCRE(1.0),A,PC,PRG,C53,IE,2018,79.70,d
dataflow,ESTAT:HLTH_PS_SCRE(1.0),A,PC,PRG,C53,IE,2019,79.20,d
dataflow,ESTAT:HLTH_PS_SCRE(1.0),A,PC,PRG,C53,IE,2020,71.70,dp
dataflow,ESTAT:HLTH_PS_SCRE(1.0),A,PC,PRG,C53,IS,2000,74.00,
dataflow,ESTAT:HLTH_PS_SCRE(1.0),A,PC,PRG,C53,IS,2001,74.00,
dataflow,ESTAT:HLTH_PS_SCRE(1.0),A,PC,PRG,C53,IS,2002,74.00,
dataflow,ESTAT:HLTH_PS_SCRE(1.0),A,PC,PRG,C53,IS,2003,74.00,
dataflow,ESTAT:HLTH_PS_SCRE(1.0),A,PC,PRG,C53,IS,2004,73.00,
dataflow,ESTAT:HLTH_PS_SCRE(1.0),A,PC,PRG,C53,IS,2005,72.00,
dataflow,ESTAT:HLTH_PS_SCRE(1.0),A,PC,PRG,C53,IS,2006,71.00,
dataflow,ESTAT:HLTH_PS_SCRE(1.0),A,PC,PRG,C53,IS,2007,71.00,
dataflow,ESTAT:HLTH_PS_SCRE(1.0),A,PC,PRG,C53,IS,2008,70.00,
dataflow,ESTAT:HLTH_PS_SCRE(1.0),A,PC,PRG,C53,IS,2009,69.00,
dataflow,ESTAT:HLTH_PS_SCRE(1.0),A,PC,PRG,C53,IS,2010,65.00,
dataflow,ESTAT:HLTH_PS_SCRE(1.0),A,PC,PRG,C53,IS,2011,61.00,
dataflow,ESTAT:HLTH_PS_SCRE(1.0),A,PC,PRG,C53,IS,2012,64.00,
dataflow,ESTAT:HLTH_PS_SCRE(1.0),A,PC,PRG,C53,IS,2013,64.00,
dataflow,ESTAT:HLTH_PS_SCRE(1.0),A,PC,PRG,C53,IS,2014,73.00,bd
dataflow,ESTAT:HLTH_PS_SCRE(1.0),A,PC,PRG,C53,IS,2015,71.00,d
dataflow,ESTAT:HLTH_PS_SCRE(1.0),A,PC,PRG,C53,IS,2016,68.00,d
dataflow,ESTAT:HLTH_PS_SCRE(1.0),A,PC,PRG,C53,IS,2017,66.00,d
dataflow,ESTAT:HLTH_PS_SCRE(1.0),A,PC,PRG,C53,IS,2018,66.00,d
dataflow,ESTAT:HLTH_PS_SCRE(1.0),A,PC,PRG,C53,IS,2019,67.00,d
dataflow,ESTAT:HLTH_PS_SCRE(1.0),A,PC,PRG,C53,IS,2020,66.00,d
dataflow,ESTAT:HLTH_PS_SCRE(1.0),A,PC,PRG,C53,IT,2004,37.70,
dataflow,ESTAT:HLTH_PS_SCRE(1.0),A,PC,PRG,C53,IT,2005,36.70,
dataflow,ESTAT:HLTH_PS_SCRE(1.0),A,PC,PRG,C53,IT,2006,38.50,
dataflow,ESTAT:HLTH_PS_SCRE(1.0),A,PC,PRG,C53,IT,2007,39.00,
dataflow,ESTAT:HLTH_PS_SCRE(1.0),A,PC,PRG,C53,IT,2008,38.00,
dataflow,ESTAT:HLTH_PS_SCRE(1.0),A,PC,PRG,C53,IT,2009,39.00,
dataflow,ESTAT:HLTH_PS_SCRE(1.0),A,PC,PRG,C53,IT,2010,40.00,
dataflow,ESTAT:HLTH_PS_SCRE(1.0),A,PC,PRG,C53,IT,2011,41.20,
dataflow,ESTAT:HLTH_PS_SCRE(1.0),A,PC,PRG,C53,IT,2012,41.00,
dataflow,ESTAT:HLTH_PS_SCRE(1.0),A,PC,PRG,C53,IT,2013,41.50,
dataflow,ESTAT:HLTH_PS_SCRE(1.0),A,PC,PRG,C53,IT,2014,40.50,
dataflow,ESTAT:HLTH_PS_SCRE(1.0),A,PC,PRG,C53,IT,2015,39.80,
dataflow,ESTAT:HLTH_PS_SCRE(1.0),A,PC,PRG,C53,IT,2016,40.90,
dataflow,ESTAT:HLTH_PS_SCRE(1.0),A,PC,PRG,C53,IT,2017,40.50,
dataflow,ESTAT:HLTH_PS_SCRE(1.0),A,PC,PRG,C53,IT,2018,39.60,
dataflow,ESTAT:HLTH_PS_SCRE(1.0),A,PC,PRG,C53,IT,2019,38.50,
dataflow,ESTAT:HLTH_PS_SCRE(1.0),A,PC,PRG,C53,IT,2020,34.20,
dataflow,ESTAT:HLTH_PS_SCRE(1.0),A,PC,PRG,C53,LI,2014,30.54,b
dataflow,ESTAT:HLTH_PS_SCRE(1.0),A,PC,PRG,C53,LI,2015,27.23,
dataflow,ESTAT:HLTH_PS_SCRE(1.0),A,PC,PRG,C53,LI,2016,31.20,
dataflow,ESTAT:HLTH_PS_SCRE(1.0),A,PC,PRG,C53,LI,2017,27.30,
dataflow,ESTAT:HLTH_PS_SCRE(1.0),A,PC,PRG,C53,LI,2018,17.80,
dataflow,ESTAT:HLTH_PS_SCRE(1.0),A,PC,PRG,C53,LI,2019,6.80,
dataflow,ESTAT:HLTH_PS_SCRE(1.0),A,PC,PRG,C53,LT,2010,43.20,d
dataflow,ESTAT:HLTH_PS_SCRE(1.0),A,PC,PRG,C53,LT,2011,42.70,d
dataflow,ESTAT:HLTH_PS_SCRE(1.0),A,PC,PRG,C53,LT,2012,43.80,d
dataflow,ESTAT:HLTH_PS_SCRE(1.0),A,PC,PRG,C53,LT,2013,45.60,d
dataflow,ESTAT:HLTH_PS_SCRE(1.0),A,PC,PRG,C53,LT,2014,46.70,d
dataflow,ESTAT:HLTH_PS_SCRE(1.0),A,PC,PRG,C53,LT,2015,47.70,d
dataflow,ESTAT:HLTH_PS_SCRE(1.0),A,PC,PRG,C53,LT,2016,50.10,d
dataflow,ESTAT:HLTH_PS_SCRE(1.0),A,PC,PRG,C53,LT,2017,50.90,d
dataflow,ESTAT:HLTH_PS_SCRE(1.0),A,PC,PRG,C53,LT,2018,51.00,d
dataflow,ESTAT:HLTH_PS_SCRE(1.0),A,PC,PRG,C53,LT,2019,52.50,d
dataflow,ESTAT:HLTH_PS_SCRE(1.0),A,PC,PRG,C53,LT,2020,52.10,d
dataflow,ESTAT:HLTH_PS_SCRE(1.0),A,PC,PRG,C53,LT,2021,53.50,dp
dataflow,ESTAT:HLTH_PS_SCRE(1.0),A,PC,PRG,C53,LU,2013,50.80,
dataflow,ESTAT:HLTH_PS_SCRE(1.0),A,PC,PRG,C53,LU,2014,67.75,
dataflow,ESTAT:HLTH_PS_SCRE(1.0),A,PC,PRG,C53,LU,2015,75.40,b
dataflow,ESTAT:HLTH_PS_SCRE(1.0),A,PC,PRG,C53,LU,2016,75.96,
dataflow,ESTAT:HLTH_PS_SCRE(1.0),A,PC,PRG,C53,LU,2017,76.55,
dataflow,ESTAT:HLTH_PS_SCRE(1.0),A,PC,PRG,C53,LU,2018,74.31,
dataflow,ESTAT:HLTH_PS_SCRE(1.0),A,PC,PRG,C53,LU,2019,69.83,
dataflow,ESTAT:HLTH_PS_SCRE(1.0),A,PC,PRG,C53,LU,2020,61.03,p
dataflow,ESTAT:HLTH_PS_SCRE(1.0),A,PC,PRG,C53,LV,2009,14.90,
dataflow,ESTAT:HLTH_PS_SCRE(1.0),A,PC,PRG,C53,LV,2010,15.30,
dataflow,ESTAT:HLTH_PS_SCRE(1.0),A,PC,PRG,C53,LV,2011,34.50,
dataflow,ESTAT:HLTH_PS_SCRE(1.0),A,PC,PRG,C53,LV,2012,26.70,
dataflow,ESTAT:HLTH_PS_SCRE(1.0),A,PC,PRG,C53,LV,2013,27.40,
dataflow,ESTAT:HLTH_PS_SCRE(1.0),A,PC,PRG,C53,LV,2014,27.80,
dataflow,ESTAT:HLTH_PS_SCRE(1.0),A,PC,PRG,C53,LV,2015,25.00,
dataflow,ESTAT:HLTH_PS_SCRE(1.0),A,PC,PRG,C53,LV,2016,25.20,
dataflow,ESTAT:HLTH_PS_SCRE(1.0),A,PC,PRG,C53,LV,2017,39.00,
dataflow,ESTAT:HLTH_PS_SCRE(1.0),A,PC,PRG,C53,LV,2018,43.80,
dataflow,ESTAT:HLTH_PS_SCRE(1.0),A,PC,PRG,C53,LV,2019,39.70,
dataflow,ESTAT:HLTH_PS_SCRE(1.0),A,PC,PRG,C53,LV,2020,33.80,
dataflow,ESTAT:HLTH_PS_SCRE(1.0),A,PC,PRG,C53,LV,2021,35.10,
dataflow,ESTAT:HLTH_PS_SCRE(1.0),A,PC,PRG,C53,ME,2018,32.50,
dataflow,ESTAT:HLTH_PS_SCRE(1.0),A,PC,PRG,C53,ME,2019,29.30,
dataflow,ESTAT:HLTH_PS_SCRE(1.0),A,PC,PRG,C53,ME,2020,8.04,
dataflow,ESTAT:HLTH_PS_SCRE(1.0),A,PC,PRG,C53,MK,2014,17.40,d
dataflow,ESTAT:HLTH_PS_SCRE(1.0),A,PC,PRG,C53,MK,2015,14.60,d
dataflow,ESTAT:HLTH_PS_SCRE(1.0),A,PC,PRG,C53,MK,2016,5.30,d
dataflow,ESTAT:HLTH_PS_SCRE(1.0),A,PC,PRG,C53,MK,2019,9.90,d
dataflow,ESTAT:HLTH_PS_SCRE(1.0),A,PC,PRG,C53,MK,2020,5.63,d
dataflow,ESTAT:HLTH_PS_SCRE(1.0),A,PC,PRG,C53,MT,2016,18.00,d
dataflow,ESTAT:HLTH_PS_SCRE(1.0),A,PC,PRG,C53,MT,2017,24.00,d
dataflow,ESTAT:HLTH_PS_SCRE(1.0),A,PC,PRG,C53,MT,2018,27.50,d
dataflow,ESTAT:HLTH_PS_SCRE(1.0),A,PC,PRG,C53,MT,2019,22.10,d
dataflow,ESTAT:HLTH_PS_SCRE(1.0),A,PC,PRG,C53,MT,2020,22.90,d
dataflow,ESTAT:HLTH_PS_SCRE(1.0),A,PC,PRG,C53,MT,2021,23.50,d
dataflow,ESTAT:HLTH_PS_SCRE(1.0),A,PC,PRG,C53,NL,2000,65.60,d
dataflow,ESTAT:HLTH_PS_SCRE(1.0),A,PC,PRG,C53,NL,2001,65.70,d
dataflow,ESTAT:HLTH_PS_SCRE(1.0),A,PC,PRG,C53,NL,2002,66.10,d
dataflow,ESTAT:HLTH_PS_SCRE(1.0),A,PC,PRG,C53,NL,2003,65.90,d
dataflow,ESTAT:HLTH_PS_SCRE(1.0),A,PC,PRG,C53,NL,2004,66.90,d
dataflow,ESTAT:HLTH_PS_SCRE(1.0),A,PC,PRG,C53,NL,2005,66.80,d
dataflow,ESTAT:HLTH_PS_SCRE(1.0),A,PC,PRG,C53,NL,2006,67.50,d
dataflow,ESTAT:HLTH_PS_SCRE(1.0),A,PC,PRG,C53,NL,2007,67.90,d
dataflow,ESTAT:HLTH_PS_SCRE(1.0),A,PC,PRG,C53,NL,2008,67.50,d
dataflow,ESTAT:HLTH_PS_SCRE(1.0),A,PC,PRG,C53,NL,2009,66.30,d
dataflow,ESTAT:HLTH_PS_SCRE(1.0),A,PC,PRG,C53,NL,2010,65.50,d
dataflow,ESTAT:HLTH_PS_SCRE(1.0),A,PC,PRG,C53,NL,2011,66.20,d
dataflow,ESTAT:HLTH_PS_SCRE(1.0),A,PC,PRG,C53,NL,2012,65.20,d
dataflow,ESTAT:HLTH_PS_SCRE(1.0),A,PC,PRG,C53,NL,2013,66.20,d
dataflow,ESTAT:HLTH_PS_SCRE(1.0),A,PC,PRG,C53,NL,2014,64.60,d
dataflow,ESTAT:HLTH_PS_SCRE(1.0),A,PC,PRG,C53,NL,2015,64.40,d
dataflow,ESTAT:HLTH_PS_SCRE(1.0),A,PC,PRG,C53,NL,2016,60.30,d
dataflow,ESTAT:HLTH_PS_SCRE(1.0),A,PC,PRG,C53,NL,2017,57.00,bd
dataflow,ESTAT:HLTH_PS_SCRE(1.0),A,PC,PRG,C53,NL,2018,57.60,d
dataflow,ESTAT:HLTH_PS_SCRE(1.0),A,PC,PRG,C53,NL,2019,56.00,d
dataflow,ESTAT:HLTH_PS_SCRE(1.0),A,PC,PRG,C53,NL,2020,49.70,d
dataflow,ESTAT:HLTH_PS_SCRE(1.0),A,PC,PRG,C53,NO,2000,78.90,
dataflow,ESTAT:HLTH_PS_SCRE(1.0),A,PC,PRG,C53,NO,2001,80.10,
dataflow,ESTAT:HLTH_PS_SCRE(1.0),A,PC,PRG,C53,NO,2002,80.10,
dataflow,ESTAT:HLTH_PS_SCRE(1.0),A,PC,PRG,C53,NO,2003,80.10,
dataflow,ESTAT:HLTH_PS_SCRE(1.0),A,PC,PRG,C53,NO,2004,80.10,
dataflow,ESTAT:HLTH_PS_SCRE(1.0),A,PC,PRG,C53,NO,2005,78.50,
dataflow,ESTAT:HLTH_PS_SCRE(1.0),A,PC,PRG,C53,NO,2006,78.50,
dataflow,ESTAT:HLTH_PS_SCRE(1.0),A,PC,PRG,C53,NO,2007,78.50,
dataflow,ESTAT:HLTH_PS_SCRE(1.0),A,PC,PRG,C53,NO,2008,78.50,
dataflow,ESTAT:HLTH_PS_SCRE(1.0),A,PC,PRG,C53,NO,2009,78.50,
dataflow,ESTAT:HLTH_PS_SCRE(1.0),A,PC,PRG,C53,NO,2010,76.70,
dataflow,ESTAT:HLTH_PS_SCRE(1.0),A,PC,PRG,C53,NO,2011,76.20,
dataflow,ESTAT:HLTH_PS_SCRE(1.0),A,PC,PRG,C53,NO,2012,75.90,
dataflow,ESTAT:HLTH_PS_SCRE(1.0),A,PC,PRG,C53,NO,2013,74.10,
dataflow,ESTAT:HLTH_PS_SCRE(1.0),A,PC,PRG,C53,NO,2014,73.50,
dataflow,ESTAT:HLTH_PS_SCRE(1.0),A,PC,PRG,C53,NO,2015,74.10,
dataflow,ESTAT:HLTH_PS_SCRE(1.0),A,PC,PRG,C53,NO,2016,74.40,
dataflow,ESTAT:HLTH_PS_SCRE(1.0),A,PC,PRG,C53,NO,2017,70.00,
dataflow,ESTAT:HLTH_PS_SCRE(1.0),A,PC,PRG,C53,NO,2018,76.30,
dataflow,ESTAT:HLTH_PS_SCRE(1.0),A,PC,PRG,C53,RO,2012,1.60,
dataflow,ESTAT:HLTH_PS_SCRE(1.0),A,PC,PRG,C53,RO,2013,5.70,
dataflow,ESTAT:HLTH_PS_SCRE(1.0),A,PC,PRG,C53,RO,2014,8.00,
dataflow,ESTAT:HLTH_PS_SCRE(1.0),A,PC,PRG,C53,RO,2015,7.50,
dataflow,ESTAT:HLTH_PS_SCRE(1.0),A,PC,PRG,C53,RO,2016,4.20,
dataflow,ESTAT:HLTH_PS_SCRE(1.0),A,PC,PRG,C53,RO,2017,2.90,
dataflow,ESTAT:HLTH_PS_SCRE(1.0),A,PC,PRG,C53,RO,2018,2.60,
dataflow,ESTAT:HLTH_PS_SCRE(1.0),A,PC,PRG,C53,RO,2019,3.10,
dataflow,ESTAT:HLTH_PS_SCRE(1.0),A,PC,PRG,C53,RO,2020,3.40,
dataflow,ESTAT:HLTH_PS_SCRE(1.0),A,PC,PRG,C53,RS,2013,2.40,d
dataflow,ESTAT:HLTH_PS_SCRE(1.0),A,PC,PRG,C53,RS,2014,6.00,d
dataflow,ESTAT:HLTH_PS_SCRE(1.0),A,PC,PRG,C53,RS,2015,9.30,d
dataflow,ESTAT:HLTH_PS_SCRE(1.0),A,PC,PRG,C53,RS,2016,10.60,d
dataflow,ESTAT:HLTH_PS_SCRE(1.0),A,PC,PRG,C53,RS,2017,10.60,d
dataflow,ESTAT:HLTH_PS_SCRE(1.0),A,PC,PRG,C53,RS,2018,10.70,d
dataflow,ESTAT:HLTH_PS_SCRE(1.0),A,PC,PRG,C53,RS,2019,10.40,d
dataflow,ESTAT:HLTH_PS_SCRE(1.0),A,PC,PRG,C53,RS,2020,8.00,d
dataflow,ESTAT:HLTH_PS_SCRE(1.0),A,PC,PRG,C53,RS,2021,5.60,d
dataflow,ESTAT:HLTH_PS_SCRE(1.0),A,PC,PRG,C53,SE,2000,78.50,d
dataflow,ESTAT:HLTH_PS_SCRE(1.0),A,PC,PRG,C53,SE,2001,78.50,d
dataflow,ESTAT:HLTH_PS_SCRE(1.0),A,PC,PRG,C53,SE,2002,78.80,d
dataflow,ESTAT:HLTH_PS_SCRE(1.0),A,PC,PRG,C53,SE,2003,78.80,d
dataflow,ESTAT:HLTH_PS_SCRE(1.0),A,PC,PRG,C53,SE,2004,79.30,d
dataflow,ESTAT:HLTH_PS_SCRE(1.0),A,PC,PRG,C53,SE,2005,79.00,d
dataflow,ESTAT:HLTH_PS_SCRE(1.0),A,PC,PRG,C53,SE,2006,78.90,d
dataflow,ESTAT:HLTH_PS_SCRE(1.0),A,PC,PRG,C53,SE,2007,79.10,d
dataflow,ESTAT:HLTH_PS_SCRE(1.0),A,PC,PRG,C53,SE,2008,80.10,d
dataflow,ESTAT:HLTH_PS_SCRE(1.0),A,PC,PRG,C53,SE,2009,80.40,d
dataflow,ESTAT:HLTH_PS_SCRE(1.0),A,PC,PRG,C53,SE,2010,80.10,d
dataflow,ESTAT:HLTH_PS_SCRE(1.0),A,PC,PRG,C53,SE,2011,79.20,d
dataflow,ESTAT:HLTH_PS_SCRE(1.0),A,PC,PRG,C53,SE,2012,79.70,d
dataflow,ESTAT:HLTH_PS_SCRE(1.0),A,PC,PRG,C53,SE,2013,80.50,d
dataflow,ESTAT:HLTH_PS_SCRE(1.0),A,PC,PRG,C53,SE,2014,81.40,d
dataflow,ESTAT:HLTH_PS_SCRE(1.0),A,PC,PRG,C53,SE,2015,81.70,d
dataflow,ESTAT:HLTH_PS_SCRE(1.0),A,PC,PRG,C53,SE,2016,72.50,bd
dataflow,ESTAT:HLTH_PS_SCRE(1.0),A,PC,PRG,C53,SE,2017,73.60,d
dataflow,ESTAT:HLTH_PS_SCRE(1.0),A,PC,PRG,C53,SE,2018,75.90,d
dataflow,ESTAT:HLTH_PS_SCRE(1.0),A,PC,PRG,C53,SE,2019,79.90,d
dataflow,ESTAT:HLTH_PS_SCRE(1.0),A,PC,PRG,C53,SE,2020,79.40,d
dataflow,ESTAT:HLTH_PS_SCRE(1.0),A,PC,PRG,C53,SI,2005,67.12,d
dataflow,ESTAT:HLTH_PS_SCRE(1.0),A,PC,PRG,C53,SI,2006,71.00,d
dataflow,ESTAT:HLTH_PS_SCRE(1.0),A,PC,PRG,C53,SI,2007,70.30,d
dataflow,ESTAT:HLTH_PS_SCRE(1.0),A,PC,PRG,C53,SI,2008,70.40,d
dataflow,ESTAT:HLTH_PS_SCRE(1.0),A,PC,PRG,C53,SI,2009,71.20,d
dataflow,ESTAT:HLTH_PS_SCRE(1.0),A,PC,PRG,C53,SI,2010,71.40,d
dataflow,ESTAT:HLTH_PS_SCRE(1.0),A,PC,PRG,C53,SI,2011,71.50,d
dataflow,ESTAT:HLTH_PS_SCRE(1.0),A,PC,PRG,C53,SI,2012,71.30,d
dataflow,ESTAT:HLTH_PS_SCRE(1.0),A,PC,PRG,C53,SI,2013,71.50,d
dataflow,ESTAT:HLTH_PS_SCRE(1.0),A,PC,PRG,C53,SI,2014,71.30,d
dataflow,ESTAT:HLTH_PS_SCRE(1.0),A,PC,PRG,C53,SI,2015,71.50,d
dataflow,ESTAT:HLTH_PS_SCRE(1.0),A,PC,PRG,C53,SI,2016,71.90,d
dataflow,ESTAT:HLTH_PS_SCRE(1.0),A,PC,PRG,C53,SI,2017,72.00,d
dataflow,ESTAT:HLTH_PS_SCRE(1.0),A,PC,PRG,C53,SI,2018,72.00,d
dataflow,ESTAT:HLTH_PS_SCRE(1.0),A,PC,PRG,C53,SI,2019,72.40,d
dataflow,ESTAT:HLTH_PS_SCRE(1.0),A,PC,PRG,C53,SI,2020,69.60,d
dataflow,ESTAT:HLTH_PS_SCRE(1.0),A,PC,PRG,C53,SI,2021,71.70,d
dataflow,ESTAT:HLTH_PS_SCRE(1.0),A,PC,PRG,C53,SK,2009,49.90,d
dataflow,ESTAT:HLTH_PS_SCRE(1.0),A,PC,PRG,C53,SK,2010,48.51,d
dataflow,ESTAT:HLTH_PS_SCRE(1.0),A,PC,PRG,C53,SK,2011,47.51,d
dataflow,ESTAT:HLTH_PS_SCRE(1.0),A,PC,PRG,C53,SK,2012,47.45,d
dataflow,ESTAT:HLTH_PS_SCRE(1.0),A,PC,PRG,C53,SK,2013,47.24,d
dataflow,ESTAT:HLTH_PS_SCRE(1.0),A,PC,PRG,C53,SK,2014,46.94,d
dataflow,ESTAT:HLTH_PS_SCRE(1.0),A,PC,PRG,C53,SK,2015,48.33,d
dataflow,ESTAT:HLTH_PS_SCRE(1.0),A,PC,PRG,C53,SK,2016,46.00,d
dataflow,ESTAT:HLTH_PS_SCRE(1.0),A,PC,PRG,C53,SK,2017,46.17,d
dataflow,ESTAT:HLTH_PS_SCRE(1.0),A,PC,PRG,C53,SK,2018,45.62,d
dataflow,ESTAT:HLTH_PS_SCRE(1.0),A,PC,PRG,C53,SK,2019,46.05,d
dataflow,ESTAT:HLTH_PS_SCRE(1.0),A,PC,PRG,C53,SK,2020,40.15,d
dataflow,ESTAT:HLTH_PS_SCRE(1.0),A,PC,PRG,C53,TR,2007,20.23,d
dataflow,ESTAT:HLTH_PS_SCRE(1.0),A,PC,PRG,C53,TR,2008,23.99,d
dataflow,ESTAT:HLTH_PS_SCRE(1.0),A,PC,PRG,C53,TR,2009,30.30,d
dataflow,ESTAT:HLTH_PS_SCRE(1.0),A,PC,PRG,C53,TR,2010,36.79,d
dataflow,ESTAT:HLTH_PS_SCRE(1.0),A,PC,PRG,C53,TR,2011,41.00,d
dataflow,ESTAT:HLTH_PS_SCRE(1.0),A,PC,PRG,C53,TR,2012,40.01,d
dataflow,ESTAT:HLTH_PS_SCRE(1.0),A,PC,PRG,C53,TR,2013,41.19,d
dataflow,ESTAT:HLTH_PS_SCRE(1.0),A,PC,PRG,C53,TR,2014,42.29,d
dataflow,ESTAT:HLTH_PS_SCRE(1.0),A,PC,PRG,C53,TR,2015,46.51,d
dataflow,ESTAT:HLTH_PS_SCRE(1.0),A,PC,PRG,C53,TR,2016,47.79,d
dataflow,ESTAT:HLTH_PS_SCRE(1.0),A,PC,PRG,C53,TR,2017,47.79,d
dataflow,ESTAT:HLTH_PS_SCRE(1.0),A,PC,PRG,C53,TR,2018,46.96,d
dataflow,ESTAT:HLTH_PS_SCRE(1.0),A,PC,PRG,C53,TR,2019,45.99,d
dataflow,ESTAT:HLTH_PS_SCRE(1.0),A,PC,PRG,C53,TR,2020,38.06,d
dataflow,ESTAT:HLTH_PS_SCRE(1.0),A,PC,PRG,C53,UK,2000,83.71,
dataflow,ESTAT:HLTH_PS_SCRE(1.0),A,PC,PRG,C53,UK,2001,83.33,
dataflow,ESTAT:HLTH_PS_SCRE(1.0),A,PC,PRG,C53,UK,2002,82.02,
dataflow,ESTAT:HLTH_PS_SCRE(1.0),A,PC,PRG,C53,UK,2003,81.60,
dataflow,ESTAT:HLTH_PS_SCRE(1.0),A,PC,PRG,C53,UK,2004,81.01,
dataflow,ESTAT:HLTH_PS_SCRE(1.0),A,PC,PRG,C53,UK,2005,80.58,
dataflow,ESTAT:HLTH_PS_SCRE(1.0),A,PC,PRG,C53,UK,2006,79.85,
dataflow,ESTAT:HLTH_PS_SCRE(1.0),A,PC,PRG,C53,UK,2007,79.40,
dataflow,ESTAT:HLTH_PS_SCRE(1.0),A,PC,PRG,C53,UK,2008,78.49,
dataflow,ESTAT:HLTH_PS_SCRE(1.0),A,PC,PRG,C53,UK,2009,78.98,
dataflow,ESTAT:HLTH_PS_SCRE(1.0),A,PC,PRG,C53,UK,2010,78.91,
dataflow,ESTAT:HLTH_PS_SCRE(1.0),A,PC,PRG,C53,UK,2011,78.65,
dataflow,ESTAT:HLTH_PS_SCRE(1.0),A,PC,PRG,C53,UK,2012,78.67,
dataflow,ESTAT:HLTH_PS_SCRE(1.0),A,PC,PRG,C53,UK,2013,78.34,
dataflow,ESTAT:HLTH_PS_SCRE(1.0),A,PC,PRG,C53,UK,2014,77.78,
dataflow,ESTAT:HLTH_PS_SCRE(1.0),A,PC,PRG,C53,UK,2015,77.19,
dataflow,ESTAT:HLTH_PS_SCRE(1.0),A,PC,PRG,C53,UK,2016,76.51,
dataflow,ESTAT:HLTH_PS_SCRE(1.0),A,PC,PRG,C53,UK,2017,75.40,
dataflow,ESTAT:HLTH_PS_SCRE(1.0),A,PC,PRG,C53,UK,2018,74.81,e
dataflow,ESTAT:HLTH_PS_SCRE(1.0),A,PC,SRV,C50,AT,2006,80.10,
dataflow,ESTAT:HLTH_PS_SCRE(1.0),A,PC,SRV,C50,AT,2014,72.70,b
dataflow,ESTAT:HLTH_PS_SCRE(1.0),A,PC,SRV,C50,AT,2019,74.50,
dataflow,ESTAT:HLTH_PS_SCRE(1.0),A,PC,SRV,C50,BE,2001,58.90,
dataflow,ESTAT:HLTH_PS_SCRE(1.0),A,PC,SRV,C50,BE,2004,71.00,
dataflow,ESTAT:HLTH_PS_SCRE(1.0),A,PC,SRV,C50,BE,2008,72.70,
dataflow,ESTAT:HLTH_PS_SCRE(1.0),A,PC,SRV,C50,BE,2013,75.50,
dataflow,ESTAT:HLTH_PS_SCRE(1.0),A,PC,SRV,C50,BE,2018,67.30,
dataflow,ESTAT:HLTH_PS_SCRE(1.0),A,PC,SRV,C50,BG,2008,21.90,
dataflow,ESTAT:HLTH_PS_SCRE(1.0),A,PC,SRV,C50,BG,2014,31.80,
dataflow,ESTAT:HLTH_PS_SCRE(1.0),A,PC,SRV,C50,BG,2019,35.50,
dataflow,ESTAT:HLTH_PS_SCRE(1.0),A,PC,SRV,C50,CH,2007,46.00,
dataflow,ESTAT:HLTH_PS_SCRE(1.0),A,PC,SRV,C50,CH,2012,47.40,
dataflow,ESTAT:HLTH_PS_SCRE(1.0),A,PC,SRV,C50,CH,2017,49.00,
dataflow,ESTAT:HLTH_PS_SCRE(1.0),A,PC,SRV,C50,CY,2008,59.22,
dataflow,ESTAT:HLTH_PS_SCRE(1.0),A,PC,SRV,C50,CY,2014,65.70,
dataflow,ESTAT:HLTH_PS_SCRE(1.0),A,PC,SRV,C50,CY,2019,65.80,
dataflow,ESTAT:HLTH_PS_SCRE(1.0),A,PC,SRV,C50,CZ,2008,67.20,
dataflow,ESTAT:HLTH_PS_SCRE(1.0),A,PC,SRV,C50,CZ,2014,76.70,
dataflow,ESTAT:HLTH_PS_SCRE(1.0),A,PC,SRV,C50,CZ,2019,77.10,
dataflow,ESTAT:HLTH_PS_SCRE(1.0),A,PC,SRV,C50,DE,2009,68.40,
dataflow,ESTAT:HLTH_PS_SCRE(1.0),A,PC,SRV,C50,DE,2012,71.30,
dataflow,ESTAT:HLTH_PS_SCRE(1.0),A,PC,SRV,C50,DE,2014,73.50,
dataflow,ESTAT:HLTH_PS_SCRE(1.0),A,PC,SRV,C50,DE,2019,65.70,
dataflow,ESTAT:HLTH_PS_SCRE(1.0),A,PC,SRV,C50,DK,2017,75.00,
dataflow,ESTAT:HLTH_PS_SCRE(1.0),A,PC,SRV,C50,EE,2006,36.20,
dataflow,ESTAT:HLTH_PS_SCRE(1.0),A,PC,SRV,C50,EE,2014,39.00,
dataflow,ESTAT:HLTH_PS_SCRE(1.0),A,PC,SRV,C50,EE,2019,43.60,
dataflow,ESTAT:HLTH_PS_SCRE(1.0),A,PC,SRV,C50,EL,2006,53.80,
dataflow,ESTAT:HLTH_PS_SCRE(1.0),A,PC,SRV,C50,EL,2008,53.80,
dataflow,ESTAT:HLTH_PS_SCRE(1.0),A,PC,SRV,C50,EL,2009,49.62,b
dataflow,ESTAT:HLTH_PS_SCRE(1.0),A,PC,SRV,C50,EL,2014,59.61,
dataflow,ESTAT:HLTH_PS_SCRE(1.0),A,PC,SRV,C50,EL,2019,65.69,
dataflow,ESTAT:HLTH_PS_SCRE(1.0),A,PC,SRV,C50,ES,2009,73.30,
dataflow,ESTAT:HLTH_PS_SCRE(1.0),A,PC,SRV,C50,ES,2011,77.10,
dataflow,ESTAT:HLTH_PS_SCRE(1.0),A,PC,SRV,C50,ES,2014,79.80,
dataflow,ESTAT:HLTH_PS_SCRE(1.0),A,PC,SRV,C50,ES,2017,81.48,
dataflow,ESTAT:HLTH_PS_SCRE(1.0),A,PC,SRV,C50,ES,2020,73.75,
dataflow,ESTAT:HLTH_PS_SCRE(1.0),A,PC,SRV,C50,FR,2004,72.80,
dataflow,ESTAT:HLTH_PS_SCRE(1.0),A,PC,SRV,C50,FR,2006,79.85,
dataflow,ESTAT:HLTH_PS_SCRE(1.0),A,PC,SRV,C50,FR,2008,76.68,
dataflow,ESTAT:HLTH_PS_SCRE(1.0),A,PC,SRV,C50,FR,2010,75.40,
dataflow,ESTAT:HLTH_PS_SCRE(1.0),A,PC,SRV,C50,FR,2014,75.00,
dataflow,ESTAT:HLTH_PS_SCRE(1.0),A,PC,SRV,C50,FR,2019,70.00,
dataflow,ESTAT:HLTH_PS_SCRE(1.0),A,PC,SRV,C50,HR,2014,67.40,
dataflow,ESTAT:HLTH_PS_SCRE(1.0),A,PC,SRV,C50,HU,2003,60.10,
dataflow,ESTAT:HLTH_PS_SCRE(1.0),A,PC,SRV,C50,HU,2009,64.70,
dataflow,ESTAT:HLTH_PS_SCRE(1.0),A,PC,SRV,C50,HU,2014,64.90,
dataflow,ESTAT:HLTH_PS_SCRE(1.0),A,PC,SRV,C50,HU,2019,60.00,
dataflow,ESTAT:HLTH_PS_SCRE(1.0),A,PC,SRV,C50,IE,2015,74.90,e
dataflow,ESTAT:HLTH_PS_SCRE(1.0),A,PC,SRV,C50,IT,2008,71.90,
dataflow,ESTAT:HLTH_PS_SCRE(1.0),A,PC,SRV,C50,IT,2009,70.00,
dataflow,ESTAT:HLTH_PS_SCRE(1.0),A,PC,SRV,C50,IT,2010,70.10,
dataflow,ESTAT:HLTH_PS_SCRE(1.0),A,PC,SRV,C50,IT,2011,69.90,
dataflow,ESTAT:HLTH_PS_SCRE(1.0),A,PC,SRV,C50,IT,2012,70.40,
dataflow,ESTAT:HLTH_PS_SCRE(1.0),A,PC,SRV,C50,IT,2013,72.00,
dataflow,ESTAT:HLTH_PS_SCRE(1.0),A,PC,SRV,C50,IT,2014,71.50,
dataflow,ESTAT:HLTH_PS_SCRE(1.0),A,PC,SRV,C50,IT,2015,73.30,
dataflow,ESTAT:HLTH_PS_SCRE(1.0),A,PC,SRV,C50,IT,2016,74.00,
dataflow,ESTAT:HLTH_PS_SCRE(1.0),A,PC,SRV,C50,IT,2017,75.20,
dataflow,ESTAT:HLTH_PS_SCRE(1.0),A,PC,SRV,C50,IT,2018,74.80,
dataflow,ESTAT:HLTH_PS_SCRE(1.0),A,PC,SRV,C50,IT,2019,75.10,
dataflow,ESTAT:HLTH_PS_SCRE(1.0),A,PC,SRV,C50,IT,2020,72.50,
dataflow,ESTAT:HLTH_PS_SCRE(1.0),A,PC,SRV,C50,LI,2012,37.00,
dataflow,ESTAT:HLTH_PS_SCRE(1.0),A,PC,SRV,C50,LT,2014,46.50,
dataflow,ESTAT:HLTH_PS_SCRE(1.0),A,PC,SRV,C50,LT,2019,52.80,
dataflow,ESTAT:HLTH_PS_SCRE(1.0),A,PC,SRV,C50,LU,2014,81.02,
dataflow,ESTAT:HLTH_PS_SCRE(1.0),A,PC,SRV,C50,LU,2019,77.83,
dataflow,ESTAT:HLTH_PS_SCRE(1.0),A,PC,SRV,C50,MT,2008,39.70,
dataflow,ESTAT:HLTH_PS_SCRE(1.0),A,PC,SRV,C50,MT,2014,68.00,
dataflow,ESTAT:HLTH_PS_SCRE(1.0),A,PC,SRV,C50,NL,2000,92.20,
dataflow,ESTAT:HLTH_PS_SCRE(1.0),A,PC,SRV,C50,NL,2001,87.50,
dataflow,ESTAT:HLTH_PS_SCRE(1.0),A,PC,SRV,C50,NL,2002,84.60,
dataflow,ESTAT:HLTH_PS_SCRE(1.0),A,PC,SRV,C50,NL,2003,85.40,
dataflow,ESTAT:HLTH_PS_SCRE(1.0),A,PC,SRV,C50,NL,2004,85.80,
dataflow,ESTAT:HLTH_PS_SCRE(1.0),A,PC,SRV,C50,NL,2005,88.00,
dataflow,ESTAT:HLTH_PS_SCRE(1.0),A,PC,SRV,C50,NL,2006,89.00,
dataflow,ESTAT:HLTH_PS_SCRE(1.0),A,PC,SRV,C50,NL,2007,88.10,
dataflow,ESTAT:HLTH_PS_SCRE(1.0),A,PC,SRV,C50,NL,2008,88.60,
dataflow,ESTAT:HLTH_PS_SCRE(1.0),A,PC,SRV,C50,NL,2009,88.10,
dataflow,ESTAT:HLTH_PS_SCRE(1.0),A,PC,SRV,C50,NL,2010,87.60,b
dataflow,ESTAT:HLTH_PS_SCRE(1.0),A,PC,SRV,C50,NL,2011,85.60,
dataflow,ESTAT:HLTH_PS_SCRE(1.0),A,PC,SRV,C50,NL,2012,87.30,
dataflow,ESTAT:HLTH_PS_SCRE(1.0),A,PC,SRV,C50,NL,2013,85.30,
dataflow,ESTAT:HLTH_PS_SCRE(1.0),A,PC,SRV,C50,NL,2014,79.80,b
dataflow,ESTAT:HLTH_PS_SCRE(1.0),A,PC,SRV,C50,NL,2015,79.60,
dataflow,ESTAT:HLTH_PS_SCRE(1.0),A,PC,SRV,C50,NL,2016,77.90,
dataflow,ESTAT:HLTH_PS_SCRE(1.0),A,PC,SRV,C50,NL,2017,79.30,
dataflow,ESTAT:HLTH_PS_SCRE(1.0),A,PC,SRV,C50,NL,2018,79.80,
dataflow,ESTAT:HLTH_PS_SCRE(1.0),A,PC,SRV,C50,NL,2019,77.10,
dataflow,ESTAT:HLTH_PS_SCRE(1.0),A,PC,SRV,C50,PL,2004,24.80,
dataflow,ESTAT:HLTH_PS_SCRE(1.0),A,PC,SRV,C50,PL,2009,57.10,
dataflow,ESTAT:HLTH_PS_SCRE(1.0),A,PC,SRV,C50,PL,2014,58.60,
dataflow,ESTAT:HLTH_PS_SCRE(1.0),A,PC,SRV,C50,PL,2019,53.70,
dataflow,ESTAT:HLTH_PS_SCRE(1.0),A,PC,SRV,C50,PT,2005,73.60,
dataflow,ESTAT:HLTH_PS_SCRE(1.0),A,PC,SRV,C50,PT,2014,84.20,
dataflow,ESTAT:HLTH_PS_SCRE(1.0),A,PC,SRV,C50,PT,2019,80.20,
dataflow,ESTAT:HLTH_PS_SCRE(1.0),A,PC,SRV,C50,RO,2008,8.00,
dataflow,ESTAT:HLTH_PS_SCRE(1.0),A,PC,SRV,C50,RO,2014,6.60,
dataflow,ESTAT:HLTH_PS_SCRE(1.0),A,PC,SRV,C50,RO,2019,9.20,
dataflow,ESTAT:HLTH_PS_SCRE(1.0),A,PC,SRV,C50,RS,2013,22.70,
dataflow,ESTAT:HLTH_PS_SCRE(1.0),A,PC,SRV,C50,RS,2019,30.10,
dataflow,ESTAT:HLTH_PS_SCRE(1.0),A,PC,SRV,C50,SE,2014,90.40,
dataflow,ESTAT:HLTH_PS_SCRE(1.0),A,PC,SRV,C50,SE,2019,95.20,
dataflow,ESTAT:HLTH_PS_SCRE(1.0),A,PC,SRV,C50,SI,2007,47.20,
dataflow,ESTAT:HLTH_PS_SCRE(1.0),A,PC,SRV,C50,SI,2014,72.10,
dataflow,ESTAT:HLTH_PS_SCRE(1.0),A,PC,SRV,C50,SI,2019,82.30,
dataflow,ESTAT:HLTH_PS_SCRE(1.0),A,PC,SRV,C50,SK,2009,59.10,
dataflow,ESTAT:HLTH_PS_SCRE(1.0),A,PC,SRV,C50,SK,2014,54.10,
dataflow,ESTAT:HLTH_PS_SCRE(1.0),A,PC,SRV,C50,SK,2019,53.50,
dataflow,ESTAT:HLTH_PS_SCRE(1.0),A,PC,SRV,C50,TR,2014,24.70,
dataflow,ESTAT:HLTH_PS_SCRE(1.0),A,PC,SRV,C50,TR,2016,28.10,
dataflow,ESTAT:HLTH_PS_SCRE(1.0),A,PC,SRV,C50,TR,2019,30.70,
dataflow,ESTAT:HLTH_PS_SCRE(1.0),A,PC,SRV,C50,UK,2014,57.90,
dataflow,ESTAT:HLTH_PS_SCRE(1.0),A,PC,SRV,C53,AT,2006,81.50,
dataflow,ESTAT:HLTH_PS_SCRE(1.0),A,PC,SRV,C53,AT,2014,86.60,
dataflow,ESTAT:HLTH_PS_SCRE(1.0),A,PC,SRV,C53,AT,2019,84.60,
dataflow,ESTAT:HLTH_PS_SCRE(1.0),A,PC,SRV,C53,BE,2001,65.40,
dataflow,ESTAT:HLTH_PS_SCRE(1.0),A,PC,SRV,C53,BE,2004,67.80,
dataflow,ESTAT:HLTH_PS_SCRE(1.0),A,PC,SRV,C53,BE,2008,67.40,
dataflow,ESTAT:HLTH_PS_SCRE(1.0),A,PC,SRV,C53,BE,2013,68.70,
dataflow,ESTAT:HLTH_PS_SCRE(1.0),A,PC,SRV,C53,BE,2018,68.10,
dataflow,ESTAT:HLTH_PS_SCRE(1.0),A,PC,SRV,C53,BG,2008,46.80,
dataflow,ESTAT:HLTH_PS_SCRE(1.0),A,PC,SRV,C53,BG,2014,52.20,
dataflow,ESTAT:HLTH_PS_SCRE(1.0),A,PC,SRV,C53,BG,2019,56.80,
dataflow,ESTAT:HLTH_PS_SCRE(1.0),A,PC,SRV,C53,CH,2002,73.80,
dataflow,ESTAT:HLTH_PS_SCRE(1.0),A,PC,SRV,C53,CH,2007,71.90,
dataflow,ESTAT:HLTH_PS_SCRE(1.0),A,PC,SRV,C53,CH,2012,73.60,
dataflow,ESTAT:HLTH_PS_SCRE(1.0),A,PC,SRV,C53,CH,2017,75.50,
dataflow,ESTAT:HLTH_PS_SCRE(1.0),A,PC,SRV,C53,CY,2008,67.35,
dataflow,ESTAT:HLTH_PS_SCRE(1.0),A,PC,SRV,C53,CY,2014,64.64,
dataflow,ESTAT:HLTH_PS_SCRE(1.0),A,PC,SRV,C53,CY,2019,69.20,
dataflow,ESTAT:HLTH_PS_SCRE(1.0),A,PC,SRV,C53,CZ,2008,66.60,
dataflow,ESTAT:HLTH_PS_SCRE(1.0),A,PC,SRV,C53,CZ,2014,87.20,
dataflow,ESTAT:HLTH_PS_SCRE(1.0),A,PC,SRV,C53,CZ,2019,90.90,
dataflow,ESTAT:HLTH_PS_SCRE(1.0),A,PC,SRV,C53,DE,2009,78.70,
dataflow,ESTAT:HLTH_PS_SCRE(1.0),A,PC,SRV,C53,DE,2014,80.30,
dataflow,ESTAT:HLTH_PS_SCRE(1.0),A,PC,SRV,C53,DE,2019,77.90,
dataflow,ESTAT:HLTH_PS_SCRE(1.0),A,PC,SRV,C53,DK,2000,69.70,
dataflow,ESTAT:HLTH_PS_SCRE(1.0),A,PC,SRV,C53,DK,2005,71.90,
dataflow,ESTAT:HLTH_PS_SCRE(1.0),A,PC,SRV,C53,EE,2006,29.90,
dataflow,ESTAT:HLTH_PS_SCRE(1.0),A,PC,SRV,C53,EE,2014,57.70,
dataflow,ESTAT:HLTH_PS_SCRE(1.0),A,PC,SRV,C53,EE,2019,58.70,
dataflow,ESTAT:HLTH_PS_SCRE(1.0),A,PC,SRV,C53,EL,2006,59.40,
dataflow,ESTAT:HLTH_PS_SCRE(1.0),A,PC,SRV,C53,EL,2009,70.03,b
dataflow,ESTAT:HLTH_PS_SCRE(1.0),A,PC,SRV,C53,EL,2014,75.52,
dataflow,ESTAT:HLTH_PS_SCRE(1.0),A,PC,SRV,C53,EL,2019,72.89,
dataflow,ESTAT:HLTH_PS_SCRE(1.0),A,PC,SRV,C53,ES,2009,68.50,
dataflow,ESTAT:HLTH_PS_SCRE(1.0),A,PC,SRV,C53,ES,2011,67.70,
dataflow,ESTAT:HLTH_PS_SCRE(1.0),A,PC,SRV,C53,ES,2014,68.66,
dataflow,ESTAT:HLTH_PS_SCRE(1.0),A,PC,SRV,C53,ES,2017,69.96,
dataflow,ESTAT:HLTH_PS_SCRE(1.0),A,PC,SRV,C53,ES,2020,68.37,
dataflow,ESTAT:HLTH_PS_SCRE(1.0),A,PC,SRV,C53,FR,2004,76.30,
dataflow,ESTAT:HLTH_PS_SCRE(1.0),A,PC,SRV,C53,FR,2006,75.36,
dataflow,ESTAT:HLTH_PS_SCRE(1.0),A,PC,SRV,C53,FR,2008,72.36,
dataflow,ESTAT:HLTH_PS_SCRE(1.0),A,PC,SRV,C53,FR,2010,71.13,
dataflow,ESTAT:HLTH_PS_SCRE(1.0),A,PC,SRV,C53,FR,2012,73.59,
dataflow,ESTAT:HLTH_PS_SCRE(1.0),A,PC,SRV,C53,FR,2014,75.39,
dataflow,ESTAT:HLTH_PS_SCRE(1.0),A,PC,SRV,C53,FR,2019,76.30,
dataflow,ESTAT:HLTH_PS_SCRE(1.0),A,PC,SRV,C53,HR,2014,77.10,
dataflow,ESTAT:HLTH_PS_SCRE(1.0),A,PC,SRV,C53,HU,2003,63.20,
dataflow,ESTAT:HLTH_PS_SCRE(1.0),A,PC,SRV,C53,HU,2009,63.50,
dataflow,ESTAT:HLTH_PS_SCRE(1.0),A,PC,SRV,C53,HU,2014,70.60,
dataflow,ESTAT:HLTH_PS_SCRE(1.0),A,PC,SRV,C53,HU,2019,74.00,
dataflow,ESTAT:HLTH_PS_SCRE(1.0),A,PC,SRV,C53,IE,2015,78.02,e
dataflow,ESTAT:HLTH_PS_SCRE(1.0),A,PC,SRV,C53,IT,2008,77.00,
dataflow,ESTAT:HLTH_PS_SCRE(1.0),A,PC,SRV,C53,IT,2009,75.20,
dataflow,ESTAT:HLTH_PS_SCRE(1.0),A,PC,SRV,C53,IT,2010,77.80,
dataflow,ESTAT:HLTH_PS_SCRE(1.0),A,PC,SRV,C53,IT,2011,77.80,
dataflow,ESTAT:HLTH_PS_SCRE(1.0),A,PC,SRV,C53,IT,2012,78.90,
dataflow,ESTAT:HLTH_PS_SCRE(1.0),A,PC,SRV,C53,IT,2013,80.00,
dataflow,ESTAT:HLTH_PS_SCRE(1.0),A,PC,SRV,C53,IT,2014,78.10,
dataflow,ESTAT:HLTH_PS_SCRE(1.0),A,PC,SRV,C53,IT,2015,79.80,
dataflow,ESTAT:HLTH_PS_SCRE(1.0),A,PC,SRV,C53,IT,2016,80.20,
dataflow,ESTAT:HLTH_PS_SCRE(1.0),A,PC,SRV,C53,IT,2017,78.90,
dataflow,ESTAT:HLTH_PS_SCRE(1.0),A,PC,SRV,C53,IT,2018,79.80,
dataflow,ESTAT:HLTH_PS_SCRE(1.0),A,PC,SRV,C53,IT,2019,81.00,
dataflow,ESTAT:HLTH_PS_SCRE(1.0),A,PC,SRV,C53,IT,2020,77.30,
dataflow,ESTAT:HLTH_PS_SCRE(1.0),A,PC,SRV,C53,LI,2012,50.30,
dataflow,ESTAT:HLTH_PS_SCRE(1.0),A,PC,SRV,C53,LU,2014,83.60,
dataflow,ESTAT:HLTH_PS_SCRE(1.0),A,PC,SRV,C53,LU,2019,83.60,
dataflow,ESTAT:HLTH_PS_SCRE(1.0),A,PC,SRV,C53,MT,2008,56.40,
dataflow,ESTAT:HLTH_PS_SCRE(1.0),A,PC,SRV,C53,MT,2014,61.60,
dataflow,ESTAT:HLTH_PS_SCRE(1.0),A,PC,SRV,C53,NL,2000,63.80,
dataflow,ESTAT:HLTH_PS_SCRE(1.0),A,PC,SRV,C53,NL,2001,66.90,
dataflow,ESTAT:HLTH_PS_SCRE(1.0),A,PC,SRV,C53,NL,2002,64.50,
dataflow,ESTAT:HLTH_PS_SCRE(1.0),A,PC,SRV,C53,NL,2003,64.30,
dataflow,ESTAT:HLTH_PS_SCRE(1.0),A,PC,SRV,C53,NL,2004,66.80,
dataflow,ESTAT:HLTH_PS_SCRE(1.0),A,PC,SRV,C53,NL,2005,67.00,
dataflow,ESTAT:HLTH_PS_SCRE(1.0),A,PC,SRV,C53,NL,2006,66.40,
dataflow,ESTAT:HLTH_PS_SCRE(1.0),A,PC,SRV,C53,NL,2007,66.80,
dataflow,ESTAT:HLTH_PS_SCRE(1.0),A,PC,SRV,C53,NL,2008,68.80,
dataflow,ESTAT:HLTH_PS_SCRE(1.0),A,PC,SRV,C53,NL,2009,68.40,
dataflow,ESTAT:HLTH_PS_SCRE(1.0),A,PC,SRV,C53,NL,2010,65.70,b
dataflow,ESTAT:HLTH_PS_SCRE(1.0),A,PC,SRV,C53,NL,2011,64.80,
dataflow,ESTAT:HLTH_PS_SCRE(1.0),A,PC,SRV,C53,NL,2012,64.90,
dataflow,ESTAT:HLTH_PS_SCRE(1.0),A,PC,SRV,C53,NL,2013,65.10,
dataflow,ESTAT:HLTH_PS_SCRE(1.0),A,PC,SRV,C53,NL,2014,62.90,b
dataflow,ESTAT:HLTH_PS_SCRE(1.0),A,PC,SRV,C53,NL,2015,63.70,
dataflow,ESTAT:HLTH_PS_SCRE(1.0),A,PC,SRV,C53,NL,2016,60.80,
dataflow,ESTAT:HLTH_PS_SCRE(1.0),A,PC,SRV,C53,NL,2017,61.80,
dataflow,ESTAT:HLTH_PS_SCRE(1.0),A,PC,SRV,C53,NL,2018,59.30,
dataflow,ESTAT:HLTH_PS_SCRE(1.0),A,PC,SRV,C53,NL,2019,60.00,
dataflow,ESTAT:HLTH_PS_SCRE(1.0),A,PC,SRV,C53,PL,2004,49.00,
dataflow,ESTAT:HLTH_PS_SCRE(1.0),A,PC,SRV,C53,PL,2009,69.10,
dataflow,ESTAT:HLTH_PS_SCRE(1.0),A,PC,SRV,C53,PL,2014,71.70,
dataflow,ESTAT:HLTH_PS_SCRE(1.0),A,PC,SRV,C53,PL,2019,72.90,
dataflow,ESTAT:HLTH_PS_SCRE(1.0),A,PC,SRV,C53,PT,2005,54.80,
dataflow,ESTAT:HLTH_PS_SCRE(1.0),A,PC,SRV,C53,PT,2014,70.70,
dataflow,ESTAT:HLTH_PS_SCRE(1.0),A,PC,SRV,C53,PT,2019,65.50,
dataflow,ESTAT:HLTH_PS_SCRE(1.0),A,PC,SRV,C53,RO,2008,14.60,
dataflow,ESTAT:HLTH_PS_SCRE(1.0),A,PC,SRV,C53,RO,2014,26.90,
dataflow,ESTAT:HLTH_PS_SCRE(1.0),A,PC,SRV,C53,RO,2019,38.90,
dataflow,ESTAT:HLTH_PS_SCRE(1.0),A,PC,SRV,C53,RS,2013,59.70,d
dataflow,ESTAT:HLTH_PS_SCRE(1.0),A,PC,SRV,C53,RS,2019,67.40,d
dataflow,ESTAT:HLTH_PS_SCRE(1.0),A,PC,SRV,C53,SI,2007,79.80,d
dataflow,ESTAT:HLTH_PS_SCRE(1.0),A,PC,SRV,C53,SI,2014,70.70,d
dataflow,ESTAT:HLTH_PS_SCRE(1.0),A,PC,SRV,C53,SI,2019,80.00,d
dataflow,ESTAT:HLTH_PS_SCRE(1.0),A,PC,SRV,C53,SK,2009,62.00,
dataflow,ESTAT:HLTH_PS_SCRE(1.0),A,PC,SRV,C53,SK,2014,69.00,
dataflow,ESTAT:HLTH_PS_SCRE(1.0),A,PC,SRV,C53,SK,2019,72.00,
dataflow,ESTAT:HLTH_PS_SCRE(1.0),A,PC,SRV,C53,TR,2014,23.40,
dataflow,ESTAT:HLTH_PS_SCRE(1.0),A,PC,SRV,C53,TR,2016,26.30,
dataflow,ESTAT:HLTH_PS_SCRE(1.0),A,PC,SRV,C53,TR,2019,31.30,
dataflow,ESTAT:HLTH_PS_SCRE(1.0),A,PC,SRV,C53,UK,2014,62.80,
