STRUCTURE,STRUCTURE_ID,freq,unit,severity,age,sex,nace_r1,wrkenv,geo,TIME_PERIOD,OBS_VALUE,OBS_FLAG
dataflow,ESTAT:HSW_AW_WE3(1.0),A,PC,D_GE4,TOTAL,F,TOTAL,TOTAL,EU_V,2005,100.0,
dataflow,ESTAT:HSW_AW_WE3(1.0),A,PC,D_GE4,TOTAL,F,TOTAL,WEN_01,EU_V,2005,25.0,
dataflow,ESTAT:HSW_AW_WE3(1.0),A,PC,D_GE4,TOTAL,F,TOTAL,WEN_02,EU_V,2005,1.3,
dataflow,ESTAT:HSW_AW_WE3(1.0),A,PC,D_GE4,TOTAL,F,TOTAL,WEN_03,EU_V,2005,4.7,
dataflow,ESTAT:HSW_AW_WE3(1.0),A,PC,D_GE4,TOTAL,F,TOTAL,WEN_04,EU_V,2005,35.9,
dataflow,ESTAT:HSW_AW_WE3(1.0),A,PC,D_GE4,TOTAL,F,TOTAL,WEN_05,EU_V,2005,14.2,
dataflow,ESTAT:HSW_AW_WE3(1.0),A,PC,D_GE4,TOTAL,F,TOTAL,WEN_06,EU_V,2005,13.4,
dataflow,ESTAT:HSW_AW_WE3(1.0),A,PC,D_GE4,TOTAL,F,TOTAL,WEN_07,EU_V,2005,3.1,
dataflow,ESTAT:HSW_AW_WE3(1.0),A,PC,D_GE4,TOTAL,F,TOTAL,WEN_08,EU_V,2005,1.3,
dataflow,ESTAT:HSW_AW_WE3(1.0),A,PC,D_GE4,TOTAL,F,TOTAL,WEN_09,EU_V,2005,0.1,
dataflow,ESTAT:HSW_AW_WE3(1.0),A,PC,D_GE4,TOTAL,F,TOTAL,WEN_10,EU_V,2005,0.0,
dataflow,ESTAT:HSW_AW_WE3(1.0),A,PC,D_GE4,TOTAL,F,TOTAL,WEN_11,EU_V,2005,0.1,
dataflow,ESTAT:HSW_AW_WE3(1.0),A,PC,D_GE4,TOTAL,F,TOTAL,WEN_12,EU_V,2005,0.0,
dataflow,ESTAT:HSW_AW_WE3(1.0),A,PC,D_GE4,TOTAL,F,TOTAL,WEN_99,EU_V,2005,0.9,
dataflow,ESTAT:HSW_AW_WE3(1.0),A,PC,D_GE4,TOTAL,M,TOTAL,TOTAL,EU_V,2005,100.0,
dataflow,ESTAT:HSW_AW_WE3(1.0),A,PC,D_GE4,TOTAL,M,TOTAL,WEN_01,EU_V,2005,47.0,
dataflow,ESTAT:HSW_AW_WE3(1.0),A,PC,D_GE4,TOTAL,M,TOTAL,WEN_02,EU_V,2005,20.9,
dataflow,ESTAT:HSW_AW_WE3(1.0),A,PC,D_GE4,TOTAL,M,TOTAL,WEN_03,EU_V,2005,4.5,
dataflow,ESTAT:HSW_AW_WE3(1.0),A,PC,D_GE4,TOTAL,M,TOTAL,WEN_04,EU_V,2005,8.4,
dataflow,ESTAT:HSW_AW_WE3(1.0),A,PC,D_GE4,TOTAL,M,TOTAL,WEN_05,EU_V,2005,1.4,
dataflow,ESTAT:HSW_AW_WE3(1.0),A,PC,D_GE4,TOTAL,M,TOTAL,WEN_06,EU_V,2005,12.7,
dataflow,ESTAT:HSW_AW_WE3(1.0),A,PC,D_GE4,TOTAL,M,TOTAL,WEN_07,EU_V,2005,1.9,
dataflow,ESTAT:HSW_AW_WE3(1.0),A,PC,D_GE4,TOTAL,M,TOTAL,WEN_08,EU_V,2005,1.1,
dataflow,ESTAT:HSW_AW_WE3(1.0),A,PC,D_GE4,TOTAL,M,TOTAL,WEN_09,EU_V,2005,0.2,
dataflow,ESTAT:HSW_AW_WE3(1.0),A,PC,D_GE4,TOTAL,M,TOTAL,WEN_10,EU_V,2005,0.6,
dataflow,ESTAT:HSW_AW_WE3(1.0),A,PC,D_GE4,TOTAL,M,TOTAL,WEN_11,EU_V,2005,0.4,
dataflow,ESTAT:HSW_AW_WE3(1.0),A,PC,D_GE4,TOTAL,M,TOTAL,WEN_12,EU_V,2005,0.0,
dataflow,ESTAT:HSW_AW_WE3(1.0),A,PC,D_GE4,TOTAL,M,TOTAL,WEN_99,EU_V,2005,0.8,
dataflow,ESTAT:HSW_AW_WE3(1.0),A,PC,D_GE4,TOTAL,T,A,TOTAL,EU_V,2005,100.0,
dataflow,ESTAT:HSW_AW_WE3(1.0),A,PC,D_GE4,TOTAL,T,A,WEN_01,EU_V,2005,9.5,
dataflow,ESTAT:HSW_AW_WE3(1.0),A,PC,D_GE4,TOTAL,T,A,WEN_02,EU_V,2005,1.1,
dataflow,ESTAT:HSW_AW_WE3(1.0),A,PC,D_GE4,TOTAL,T,A,WEN_03,EU_V,2005,72.4,
dataflow,ESTAT:HSW_AW_WE3(1.0),A,PC,D_GE4,TOTAL,T,A,WEN_04,EU_V,2005,3.2,
dataflow,ESTAT:HSW_AW_WE3(1.0),A,PC,D_GE4,TOTAL,T,A,WEN_05,EU_V,2005,0.4,
dataflow,ESTAT:HSW_AW_WE3(1.0),A,PC,D_GE4,TOTAL,T,A,WEN_06,EU_V,2005,5.2,
dataflow,ESTAT:HSW_AW_WE3(1.0),A,PC,D_GE4,TOTAL,T,A,WEN_07,EU_V,2005,2.7,
dataflow,ESTAT:HSW_AW_WE3(1.0),A,PC,D_GE4,TOTAL,T,A,WEN_08,EU_V,2005,3.0,
dataflow,ESTAT:HSW_AW_WE3(1.0),A,PC,D_GE4,TOTAL,T,A,WEN_09,EU_V,2005,0.2,
dataflow,ESTAT:HSW_AW_WE3(1.0),A,PC,D_GE4,TOTAL,T,A,WEN_10,EU_V,2005,0.0,
dataflow,ESTAT:HSW_AW_WE3(1.0),A,PC,D_GE4,TOTAL,T,A,WEN_11,EU_V,2005,0.0,
dataflow,ESTAT:HSW_AW_WE3(1.0),A,PC,D_GE4,TOTAL,T,A,WEN_99,EU_V,2005,2.2,
dataflow,ESTAT:HSW_AW_WE3(1.0),A,PC,D_GE4,TOTAL,T,B,TOTAL,EU_V,2005,100.0,
dataflow,ESTAT:HSW_AW_WE3(1.0),A,PC,D_GE4,TOTAL,T,B,WEN_01,EU_V,2005,11.0,
dataflow,ESTAT:HSW_AW_WE3(1.0),A,PC,D_GE4,TOTAL,T,B,WEN_02,EU_V,2005,0.8,
dataflow,ESTAT:HSW_AW_WE3(1.0),A,PC,D_GE4,TOTAL,T,B,WEN_03,EU_V,2005,17.4,
dataflow,ESTAT:HSW_AW_WE3(1.0),A,PC,D_GE4,TOTAL,T,B,WEN_04,EU_V,2005,1.0,
dataflow,ESTAT:HSW_AW_WE3(1.0),A,PC,D_GE4,TOTAL,T,B,WEN_06,EU_V,2005,3.0,
dataflow,ESTAT:HSW_AW_WE3(1.0),A,PC,D_GE4,TOTAL,T,B,WEN_07,EU_V,2005,0.5,
dataflow,ESTAT:HSW_AW_WE3(1.0),A,PC,D_GE4,TOTAL,T,B,WEN_11,EU_V,2005,60.7,
dataflow,ESTAT:HSW_AW_WE3(1.0),A,PC,D_GE4,TOTAL,T,B,WEN_12,EU_V,2005,0.3,
dataflow,ESTAT:HSW_AW_WE3(1.0),A,PC,D_GE4,TOTAL,T,B,WEN_99,EU_V,2005,4.9,
dataflow,ESTAT:HSW_AW_WE3(1.0),A,PC,D_GE4,TOTAL,T,C,TOTAL,EU_V,2005,100.0,
dataflow,ESTAT:HSW_AW_WE3(1.0),A,PC,D_GE4,TOTAL,T,C,WEN_01,EU_V,2005,26.4,
dataflow,ESTAT:HSW_AW_WE3(1.0),A,PC,D_GE4,TOTAL,T,C,WEN_02,EU_V,2005,24.9,
dataflow,ESTAT:HSW_AW_WE3(1.0),A,PC,D_GE4,TOTAL,T,C,WEN_03,EU_V,2005,0.9,
dataflow,ESTAT:HSW_AW_WE3(1.0),A,PC,D_GE4,TOTAL,T,C,WEN_04,EU_V,2005,1.5,
dataflow,ESTAT:HSW_AW_WE3(1.0),A,PC,D_GE4,TOTAL,T,C,WEN_05,EU_V,2005,0.1,
dataflow,ESTAT:HSW_AW_WE3(1.0),A,PC,D_GE4,TOTAL,T,C,WEN_06,EU_V,2005,3.0,
dataflow,ESTAT:HSW_AW_WE3(1.0),A,PC,D_GE4,TOTAL,T,C,WEN_07,EU_V,2005,0.3,
dataflow,ESTAT:HSW_AW_WE3(1.0),A,PC,D_GE4,TOTAL,T,C,WEN_08,EU_V,2005,0.3,
dataflow,ESTAT:HSW_AW_WE3(1.0),A,PC,D_GE4,TOTAL,T,C,WEN_09,EU_V,2005,0.1,
dataflow,ESTAT:HSW_AW_WE3(1.0),A,PC,D_GE4,TOTAL,T,C,WEN_10,EU_V,2005,41.5,
dataflow,ESTAT:HSW_AW_WE3(1.0),A,PC,D_GE4,TOTAL,T,C,WEN_11,EU_V,2005,0.5,
dataflow,ESTAT:HSW_AW_WE3(1.0),A,PC,D_GE4,TOTAL,T,C,WEN_99,EU_V,2005,0.6,
dataflow,ESTAT:HSW_AW_WE3(1.0),A,PC,D_GE4,TOTAL,T,D,TOTAL,EU_V,2005,100.0,
dataflow,ESTAT:HSW_AW_WE3(1.0),A,PC,D_GE4,TOTAL,T,D,WEN_01,EU_V,2005,83.2,
dataflow,ESTAT:HSW_AW_WE3(1.0),A,PC,D_GE4,TOTAL,T,D,WEN_02,EU_V,2005,4.8,
dataflow,ESTAT:HSW_AW_WE3(1.0),A,PC,D_GE4,TOTAL,T,D,WEN_03,EU_V,2005,0.3,
dataflow,ESTAT:HSW_AW_WE3(1.0),A,PC,D_GE4,TOTAL,T,D,WEN_04,EU_V,2005,3.5,
dataflow,ESTAT:HSW_AW_WE3(1.0),A,PC,D_GE4,TOTAL,T,D,WEN_05,EU_V,2005,0.2,
dataflow,ESTAT:HSW_AW_WE3(1.0),A,PC,D_GE4,TOTAL,T,D,WEN_06,EU_V,2005,6.2,
dataflow,ESTAT:HSW_AW_WE3(1.0),A,PC,D_GE4,TOTAL,T,D,WEN_07,EU_V,2005,0.9,
dataflow,ESTAT:HSW_AW_WE3(1.0),A,PC,D_GE4,TOTAL,T,D,WEN_08,EU_V,2005,0.1,
dataflow,ESTAT:HSW_AW_WE3(1.0),A,PC,D_GE4,TOTAL,T,D,WEN_09,EU_V,2005,0.1,
dataflow,ESTAT:HSW_AW_WE3(1.0),A,PC,D_GE4,TOTAL,T,D,WEN_10,EU_V,2005,0.0,
dataflow,ESTAT:HSW_AW_WE3(1.0),A,PC,D_GE4,TOTAL,T,D,WEN_11,EU_V,2005,0.1,
dataflow,ESTAT:HSW_AW_WE3(1.0),A,PC,D_GE4,TOTAL,T,D,WEN_12,EU_V,2005,0.0,
dataflow,ESTAT:HSW_AW_WE3(1.0),A,PC,D_GE4,TOTAL,T,D,WEN_99,EU_V,2005,0.4,
dataflow,ESTAT:HSW_AW_WE3(1.0),A,PC,D_GE4,TOTAL,T,E,TOTAL,EU_V,2005,100.0,
dataflow,ESTAT:HSW_AW_WE3(1.0),A,PC,D_GE4,TOTAL,T,E,WEN_01,EU_V,2005,37.4,
dataflow,ESTAT:HSW_AW_WE3(1.0),A,PC,D_GE4,TOTAL,T,E,WEN_02,EU_V,2005,15.7,
dataflow,ESTAT:HSW_AW_WE3(1.0),A,PC,D_GE4,TOTAL,T,E,WEN_03,EU_V,2005,2.3,
dataflow,ESTAT:HSW_AW_WE3(1.0),A,PC,D_GE4,TOTAL,T,E,WEN_04,EU_V,2005,7.1,
dataflow,ESTAT:HSW_AW_WE3(1.0),A,PC,D_GE4,TOTAL,T,E,WEN_05,EU_V,2005,0.3,
dataflow,ESTAT:HSW_AW_WE3(1.0),A,PC,D_GE4,TOTAL,T,E,WEN_06,EU_V,2005,26.6,
dataflow,ESTAT:HSW_AW_WE3(1.0),A,PC,D_GE4,TOTAL,T,E,WEN_07,EU_V,2005,4.7,
dataflow,ESTAT:HSW_AW_WE3(1.0),A,PC,D_GE4,TOTAL,T,E,WEN_08,EU_V,2005,1.8,
dataflow,ESTAT:HSW_AW_WE3(1.0),A,PC,D_GE4,TOTAL,T,E,WEN_09,EU_V,2005,0.9,
dataflow,ESTAT:HSW_AW_WE3(1.0),A,PC,D_GE4,TOTAL,T,E,WEN_10,EU_V,2005,1.4,
dataflow,ESTAT:HSW_AW_WE3(1.0),A,PC,D_GE4,TOTAL,T,E,WEN_11,EU_V,2005,0.1,
dataflow,ESTAT:HSW_AW_WE3(1.0),A,PC,D_GE4,TOTAL,T,E,WEN_99,EU_V,2005,1.6,
dataflow,ESTAT:HSW_AW_WE3(1.0),A,PC,D_GE4,TOTAL,T,F,TOTAL,EU_V,2005,100.0,
dataflow,ESTAT:HSW_AW_WE3(1.0),A,PC,D_GE4,TOTAL,T,F,WEN_01,EU_V,2005,15.3,
dataflow,ESTAT:HSW_AW_WE3(1.0),A,PC,D_GE4,TOTAL,T,F,WEN_02,EU_V,2005,70.7,
dataflow,ESTAT:HSW_AW_WE3(1.0),A,PC,D_GE4,TOTAL,T,F,WEN_03,EU_V,2005,0.6,
dataflow,ESTAT:HSW_AW_WE3(1.0),A,PC,D_GE4,TOTAL,T,F,WEN_04,EU_V,2005,2.5,
dataflow,ESTAT:HSW_AW_WE3(1.0),A,PC,D_GE4,TOTAL,T,F,WEN_05,EU_V,2005,0.3,
dataflow,ESTAT:HSW_AW_WE3(1.0),A,PC,D_GE4,TOTAL,T,F,WEN_06,EU_V,2005,7.0,
dataflow,ESTAT:HSW_AW_WE3(1.0),A,PC,D_GE4,TOTAL,T,F,WEN_07,EU_V,2005,2.4,
dataflow,ESTAT:HSW_AW_WE3(1.0),A,PC,D_GE4,TOTAL,T,F,WEN_08,EU_V,2005,0.2,
dataflow,ESTAT:HSW_AW_WE3(1.0),A,PC,D_GE4,TOTAL,T,F,WEN_09,EU_V,2005,0.4,
dataflow,ESTAT:HSW_AW_WE3(1.0),A,PC,D_GE4,TOTAL,T,F,WEN_10,EU_V,2005,0.2,
dataflow,ESTAT:HSW_AW_WE3(1.0),A,PC,D_GE4,TOTAL,T,F,WEN_11,EU_V,2005,0.1,
dataflow,ESTAT:HSW_AW_WE3(1.0),A,PC,D_GE4,TOTAL,T,F,WEN_12,EU_V,2005,0.0,
dataflow,ESTAT:HSW_AW_WE3(1.0),A,PC,D_GE4,TOTAL,T,F,WEN_99,EU_V,2005,0.5,
dataflow,ESTAT:HSW_AW_WE3(1.0),A,PC,D_GE4,TOTAL,T,G,TOTAL,EU_V,2005,100.0,
dataflow,ESTAT:HSW_AW_WE3(1.0),A,PC,D_GE4,TOTAL,T,G,WEN_01,EU_V,2005,50.4,
dataflow,ESTAT:HSW_AW_WE3(1.0),A,PC,D_GE4,TOTAL,T,G,WEN_02,EU_V,2005,2.2,
dataflow,ESTAT:HSW_AW_WE3(1.0),A,PC,D_GE4,TOTAL,T,G,WEN_03,EU_V,2005,0.7,
dataflow,ESTAT:HSW_AW_WE3(1.0),A,PC,D_GE4,TOTAL,T,G,WEN_04,EU_V,2005,32.9,
dataflow,ESTAT:HSW_AW_WE3(1.0),A,PC,D_GE4,TOTAL,T,G,WEN_05,EU_V,2005,0.3,
dataflow,ESTAT:HSW_AW_WE3(1.0),A,PC,D_GE4,TOTAL,T,G,WEN_06,EU_V,2005,10.8,
dataflow,ESTAT:HSW_AW_WE3(1.0),A,PC,D_GE4,TOTAL,T,G,WEN_07,EU_V,2005,1.6,
dataflow,ESTAT:HSW_AW_WE3(1.0),A,PC,D_GE4,TOTAL,T,G,WEN_08,EU_V,2005,0.2,
dataflow,ESTAT:HSW_AW_WE3(1.0),A,PC,D_GE4,TOTAL,T,G,WEN_09,EU_V,2005,0.1,
dataflow,ESTAT:HSW_AW_WE3(1.0),A,PC,D_GE4,TOTAL,T,G,WEN_10,EU_V,2005,0.0,
dataflow,ESTAT:HSW_AW_WE3(1.0),A,PC,D_GE4,TOTAL,T,G,WEN_11,EU_V,2005,0.1,
dataflow,ESTAT:HSW_AW_WE3(1.0),A,PC,D_GE4,TOTAL,T,G,WEN_12,EU_V,2005,0.0,
dataflow,ESTAT:HSW_AW_WE3(1.0),A,PC,D_GE4,TOTAL,T,G,WEN_99,EU_V,2005,0.7,
dataflow,ESTAT:HSW_AW_WE3(1.0),A,PC,D_GE4,TOTAL,T,H,TOTAL,EU_V,2005,100.0,
dataflow,ESTAT:HSW_AW_WE3(1.0),A,PC,D_GE4,TOTAL,T,H,WEN_01,EU_V,2005,9.3,
dataflow,ESTAT:HSW_AW_WE3(1.0),A,PC,D_GE4,TOTAL,T,H,WEN_02,EU_V,2005,1.1,
dataflow,ESTAT:HSW_AW_WE3(1.0),A,PC,D_GE4,TOTAL,T,H,WEN_03,EU_V,2005,0.4,
dataflow,ESTAT:HSW_AW_WE3(1.0),A,PC,D_GE4,TOTAL,T,H,WEN_04,EU_V,2005,77.3,
dataflow,ESTAT:HSW_AW_WE3(1.0),A,PC,D_GE4,TOTAL,T,H,WEN_05,EU_V,2005,1.1,
dataflow,ESTAT:HSW_AW_WE3(1.0),A,PC,D_GE4,TOTAL,T,H,WEN_06,EU_V,2005,8.4,
dataflow,ESTAT:HSW_AW_WE3(1.0),A,PC,D_GE4,TOTAL,T,H,WEN_07,EU_V,2005,0.9,
dataflow,ESTAT:HSW_AW_WE3(1.0),A,PC,D_GE4,TOTAL,T,H,WEN_08,EU_V,2005,0.3,
dataflow,ESTAT:HSW_AW_WE3(1.0),A,PC,D_GE4,TOTAL,T,H,WEN_09,EU_V,2005,0.1,
dataflow,ESTAT:HSW_AW_WE3(1.0),A,PC,D_GE4,TOTAL,T,H,WEN_10,EU_V,2005,0.0,
dataflow,ESTAT:HSW_AW_WE3(1.0),A,PC,D_GE4,TOTAL,T,H,WEN_11,EU_V,2005,0.1,
dataflow,ESTAT:HSW_AW_WE3(1.0),A,PC,D_GE4,TOTAL,T,H,WEN_12,EU_V,2005,0.0,
dataflow,ESTAT:HSW_AW_WE3(1.0),A,PC,D_GE4,TOTAL,T,H,WEN_99,EU_V,2005,1.1,
dataflow,ESTAT:HSW_AW_WE3(1.0),A,PC,D_GE4,TOTAL,T,I,TOTAL,EU_V,2005,100.0,
dataflow,ESTAT:HSW_AW_WE3(1.0),A,PC,D_GE4,TOTAL,T,I,WEN_01,EU_V,2005,42.6,
dataflow,ESTAT:HSW_AW_WE3(1.0),A,PC,D_GE4,TOTAL,T,I,WEN_02,EU_V,2005,2.9,
dataflow,ESTAT:HSW_AW_WE3(1.0),A,PC,D_GE4,TOTAL,T,I,WEN_03,EU_V,2005,0.5,
dataflow,ESTAT:HSW_AW_WE3(1.0),A,PC,D_GE4,TOTAL,T,I,WEN_04,EU_V,2005,6.0,
dataflow,ESTAT:HSW_AW_WE3(1.0),A,PC,D_GE4,TOTAL,T,I,WEN_05,EU_V,2005,0.2,
dataflow,ESTAT:HSW_AW_WE3(1.0),A,PC,D_GE4,TOTAL,T,I,WEN_06,EU_V,2005,42.1,
dataflow,ESTAT:HSW_AW_WE3(1.0),A,PC,D_GE4,TOTAL,T,I,WEN_07,EU_V,2005,2.0,
dataflow,ESTAT:HSW_AW_WE3(1.0),A,PC,D_GE4,TOTAL,T,I,WEN_08,EU_V,2005,0.4,
dataflow,ESTAT:HSW_AW_WE3(1.0),A,PC,D_GE4,TOTAL,T,I,WEN_09,EU_V,2005,0.6,
dataflow,ESTAT:HSW_AW_WE3(1.0),A,PC,D_GE4,TOTAL,T,I,WEN_10,EU_V,2005,0.3,
dataflow,ESTAT:HSW_AW_WE3(1.0),A,PC,D_GE4,TOTAL,T,I,WEN_11,EU_V,2005,1.6,
dataflow,ESTAT:HSW_AW_WE3(1.0),A,PC,D_GE4,TOTAL,T,I,WEN_12,EU_V,2005,0.0,
dataflow,ESTAT:HSW_AW_WE3(1.0),A,PC,D_GE4,TOTAL,T,I,WEN_99,EU_V,2005,0.9,
dataflow,ESTAT:HSW_AW_WE3(1.0),A,PC,D_GE4,TOTAL,T,J,TOTAL,EU_V,2005,100.0,
dataflow,ESTAT:HSW_AW_WE3(1.0),A,PC,D_GE4,TOTAL,T,J,WEN_01,EU_V,2005,7.7,
dataflow,ESTAT:HSW_AW_WE3(1.0),A,PC,D_GE4,TOTAL,T,J,WEN_02,EU_V,2005,0.9,
dataflow,ESTAT:HSW_AW_WE3(1.0),A,PC,D_GE4,TOTAL,T,J,WEN_03,EU_V,2005,0.8,
dataflow,ESTAT:HSW_AW_WE3(1.0),A,PC,D_GE4,TOTAL,T,J,WEN_04,EU_V,2005,57.4,
dataflow,ESTAT:HSW_AW_WE3(1.0),A,PC,D_GE4,TOTAL,T,J,WEN_05,EU_V,2005,1.2,
dataflow,ESTAT:HSW_AW_WE3(1.0),A,PC,D_GE4,TOTAL,T,J,WEN_06,EU_V,2005,25.3,
dataflow,ESTAT:HSW_AW_WE3(1.0),A,PC,D_GE4,TOTAL,T,J,WEN_07,EU_V,2005,2.3,
dataflow,ESTAT:HSW_AW_WE3(1.0),A,PC,D_GE4,TOTAL,T,J,WEN_08,EU_V,2005,3.0,
dataflow,ESTAT:HSW_AW_WE3(1.0),A,PC,D_GE4,TOTAL,T,J,WEN_09,EU_V,2005,0.4,
dataflow,ESTAT:HSW_AW_WE3(1.0),A,PC,D_GE4,TOTAL,T,J,WEN_10,EU_V,2005,0.1,
dataflow,ESTAT:HSW_AW_WE3(1.0),A,PC,D_GE4,TOTAL,T,J,WEN_11,EU_V,2005,0.1,
dataflow,ESTAT:HSW_AW_WE3(1.0),A,PC,D_GE4,TOTAL,T,J,WEN_99,EU_V,2005,0.8,
dataflow,ESTAT:HSW_AW_WE3(1.0),A,PC,D_GE4,TOTAL,T,K,TOTAL,EU_V,2005,100.0,
dataflow,ESTAT:HSW_AW_WE3(1.0),A,PC,D_GE4,TOTAL,T,K,WEN_01,EU_V,2005,37.1,
dataflow,ESTAT:HSW_AW_WE3(1.0),A,PC,D_GE4,TOTAL,T,K,WEN_02,EU_V,2005,12.4,
dataflow,ESTAT:HSW_AW_WE3(1.0),A,PC,D_GE4,TOTAL,T,K,WEN_03,EU_V,2005,1.4,
dataflow,ESTAT:HSW_AW_WE3(1.0),A,PC,D_GE4,TOTAL,T,K,WEN_04,EU_V,2005,20.3,
dataflow,ESTAT:HSW_AW_WE3(1.0),A,PC,D_GE4,TOTAL,T,K,WEN_05,EU_V,2005,3.2,
dataflow,ESTAT:HSW_AW_WE3(1.0),A,PC,D_GE4,TOTAL,T,K,WEN_06,EU_V,2005,18.8,
dataflow,ESTAT:HSW_AW_WE3(1.0),A,PC,D_GE4,TOTAL,T,K,WEN_07,EU_V,2005,4.2,
dataflow,ESTAT:HSW_AW_WE3(1.0),A,PC,D_GE4,TOTAL,T,K,WEN_08,EU_V,2005,0.7,
dataflow,ESTAT:HSW_AW_WE3(1.0),A,PC,D_GE4,TOTAL,T,K,WEN_09,EU_V,2005,0.4,
dataflow,ESTAT:HSW_AW_WE3(1.0),A,PC,D_GE4,TOTAL,T,K,WEN_10,EU_V,2005,0.3,
dataflow,ESTAT:HSW_AW_WE3(1.0),A,PC,D_GE4,TOTAL,T,K,WEN_11,EU_V,2005,0.2,
dataflow,ESTAT:HSW_AW_WE3(1.0),A,PC,D_GE4,TOTAL,T,K,WEN_12,EU_V,2005,0.0,
dataflow,ESTAT:HSW_AW_WE3(1.0),A,PC,D_GE4,TOTAL,T,K,WEN_99,EU_V,2005,1.0,
dataflow,ESTAT:HSW_AW_WE3(1.0),A,PC,D_GE4,TOTAL,T,L,TOTAL,EU_V,2005,100.0,
dataflow,ESTAT:HSW_AW_WE3(1.0),A,PC,D_GE4,TOTAL,T,L,WEN_01,EU_V,2005,9.9,
dataflow,ESTAT:HSW_AW_WE3(1.0),A,PC,D_GE4,TOTAL,T,L,WEN_02,EU_V,2005,4.7,
dataflow,ESTAT:HSW_AW_WE3(1.0),A,PC,D_GE4,TOTAL,T,L,WEN_03,EU_V,2005,5.5,
dataflow,ESTAT:HSW_AW_WE3(1.0),A,PC,D_GE4,TOTAL,T,L,WEN_04,EU_V,2005,25.2,
dataflow,ESTAT:HSW_AW_WE3(1.0),A,PC,D_GE4,TOTAL,T,L,WEN_05,EU_V,2005,9.1,
dataflow,ESTAT:HSW_AW_WE3(1.0),A,PC,D_GE4,TOTAL,T,L,WEN_06,EU_V,2005,35.4,
dataflow,ESTAT:HSW_AW_WE3(1.0),A,PC,D_GE4,TOTAL,T,L,WEN_07,EU_V,2005,3.4,
dataflow,ESTAT:HSW_AW_WE3(1.0),A,PC,D_GE4,TOTAL,T,L,WEN_08,EU_V,2005,4.1,
dataflow,ESTAT:HSW_AW_WE3(1.0),A,PC,D_GE4,TOTAL,T,L,WEN_09,EU_V,2005,0.2,
dataflow,ESTAT:HSW_AW_WE3(1.0),A,PC,D_GE4,TOTAL,T,L,WEN_10,EU_V,2005,0.2,
dataflow,ESTAT:HSW_AW_WE3(1.0),A,PC,D_GE4,TOTAL,T,L,WEN_11,EU_V,2005,0.2,
dataflow,ESTAT:HSW_AW_WE3(1.0),A,PC,D_GE4,TOTAL,T,L,WEN_12,EU_V,2005,0.0,
dataflow,ESTAT:HSW_AW_WE3(1.0),A,PC,D_GE4,TOTAL,T,L,WEN_99,EU_V,2005,2.2,
dataflow,ESTAT:HSW_AW_WE3(1.0),A,PC,D_GE4,TOTAL,T,M,TOTAL,EU_V,2005,100.0,
dataflow,ESTAT:HSW_AW_WE3(1.0),A,PC,D_GE4,TOTAL,T,M,WEN_01,EU_V,2005,12.8,
dataflow,ESTAT:HSW_AW_WE3(1.0),A,PC,D_GE4,TOTAL,T,M,WEN_02,EU_V,2005,3.2,
dataflow,ESTAT:HSW_AW_WE3(1.0),A,PC,D_GE4,TOTAL,T,M,WEN_03,EU_V,2005,3.1,
dataflow,ESTAT:HSW_AW_WE3(1.0),A,PC,D_GE4,TOTAL,T,M,WEN_04,EU_V,2005,55.8,
dataflow,ESTAT:HSW_AW_WE3(1.0),A,PC,D_GE4,TOTAL,T,M,WEN_05,EU_V,2005,3.4,
dataflow,ESTAT:HSW_AW_WE3(1.0),A,PC,D_GE4,TOTAL,T,M,WEN_06,EU_V,2005,10.5,
dataflow,ESTAT:HSW_AW_WE3(1.0),A,PC,D_GE4,TOTAL,T,M,WEN_07,EU_V,2005,1.8,
dataflow,ESTAT:HSW_AW_WE3(1.0),A,PC,D_GE4,TOTAL,T,M,WEN_08,EU_V,2005,8.0,
dataflow,ESTAT:HSW_AW_WE3(1.0),A,PC,D_GE4,TOTAL,T,M,WEN_09,EU_V,2005,0.1,
dataflow,ESTAT:HSW_AW_WE3(1.0),A,PC,D_GE4,TOTAL,T,M,WEN_10,EU_V,2005,0.0,
dataflow,ESTAT:HSW_AW_WE3(1.0),A,PC,D_GE4,TOTAL,T,M,WEN_11,EU_V,2005,0.1,
dataflow,ESTAT:HSW_AW_WE3(1.0),A,PC,D_GE4,TOTAL,T,M,WEN_99,EU_V,2005,1.2,
dataflow,ESTAT:HSW_AW_WE3(1.0),A,PC,D_GE4,TOTAL,T,N,TOTAL,EU_V,2005,100.0,
dataflow,ESTAT:HSW_AW_WE3(1.0),A,PC,D_GE4,TOTAL,T,N,WEN_01,EU_V,2005,7.1,
dataflow,ESTAT:HSW_AW_WE3(1.0),A,PC,D_GE4,TOTAL,T,N,WEN_02,EU_V,2005,0.7,
dataflow,ESTAT:HSW_AW_WE3(1.0),A,PC,D_GE4,TOTAL,T,N,WEN_03,EU_V,2005,1.6,
dataflow,ESTAT:HSW_AW_WE3(1.0),A,PC,D_GE4,TOTAL,T,N,WEN_04,EU_V,2005,10.0,
dataflow,ESTAT:HSW_AW_WE3(1.0),A,PC,D_GE4,TOTAL,T,N,WEN_05,EU_V,2005,62.2,
dataflow,ESTAT:HSW_AW_WE3(1.0),A,PC,D_GE4,TOTAL,T,N,WEN_06,EU_V,2005,11.2,
dataflow,ESTAT:HSW_AW_WE3(1.0),A,PC,D_GE4,TOTAL,T,N,WEN_07,EU_V,2005,5.3,
dataflow,ESTAT:HSW_AW_WE3(1.0),A,PC,D_GE4,TOTAL,T,N,WEN_08,EU_V,2005,1.2,
dataflow,ESTAT:HSW_AW_WE3(1.0),A,PC,D_GE4,TOTAL,T,N,WEN_09,EU_V,2005,0.0,
dataflow,ESTAT:HSW_AW_WE3(1.0),A,PC,D_GE4,TOTAL,T,N,WEN_10,EU_V,2005,0.0,
dataflow,ESTAT:HSW_AW_WE3(1.0),A,PC,D_GE4,TOTAL,T,N,WEN_11,EU_V,2005,0.0,
dataflow,ESTAT:HSW_AW_WE3(1.0),A,PC,D_GE4,TOTAL,T,N,WEN_99,EU_V,2005,0.6,
dataflow,ESTAT:HSW_AW_WE3(1.0),A,PC,D_GE4,TOTAL,T,O,TOTAL,EU_V,2005,100.0,
dataflow,ESTAT:HSW_AW_WE3(1.0),A,PC,D_GE4,TOTAL,T,O,WEN_01,EU_V,2005,20.3,
dataflow,ESTAT:HSW_AW_WE3(1.0),A,PC,D_GE4,TOTAL,T,O,WEN_02,EU_V,2005,3.2,
dataflow,ESTAT:HSW_AW_WE3(1.0),A,PC,D_GE4,TOTAL,T,O,WEN_03,EU_V,2005,4.6,
dataflow,ESTAT:HSW_AW_WE3(1.0),A,PC,D_GE4,TOTAL,T,O,WEN_04,EU_V,2005,22.5,
dataflow,ESTAT:HSW_AW_WE3(1.0),A,PC,D_GE4,TOTAL,T,O,WEN_05,EU_V,2005,4.0,
dataflow,ESTAT:HSW_AW_WE3(1.0),A,PC,D_GE4,TOTAL,T,O,WEN_06,EU_V,2005,27.5,
dataflow,ESTAT:HSW_AW_WE3(1.0),A,PC,D_GE4,TOTAL,T,O,WEN_07,EU_V,2005,3.6,
dataflow,ESTAT:HSW_AW_WE3(1.0),A,PC,D_GE4,TOTAL,T,O,WEN_08,EU_V,2005,11.8,
dataflow,ESTAT:HSW_AW_WE3(1.0),A,PC,D_GE4,TOTAL,T,O,WEN_09,EU_V,2005,0.3,
dataflow,ESTAT:HSW_AW_WE3(1.0),A,PC,D_GE4,TOTAL,T,O,WEN_10,EU_V,2005,0.3,
dataflow,ESTAT:HSW_AW_WE3(1.0),A,PC,D_GE4,TOTAL,T,O,WEN_11,EU_V,2005,0.3,
dataflow,ESTAT:HSW_AW_WE3(1.0),A,PC,D_GE4,TOTAL,T,O,WEN_12,EU_V,2005,0.0,
dataflow,ESTAT:HSW_AW_WE3(1.0),A,PC,D_GE4,TOTAL,T,O,WEN_99,EU_V,2005,1.6,
dataflow,ESTAT:HSW_AW_WE3(1.0),A,PC,D_GE4,TOTAL,T,P,TOTAL,EU_V,2005,100.0,
dataflow,ESTAT:HSW_AW_WE3(1.0),A,PC,D_GE4,TOTAL,T,P,WEN_01,EU_V,2005,4.0,
dataflow,ESTAT:HSW_AW_WE3(1.0),A,PC,D_GE4,TOTAL,T,P,WEN_02,EU_V,2005,0.8,
dataflow,ESTAT:HSW_AW_WE3(1.0),A,PC,D_GE4,TOTAL,T,P,WEN_03,EU_V,2005,2.4,
dataflow,ESTAT:HSW_AW_WE3(1.0),A,PC,D_GE4,TOTAL,T,P,WEN_04,EU_V,2005,14.3,
dataflow,ESTAT:HSW_AW_WE3(1.0),A,PC,D_GE4,TOTAL,T,P,WEN_05,EU_V,2005,2.0,
dataflow,ESTAT:HSW_AW_WE3(1.0),A,PC,D_GE4,TOTAL,T,P,WEN_06,EU_V,2005,13.2,
dataflow,ESTAT:HSW_AW_WE3(1.0),A,PC,D_GE4,TOTAL,T,P,WEN_07,EU_V,2005,59.7,
dataflow,ESTAT:HSW_AW_WE3(1.0),A,PC,D_GE4,TOTAL,T,P,WEN_08,EU_V,2005,0.4,
dataflow,ESTAT:HSW_AW_WE3(1.0),A,PC,D_GE4,TOTAL,T,P,WEN_09,EU_V,2005,0.4,
dataflow,ESTAT:HSW_AW_WE3(1.0),A,PC,D_GE4,TOTAL,T,P,WEN_10,EU_V,2005,0.2,
dataflow,ESTAT:HSW_AW_WE3(1.0),A,PC,D_GE4,TOTAL,T,P,WEN_99,EU_V,2005,2.6,
dataflow,ESTAT:HSW_AW_WE3(1.0),A,PC,D_GE4,TOTAL,T,Q,TOTAL,EU_V,2005,100.0,
dataflow,ESTAT:HSW_AW_WE3(1.0),A,PC,D_GE4,TOTAL,T,Q,WEN_01,EU_V,2005,14.4,
dataflow,ESTAT:HSW_AW_WE3(1.0),A,PC,D_GE4,TOTAL,T,Q,WEN_02,EU_V,2005,8.1,
dataflow,ESTAT:HSW_AW_WE3(1.0),A,PC,D_GE4,TOTAL,T,Q,WEN_03,EU_V,2005,3.2,
dataflow,ESTAT:HSW_AW_WE3(1.0),A,PC,D_GE4,TOTAL,T,Q,WEN_04,EU_V,2005,27.0,
dataflow,ESTAT:HSW_AW_WE3(1.0),A,PC,D_GE4,TOTAL,T,Q,WEN_05,EU_V,2005,2.3,
dataflow,ESTAT:HSW_AW_WE3(1.0),A,PC,D_GE4,TOTAL,T,Q,WEN_06,EU_V,2005,29.7,
dataflow,ESTAT:HSW_AW_WE3(1.0),A,PC,D_GE4,TOTAL,T,Q,WEN_07,EU_V,2005,9.5,
dataflow,ESTAT:HSW_AW_WE3(1.0),A,PC,D_GE4,TOTAL,T,Q,WEN_08,EU_V,2005,1.8,
dataflow,ESTAT:HSW_AW_WE3(1.0),A,PC,D_GE4,TOTAL,T,Q,WEN_99,EU_V,2005,3.6,
dataflow,ESTAT:HSW_AW_WE3(1.0),A,PC,D_GE4,TOTAL,T,TOTAL,TOTAL,EU_V,2005,100.0,
dataflow,ESTAT:HSW_AW_WE3(1.0),A,PC,D_GE4,TOTAL,T,TOTAL,WEN_01,EU_V,2005,42.0,
dataflow,ESTAT:HSW_AW_WE3(1.0),A,PC,D_GE4,TOTAL,T,TOTAL,WEN_02,EU_V,2005,16.5,
dataflow,ESTAT:HSW_AW_WE3(1.0),A,PC,D_GE4,TOTAL,T,TOTAL,WEN_03,EU_V,2005,4.6,
dataflow,ESTAT:HSW_AW_WE3(1.0),A,PC,D_GE4,TOTAL,T,TOTAL,WEN_04,EU_V,2005,14.6,
dataflow,ESTAT:HSW_AW_WE3(1.0),A,PC,D_GE4,TOTAL,T,TOTAL,WEN_05,EU_V,2005,4.3,
dataflow,ESTAT:HSW_AW_WE3(1.0),A,PC,D_GE4,TOTAL,T,TOTAL,WEN_06,EU_V,2005,12.9,
dataflow,ESTAT:HSW_AW_WE3(1.0),A,PC,D_GE4,TOTAL,T,TOTAL,WEN_07,EU_V,2005,2.2,
dataflow,ESTAT:HSW_AW_WE3(1.0),A,PC,D_GE4,TOTAL,T,TOTAL,WEN_08,EU_V,2005,1.2,
dataflow,ESTAT:HSW_AW_WE3(1.0),A,PC,D_GE4,TOTAL,T,TOTAL,WEN_09,EU_V,2005,0.2,
dataflow,ESTAT:HSW_AW_WE3(1.0),A,PC,D_GE4,TOTAL,T,TOTAL,WEN_10,EU_V,2005,0.5,
dataflow,ESTAT:HSW_AW_WE3(1.0),A,PC,D_GE4,TOTAL,T,TOTAL,WEN_11,EU_V,2005,0.3,
dataflow,ESTAT:HSW_AW_WE3(1.0),A,PC,D_GE4,TOTAL,T,TOTAL,WEN_12,EU_V,2005,0.0,
dataflow,ESTAT:HSW_AW_WE3(1.0),A,PC,D_GE4,TOTAL,T,TOTAL,WEN_99,EU_V,2005,0.8,
dataflow,ESTAT:HSW_AW_WE3(1.0),A,PC,D_GE4,TOTAL,T,UNK,TOTAL,EU_V,2005,100.0,
dataflow,ESTAT:HSW_AW_WE3(1.0),A,PC,D_GE4,TOTAL,T,UNK,WEN_01,EU_V,2005,55.4,
dataflow,ESTAT:HSW_AW_WE3(1.0),A,PC,D_GE4,TOTAL,T,UNK,WEN_02,EU_V,2005,9.7,
dataflow,ESTAT:HSW_AW_WE3(1.0),A,PC,D_GE4,TOTAL,T,UNK,WEN_03,EU_V,2005,2.3,
dataflow,ESTAT:HSW_AW_WE3(1.0),A,PC,D_GE4,TOTAL,T,UNK,WEN_04,EU_V,2005,18.5,
dataflow,ESTAT:HSW_AW_WE3(1.0),A,PC,D_GE4,TOTAL,T,UNK,WEN_05,EU_V,2005,0.7,
dataflow,ESTAT:HSW_AW_WE3(1.0),A,PC,D_GE4,TOTAL,T,UNK,WEN_06,EU_V,2005,9.6,
dataflow,ESTAT:HSW_AW_WE3(1.0),A,PC,D_GE4,TOTAL,T,UNK,WEN_07,EU_V,2005,1.5,
dataflow,ESTAT:HSW_AW_WE3(1.0),A,PC,D_GE4,TOTAL,T,UNK,WEN_08,EU_V,2005,1.2,
dataflow,ESTAT:HSW_AW_WE3(1.0),A,PC,D_GE4,TOTAL,T,UNK,WEN_09,EU_V,2005,0.1,
dataflow,ESTAT:HSW_AW_WE3(1.0),A,PC,D_GE4,TOTAL,T,UNK,WEN_10,EU_V,2005,0.0,
dataflow,ESTAT:HSW_AW_WE3(1.0),A,PC,D_GE4,TOTAL,T,UNK,WEN_11,EU_V,2005,0.0,
dataflow,ESTAT:HSW_AW_WE3(1.0),A,PC,D_GE4,TOTAL,T,UNK,WEN_99,EU_V,2005,0.9,
dataflow,ESTAT:HSW_AW_WE3(1.0),A,PC,D_GE4,TOTAL,UNK,TOTAL,TOTAL,EU_V,2005,100.0,
dataflow,ESTAT:HSW_AW_WE3(1.0),A,PC,D_GE4,TOTAL,UNK,TOTAL,WEN_01,EU_V,2005,24.6,
dataflow,ESTAT:HSW_AW_WE3(1.0),A,PC,D_GE4,TOTAL,UNK,TOTAL,WEN_02,EU_V,2005,12.4,
dataflow,ESTAT:HSW_AW_WE3(1.0),A,PC,D_GE4,TOTAL,UNK,TOTAL,WEN_03,EU_V,2005,4.4,
dataflow,ESTAT:HSW_AW_WE3(1.0),A,PC,D_GE4,TOTAL,UNK,TOTAL,WEN_04,EU_V,2005,17.0,
dataflow,ESTAT:HSW_AW_WE3(1.0),A,PC,D_GE4,TOTAL,UNK,TOTAL,WEN_05,EU_V,2005,30.4,
dataflow,ESTAT:HSW_AW_WE3(1.0),A,PC,D_GE4,TOTAL,UNK,TOTAL,WEN_06,EU_V,2005,9.7,
dataflow,ESTAT:HSW_AW_WE3(1.0),A,PC,D_GE4,TOTAL,UNK,TOTAL,WEN_07,EU_V,2005,1.6,
dataflow,ESTAT:HSW_AW_WE3(1.0),A,PC,D_GE4,UNK,T,TOTAL,TOTAL,EU_V,2005,100.0,
dataflow,ESTAT:HSW_AW_WE3(1.0),A,PC,D_GE4,UNK,T,TOTAL,WEN_01,EU_V,2005,17.2,
dataflow,ESTAT:HSW_AW_WE3(1.0),A,PC,D_GE4,UNK,T,TOTAL,WEN_02,EU_V,2005,13.2,
dataflow,ESTAT:HSW_AW_WE3(1.0),A,PC,D_GE4,UNK,T,TOTAL,WEN_03,EU_V,2005,19.5,
dataflow,ESTAT:HSW_AW_WE3(1.0),A,PC,D_GE4,UNK,T,TOTAL,WEN_04,EU_V,2005,23.7,
dataflow,ESTAT:HSW_AW_WE3(1.0),A,PC,D_GE4,UNK,T,TOTAL,WEN_05,EU_V,2005,11.0,
dataflow,ESTAT:HSW_AW_WE3(1.0),A,PC,D_GE4,UNK,T,TOTAL,WEN_06,EU_V,2005,6.9,
dataflow,ESTAT:HSW_AW_WE3(1.0),A,PC,D_GE4,UNK,T,TOTAL,WEN_07,EU_V,2005,1.1,
dataflow,ESTAT:HSW_AW_WE3(1.0),A,PC,D_GE4,UNK,T,TOTAL,WEN_08,EU_V,2005,2.1,
dataflow,ESTAT:HSW_AW_WE3(1.0),A,PC,D_GE4,UNK,T,TOTAL,WEN_09,EU_V,2005,0.3,
dataflow,ESTAT:HSW_AW_WE3(1.0),A,PC,D_GE4,UNK,T,TOTAL,WEN_10,EU_V,2005,0.3,
dataflow,ESTAT:HSW_AW_WE3(1.0),A,PC,D_GE4,UNK,T,TOTAL,WEN_11,EU_V,2005,0.3,
dataflow,ESTAT:HSW_AW_WE3(1.0),A,PC,D_GE4,UNK,T,TOTAL,WEN_99,EU_V,2005,4.4,
dataflow,ESTAT:HSW_AW_WE3(1.0),A,PC,D_GE4,Y15-17,T,TOTAL,TOTAL,EU_V,2005,100.0,
dataflow,ESTAT:HSW_AW_WE3(1.0),A,PC,D_GE4,Y15-17,T,TOTAL,WEN_01,EU_V,2005,43.6,
dataflow,ESTAT:HSW_AW_WE3(1.0),A,PC,D_GE4,Y15-17,T,TOTAL,WEN_02,EU_V,2005,21.2,
dataflow,ESTAT:HSW_AW_WE3(1.0),A,PC,D_GE4,Y15-17,T,TOTAL,WEN_03,EU_V,2005,2.9,
dataflow,ESTAT:HSW_AW_WE3(1.0),A,PC,D_GE4,Y15-17,T,TOTAL,WEN_04,EU_V,2005,19.1,
dataflow,ESTAT:HSW_AW_WE3(1.0),A,PC,D_GE4,Y15-17,T,TOTAL,WEN_05,EU_V,2005,2.2,
dataflow,ESTAT:HSW_AW_WE3(1.0),A,PC,D_GE4,Y15-17,T,TOTAL,WEN_06,EU_V,2005,7.2,
dataflow,ESTAT:HSW_AW_WE3(1.0),A,PC,D_GE4,Y15-17,T,TOTAL,WEN_07,EU_V,2005,1.3,
dataflow,ESTAT:HSW_AW_WE3(1.0),A,PC,D_GE4,Y15-17,T,TOTAL,WEN_08,EU_V,2005,1.3,
dataflow,ESTAT:HSW_AW_WE3(1.0),A,PC,D_GE4,Y15-17,T,TOTAL,WEN_09,EU_V,2005,0.1,
dataflow,ESTAT:HSW_AW_WE3(1.0),A,PC,D_GE4,Y15-17,T,TOTAL,WEN_11,EU_V,2005,0.1,
dataflow,ESTAT:HSW_AW_WE3(1.0),A,PC,D_GE4,Y15-17,T,TOTAL,WEN_99,EU_V,2005,1.0,
dataflow,ESTAT:HSW_AW_WE3(1.0),A,PC,D_GE4,Y18-24,T,TOTAL,TOTAL,EU_V,2005,100.0,
dataflow,ESTAT:HSW_AW_WE3(1.0),A,PC,D_GE4,Y18-24,T,TOTAL,WEN_01,EU_V,2005,45.7,
dataflow,ESTAT:HSW_AW_WE3(1.0),A,PC,D_GE4,Y18-24,T,TOTAL,WEN_02,EU_V,2005,19.2,
dataflow,ESTAT:HSW_AW_WE3(1.0),A,PC,D_GE4,Y18-24,T,TOTAL,WEN_03,EU_V,2005,2.7,
dataflow,ESTAT:HSW_AW_WE3(1.0),A,PC,D_GE4,Y18-24,T,TOTAL,WEN_04,EU_V,2005,17.1,
dataflow,ESTAT:HSW_AW_WE3(1.0),A,PC,D_GE4,Y18-24,T,TOTAL,WEN_05,EU_V,2005,2.6,
dataflow,ESTAT:HSW_AW_WE3(1.0),A,PC,D_GE4,Y18-24,T,TOTAL,WEN_06,EU_V,2005,8.2,
dataflow,ESTAT:HSW_AW_WE3(1.0),A,PC,D_GE4,Y18-24,T,TOTAL,WEN_07,EU_V,2005,1.6,
dataflow,ESTAT:HSW_AW_WE3(1.0),A,PC,D_GE4,Y18-24,T,TOTAL,WEN_08,EU_V,2005,1.6,
dataflow,ESTAT:HSW_AW_WE3(1.0),A,PC,D_GE4,Y18-24,T,TOTAL,WEN_09,EU_V,2005,0.2,
dataflow,ESTAT:HSW_AW_WE3(1.0),A,PC,D_GE4,Y18-24,T,TOTAL,WEN_10,EU_V,2005,0.1,
dataflow,ESTAT:HSW_AW_WE3(1.0),A,PC,D_GE4,Y18-24,T,TOTAL,WEN_11,EU_V,2005,0.2,
dataflow,ESTAT:HSW_AW_WE3(1.0),A,PC,D_GE4,Y18-24,T,TOTAL,WEN_12,EU_V,2005,0.0,
dataflow,ESTAT:HSW_AW_WE3(1.0),A,PC,D_GE4,Y18-24,T,TOTAL,WEN_99,EU_V,2005,0.8,
dataflow,ESTAT:HSW_AW_WE3(1.0),A,PC,D_GE4,Y25-34,T,TOTAL,TOTAL,EU_V,2005,100.0,
dataflow,ESTAT:HSW_AW_WE3(1.0),A,PC,D_GE4,Y25-34,T,TOTAL,WEN_01,EU_V,2005,44.2,
dataflow,ESTAT:HSW_AW_WE3(1.0),A,PC,D_GE4,Y25-34,T,TOTAL,WEN_02,EU_V,2005,17.9,
dataflow,ESTAT:HSW_AW_WE3(1.0),A,PC,D_GE4,Y25-34,T,TOTAL,WEN_03,EU_V,2005,3.2,
dataflow,ESTAT:HSW_AW_WE3(1.0),A,PC,D_GE4,Y25-34,T,TOTAL,WEN_04,EU_V,2005,13.9,
dataflow,ESTAT:HSW_AW_WE3(1.0),A,PC,D_GE4,Y25-34,T,TOTAL,WEN_05,EU_V,2005,3.3,
dataflow,ESTAT:HSW_AW_WE3(1.0),A,PC,D_GE4,Y25-34,T,TOTAL,WEN_06,EU_V,2005,12.3,
dataflow,ESTAT:HSW_AW_WE3(1.0),A,PC,D_GE4,Y25-34,T,TOTAL,WEN_07,EU_V,2005,2.1,
dataflow,ESTAT:HSW_AW_WE3(1.0),A,PC,D_GE4,Y25-34,T,TOTAL,WEN_08,EU_V,2005,1.3,
dataflow,ESTAT:HSW_AW_WE3(1.0),A,PC,D_GE4,Y25-34,T,TOTAL,WEN_09,EU_V,2005,0.2,
dataflow,ESTAT:HSW_AW_WE3(1.0),A,PC,D_GE4,Y25-34,T,TOTAL,WEN_10,EU_V,2005,0.4,
dataflow,ESTAT:HSW_AW_WE3(1.0),A,PC,D_GE4,Y25-34,T,TOTAL,WEN_11,EU_V,2005,0.3,
dataflow,ESTAT:HSW_AW_WE3(1.0),A,PC,D_GE4,Y25-34,T,TOTAL,WEN_12,EU_V,2005,0.0,
dataflow,ESTAT:HSW_AW_WE3(1.0),A,PC,D_GE4,Y25-34,T,TOTAL,WEN_99,EU_V,2005,0.8,
dataflow,ESTAT:HSW_AW_WE3(1.0),A,PC,D_GE4,Y35-44,T,TOTAL,TOTAL,EU_V,2005,100.0,
dataflow,ESTAT:HSW_AW_WE3(1.0),A,PC,D_GE4,Y35-44,T,TOTAL,WEN_01,EU_V,2005,41.9,
dataflow,ESTAT:HSW_AW_WE3(1.0),A,PC,D_GE4,Y35-44,T,TOTAL,WEN_02,EU_V,2005,16.4,
dataflow,ESTAT:HSW_AW_WE3(1.0),A,PC,D_GE4,Y35-44,T,TOTAL,WEN_03,EU_V,2005,4.3,
dataflow,ESTAT:HSW_AW_WE3(1.0),A,PC,D_GE4,Y35-44,T,TOTAL,WEN_04,EU_V,2005,13.4,
dataflow,ESTAT:HSW_AW_WE3(1.0),A,PC,D_GE4,Y35-44,T,TOTAL,WEN_05,EU_V,2005,4.6,
dataflow,ESTAT:HSW_AW_WE3(1.0),A,PC,D_GE4,Y35-44,T,TOTAL,WEN_06,EU_V,2005,14.0,
dataflow,ESTAT:HSW_AW_WE3(1.0),A,PC,D_GE4,Y35-44,T,TOTAL,WEN_07,EU_V,2005,2.2,
dataflow,ESTAT:HSW_AW_WE3(1.0),A,PC,D_GE4,Y35-44,T,TOTAL,WEN_08,EU_V,2005,1.0,
dataflow,ESTAT:HSW_AW_WE3(1.0),A,PC,D_GE4,Y35-44,T,TOTAL,WEN_09,EU_V,2005,0.2,
dataflow,ESTAT:HSW_AW_WE3(1.0),A,PC,D_GE4,Y35-44,T,TOTAL,WEN_10,EU_V,2005,0.9,
dataflow,ESTAT:HSW_AW_WE3(1.0),A,PC,D_GE4,Y35-44,T,TOTAL,WEN_11,EU_V,2005,0.4,
dataflow,ESTAT:HSW_AW_WE3(1.0),A,PC,D_GE4,Y35-44,T,TOTAL,WEN_12,EU_V,2005,0.0,
dataflow,ESTAT:HSW_AW_WE3(1.0),A,PC,D_GE4,Y35-44,T,TOTAL,WEN_99,EU_V,2005,0.7,
dataflow,ESTAT:HSW_AW_WE3(1.0),A,PC,D_GE4,Y45-54,T,TOTAL,TOTAL,EU_V,2005,100.0,
dataflow,ESTAT:HSW_AW_WE3(1.0),A,PC,D_GE4,Y45-54,T,TOTAL,WEN_01,EU_V,2005,39.9,
dataflow,ESTAT:HSW_AW_WE3(1.0),A,PC,D_GE4,Y45-54,T,TOTAL,WEN_02,EU_V,2005,14.3,
dataflow,ESTAT:HSW_AW_WE3(1.0),A,PC,D_GE4,Y45-54,T,TOTAL,WEN_03,EU_V,2005,5.4,
dataflow,ESTAT:HSW_AW_WE3(1.0),A,PC,D_GE4,Y45-54,T,TOTAL,WEN_04,EU_V,2005,14.5,
dataflow,ESTAT:HSW_AW_WE3(1.0),A,PC,D_GE4,Y45-54,T,TOTAL,WEN_05,EU_V,2005,6.1,
dataflow,ESTAT:HSW_AW_WE3(1.0),A,PC,D_GE4,Y45-54,T,TOTAL,WEN_06,EU_V,2005,14.7,
dataflow,ESTAT:HSW_AW_WE3(1.0),A,PC,D_GE4,Y45-54,T,TOTAL,WEN_07,EU_V,2005,2.4,
dataflow,ESTAT:HSW_AW_WE3(1.0),A,PC,D_GE4,Y45-54,T,TOTAL,WEN_08,EU_V,2005,0.9,
dataflow,ESTAT:HSW_AW_WE3(1.0),A,PC,D_GE4,Y45-54,T,TOTAL,WEN_09,EU_V,2005,0.2,
dataflow,ESTAT:HSW_AW_WE3(1.0),A,PC,D_GE4,Y45-54,T,TOTAL,WEN_10,EU_V,2005,0.4,
dataflow,ESTAT:HSW_AW_WE3(1.0),A,PC,D_GE4,Y45-54,T,TOTAL,WEN_11,EU_V,2005,0.4,
dataflow,ESTAT:HSW_AW_WE3(1.0),A,PC,D_GE4,Y45-54,T,TOTAL,WEN_12,EU_V,2005,0.0,
dataflow,ESTAT:HSW_AW_WE3(1.0),A,PC,D_GE4,Y45-54,T,TOTAL,WEN_99,EU_V,2005,0.8,
dataflow,ESTAT:HSW_AW_WE3(1.0),A,PC,D_GE4,Y55-64,T,TOTAL,TOTAL,EU_V,2005,100.0,
dataflow,ESTAT:HSW_AW_WE3(1.0),A,PC,D_GE4,Y55-64,T,TOTAL,WEN_01,EU_V,2005,37.4,
dataflow,ESTAT:HSW_AW_WE3(1.0),A,PC,D_GE4,Y55-64,T,TOTAL,WEN_02,EU_V,2005,13.9,
dataflow,ESTAT:HSW_AW_WE3(1.0),A,PC,D_GE4,Y55-64,T,TOTAL,WEN_03,EU_V,2005,7.8,
dataflow,ESTAT:HSW_AW_WE3(1.0),A,PC,D_GE4,Y55-64,T,TOTAL,WEN_04,EU_V,2005,15.1,
dataflow,ESTAT:HSW_AW_WE3(1.0),A,PC,D_GE4,Y55-64,T,TOTAL,WEN_05,EU_V,2005,5.5,
dataflow,ESTAT:HSW_AW_WE3(1.0),A,PC,D_GE4,Y55-64,T,TOTAL,WEN_06,EU_V,2005,15.2,
dataflow,ESTAT:HSW_AW_WE3(1.0),A,PC,D_GE4,Y55-64,T,TOTAL,WEN_07,EU_V,2005,2.6,
dataflow,ESTAT:HSW_AW_WE3(1.0),A,PC,D_GE4,Y55-64,T,TOTAL,WEN_08,EU_V,2005,1.0,
dataflow,ESTAT:HSW_AW_WE3(1.0),A,PC,D_GE4,Y55-64,T,TOTAL,WEN_09,EU_V,2005,0.3,
dataflow,ESTAT:HSW_AW_WE3(1.0),A,PC,D_GE4,Y55-64,T,TOTAL,WEN_10,EU_V,2005,0.1,
dataflow,ESTAT:HSW_AW_WE3(1.0),A,PC,D_GE4,Y55-64,T,TOTAL,WEN_11,EU_V,2005,0.3,
dataflow,ESTAT:HSW_AW_WE3(1.0),A,PC,D_GE4,Y55-64,T,TOTAL,WEN_12,EU_V,2005,0.0,
dataflow,ESTAT:HSW_AW_WE3(1.0),A,PC,D_GE4,Y55-64,T,TOTAL,WEN_99,EU_V,2005,0.8,
dataflow,ESTAT:HSW_AW_WE3(1.0),A,PC,D_GE4,Y_GE65,T,TOTAL,TOTAL,EU_V,2005,100.0,
dataflow,ESTAT:HSW_AW_WE3(1.0),A,PC,D_GE4,Y_GE65,T,TOTAL,WEN_01,EU_V,2005,22.1,
dataflow,ESTAT:HSW_AW_WE3(1.0),A,PC,D_GE4,Y_GE65,T,TOTAL,WEN_02,EU_V,2005,7.5,
dataflow,ESTAT:HSW_AW_WE3(1.0),A,PC,D_GE4,Y_GE65,T,TOTAL,WEN_03,EU_V,2005,29.4,
dataflow,ESTAT:HSW_AW_WE3(1.0),A,PC,D_GE4,Y_GE65,T,TOTAL,WEN_04,EU_V,2005,12.7,
dataflow,ESTAT:HSW_AW_WE3(1.0),A,PC,D_GE4,Y_GE65,T,TOTAL,WEN_05,EU_V,2005,2.1,
dataflow,ESTAT:HSW_AW_WE3(1.0),A,PC,D_GE4,Y_GE65,T,TOTAL,WEN_06,EU_V,2005,18.3,
dataflow,ESTAT:HSW_AW_WE3(1.0),A,PC,D_GE4,Y_GE65,T,TOTAL,WEN_07,EU_V,2005,3.8,
dataflow,ESTAT:HSW_AW_WE3(1.0),A,PC,D_GE4,Y_GE65,T,TOTAL,WEN_08,EU_V,2005,1.6,
dataflow,ESTAT:HSW_AW_WE3(1.0),A,PC,D_GE4,Y_GE65,T,TOTAL,WEN_09,EU_V,2005,0.1,
dataflow,ESTAT:HSW_AW_WE3(1.0),A,PC,D_GE4,Y_GE65,T,TOTAL,WEN_10,EU_V,2005,0.1,
dataflow,ESTAT:HSW_AW_WE3(1.0),A,PC,D_GE4,Y_GE65,T,TOTAL,WEN_11,EU_V,2005,0.2,
dataflow,ESTAT:HSW_AW_WE3(1.0),A,PC,D_GE4,Y_GE65,T,TOTAL,WEN_99,EU_V,2005,2.1,
dataflow,ESTAT:HSW_AW_WE3(1.0),A,PC,FAT,TOTAL,F,TOTAL,TOTAL,EU_V,2005,100.0,
dataflow,ESTAT:HSW_AW_WE3(1.0),A,PC,FAT,TOTAL,F,TOTAL,WEN_01,EU_V,2005,10.3,
dataflow,ESTAT:HSW_AW_WE3(1.0),A,PC,FAT,TOTAL,F,TOTAL,WEN_03,EU_V,2005,8.9,
dataflow,ESTAT:HSW_AW_WE3(1.0),A,PC,FAT,TOTAL,F,TOTAL,WEN_04,EU_V,2005,10.3,
dataflow,ESTAT:HSW_AW_WE3(1.0),A,PC,FAT,TOTAL,F,TOTAL,WEN_06,EU_V,2005,59.8,
dataflow,ESTAT:HSW_AW_WE3(1.0),A,PC,FAT,TOTAL,F,TOTAL,WEN_07,EU_V,2005,4.0,
dataflow,ESTAT:HSW_AW_WE3(1.0),A,PC,FAT,TOTAL,F,TOTAL,WEN_11,EU_V,2005,1.8,
dataflow,ESTAT:HSW_AW_WE3(1.0),A,PC,FAT,TOTAL,F,TOTAL,WEN_99,EU_V,2005,2.7,
dataflow,ESTAT:HSW_AW_WE3(1.0),A,PC,FAT,TOTAL,M,TOTAL,TOTAL,EU_V,2005,100.0,
dataflow,ESTAT:HSW_AW_WE3(1.0),A,PC,FAT,TOTAL,M,TOTAL,WEN_01,EU_V,2005,21.3,
dataflow,ESTAT:HSW_AW_WE3(1.0),A,PC,FAT,TOTAL,M,TOTAL,WEN_02,EU_V,2005,23.1,
dataflow,ESTAT:HSW_AW_WE3(1.0),A,PC,FAT,TOTAL,M,TOTAL,WEN_03,EU_V,2005,8.1,
dataflow,ESTAT:HSW_AW_WE3(1.0),A,PC,FAT,TOTAL,M,TOTAL,WEN_04,EU_V,2005,3.3,
dataflow,ESTAT:HSW_AW_WE3(1.0),A,PC,FAT,TOTAL,M,TOTAL,WEN_05,EU_V,2005,0.3,
dataflow,ESTAT:HSW_AW_WE3(1.0),A,PC,FAT,TOTAL,M,TOTAL,WEN_06,EU_V,2005,35.2,
dataflow,ESTAT:HSW_AW_WE3(1.0),A,PC,FAT,TOTAL,M,TOTAL,WEN_07,EU_V,2005,1.6,
dataflow,ESTAT:HSW_AW_WE3(1.0),A,PC,FAT,TOTAL,M,TOTAL,WEN_08,EU_V,2005,0.4,
dataflow,ESTAT:HSW_AW_WE3(1.0),A,PC,FAT,TOTAL,M,TOTAL,WEN_09,EU_V,2005,1.8,
dataflow,ESTAT:HSW_AW_WE3(1.0),A,PC,FAT,TOTAL,M,TOTAL,WEN_10,EU_V,2005,1.6,
dataflow,ESTAT:HSW_AW_WE3(1.0),A,PC,FAT,TOTAL,M,TOTAL,WEN_11,EU_V,2005,1.4,
dataflow,ESTAT:HSW_AW_WE3(1.0),A,PC,FAT,TOTAL,M,TOTAL,WEN_99,EU_V,2005,1.8,
dataflow,ESTAT:HSW_AW_WE3(1.0),A,PC,FAT,TOTAL,T,A,TOTAL,EU_V,2005,100.0,
dataflow,ESTAT:HSW_AW_WE3(1.0),A,PC,FAT,TOTAL,T,A,WEN_01,EU_V,2005,7.1,
dataflow,ESTAT:HSW_AW_WE3(1.0),A,PC,FAT,TOTAL,T,A,WEN_02,EU_V,2005,1.5,
dataflow,ESTAT:HSW_AW_WE3(1.0),A,PC,FAT,TOTAL,T,A,WEN_03,EU_V,2005,65.6,
dataflow,ESTAT:HSW_AW_WE3(1.0),A,PC,FAT,TOTAL,T,A,WEN_04,EU_V,2005,1.5,
dataflow,ESTAT:HSW_AW_WE3(1.0),A,PC,FAT,TOTAL,T,A,WEN_06,EU_V,2005,14.0,
dataflow,ESTAT:HSW_AW_WE3(1.0),A,PC,FAT,TOTAL,T,A,WEN_07,EU_V,2005,3.7,
dataflow,ESTAT:HSW_AW_WE3(1.0),A,PC,FAT,TOTAL,T,A,WEN_08,EU_V,2005,2.0,
dataflow,ESTAT:HSW_AW_WE3(1.0),A,PC,FAT,TOTAL,T,A,WEN_99,EU_V,2005,3.9,
dataflow,ESTAT:HSW_AW_WE3(1.0),A,PC,FAT,TOTAL,T,B,TOTAL,EU_V,2005,100.0,
dataflow,ESTAT:HSW_AW_WE3(1.0),A,PC,FAT,TOTAL,T,B,WEN_03,EU_V,2005,18.2,
dataflow,ESTAT:HSW_AW_WE3(1.0),A,PC,FAT,TOTAL,T,B,WEN_11,EU_V,2005,68.2,
dataflow,ESTAT:HSW_AW_WE3(1.0),A,PC,FAT,TOTAL,T,C,TOTAL,EU_V,2005,100.0,
dataflow,ESTAT:HSW_AW_WE3(1.0),A,PC,FAT,TOTAL,T,C,WEN_01,EU_V,2005,18.0,
dataflow,ESTAT:HSW_AW_WE3(1.0),A,PC,FAT,TOTAL,T,C,WEN_02,EU_V,2005,32.0,
dataflow,ESTAT:HSW_AW_WE3(1.0),A,PC,FAT,TOTAL,T,C,WEN_06,EU_V,2005,9.0,
dataflow,ESTAT:HSW_AW_WE3(1.0),A,PC,FAT,TOTAL,T,C,WEN_10,EU_V,2005,37.0,
dataflow,ESTAT:HSW_AW_WE3(1.0),A,PC,FAT,TOTAL,T,D,TOTAL,EU_V,2005,100.0,
dataflow,ESTAT:HSW_AW_WE3(1.0),A,PC,FAT,TOTAL,T,D,WEN_01,EU_V,2005,48.7,
dataflow,ESTAT:HSW_AW_WE3(1.0),A,PC,FAT,TOTAL,T,D,WEN_02,EU_V,2005,11.2,
dataflow,ESTAT:HSW_AW_WE3(1.0),A,PC,FAT,TOTAL,T,D,WEN_03,EU_V,2005,1.4,
dataflow,ESTAT:HSW_AW_WE3(1.0),A,PC,FAT,TOTAL,T,D,WEN_04,EU_V,2005,1.8,
dataflow,ESTAT:HSW_AW_WE3(1.0),A,PC,FAT,TOTAL,T,D,WEN_06,EU_V,2005,30.7,
dataflow,ESTAT:HSW_AW_WE3(1.0),A,PC,FAT,TOTAL,T,D,WEN_07,EU_V,2005,0.9,
dataflow,ESTAT:HSW_AW_WE3(1.0),A,PC,FAT,TOTAL,T,D,WEN_09,EU_V,2005,2.1,
dataflow,ESTAT:HSW_AW_WE3(1.0),A,PC,FAT,TOTAL,T,D,WEN_10,EU_V,2005,0.5,
dataflow,ESTAT:HSW_AW_WE3(1.0),A,PC,FAT,TOTAL,T,D,WEN_11,EU_V,2005,1.5,
dataflow,ESTAT:HSW_AW_WE3(1.0),A,PC,FAT,TOTAL,T,D,WEN_99,EU_V,2005,0.9,
dataflow,ESTAT:HSW_AW_WE3(1.0),A,PC,FAT,TOTAL,T,E,TOTAL,EU_V,2005,100.0,
dataflow,ESTAT:HSW_AW_WE3(1.0),A,PC,FAT,TOTAL,T,E,WEN_01,EU_V,2005,32.8,
dataflow,ESTAT:HSW_AW_WE3(1.0),A,PC,FAT,TOTAL,T,E,WEN_02,EU_V,2005,13.8,
dataflow,ESTAT:HSW_AW_WE3(1.0),A,PC,FAT,TOTAL,T,E,WEN_06,EU_V,2005,32.8,
dataflow,ESTAT:HSW_AW_WE3(1.0),A,PC,FAT,TOTAL,T,E,WEN_09,EU_V,2005,8.6,
dataflow,ESTAT:HSW_AW_WE3(1.0),A,PC,FAT,TOTAL,T,E,WEN_10,EU_V,2005,8.6,
dataflow,ESTAT:HSW_AW_WE3(1.0),A,PC,FAT,TOTAL,T,F,TOTAL,EU_V,2005,100.0,
dataflow,ESTAT:HSW_AW_WE3(1.0),A,PC,FAT,TOTAL,T,F,WEN_01,EU_V,2005,8.6,
dataflow,ESTAT:HSW_AW_WE3(1.0),A,PC,FAT,TOTAL,T,F,WEN_02,EU_V,2005,60.8,
dataflow,ESTAT:HSW_AW_WE3(1.0),A,PC,FAT,TOTAL,T,F,WEN_03,EU_V,2005,0.7,
dataflow,ESTAT:HSW_AW_WE3(1.0),A,PC,FAT,TOTAL,T,F,WEN_04,EU_V,2005,1.4,
dataflow,ESTAT:HSW_AW_WE3(1.0),A,PC,FAT,TOTAL,T,F,WEN_06,EU_V,2005,22.0,
dataflow,ESTAT:HSW_AW_WE3(1.0),A,PC,FAT,TOTAL,T,F,WEN_07,EU_V,2005,1.6,
dataflow,ESTAT:HSW_AW_WE3(1.0),A,PC,FAT,TOTAL,T,F,WEN_09,EU_V,2005,2.0,
dataflow,ESTAT:HSW_AW_WE3(1.0),A,PC,FAT,TOTAL,T,F,WEN_10,EU_V,2005,0.9,
dataflow,ESTAT:HSW_AW_WE3(1.0),A,PC,FAT,TOTAL,T,F,WEN_99,EU_V,2005,1.1,
dataflow,ESTAT:HSW_AW_WE3(1.0),A,PC,FAT,TOTAL,T,G,TOTAL,EU_V,2005,100.0,
dataflow,ESTAT:HSW_AW_WE3(1.0),A,PC,FAT,TOTAL,T,G,WEN_01,EU_V,2005,21.7,
dataflow,ESTAT:HSW_AW_WE3(1.0),A,PC,FAT,TOTAL,T,G,WEN_02,EU_V,2005,5.3,
dataflow,ESTAT:HSW_AW_WE3(1.0),A,PC,FAT,TOTAL,T,G,WEN_03,EU_V,2005,3.0,
dataflow,ESTAT:HSW_AW_WE3(1.0),A,PC,FAT,TOTAL,T,G,WEN_04,EU_V,2005,8.0,
dataflow,ESTAT:HSW_AW_WE3(1.0),A,PC,FAT,TOTAL,T,G,WEN_06,EU_V,2005,57.3,
dataflow,ESTAT:HSW_AW_WE3(1.0),A,PC,FAT,TOTAL,T,G,WEN_07,EU_V,2005,1.5,
dataflow,ESTAT:HSW_AW_WE3(1.0),A,PC,FAT,TOTAL,T,G,WEN_99,EU_V,2005,1.8,
dataflow,ESTAT:HSW_AW_WE3(1.0),A,PC,FAT,TOTAL,T,H,TOTAL,EU_V,2005,100.0,
dataflow,ESTAT:HSW_AW_WE3(1.0),A,PC,FAT,TOTAL,T,H,WEN_01,EU_V,2005,9.1,
dataflow,ESTAT:HSW_AW_WE3(1.0),A,PC,FAT,TOTAL,T,H,WEN_04,EU_V,2005,38.6,
dataflow,ESTAT:HSW_AW_WE3(1.0),A,PC,FAT,TOTAL,T,H,WEN_06,EU_V,2005,43.2,
dataflow,ESTAT:HSW_AW_WE3(1.0),A,PC,FAT,TOTAL,T,I,TOTAL,EU_V,2005,100.0,
dataflow,ESTAT:HSW_AW_WE3(1.0),A,PC,FAT,TOTAL,T,I,WEN_01,EU_V,2005,15.7,
dataflow,ESTAT:HSW_AW_WE3(1.0),A,PC,FAT,TOTAL,T,I,WEN_02,EU_V,2005,5.5,
dataflow,ESTAT:HSW_AW_WE3(1.0),A,PC,FAT,TOTAL,T,I,WEN_03,EU_V,2005,1.1,
dataflow,ESTAT:HSW_AW_WE3(1.0),A,PC,FAT,TOTAL,T,I,WEN_04,EU_V,2005,2.3,
dataflow,ESTAT:HSW_AW_WE3(1.0),A,PC,FAT,TOTAL,T,I,WEN_06,EU_V,2005,68.4,
dataflow,ESTAT:HSW_AW_WE3(1.0),A,PC,FAT,TOTAL,T,I,WEN_07,EU_V,2005,0.8,
dataflow,ESTAT:HSW_AW_WE3(1.0),A,PC,FAT,TOTAL,T,I,WEN_09,EU_V,2005,1.7,
dataflow,ESTAT:HSW_AW_WE3(1.0),A,PC,FAT,TOTAL,T,I,WEN_11,EU_V,2005,2.7,
dataflow,ESTAT:HSW_AW_WE3(1.0),A,PC,FAT,TOTAL,T,I,WEN_99,EU_V,2005,1.7,
dataflow,ESTAT:HSW_AW_WE3(1.0),A,PC,FAT,TOTAL,T,J,TOTAL,EU_V,2005,100.0,
dataflow,ESTAT:HSW_AW_WE3(1.0),A,PC,FAT,TOTAL,T,J,WEN_04,EU_V,2005,20.8,
dataflow,ESTAT:HSW_AW_WE3(1.0),A,PC,FAT,TOTAL,T,J,WEN_06,EU_V,2005,66.7,
dataflow,ESTAT:HSW_AW_WE3(1.0),A,PC,FAT,TOTAL,T,K,TOTAL,EU_V,2005,100.0,
dataflow,ESTAT:HSW_AW_WE3(1.0),A,PC,FAT,TOTAL,T,K,WEN_01,EU_V,2005,15.3,
dataflow,ESTAT:HSW_AW_WE3(1.0),A,PC,FAT,TOTAL,T,K,WEN_02,EU_V,2005,10.0,
dataflow,ESTAT:HSW_AW_WE3(1.0),A,PC,FAT,TOTAL,T,K,WEN_03,EU_V,2005,3.7,
dataflow,ESTAT:HSW_AW_WE3(1.0),A,PC,FAT,TOTAL,T,K,WEN_04,EU_V,2005,9.5,
dataflow,ESTAT:HSW_AW_WE3(1.0),A,PC,FAT,TOTAL,T,K,WEN_06,EU_V,2005,50.0,
dataflow,ESTAT:HSW_AW_WE3(1.0),A,PC,FAT,TOTAL,T,K,WEN_07,EU_V,2005,2.6,
dataflow,ESTAT:HSW_AW_WE3(1.0),A,PC,FAT,TOTAL,T,K,WEN_09,EU_V,2005,4.7,
dataflow,ESTAT:HSW_AW_WE3(1.0),A,PC,FAT,TOTAL,T,L,TOTAL,EU_V,2005,100.0,
dataflow,ESTAT:HSW_AW_WE3(1.0),A,PC,FAT,TOTAL,T,L,WEN_03,EU_V,2005,9.3,
dataflow,ESTAT:HSW_AW_WE3(1.0),A,PC,FAT,TOTAL,T,L,WEN_04,EU_V,2005,13.3,
dataflow,ESTAT:HSW_AW_WE3(1.0),A,PC,FAT,TOTAL,T,L,WEN_06,EU_V,2005,60.0,
dataflow,ESTAT:HSW_AW_WE3(1.0),A,PC,FAT,TOTAL,T,L,WEN_99,EU_V,2005,9.3,
dataflow,ESTAT:HSW_AW_WE3(1.0),A,PC,FAT,TOTAL,T,M,TOTAL,EU_V,2005,100.0,
dataflow,ESTAT:HSW_AW_WE3(1.0),A,PC,FAT,TOTAL,T,M,WEN_04,EU_V,2005,20.0,
dataflow,ESTAT:HSW_AW_WE3(1.0),A,PC,FAT,TOTAL,T,M,WEN_06,EU_V,2005,46.7,
dataflow,ESTAT:HSW_AW_WE3(1.0),A,PC,FAT,TOTAL,T,N,TOTAL,EU_V,2005,100.0,
dataflow,ESTAT:HSW_AW_WE3(1.0),A,PC,FAT,TOTAL,T,N,WEN_05,EU_V,2005,16.7,
dataflow,ESTAT:HSW_AW_WE3(1.0),A,PC,FAT,TOTAL,T,N,WEN_06,EU_V,2005,58.3,
dataflow,ESTAT:HSW_AW_WE3(1.0),A,PC,FAT,TOTAL,T,O,TOTAL,EU_V,2005,100.0,
dataflow,ESTAT:HSW_AW_WE3(1.0),A,PC,FAT,TOTAL,T,O,WEN_01,EU_V,2005,22.6,
dataflow,ESTAT:HSW_AW_WE3(1.0),A,PC,FAT,TOTAL,T,O,WEN_02,EU_V,2005,9.7,
dataflow,ESTAT:HSW_AW_WE3(1.0),A,PC,FAT,TOTAL,T,O,WEN_03,EU_V,2005,5.4,
dataflow,ESTAT:HSW_AW_WE3(1.0),A,PC,FAT,TOTAL,T,O,WEN_04,EU_V,2005,8.6,
dataflow,ESTAT:HSW_AW_WE3(1.0),A,PC,FAT,TOTAL,T,O,WEN_06,EU_V,2005,43.0,
dataflow,ESTAT:HSW_AW_WE3(1.0),A,PC,FAT,TOTAL,T,O,WEN_99,EU_V,2005,4.3,
dataflow,ESTAT:HSW_AW_WE3(1.0),A,PC,FAT,TOTAL,T,P,TOTAL,EU_V,2005,100.0,
dataflow,ESTAT:HSW_AW_WE3(1.0),A,PC,FAT,TOTAL,T,TOTAL,TOTAL,EU_V,2005,100.0,
dataflow,ESTAT:HSW_AW_WE3(1.0),A,PC,FAT,TOTAL,T,TOTAL,WEN_01,EU_V,2005,20.7,
dataflow,ESTAT:HSW_AW_WE3(1.0),A,PC,FAT,TOTAL,T,TOTAL,WEN_02,EU_V,2005,21.8,
dataflow,ESTAT:HSW_AW_WE3(1.0),A,PC,FAT,TOTAL,T,TOTAL,WEN_03,EU_V,2005,8.1,
dataflow,ESTAT:HSW_AW_WE3(1.0),A,PC,FAT,TOTAL,T,TOTAL,WEN_04,EU_V,2005,3.7,
dataflow,ESTAT:HSW_AW_WE3(1.0),A,PC,FAT,TOTAL,T,TOTAL,WEN_05,EU_V,2005,0.3,
dataflow,ESTAT:HSW_AW_WE3(1.0),A,PC,FAT,TOTAL,T,TOTAL,WEN_06,EU_V,2005,36.5,
dataflow,ESTAT:HSW_AW_WE3(1.0),A,PC,FAT,TOTAL,T,TOTAL,WEN_07,EU_V,2005,1.7,
dataflow,ESTAT:HSW_AW_WE3(1.0),A,PC,FAT,TOTAL,T,TOTAL,WEN_08,EU_V,2005,0.5,
dataflow,ESTAT:HSW_AW_WE3(1.0),A,PC,FAT,TOTAL,T,TOTAL,WEN_09,EU_V,2005,1.7,
dataflow,ESTAT:HSW_AW_WE3(1.0),A,PC,FAT,TOTAL,T,TOTAL,WEN_10,EU_V,2005,1.5,
dataflow,ESTAT:HSW_AW_WE3(1.0),A,PC,FAT,TOTAL,T,TOTAL,WEN_11,EU_V,2005,1.4,
dataflow,ESTAT:HSW_AW_WE3(1.0),A,PC,FAT,TOTAL,T,TOTAL,WEN_99,EU_V,2005,1.8,
dataflow,ESTAT:HSW_AW_WE3(1.0),A,PC,FAT,TOTAL,T,UNK,TOTAL,EU_V,2005,100.0,
dataflow,ESTAT:HSW_AW_WE3(1.0),A,PC,FAT,TOTAL,T,UNK,WEN_01,EU_V,2005,24.3,
dataflow,ESTAT:HSW_AW_WE3(1.0),A,PC,FAT,TOTAL,T,UNK,WEN_02,EU_V,2005,18.9,
dataflow,ESTAT:HSW_AW_WE3(1.0),A,PC,FAT,TOTAL,T,UNK,WEN_06,EU_V,2005,18.9,
dataflow,ESTAT:HSW_AW_WE3(1.0),A,PC,FAT,TOTAL,T,UNK,WEN_07,EU_V,2005,21.6,
dataflow,ESTAT:HSW_AW_WE3(1.0),A,PC,FAT,UNK,T,TOTAL,TOTAL,EU_V,2005,100.0,
dataflow,ESTAT:HSW_AW_WE3(1.0),A,PC,FAT,UNK,T,TOTAL,WEN_03,EU_V,2005,70.0,
dataflow,ESTAT:HSW_AW_WE3(1.0),A,PC,FAT,Y15-17,T,TOTAL,TOTAL,EU_V,2005,100.0,
dataflow,ESTAT:HSW_AW_WE3(1.0),A,PC,FAT,Y15-17,T,TOTAL,WEN_02,EU_V,2005,41.2,
dataflow,ESTAT:HSW_AW_WE3(1.0),A,PC,FAT,Y18-24,T,TOTAL,TOTAL,EU_V,2005,100.0,
dataflow,ESTAT:HSW_AW_WE3(1.0),A,PC,FAT,Y18-24,T,TOTAL,WEN_01,EU_V,2005,21.5,
dataflow,ESTAT:HSW_AW_WE3(1.0),A,PC,FAT,Y18-24,T,TOTAL,WEN_02,EU_V,2005,27.8,
dataflow,ESTAT:HSW_AW_WE3(1.0),A,PC,FAT,Y18-24,T,TOTAL,WEN_03,EU_V,2005,6.6,
dataflow,ESTAT:HSW_AW_WE3(1.0),A,PC,FAT,Y18-24,T,TOTAL,WEN_04,EU_V,2005,2.6,
dataflow,ESTAT:HSW_AW_WE3(1.0),A,PC,FAT,Y18-24,T,TOTAL,WEN_06,EU_V,2005,36.4,
dataflow,ESTAT:HSW_AW_WE3(1.0),A,PC,FAT,Y18-24,T,TOTAL,WEN_09,EU_V,2005,1.7,
dataflow,ESTAT:HSW_AW_WE3(1.0),A,PC,FAT,Y25-34,T,TOTAL,TOTAL,EU_V,2005,100.0,
dataflow,ESTAT:HSW_AW_WE3(1.0),A,PC,FAT,Y25-34,T,TOTAL,WEN_01,EU_V,2005,20.0,
dataflow,ESTAT:HSW_AW_WE3(1.0),A,PC,FAT,Y25-34,T,TOTAL,WEN_02,EU_V,2005,18.8,
dataflow,ESTAT:HSW_AW_WE3(1.0),A,PC,FAT,Y25-34,T,TOTAL,WEN_03,EU_V,2005,5.2,
dataflow,ESTAT:HSW_AW_WE3(1.0),A,PC,FAT,Y25-34,T,TOTAL,WEN_04,EU_V,2005,2.9,
dataflow,ESTAT:HSW_AW_WE3(1.0),A,PC,FAT,Y25-34,T,TOTAL,WEN_06,EU_V,2005,44.6,
dataflow,ESTAT:HSW_AW_WE3(1.0),A,PC,FAT,Y25-34,T,TOTAL,WEN_07,EU_V,2005,1.6,
dataflow,ESTAT:HSW_AW_WE3(1.0),A,PC,FAT,Y25-34,T,TOTAL,WEN_09,EU_V,2005,2.3,
dataflow,ESTAT:HSW_AW_WE3(1.0),A,PC,FAT,Y25-34,T,TOTAL,WEN_10,EU_V,2005,1.0,
dataflow,ESTAT:HSW_AW_WE3(1.0),A,PC,FAT,Y25-34,T,TOTAL,WEN_11,EU_V,2005,1.2,
dataflow,ESTAT:HSW_AW_WE3(1.0),A,PC,FAT,Y25-34,T,TOTAL,WEN_99,EU_V,2005,1.8,
dataflow,ESTAT:HSW_AW_WE3(1.0),A,PC,FAT,Y35-44,T,TOTAL,TOTAL,EU_V,2005,100.0,
dataflow,ESTAT:HSW_AW_WE3(1.0),A,PC,FAT,Y35-44,T,TOTAL,WEN_01,EU_V,2005,19.5,
dataflow,ESTAT:HSW_AW_WE3(1.0),A,PC,FAT,Y35-44,T,TOTAL,WEN_02,EU_V,2005,22.4,
dataflow,ESTAT:HSW_AW_WE3(1.0),A,PC,FAT,Y35-44,T,TOTAL,WEN_03,EU_V,2005,6.9,
dataflow,ESTAT:HSW_AW_WE3(1.0),A,PC,FAT,Y35-44,T,TOTAL,WEN_04,EU_V,2005,2.9,
dataflow,ESTAT:HSW_AW_WE3(1.0),A,PC,FAT,Y35-44,T,TOTAL,WEN_05,EU_V,2005,0.5,
dataflow,ESTAT:HSW_AW_WE3(1.0),A,PC,FAT,Y35-44,T,TOTAL,WEN_06,EU_V,2005,37.0,
dataflow,ESTAT:HSW_AW_WE3(1.0),A,PC,FAT,Y35-44,T,TOTAL,WEN_07,EU_V,2005,1.8,
dataflow,ESTAT:HSW_AW_WE3(1.0),A,PC,FAT,Y35-44,T,TOTAL,WEN_08,EU_V,2005,0.8,
dataflow,ESTAT:HSW_AW_WE3(1.0),A,PC,FAT,Y35-44,T,TOTAL,WEN_09,EU_V,2005,2.2,
dataflow,ESTAT:HSW_AW_WE3(1.0),A,PC,FAT,Y35-44,T,TOTAL,WEN_10,EU_V,2005,2.2,
dataflow,ESTAT:HSW_AW_WE3(1.0),A,PC,FAT,Y35-44,T,TOTAL,WEN_11,EU_V,2005,1.7,
dataflow,ESTAT:HSW_AW_WE3(1.0),A,PC,FAT,Y35-44,T,TOTAL,WEN_99,EU_V,2005,2.2,
dataflow,ESTAT:HSW_AW_WE3(1.0),A,PC,FAT,Y45-54,T,TOTAL,TOTAL,EU_V,2005,100.0,
dataflow,ESTAT:HSW_AW_WE3(1.0),A,PC,FAT,Y45-54,T,TOTAL,WEN_01,EU_V,2005,22.4,
dataflow,ESTAT:HSW_AW_WE3(1.0),A,PC,FAT,Y45-54,T,TOTAL,WEN_02,EU_V,2005,24.1,
dataflow,ESTAT:HSW_AW_WE3(1.0),A,PC,FAT,Y45-54,T,TOTAL,WEN_03,EU_V,2005,6.8,
dataflow,ESTAT:HSW_AW_WE3(1.0),A,PC,FAT,Y45-54,T,TOTAL,WEN_04,EU_V,2005,3.9,
dataflow,ESTAT:HSW_AW_WE3(1.0),A,PC,FAT,Y45-54,T,TOTAL,WEN_05,EU_V,2005,0.4,
dataflow,ESTAT:HSW_AW_WE3(1.0),A,PC,FAT,Y45-54,T,TOTAL,WEN_06,EU_V,2005,33.7,
dataflow,ESTAT:HSW_AW_WE3(1.0),A,PC,FAT,Y45-54,T,TOTAL,WEN_07,EU_V,2005,1.8,
dataflow,ESTAT:HSW_AW_WE3(1.0),A,PC,FAT,Y45-54,T,TOTAL,WEN_09,EU_V,2005,1.3,
dataflow,ESTAT:HSW_AW_WE3(1.0),A,PC,FAT,Y45-54,T,TOTAL,WEN_10,EU_V,2005,2.1,
dataflow,ESTAT:HSW_AW_WE3(1.0),A,PC,FAT,Y45-54,T,TOTAL,WEN_11,EU_V,2005,1.5,
dataflow,ESTAT:HSW_AW_WE3(1.0),A,PC,FAT,Y45-54,T,TOTAL,WEN_99,EU_V,2005,1.8,
dataflow,ESTAT:HSW_AW_WE3(1.0),A,PC,FAT,Y55-64,T,TOTAL,TOTAL,EU_V,2005,100.0,
dataflow,ESTAT:HSW_AW_WE3(1.0),A,PC,FAT,Y55-64,T,TOTAL,WEN_01,EU_V,2005,22.5,
dataflow,ESTAT:HSW_AW_WE3(1.0),A,PC,FAT,Y55-64,T,TOTAL,WEN_02,EU_V,2005,19.5,
dataflow,ESTAT:HSW_AW_WE3(1.0),A,PC,FAT,Y55-64,T,TOTAL,WEN_03,EU_V,2005,10.2,
dataflow,ESTAT:HSW_AW_WE3(1.0),A,PC,FAT,Y55-64,T,TOTAL,WEN_04,EU_V,2005,5.3,
dataflow,ESTAT:HSW_AW_WE3(1.0),A,PC,FAT,Y55-64,T,TOTAL,WEN_06,EU_V,2005,35.1,
dataflow,ESTAT:HSW_AW_WE3(1.0),A,PC,FAT,Y55-64,T,TOTAL,WEN_07,EU_V,2005,1.9,
dataflow,ESTAT:HSW_AW_WE3(1.0),A,PC,FAT,Y55-64,T,TOTAL,WEN_09,EU_V,2005,1.3,
dataflow,ESTAT:HSW_AW_WE3(1.0),A,PC,FAT,Y55-64,T,TOTAL,WEN_10,EU_V,2005,0.6,
dataflow,ESTAT:HSW_AW_WE3(1.0),A,PC,FAT,Y55-64,T,TOTAL,WEN_11,EU_V,2005,1.4,
dataflow,ESTAT:HSW_AW_WE3(1.0),A,PC,FAT,Y55-64,T,TOTAL,WEN_99,EU_V,2005,1.6,
dataflow,ESTAT:HSW_AW_WE3(1.0),A,PC,FAT,Y_GE65,T,TOTAL,TOTAL,EU_V,2005,100.0,
dataflow,ESTAT:HSW_AW_WE3(1.0),A,PC,FAT,Y_GE65,T,TOTAL,WEN_01,EU_V,2005,12.5,
dataflow,ESTAT:HSW_AW_WE3(1.0),A,PC,FAT,Y_GE65,T,TOTAL,WEN_02,EU_V,2005,13.9,
dataflow,ESTAT:HSW_AW_WE3(1.0),A,PC,FAT,Y_GE65,T,TOTAL,WEN_03,EU_V,2005,31.9,
dataflow,ESTAT:HSW_AW_WE3(1.0),A,PC,FAT,Y_GE65,T,TOTAL,WEN_04,EU_V,2005,6.3,
dataflow,ESTAT:HSW_AW_WE3(1.0),A,PC,FAT,Y_GE65,T,TOTAL,WEN_06,EU_V,2005,21.5,
dataflow,ESTAT:HSW_AW_WE3(1.0),A,PC,FAT,Y_GE65,T,TOTAL,WEN_07,EU_V,2005,2.8,
dataflow,ESTAT:HSW_AW_WE3(1.0),A,PC,FAT,Y_GE65,T,TOTAL,WEN_99,EU_V,2005,4.2,
