STRUCTURE,STRUCTURE_ID,freq,unit,sex,icd10,geo,TIME_PERIOD,OBS_VALUE,OBS_FLAG
dataflow,ESTAT:HLTH_CD_APYLL(1.0),A,YR,F,A-R_V-Y,AT,2011,2381,
dataflow,ESTAT:HLTH_CD_APYLL(1.0),A,YR,F,A-R_V-Y,AT,2012,2326,
dataflow,ESTAT:HLTH_CD_APYLL(1.0),A,YR,F,A-R_V-Y,AT,2013,2245,
dataflow,ESTAT:HLTH_CD_APYLL(1.0),A,YR,F,A-R_V-Y,AT,2014,2302,
dataflow,ESTAT:HLTH_CD_APYLL(1.0),A,YR,F,A-R_V-Y,AT,2015,2187,
dataflow,ESTAT:HLTH_CD_APYLL(1.0),A,YR,F,A-R_V-Y,AT,2016,2161,
dataflow,ESTAT:HLTH_CD_APYLL(1.0),A,YR,F,A-R_V-Y,AT,2017,2073,
dataflow,ESTAT:HLTH_CD_APYLL(1.0),A,YR,F,A-R_V-Y,AT,2018,2084,
dataflow,ESTAT:HLTH_CD_APYLL(1.0),A,YR,F,A-R_V-Y,AT,2019,2037,
dataflow,ESTAT:HLTH_CD_APYLL(1.0),A,YR,F,A-R_V-Y,AT,2020,2054,
dataflow,ESTAT:HLTH_CD_APYLL(1.0),A,YR,F,A-R_V-Y,BE,2011,2783,
dataflow,ESTAT:HLTH_CD_APYLL(1.0),A,YR,F,A-R_V-Y,BE,2012,2677,
dataflow,ESTAT:HLTH_CD_APYLL(1.0),A,YR,F,A-R_V-Y,BE,2013,2700,
dataflow,ESTAT:HLTH_CD_APYLL(1.0),A,YR,F,A-R_V-Y,BE,2014,2523,
dataflow,ESTAT:HLTH_CD_APYLL(1.0),A,YR,F,A-R_V-Y,BE,2015,2580,
dataflow,ESTAT:HLTH_CD_APYLL(1.0),A,YR,F,A-R_V-Y,BE,2016,2423,
dataflow,ESTAT:HLTH_CD_APYLL(1.0),A,YR,F,A-R_V-Y,BE,2017,2428,
dataflow,ESTAT:HLTH_CD_APYLL(1.0),A,YR,F,A-R_V-Y,BE,2018,2420,
dataflow,ESTAT:HLTH_CD_APYLL(1.0),A,YR,F,A-R_V-Y,BE,2019,2312,
dataflow,ESTAT:HLTH_CD_APYLL(1.0),A,YR,F,A-R_V-Y,BE,2020,2359,
dataflow,ESTAT:HLTH_CD_APYLL(1.0),A,YR,F,A-R_V-Y,BG,2011,4491,
dataflow,ESTAT:HLTH_CD_APYLL(1.0),A,YR,F,A-R_V-Y,BG,2012,4245,
dataflow,ESTAT:HLTH_CD_APYLL(1.0),A,YR,F,A-R_V-Y,BG,2013,4099,
dataflow,ESTAT:HLTH_CD_APYLL(1.0),A,YR,F,A-R_V-Y,BG,2014,4404,
dataflow,ESTAT:HLTH_CD_APYLL(1.0),A,YR,F,A-R_V-Y,BG,2015,4179,
dataflow,ESTAT:HLTH_CD_APYLL(1.0),A,YR,F,A-R_V-Y,BG,2016,4086,
dataflow,ESTAT:HLTH_CD_APYLL(1.0),A,YR,F,A-R_V-Y,BG,2017,4089,
dataflow,ESTAT:HLTH_CD_APYLL(1.0),A,YR,F,A-R_V-Y,BG,2018,4080,
dataflow,ESTAT:HLTH_CD_APYLL(1.0),A,YR,F,A-R_V-Y,BG,2019,3896,
dataflow,ESTAT:HLTH_CD_APYLL(1.0),A,YR,F,A-R_V-Y,BG,2020,4377,
dataflow,ESTAT:HLTH_CD_APYLL(1.0),A,YR,F,A-R_V-Y,CH,2011,2072,
dataflow,ESTAT:HLTH_CD_APYLL(1.0),A,YR,F,A-R_V-Y,CH,2012,2027,
dataflow,ESTAT:HLTH_CD_APYLL(1.0),A,YR,F,A-R_V-Y,CH,2013,1961,
dataflow,ESTAT:HLTH_CD_APYLL(1.0),A,YR,F,A-R_V-Y,CH,2014,1884,
dataflow,ESTAT:HLTH_CD_APYLL(1.0),A,YR,F,A-R_V-Y,CH,2015,1897,
dataflow,ESTAT:HLTH_CD_APYLL(1.0),A,YR,F,A-R_V-Y,CH,2016,1909,
dataflow,ESTAT:HLTH_CD_APYLL(1.0),A,YR,F,A-R_V-Y,CH,2017,1741,
dataflow,ESTAT:HLTH_CD_APYLL(1.0),A,YR,F,A-R_V-Y,CH,2018,1839,
dataflow,ESTAT:HLTH_CD_APYLL(1.0),A,YR,F,A-R_V-Y,CH,2019,1695,
dataflow,ESTAT:HLTH_CD_APYLL(1.0),A,YR,F,A-R_V-Y,CH,2020,1760,
dataflow,ESTAT:HLTH_CD_APYLL(1.0),A,YR,F,A-R_V-Y,CY,2011,1745,
dataflow,ESTAT:HLTH_CD_APYLL(1.0),A,YR,F,A-R_V-Y,CY,2012,1662,
dataflow,ESTAT:HLTH_CD_APYLL(1.0),A,YR,F,A-R_V-Y,CY,2013,1366,
dataflow,ESTAT:HLTH_CD_APYLL(1.0),A,YR,F,A-R_V-Y,CY,2014,1706,
dataflow,ESTAT:HLTH_CD_APYLL(1.0),A,YR,F,A-R_V-Y,CY,2015,1929,
dataflow,ESTAT:HLTH_CD_APYLL(1.0),A,YR,F,A-R_V-Y,CY,2016,1542,
dataflow,ESTAT:HLTH_CD_APYLL(1.0),A,YR,F,A-R_V-Y,CY,2017,1814,
dataflow,ESTAT:HLTH_CD_APYLL(1.0),A,YR,F,A-R_V-Y,CY,2018,1710,
dataflow,ESTAT:HLTH_CD_APYLL(1.0),A,YR,F,A-R_V-Y,CY,2019,1789,
dataflow,ESTAT:HLTH_CD_APYLL(1.0),A,YR,F,A-R_V-Y,CY,2020,1831,
dataflow,ESTAT:HLTH_CD_APYLL(1.0),A,YR,F,A-R_V-Y,CZ,2011,2829,
dataflow,ESTAT:HLTH_CD_APYLL(1.0),A,YR,F,A-R_V-Y,CZ,2012,2771,
dataflow,ESTAT:HLTH_CD_APYLL(1.0),A,YR,F,A-R_V-Y,CZ,2013,2665,
dataflow,ESTAT:HLTH_CD_APYLL(1.0),A,YR,F,A-R_V-Y,CZ,2014,2529,
dataflow,ESTAT:HLTH_CD_APYLL(1.0),A,YR,F,A-R_V-Y,CZ,2015,2544,
dataflow,ESTAT:HLTH_CD_APYLL(1.0),A,YR,F,A-R_V-Y,CZ,2016,2572,
dataflow,ESTAT:HLTH_CD_APYLL(1.0),A,YR,F,A-R_V-Y,CZ,2017,2457,
dataflow,ESTAT:HLTH_CD_APYLL(1.0),A,YR,F,A-R_V-Y,CZ,2018,2483,
dataflow,ESTAT:HLTH_CD_APYLL(1.0),A,YR,F,A-R_V-Y,CZ,2019,2496,
dataflow,ESTAT:HLTH_CD_APYLL(1.0),A,YR,F,A-R_V-Y,CZ,2020,2521,
dataflow,ESTAT:HLTH_CD_APYLL(1.0),A,YR,F,A-R_V-Y,DE,2011,2593,
dataflow,ESTAT:HLTH_CD_APYLL(1.0),A,YR,F,A-R_V-Y,DE,2012,2482,
dataflow,ESTAT:HLTH_CD_APYLL(1.0),A,YR,F,A-R_V-Y,DE,2013,2513,
dataflow,ESTAT:HLTH_CD_APYLL(1.0),A,YR,F,A-R_V-Y,DE,2014,2403,
dataflow,ESTAT:HLTH_CD_APYLL(1.0),A,YR,F,A-R_V-Y,DE,2015,2475,
dataflow,ESTAT:HLTH_CD_APYLL(1.0),A,YR,F,A-R_V-Y,DE,2016,2449,
dataflow,ESTAT:HLTH_CD_APYLL(1.0),A,YR,F,A-R_V-Y,DE,2017,2385,
dataflow,ESTAT:HLTH_CD_APYLL(1.0),A,YR,F,A-R_V-Y,DE,2018,2399,
dataflow,ESTAT:HLTH_CD_APYLL(1.0),A,YR,F,A-R_V-Y,DE,2019,2315,
dataflow,ESTAT:HLTH_CD_APYLL(1.0),A,YR,F,A-R_V-Y,DE,2020,2294,
dataflow,ESTAT:HLTH_CD_APYLL(1.0),A,YR,F,A-R_V-Y,DK,2011,2798,
dataflow,ESTAT:HLTH_CD_APYLL(1.0),A,YR,F,A-R_V-Y,DK,2012,2684,
dataflow,ESTAT:HLTH_CD_APYLL(1.0),A,YR,F,A-R_V-Y,DK,2013,2590,
dataflow,ESTAT:HLTH_CD_APYLL(1.0),A,YR,F,A-R_V-Y,DK,2014,2531,
dataflow,ESTAT:HLTH_CD_APYLL(1.0),A,YR,F,A-R_V-Y,DK,2015,2493,
dataflow,ESTAT:HLTH_CD_APYLL(1.0),A,YR,F,A-R_V-Y,DK,2016,2501,
dataflow,ESTAT:HLTH_CD_APYLL(1.0),A,YR,F,A-R_V-Y,DK,2017,2322,
dataflow,ESTAT:HLTH_CD_APYLL(1.0),A,YR,F,A-R_V-Y,DK,2018,2340,
dataflow,ESTAT:HLTH_CD_APYLL(1.0),A,YR,F,A-R_V-Y,DK,2019,2091,
dataflow,ESTAT:HLTH_CD_APYLL(1.0),A,YR,F,A-R_V-Y,DK,2020,2109,
dataflow,ESTAT:HLTH_CD_APYLL(1.0),A,YR,F,A-R_V-Y,EE,2011,3416,
dataflow,ESTAT:HLTH_CD_APYLL(1.0),A,YR,F,A-R_V-Y,EE,2012,3397,
dataflow,ESTAT:HLTH_CD_APYLL(1.0),A,YR,F,A-R_V-Y,EE,2013,3283,
dataflow,ESTAT:HLTH_CD_APYLL(1.0),A,YR,F,A-R_V-Y,EE,2014,3171,
dataflow,ESTAT:HLTH_CD_APYLL(1.0),A,YR,F,A-R_V-Y,EE,2015,3094,
dataflow,ESTAT:HLTH_CD_APYLL(1.0),A,YR,F,A-R_V-Y,EE,2016,3197,
dataflow,ESTAT:HLTH_CD_APYLL(1.0),A,YR,F,A-R_V-Y,EE,2017,2769,
dataflow,ESTAT:HLTH_CD_APYLL(1.0),A,YR,F,A-R_V-Y,EE,2018,2630,
dataflow,ESTAT:HLTH_CD_APYLL(1.0),A,YR,F,A-R_V-Y,EE,2019,2665,
dataflow,ESTAT:HLTH_CD_APYLL(1.0),A,YR,F,A-R_V-Y,EE,2020,2689,
dataflow,ESTAT:HLTH_CD_APYLL(1.0),A,YR,F,A-R_V-Y,EL,2011,2238,
dataflow,ESTAT:HLTH_CD_APYLL(1.0),A,YR,F,A-R_V-Y,EL,2012,2186,
dataflow,ESTAT:HLTH_CD_APYLL(1.0),A,YR,F,A-R_V-Y,EL,2013,2147,
dataflow,ESTAT:HLTH_CD_APYLL(1.0),A,YR,F,A-R_V-Y,EL,2014,2121,
dataflow,ESTAT:HLTH_CD_APYLL(1.0),A,YR,F,A-R_V-Y,EL,2015,2152,
dataflow,ESTAT:HLTH_CD_APYLL(1.0),A,YR,F,A-R_V-Y,EL,2016,2220,
dataflow,ESTAT:HLTH_CD_APYLL(1.0),A,YR,F,A-R_V-Y,EL,2017,2085,
dataflow,ESTAT:HLTH_CD_APYLL(1.0),A,YR,F,A-R_V-Y,EL,2018,2019,
dataflow,ESTAT:HLTH_CD_APYLL(1.0),A,YR,F,A-R_V-Y,EL,2019,2063,
dataflow,ESTAT:HLTH_CD_APYLL(1.0),A,YR,F,A-R_V-Y,EL,2020,2093,
dataflow,ESTAT:HLTH_CD_APYLL(1.0),A,YR,F,A-R_V-Y,ES,2011,2009,
dataflow,ESTAT:HLTH_CD_APYLL(1.0),A,YR,F,A-R_V-Y,ES,2012,1942,
dataflow,ESTAT:HLTH_CD_APYLL(1.0),A,YR,F,A-R_V-Y,ES,2013,1890,
dataflow,ESTAT:HLTH_CD_APYLL(1.0),A,YR,F,A-R_V-Y,ES,2014,1863,
dataflow,ESTAT:HLTH_CD_APYLL(1.0),A,YR,F,A-R_V-Y,ES,2015,1829,
dataflow,ESTAT:HLTH_CD_APYLL(1.0),A,YR,F,A-R_V-Y,ES,2016,1791,
dataflow,ESTAT:HLTH_CD_APYLL(1.0),A,YR,F,A-R_V-Y,ES,2017,1814,
dataflow,ESTAT:HLTH_CD_APYLL(1.0),A,YR,F,A-R_V-Y,ES,2018,1787,
dataflow,ESTAT:HLTH_CD_APYLL(1.0),A,YR,F,A-R_V-Y,ES,2019,1737,
dataflow,ESTAT:HLTH_CD_APYLL(1.0),A,YR,F,A-R_V-Y,ES,2020,1842,
dataflow,ESTAT:HLTH_CD_APYLL(1.0),A,YR,F,A-R_V-Y,EU27_2020,2011,2700,
dataflow,ESTAT:HLTH_CD_APYLL(1.0),A,YR,F,A-R_V-Y,EU27_2020,2012,2633,
dataflow,ESTAT:HLTH_CD_APYLL(1.0),A,YR,F,A-R_V-Y,EU27_2020,2013,2574,
dataflow,ESTAT:HLTH_CD_APYLL(1.0),A,YR,F,A-R_V-Y,EU27_2020,2014,2498,
dataflow,ESTAT:HLTH_CD_APYLL(1.0),A,YR,F,A-R_V-Y,EU27_2020,2015,2498,
dataflow,ESTAT:HLTH_CD_APYLL(1.0),A,YR,F,A-R_V-Y,EU27_2020,2016,2456,
dataflow,ESTAT:HLTH_CD_APYLL(1.0),A,YR,F,A-R_V-Y,EU27_2020,2017,2425,
dataflow,ESTAT:HLTH_CD_APYLL(1.0),A,YR,F,A-R_V-Y,EU27_2020,2018,2414,
dataflow,ESTAT:HLTH_CD_APYLL(1.0),A,YR,F,A-R_V-Y,EU27_2020,2019,2347,
dataflow,ESTAT:HLTH_CD_APYLL(1.0),A,YR,F,A-R_V-Y,EU27_2020,2020,2415,
dataflow,ESTAT:HLTH_CD_APYLL(1.0),A,YR,F,A-R_V-Y,EU28,2011,2700,
dataflow,ESTAT:HLTH_CD_APYLL(1.0),A,YR,F,A-R_V-Y,EU28,2012,2637,
dataflow,ESTAT:HLTH_CD_APYLL(1.0),A,YR,F,A-R_V-Y,EU28,2013,2579,
dataflow,ESTAT:HLTH_CD_APYLL(1.0),A,YR,F,A-R_V-Y,EU28,2014,2511,
dataflow,ESTAT:HLTH_CD_APYLL(1.0),A,YR,F,A-R_V-Y,EU28,2015,2513,
dataflow,ESTAT:HLTH_CD_APYLL(1.0),A,YR,F,A-R_V-Y,EU28,2016,2490,
dataflow,ESTAT:HLTH_CD_APYLL(1.0),A,YR,F,A-R_V-Y,EU28,2017,2448,
dataflow,ESTAT:HLTH_CD_APYLL(1.0),A,YR,F,A-R_V-Y,FI,2011,2420,
dataflow,ESTAT:HLTH_CD_APYLL(1.0),A,YR,F,A-R_V-Y,FI,2012,2457,
dataflow,ESTAT:HLTH_CD_APYLL(1.0),A,YR,F,A-R_V-Y,FI,2013,2261,
dataflow,ESTAT:HLTH_CD_APYLL(1.0),A,YR,F,A-R_V-Y,FI,2014,2188,
dataflow,ESTAT:HLTH_CD_APYLL(1.0),A,YR,F,A-R_V-Y,FI,2015,2057,
dataflow,ESTAT:HLTH_CD_APYLL(1.0),A,YR,F,A-R_V-Y,FI,2016,2067,
dataflow,ESTAT:HLTH_CD_APYLL(1.0),A,YR,F,A-R_V-Y,FI,2017,2162,
dataflow,ESTAT:HLTH_CD_APYLL(1.0),A,YR,F,A-R_V-Y,FI,2018,2123,
dataflow,ESTAT:HLTH_CD_APYLL(1.0),A,YR,F,A-R_V-Y,FI,2019,2107,
dataflow,ESTAT:HLTH_CD_APYLL(1.0),A,YR,F,A-R_V-Y,FI,2020,2027,
dataflow,ESTAT:HLTH_CD_APYLL(1.0),A,YR,F,A-R_V-Y,FR,2011,2503,
dataflow,ESTAT:HLTH_CD_APYLL(1.0),A,YR,F,A-R_V-Y,FR,2012,2468,
dataflow,ESTAT:HLTH_CD_APYLL(1.0),A,YR,F,A-R_V-Y,FR,2013,2419,
dataflow,ESTAT:HLTH_CD_APYLL(1.0),A,YR,F,A-R_V-Y,FR,2014,2379,
dataflow,ESTAT:HLTH_CD_APYLL(1.0),A,YR,F,A-R_V-Y,FR,2015,2380,
dataflow,ESTAT:HLTH_CD_APYLL(1.0),A,YR,F,A-R_V-Y,FR,2016,2366,
dataflow,ESTAT:HLTH_CD_APYLL(1.0),A,YR,F,A-R_V-Y,FR,2017,2367,
dataflow,ESTAT:HLTH_CD_APYLL(1.0),A,YR,F,A-R_V-Y,FR,2018,2368,
dataflow,ESTAT:HLTH_CD_APYLL(1.0),A,YR,F,A-R_V-Y,FR,2019,2320,
dataflow,ESTAT:HLTH_CD_APYLL(1.0),A,YR,F,A-R_V-Y,FR,2020,2318,
dataflow,ESTAT:HLTH_CD_APYLL(1.0),A,YR,F,A-R_V-Y,HR,2011,3033,
dataflow,ESTAT:HLTH_CD_APYLL(1.0),A,YR,F,A-R_V-Y,HR,2012,2868,
dataflow,ESTAT:HLTH_CD_APYLL(1.0),A,YR,F,A-R_V-Y,HR,2013,2864,
dataflow,ESTAT:HLTH_CD_APYLL(1.0),A,YR,F,A-R_V-Y,HR,2014,2814,
dataflow,ESTAT:HLTH_CD_APYLL(1.0),A,YR,F,A-R_V-Y,HR,2015,2913,
dataflow,ESTAT:HLTH_CD_APYLL(1.0),A,YR,F,A-R_V-Y,HR,2016,2613,
dataflow,ESTAT:HLTH_CD_APYLL(1.0),A,YR,F,A-R_V-Y,HR,2017,2724,
dataflow,ESTAT:HLTH_CD_APYLL(1.0),A,YR,F,A-R_V-Y,HR,2018,2602,
dataflow,ESTAT:HLTH_CD_APYLL(1.0),A,YR,F,A-R_V-Y,HR,2019,2629,
dataflow,ESTAT:HLTH_CD_APYLL(1.0),A,YR,F,A-R_V-Y,HR,2020,2712,
dataflow,ESTAT:HLTH_CD_APYLL(1.0),A,YR,F,A-R_V-Y,HU,2011,4274,
dataflow,ESTAT:HLTH_CD_APYLL(1.0),A,YR,F,A-R_V-Y,HU,2012,4171,
dataflow,ESTAT:HLTH_CD_APYLL(1.0),A,YR,F,A-R_V-Y,HU,2013,3964,
dataflow,ESTAT:HLTH_CD_APYLL(1.0),A,YR,F,A-R_V-Y,HU,2014,3863,
dataflow,ESTAT:HLTH_CD_APYLL(1.0),A,YR,F,A-R_V-Y,HU,2015,3947,
dataflow,ESTAT:HLTH_CD_APYLL(1.0),A,YR,F,A-R_V-Y,HU,2016,3680,
dataflow,ESTAT:HLTH_CD_APYLL(1.0),A,YR,F,A-R_V-Y,HU,2017,3722,
dataflow,ESTAT:HLTH_CD_APYLL(1.0),A,YR,F,A-R_V-Y,HU,2018,3591,
dataflow,ESTAT:HLTH_CD_APYLL(1.0),A,YR,F,A-R_V-Y,HU,2019,3506,
dataflow,ESTAT:HLTH_CD_APYLL(1.0),A,YR,F,A-R_V-Y,HU,2020,3648,
dataflow,ESTAT:HLTH_CD_APYLL(1.0),A,YR,F,A-R_V-Y,IE,2011,2560,
dataflow,ESTAT:HLTH_CD_APYLL(1.0),A,YR,F,A-R_V-Y,IE,2012,2522,
dataflow,ESTAT:HLTH_CD_APYLL(1.0),A,YR,F,A-R_V-Y,IE,2013,2395,
dataflow,ESTAT:HLTH_CD_APYLL(1.0),A,YR,F,A-R_V-Y,IE,2014,2284,
dataflow,ESTAT:HLTH_CD_APYLL(1.0),A,YR,F,A-R_V-Y,IE,2015,2278,
dataflow,ESTAT:HLTH_CD_APYLL(1.0),A,YR,F,A-R_V-Y,IE,2016,2173,
dataflow,ESTAT:HLTH_CD_APYLL(1.0),A,YR,F,A-R_V-Y,IE,2017,2133,
dataflow,ESTAT:HLTH_CD_APYLL(1.0),A,YR,F,A-R_V-Y,IE,2018,2179,
dataflow,ESTAT:HLTH_CD_APYLL(1.0),A,YR,F,A-R_V-Y,IE,2019,2025,
dataflow,ESTAT:HLTH_CD_APYLL(1.0),A,YR,F,A-R_V-Y,IE,2020,2188,
dataflow,ESTAT:HLTH_CD_APYLL(1.0),A,YR,F,A-R_V-Y,IS,2011,1957,
dataflow,ESTAT:HLTH_CD_APYLL(1.0),A,YR,F,A-R_V-Y,IS,2012,1857,
dataflow,ESTAT:HLTH_CD_APYLL(1.0),A,YR,F,A-R_V-Y,IS,2013,2134,
dataflow,ESTAT:HLTH_CD_APYLL(1.0),A,YR,F,A-R_V-Y,IS,2014,2243,
dataflow,ESTAT:HLTH_CD_APYLL(1.0),A,YR,F,A-R_V-Y,IS,2015,2095,
dataflow,ESTAT:HLTH_CD_APYLL(1.0),A,YR,F,A-R_V-Y,IS,2016,1758,
dataflow,ESTAT:HLTH_CD_APYLL(1.0),A,YR,F,A-R_V-Y,IS,2017,1803,
dataflow,ESTAT:HLTH_CD_APYLL(1.0),A,YR,F,A-R_V-Y,IS,2018,1760,
dataflow,ESTAT:HLTH_CD_APYLL(1.0),A,YR,F,A-R_V-Y,IS,2019,1832,
dataflow,ESTAT:HLTH_CD_APYLL(1.0),A,YR,F,A-R_V-Y,IS,2020,1996,
dataflow,ESTAT:HLTH_CD_APYLL(1.0),A,YR,F,A-R_V-Y,IT,2011,2034,
dataflow,ESTAT:HLTH_CD_APYLL(1.0),A,YR,F,A-R_V-Y,IT,2012,2006,
dataflow,ESTAT:HLTH_CD_APYLL(1.0),A,YR,F,A-R_V-Y,IT,2013,1909,
dataflow,ESTAT:HLTH_CD_APYLL(1.0),A,YR,F,A-R_V-Y,IT,2014,1844,
dataflow,ESTAT:HLTH_CD_APYLL(1.0),A,YR,F,A-R_V-Y,IT,2015,1887,
dataflow,ESTAT:HLTH_CD_APYLL(1.0),A,YR,F,A-R_V-Y,IT,2016,1841,
dataflow,ESTAT:HLTH_CD_APYLL(1.0),A,YR,F,A-R_V-Y,IT,2017,1822,
dataflow,ESTAT:HLTH_CD_APYLL(1.0),A,YR,F,A-R_V-Y,IT,2018,1820,
dataflow,ESTAT:HLTH_CD_APYLL(1.0),A,YR,F,A-R_V-Y,IT,2019,1744,
dataflow,ESTAT:HLTH_CD_APYLL(1.0),A,YR,F,A-R_V-Y,IT,2020,1832,
dataflow,ESTAT:HLTH_CD_APYLL(1.0),A,YR,F,A-R_V-Y,LI,2011,1941,
dataflow,ESTAT:HLTH_CD_APYLL(1.0),A,YR,F,A-R_V-Y,LI,2012,2596,
dataflow,ESTAT:HLTH_CD_APYLL(1.0),A,YR,F,A-R_V-Y,LI,2013,2753,
dataflow,ESTAT:HLTH_CD_APYLL(1.0),A,YR,F,A-R_V-Y,LI,2014,1645,
dataflow,ESTAT:HLTH_CD_APYLL(1.0),A,YR,F,A-R_V-Y,LI,2015,2474,
dataflow,ESTAT:HLTH_CD_APYLL(1.0),A,YR,F,A-R_V-Y,LI,2016,3250,
dataflow,ESTAT:HLTH_CD_APYLL(1.0),A,YR,F,A-R_V-Y,LI,2017,1257,
dataflow,ESTAT:HLTH_CD_APYLL(1.0),A,YR,F,A-R_V-Y,LI,2018,1220,
dataflow,ESTAT:HLTH_CD_APYLL(1.0),A,YR,F,A-R_V-Y,LI,2019,1599,
dataflow,ESTAT:HLTH_CD_APYLL(1.0),A,YR,F,A-R_V-Y,LI,2020,3178,
dataflow,ESTAT:HLTH_CD_APYLL(1.0),A,YR,F,A-R_V-Y,LT,2011,4500,
dataflow,ESTAT:HLTH_CD_APYLL(1.0),A,YR,F,A-R_V-Y,LT,2012,4231,
dataflow,ESTAT:HLTH_CD_APYLL(1.0),A,YR,F,A-R_V-Y,LT,2013,4276,
dataflow,ESTAT:HLTH_CD_APYLL(1.0),A,YR,F,A-R_V-Y,LT,2014,4019,
dataflow,ESTAT:HLTH_CD_APYLL(1.0),A,YR,F,A-R_V-Y,LT,2015,4098,
dataflow,ESTAT:HLTH_CD_APYLL(1.0),A,YR,F,A-R_V-Y,LT,2016,3866,
dataflow,ESTAT:HLTH_CD_APYLL(1.0),A,YR,F,A-R_V-Y,LT,2017,3612,
dataflow,ESTAT:HLTH_CD_APYLL(1.0),A,YR,F,A-R_V-Y,LT,2018,3581,
dataflow,ESTAT:HLTH_CD_APYLL(1.0),A,YR,F,A-R_V-Y,LT,2019,3389,
dataflow,ESTAT:HLTH_CD_APYLL(1.0),A,YR,F,A-R_V-Y,LT,2020,3697,
dataflow,ESTAT:HLTH_CD_APYLL(1.0),A,YR,F,A-R_V-Y,LU,2011,2465,
dataflow,ESTAT:HLTH_CD_APYLL(1.0),A,YR,F,A-R_V-Y,LU,2012,2113,
dataflow,ESTAT:HLTH_CD_APYLL(1.0),A,YR,F,A-R_V-Y,LU,2013,2492,
dataflow,ESTAT:HLTH_CD_APYLL(1.0),A,YR,F,A-R_V-Y,LU,2014,1987,
dataflow,ESTAT:HLTH_CD_APYLL(1.0),A,YR,F,A-R_V-Y,LU,2015,1664,
dataflow,ESTAT:HLTH_CD_APYLL(1.0),A,YR,F,A-R_V-Y,LU,2016,1962,
dataflow,ESTAT:HLTH_CD_APYLL(1.0),A,YR,F,A-R_V-Y,LU,2017,1925,
dataflow,ESTAT:HLTH_CD_APYLL(1.0),A,YR,F,A-R_V-Y,LU,2018,1785,
dataflow,ESTAT:HLTH_CD_APYLL(1.0),A,YR,F,A-R_V-Y,LU,2019,1677,
dataflow,ESTAT:HLTH_CD_APYLL(1.0),A,YR,F,A-R_V-Y,LU,2020,1698,
dataflow,ESTAT:HLTH_CD_APYLL(1.0),A,YR,F,A-R_V-Y,LV,2011,4750,
dataflow,ESTAT:HLTH_CD_APYLL(1.0),A,YR,F,A-R_V-Y,LV,2012,4437,
dataflow,ESTAT:HLTH_CD_APYLL(1.0),A,YR,F,A-R_V-Y,LV,2013,4567,
dataflow,ESTAT:HLTH_CD_APYLL(1.0),A,YR,F,A-R_V-Y,LV,2014,4227,
dataflow,ESTAT:HLTH_CD_APYLL(1.0),A,YR,F,A-R_V-Y,LV,2015,4064,
dataflow,ESTAT:HLTH_CD_APYLL(1.0),A,YR,F,A-R_V-Y,LV,2016,4081,
dataflow,ESTAT:HLTH_CD_APYLL(1.0),A,YR,F,A-R_V-Y,LV,2017,4021,
dataflow,ESTAT:HLTH_CD_APYLL(1.0),A,YR,F,A-R_V-Y,LV,2018,4014,
dataflow,ESTAT:HLTH_CD_APYLL(1.0),A,YR,F,A-R_V-Y,LV,2019,3952,
dataflow,ESTAT:HLTH_CD_APYLL(1.0),A,YR,F,A-R_V-Y,LV,2020,3801,
dataflow,ESTAT:HLTH_CD_APYLL(1.0),A,YR,F,A-R_V-Y,MT,2011,2645,
dataflow,ESTAT:HLTH_CD_APYLL(1.0),A,YR,F,A-R_V-Y,MT,2012,2613,
dataflow,ESTAT:HLTH_CD_APYLL(1.0),A,YR,F,A-R_V-Y,MT,2013,2028,
dataflow,ESTAT:HLTH_CD_APYLL(1.0),A,YR,F,A-R_V-Y,MT,2014,2045,
dataflow,ESTAT:HLTH_CD_APYLL(1.0),A,YR,F,A-R_V-Y,MT,2015,2136,
dataflow,ESTAT:HLTH_CD_APYLL(1.0),A,YR,F,A-R_V-Y,MT,2016,2352,
dataflow,ESTAT:HLTH_CD_APYLL(1.0),A,YR,F,A-R_V-Y,MT,2017,2161,
dataflow,ESTAT:HLTH_CD_APYLL(1.0),A,YR,F,A-R_V-Y,MT,2018,2273,
dataflow,ESTAT:HLTH_CD_APYLL(1.0),A,YR,F,A-R_V-Y,MT,2019,2477,
dataflow,ESTAT:HLTH_CD_APYLL(1.0),A,YR,F,A-R_V-Y,MT,2020,2017,
dataflow,ESTAT:HLTH_CD_APYLL(1.0),A,YR,F,A-R_V-Y,NL,2011,2589,
dataflow,ESTAT:HLTH_CD_APYLL(1.0),A,YR,F,A-R_V-Y,NL,2012,2552,
dataflow,ESTAT:HLTH_CD_APYLL(1.0),A,YR,F,A-R_V-Y,NL,2013,2486,
dataflow,ESTAT:HLTH_CD_APYLL(1.0),A,YR,F,A-R_V-Y,NL,2014,2406,
dataflow,ESTAT:HLTH_CD_APYLL(1.0),A,YR,F,A-R_V-Y,NL,2015,2357,
dataflow,ESTAT:HLTH_CD_APYLL(1.0),A,YR,F,A-R_V-Y,NL,2016,2434,
dataflow,ESTAT:HLTH_CD_APYLL(1.0),A,YR,F,A-R_V-Y,NL,2017,2292,
dataflow,ESTAT:HLTH_CD_APYLL(1.0),A,YR,F,A-R_V-Y,NL,2018,2265,
dataflow,ESTAT:HLTH_CD_APYLL(1.0),A,YR,F,A-R_V-Y,NL,2019,2239,
dataflow,ESTAT:HLTH_CD_APYLL(1.0),A,YR,F,A-R_V-Y,NL,2020,2278,
dataflow,ESTAT:HLTH_CD_APYLL(1.0),A,YR,F,A-R_V-Y,NO,2011,2358,
dataflow,ESTAT:HLTH_CD_APYLL(1.0),A,YR,F,A-R_V-Y,NO,2012,2209,
dataflow,ESTAT:HLTH_CD_APYLL(1.0),A,YR,F,A-R_V-Y,NO,2013,2174,
dataflow,ESTAT:HLTH_CD_APYLL(1.0),A,YR,F,A-R_V-Y,NO,2014,2001,
dataflow,ESTAT:HLTH_CD_APYLL(1.0),A,YR,F,A-R_V-Y,NO,2015,1923,
dataflow,ESTAT:HLTH_CD_APYLL(1.0),A,YR,F,A-R_V-Y,NO,2016,1987,
dataflow,ESTAT:HLTH_CD_APYLL(1.0),A,YR,F,A-R_V-Y,NO,2017,1904,
dataflow,ESTAT:HLTH_CD_APYLL(1.0),A,YR,F,A-R_V-Y,NO,2018,1837,
dataflow,ESTAT:HLTH_CD_APYLL(1.0),A,YR,F,A-R_V-Y,NO,2019,1809,
dataflow,ESTAT:HLTH_CD_APYLL(1.0),A,YR,F,A-R_V-Y,NO,2020,1760,
dataflow,ESTAT:HLTH_CD_APYLL(1.0),A,YR,F,A-R_V-Y,PL,2011,3433,
dataflow,ESTAT:HLTH_CD_APYLL(1.0),A,YR,F,A-R_V-Y,PL,2012,3399,
dataflow,ESTAT:HLTH_CD_APYLL(1.0),A,YR,F,A-R_V-Y,PL,2013,3311,
dataflow,ESTAT:HLTH_CD_APYLL(1.0),A,YR,F,A-R_V-Y,PL,2014,3215,
dataflow,ESTAT:HLTH_CD_APYLL(1.0),A,YR,F,A-R_V-Y,PL,2015,3137,
dataflow,ESTAT:HLTH_CD_APYLL(1.0),A,YR,F,A-R_V-Y,PL,2016,3063,
dataflow,ESTAT:HLTH_CD_APYLL(1.0),A,YR,F,A-R_V-Y,PL,2017,3078,
dataflow,ESTAT:HLTH_CD_APYLL(1.0),A,YR,F,A-R_V-Y,PL,2018,3083,
dataflow,ESTAT:HLTH_CD_APYLL(1.0),A,YR,F,A-R_V-Y,PL,2019,3024,
dataflow,ESTAT:HLTH_CD_APYLL(1.0),A,YR,F,A-R_V-Y,PL,2020,3190,
dataflow,ESTAT:HLTH_CD_APYLL(1.0),A,YR,F,A-R_V-Y,PT,2011,2382,
dataflow,ESTAT:HLTH_CD_APYLL(1.0),A,YR,F,A-R_V-Y,PT,2012,2374,
dataflow,ESTAT:HLTH_CD_APYLL(1.0),A,YR,F,A-R_V-Y,PT,2013,2225,
dataflow,ESTAT:HLTH_CD_APYLL(1.0),A,YR,F,A-R_V-Y,PT,2014,2151,
dataflow,ESTAT:HLTH_CD_APYLL(1.0),A,YR,F,A-R_V-Y,PT,2015,2177,
dataflow,ESTAT:HLTH_CD_APYLL(1.0),A,YR,F,A-R_V-Y,PT,2016,2150,
dataflow,ESTAT:HLTH_CD_APYLL(1.0),A,YR,F,A-R_V-Y,PT,2017,2168,
dataflow,ESTAT:HLTH_CD_APYLL(1.0),A,YR,F,A-R_V-Y,PT,2018,2184,
dataflow,ESTAT:HLTH_CD_APYLL(1.0),A,YR,F,A-R_V-Y,PT,2019,2138,
dataflow,ESTAT:HLTH_CD_APYLL(1.0),A,YR,F,A-R_V-Y,PT,2020,2140,
dataflow,ESTAT:HLTH_CD_APYLL(1.0),A,YR,F,A-R_V-Y,RO,2011,4583,
dataflow,ESTAT:HLTH_CD_APYLL(1.0),A,YR,F,A-R_V-Y,RO,2012,4473,
dataflow,ESTAT:HLTH_CD_APYLL(1.0),A,YR,F,A-R_V-Y,RO,2013,4288,
dataflow,ESTAT:HLTH_CD_APYLL(1.0),A,YR,F,A-R_V-Y,RO,2014,4125,
dataflow,ESTAT:HLTH_CD_APYLL(1.0),A,YR,F,A-R_V-Y,RO,2015,4086,
dataflow,ESTAT:HLTH_CD_APYLL(1.0),A,YR,F,A-R_V-Y,RO,2016,3983,
dataflow,ESTAT:HLTH_CD_APYLL(1.0),A,YR,F,A-R_V-Y,RO,2017,3928,
dataflow,ESTAT:HLTH_CD_APYLL(1.0),A,YR,F,A-R_V-Y,RO,2018,3888,
dataflow,ESTAT:HLTH_CD_APYLL(1.0),A,YR,F,A-R_V-Y,RO,2019,3769,
dataflow,ESTAT:HLTH_CD_APYLL(1.0),A,YR,F,A-R_V-Y,RO,2020,4143,
dataflow,ESTAT:HLTH_CD_APYLL(1.0),A,YR,F,A-R_V-Y,RS,2011,4175,
dataflow,ESTAT:HLTH_CD_APYLL(1.0),A,YR,F,A-R_V-Y,RS,2012,4092,
dataflow,ESTAT:HLTH_CD_APYLL(1.0),A,YR,F,A-R_V-Y,RS,2013,3932,
dataflow,ESTAT:HLTH_CD_APYLL(1.0),A,YR,F,A-R_V-Y,RS,2014,3932,
dataflow,ESTAT:HLTH_CD_APYLL(1.0),A,YR,F,A-R_V-Y,RS,2015,3937,
dataflow,ESTAT:HLTH_CD_APYLL(1.0),A,YR,F,A-R_V-Y,RS,2016,3803,
dataflow,ESTAT:HLTH_CD_APYLL(1.0),A,YR,F,A-R_V-Y,RS,2017,3802,
dataflow,ESTAT:HLTH_CD_APYLL(1.0),A,YR,F,A-R_V-Y,RS,2018,3726,
dataflow,ESTAT:HLTH_CD_APYLL(1.0),A,YR,F,A-R_V-Y,RS,2019,3621,
dataflow,ESTAT:HLTH_CD_APYLL(1.0),A,YR,F,A-R_V-Y,RS,2020,3982,
dataflow,ESTAT:HLTH_CD_APYLL(1.0),A,YR,F,A-R_V-Y,SE,2011,2112,
dataflow,ESTAT:HLTH_CD_APYLL(1.0),A,YR,F,A-R_V-Y,SE,2012,2114,
dataflow,ESTAT:HLTH_CD_APYLL(1.0),A,YR,F,A-R_V-Y,SE,2013,2121,
dataflow,ESTAT:HLTH_CD_APYLL(1.0),A,YR,F,A-R_V-Y,SE,2014,2048,
dataflow,ESTAT:HLTH_CD_APYLL(1.0),A,YR,F,A-R_V-Y,SE,2015,1992,
dataflow,ESTAT:HLTH_CD_APYLL(1.0),A,YR,F,A-R_V-Y,SE,2016,2002,
dataflow,ESTAT:HLTH_CD_APYLL(1.0),A,YR,F,A-R_V-Y,SE,2017,1966,
dataflow,ESTAT:HLTH_CD_APYLL(1.0),A,YR,F,A-R_V-Y,SE,2018,1936,
dataflow,ESTAT:HLTH_CD_APYLL(1.0),A,YR,F,A-R_V-Y,SE,2019,1881,
dataflow,ESTAT:HLTH_CD_APYLL(1.0),A,YR,F,A-R_V-Y,SE,2020,1882,
dataflow,ESTAT:HLTH_CD_APYLL(1.0),A,YR,F,A-R_V-Y,SI,2011,2399,
dataflow,ESTAT:HLTH_CD_APYLL(1.0),A,YR,F,A-R_V-Y,SI,2012,2262,
dataflow,ESTAT:HLTH_CD_APYLL(1.0),A,YR,F,A-R_V-Y,SI,2013,2289,
dataflow,ESTAT:HLTH_CD_APYLL(1.0),A,YR,F,A-R_V-Y,SI,2014,2048,
dataflow,ESTAT:HLTH_CD_APYLL(1.0),A,YR,F,A-R_V-Y,SI,2015,2106,
dataflow,ESTAT:HLTH_CD_APYLL(1.0),A,YR,F,A-R_V-Y,SI,2016,1992,
dataflow,ESTAT:HLTH_CD_APYLL(1.0),A,YR,F,A-R_V-Y,SI,2017,2132,
dataflow,ESTAT:HLTH_CD_APYLL(1.0),A,YR,F,A-R_V-Y,SI,2018,1889,
dataflow,ESTAT:HLTH_CD_APYLL(1.0),A,YR,F,A-R_V-Y,SI,2019,1761,
dataflow,ESTAT:HLTH_CD_APYLL(1.0),A,YR,F,A-R_V-Y,SI,2020,1817,
dataflow,ESTAT:HLTH_CD_APYLL(1.0),A,YR,F,A-R_V-Y,SK,2011,3410,
dataflow,ESTAT:HLTH_CD_APYLL(1.0),A,YR,F,A-R_V-Y,SK,2012,3339,
dataflow,ESTAT:HLTH_CD_APYLL(1.0),A,YR,F,A-R_V-Y,SK,2013,3393,
dataflow,ESTAT:HLTH_CD_APYLL(1.0),A,YR,F,A-R_V-Y,SK,2014,3241,
dataflow,ESTAT:HLTH_CD_APYLL(1.0),A,YR,F,A-R_V-Y,SK,2015,3274,
dataflow,ESTAT:HLTH_CD_APYLL(1.0),A,YR,F,A-R_V-Y,SK,2016,3200,
dataflow,ESTAT:HLTH_CD_APYLL(1.0),A,YR,F,A-R_V-Y,SK,2017,3097,
dataflow,ESTAT:HLTH_CD_APYLL(1.0),A,YR,F,A-R_V-Y,SK,2018,3175,
dataflow,ESTAT:HLTH_CD_APYLL(1.0),A,YR,F,A-R_V-Y,SK,2019,3087,
dataflow,ESTAT:HLTH_CD_APYLL(1.0),A,YR,F,A-R_V-Y,SK,2020,3157,
dataflow,ESTAT:HLTH_CD_APYLL(1.0),A,YR,F,A-R_V-Y,TR,2011,2985,
dataflow,ESTAT:HLTH_CD_APYLL(1.0),A,YR,F,A-R_V-Y,TR,2012,2907,
dataflow,ESTAT:HLTH_CD_APYLL(1.0),A,YR,F,A-R_V-Y,TR,2013,3150,
dataflow,ESTAT:HLTH_CD_APYLL(1.0),A,YR,F,A-R_V-Y,TR,2014,3166,
dataflow,ESTAT:HLTH_CD_APYLL(1.0),A,YR,F,A-R_V-Y,TR,2015,3045,
dataflow,ESTAT:HLTH_CD_APYLL(1.0),A,YR,F,A-R_V-Y,TR,2016,3072,
dataflow,ESTAT:HLTH_CD_APYLL(1.0),A,YR,F,A-R_V-Y,TR,2017,2911,
dataflow,ESTAT:HLTH_CD_APYLL(1.0),A,YR,F,A-R_V-Y,TR,2018,3017,
dataflow,ESTAT:HLTH_CD_APYLL(1.0),A,YR,F,A-R_V-Y,TR,2019,2942,
dataflow,ESTAT:HLTH_CD_APYLL(1.0),A,YR,F,A-R_V-Y,UK,2011,2705,
dataflow,ESTAT:HLTH_CD_APYLL(1.0),A,YR,F,A-R_V-Y,UK,2012,2672,
dataflow,ESTAT:HLTH_CD_APYLL(1.0),A,YR,F,A-R_V-Y,UK,2013,2618,
dataflow,ESTAT:HLTH_CD_APYLL(1.0),A,YR,F,A-R_V-Y,UK,2014,2609,
dataflow,ESTAT:HLTH_CD_APYLL(1.0),A,YR,F,A-R_V-Y,UK,2015,2620,
dataflow,ESTAT:HLTH_CD_APYLL(1.0),A,YR,F,A-R_V-Y,UK,2016,2726,
dataflow,ESTAT:HLTH_CD_APYLL(1.0),A,YR,F,A-R_V-Y,UK,2017,2609,
dataflow,ESTAT:HLTH_CD_APYLL(1.0),A,YR,F,A-R_V-Y,UK,2018,2658,
dataflow,ESTAT:HLTH_CD_APYLL(1.0),A,YR,M,A-R_V-Y,AT,2011,4608,
dataflow,ESTAT:HLTH_CD_APYLL(1.0),A,YR,M,A-R_V-Y,AT,2012,4390,
dataflow,ESTAT:HLTH_CD_APYLL(1.0),A,YR,M,A-R_V-Y,AT,2013,4277,
dataflow,ESTAT:HLTH_CD_APYLL(1.0),A,YR,M,A-R_V-Y,AT,2014,4089,
dataflow,ESTAT:HLTH_CD_APYLL(1.0),A,YR,M,A-R_V-Y,AT,2015,4061,
dataflow,ESTAT:HLTH_CD_APYLL(1.0),A,YR,M,A-R_V-Y,AT,2016,3839,
dataflow,ESTAT:HLTH_CD_APYLL(1.0),A,YR,M,A-R_V-Y,AT,2017,3748,
dataflow,ESTAT:HLTH_CD_APYLL(1.0),A,YR,M,A-R_V-Y,AT,2018,3731,
dataflow,ESTAT:HLTH_CD_APYLL(1.0),A,YR,M,A-R_V-Y,AT,2019,3671,
dataflow,ESTAT:HLTH_CD_APYLL(1.0),A,YR,M,A-R_V-Y,AT,2020,3696,
dataflow,ESTAT:HLTH_CD_APYLL(1.0),A,YR,M,A-R_V-Y,BE,2011,4791,
dataflow,ESTAT:HLTH_CD_APYLL(1.0),A,YR,M,A-R_V-Y,BE,2012,4798,
dataflow,ESTAT:HLTH_CD_APYLL(1.0),A,YR,M,A-R_V-Y,BE,2013,4550,
dataflow,ESTAT:HLTH_CD_APYLL(1.0),A,YR,M,A-R_V-Y,BE,2014,4376,
dataflow,ESTAT:HLTH_CD_APYLL(1.0),A,YR,M,A-R_V-Y,BE,2015,4268,
dataflow,ESTAT:HLTH_CD_APYLL(1.0),A,YR,M,A-R_V-Y,BE,2016,4238,
dataflow,ESTAT:HLTH_CD_APYLL(1.0),A,YR,M,A-R_V-Y,BE,2017,4113,
dataflow,ESTAT:HLTH_CD_APYLL(1.0),A,YR,M,A-R_V-Y,BE,2018,3961,
dataflow,ESTAT:HLTH_CD_APYLL(1.0),A,YR,M,A-R_V-Y,BE,2019,3838,
dataflow,ESTAT:HLTH_CD_APYLL(1.0),A,YR,M,A-R_V-Y,BE,2020,3967,
dataflow,ESTAT:HLTH_CD_APYLL(1.0),A,YR,M,A-R_V-Y,BG,2011,9519,
dataflow,ESTAT:HLTH_CD_APYLL(1.0),A,YR,M,A-R_V-Y,BG,2012,9363,
dataflow,ESTAT:HLTH_CD_APYLL(1.0),A,YR,M,A-R_V-Y,BG,2013,9024,
dataflow,ESTAT:HLTH_CD_APYLL(1.0),A,YR,M,A-R_V-Y,BG,2014,9189,
dataflow,ESTAT:HLTH_CD_APYLL(1.0),A,YR,M,A-R_V-Y,BG,2015,8870,
dataflow,ESTAT:HLTH_CD_APYLL(1.0),A,YR,M,A-R_V-Y,BG,2016,8885,
dataflow,ESTAT:HLTH_CD_APYLL(1.0),A,YR,M,A-R_V-Y,BG,2017,8696,
dataflow,ESTAT:HLTH_CD_APYLL(1.0),A,YR,M,A-R_V-Y,BG,2018,8590,
dataflow,ESTAT:HLTH_CD_APYLL(1.0),A,YR,M,A-R_V-Y,BG,2019,8491,
dataflow,ESTAT:HLTH_CD_APYLL(1.0),A,YR,M,A-R_V-Y,BG,2020,9480,
dataflow,ESTAT:HLTH_CD_APYLL(1.0),A,YR,M,A-R_V-Y,CH,2011,3425,
dataflow,ESTAT:HLTH_CD_APYLL(1.0),A,YR,M,A-R_V-Y,CH,2012,3325,
dataflow,ESTAT:HLTH_CD_APYLL(1.0),A,YR,M,A-R_V-Y,CH,2013,3340,
dataflow,ESTAT:HLTH_CD_APYLL(1.0),A,YR,M,A-R_V-Y,CH,2014,3173,
dataflow,ESTAT:HLTH_CD_APYLL(1.0),A,YR,M,A-R_V-Y,CH,2015,3235,
dataflow,ESTAT:HLTH_CD_APYLL(1.0),A,YR,M,A-R_V-Y,CH,2016,2897,
dataflow,ESTAT:HLTH_CD_APYLL(1.0),A,YR,M,A-R_V-Y,CH,2017,3027,
dataflow,ESTAT:HLTH_CD_APYLL(1.0),A,YR,M,A-R_V-Y,CH,2018,2911,
dataflow,ESTAT:HLTH_CD_APYLL(1.0),A,YR,M,A-R_V-Y,CH,2019,2762,
dataflow,ESTAT:HLTH_CD_APYLL(1.0),A,YR,M,A-R_V-Y,CH,2020,2963,
dataflow,ESTAT:HLTH_CD_APYLL(1.0),A,YR,M,A-R_V-Y,CY,2011,3365,
dataflow,ESTAT:HLTH_CD_APYLL(1.0),A,YR,M,A-R_V-Y,CY,2012,3704,
dataflow,ESTAT:HLTH_CD_APYLL(1.0),A,YR,M,A-R_V-Y,CY,2013,3377,
dataflow,ESTAT:HLTH_CD_APYLL(1.0),A,YR,M,A-R_V-Y,CY,2014,3163,
dataflow,ESTAT:HLTH_CD_APYLL(1.0),A,YR,M,A-R_V-Y,CY,2015,3386,
dataflow,ESTAT:HLTH_CD_APYLL(1.0),A,YR,M,A-R_V-Y,CY,2016,3218,
dataflow,ESTAT:HLTH_CD_APYLL(1.0),A,YR,M,A-R_V-Y,CY,2017,3205,
dataflow,ESTAT:HLTH_CD_APYLL(1.0),A,YR,M,A-R_V-Y,CY,2018,3140,
dataflow,ESTAT:HLTH_CD_APYLL(1.0),A,YR,M,A-R_V-Y,CY,2019,3426,
dataflow,ESTAT:HLTH_CD_APYLL(1.0),A,YR,M,A-R_V-Y,CY,2020,3413,
dataflow,ESTAT:HLTH_CD_APYLL(1.0),A,YR,M,A-R_V-Y,CZ,2011,6209,
dataflow,ESTAT:HLTH_CD_APYLL(1.0),A,YR,M,A-R_V-Y,CZ,2012,5977,
dataflow,ESTAT:HLTH_CD_APYLL(1.0),A,YR,M,A-R_V-Y,CZ,2013,5783,
dataflow,ESTAT:HLTH_CD_APYLL(1.0),A,YR,M,A-R_V-Y,CZ,2014,5458,
dataflow,ESTAT:HLTH_CD_APYLL(1.0),A,YR,M,A-R_V-Y,CZ,2015,5417,
dataflow,ESTAT:HLTH_CD_APYLL(1.0),A,YR,M,A-R_V-Y,CZ,2016,5211,
dataflow,ESTAT:HLTH_CD_APYLL(1.0),A,YR,M,A-R_V-Y,CZ,2017,5256,
dataflow,ESTAT:HLTH_CD_APYLL(1.0),A,YR,M,A-R_V-Y,CZ,2018,5239,
dataflow,ESTAT:HLTH_CD_APYLL(1.0),A,YR,M,A-R_V-Y,CZ,2019,5094,
dataflow,ESTAT:HLTH_CD_APYLL(1.0),A,YR,M,A-R_V-Y,CZ,2020,5289,
dataflow,ESTAT:HLTH_CD_APYLL(1.0),A,YR,M,A-R_V-Y,DE,2011,4731,
dataflow,ESTAT:HLTH_CD_APYLL(1.0),A,YR,M,A-R_V-Y,DE,2012,4552,
dataflow,ESTAT:HLTH_CD_APYLL(1.0),A,YR,M,A-R_V-Y,DE,2013,4512,
dataflow,ESTAT:HLTH_CD_APYLL(1.0),A,YR,M,A-R_V-Y,DE,2014,4364,
dataflow,ESTAT:HLTH_CD_APYLL(1.0),A,YR,M,A-R_V-Y,DE,2015,4445,
dataflow,ESTAT:HLTH_CD_APYLL(1.0),A,YR,M,A-R_V-Y,DE,2016,4386,
dataflow,ESTAT:HLTH_CD_APYLL(1.0),A,YR,M,A-R_V-Y,DE,2017,4209,
dataflow,ESTAT:HLTH_CD_APYLL(1.0),A,YR,M,A-R_V-Y,DE,2018,4240,
dataflow,ESTAT:HLTH_CD_APYLL(1.0),A,YR,M,A-R_V-Y,DE,2019,4116,
dataflow,ESTAT:HLTH_CD_APYLL(1.0),A,YR,M,A-R_V-Y,DE,2020,4129,
dataflow,ESTAT:HLTH_CD_APYLL(1.0),A,YR,M,A-R_V-Y,DK,2011,4477,
dataflow,ESTAT:HLTH_CD_APYLL(1.0),A,YR,M,A-R_V-Y,DK,2012,4234,
dataflow,ESTAT:HLTH_CD_APYLL(1.0),A,YR,M,A-R_V-Y,DK,2013,4150,
dataflow,ESTAT:HLTH_CD_APYLL(1.0),A,YR,M,A-R_V-Y,DK,2014,4148,
dataflow,ESTAT:HLTH_CD_APYLL(1.0),A,YR,M,A-R_V-Y,DK,2015,3913,
dataflow,ESTAT:HLTH_CD_APYLL(1.0),A,YR,M,A-R_V-Y,DK,2016,3909,
dataflow,ESTAT:HLTH_CD_APYLL(1.0),A,YR,M,A-R_V-Y,DK,2017,3780,
dataflow,ESTAT:HLTH_CD_APYLL(1.0),A,YR,M,A-R_V-Y,DK,2018,3753,
dataflow,ESTAT:HLTH_CD_APYLL(1.0),A,YR,M,A-R_V-Y,DK,2019,3482,
dataflow,ESTAT:HLTH_CD_APYLL(1.0),A,YR,M,A-R_V-Y,DK,2020,3453,
dataflow,ESTAT:HLTH_CD_APYLL(1.0),A,YR,M,A-R_V-Y,EE,2011,9898,
dataflow,ESTAT:HLTH_CD_APYLL(1.0),A,YR,M,A-R_V-Y,EE,2012,9941,
dataflow,ESTAT:HLTH_CD_APYLL(1.0),A,YR,M,A-R_V-Y,EE,2013,8717,
dataflow,ESTAT:HLTH_CD_APYLL(1.0),A,YR,M,A-R_V-Y,EE,2014,9006,
dataflow,ESTAT:HLTH_CD_APYLL(1.0),A,YR,M,A-R_V-Y,EE,2015,8487,
dataflow,ESTAT:HLTH_CD_APYLL(1.0),A,YR,M,A-R_V-Y,EE,2016,8009,
dataflow,ESTAT:HLTH_CD_APYLL(1.0),A,YR,M,A-R_V-Y,EE,2017,7549,
dataflow,ESTAT:HLTH_CD_APYLL(1.0),A,YR,M,A-R_V-Y,EE,2018,7333,
dataflow,ESTAT:HLTH_CD_APYLL(1.0),A,YR,M,A-R_V-Y,EE,2019,6742,
dataflow,ESTAT:HLTH_CD_APYLL(1.0),A,YR,M,A-R_V-Y,EE,2020,7075,
dataflow,ESTAT:HLTH_CD_APYLL(1.0),A,YR,M,A-R_V-Y,EL,2011,4928,
dataflow,ESTAT:HLTH_CD_APYLL(1.0),A,YR,M,A-R_V-Y,EL,2012,4871,
dataflow,ESTAT:HLTH_CD_APYLL(1.0),A,YR,M,A-R_V-Y,EL,2013,4657,
dataflow,ESTAT:HLTH_CD_APYLL(1.0),A,YR,M,A-R_V-Y,EL,2014,4627,
dataflow,ESTAT:HLTH_CD_APYLL(1.0),A,YR,M,A-R_V-Y,EL,2015,4663,
dataflow,ESTAT:HLTH_CD_APYLL(1.0),A,YR,M,A-R_V-Y,EL,2016,4644,
dataflow,ESTAT:HLTH_CD_APYLL(1.0),A,YR,M,A-R_V-Y,EL,2017,4476,
dataflow,ESTAT:HLTH_CD_APYLL(1.0),A,YR,M,A-R_V-Y,EL,2018,4342,
dataflow,ESTAT:HLTH_CD_APYLL(1.0),A,YR,M,A-R_V-Y,EL,2019,4358,
dataflow,ESTAT:HLTH_CD_APYLL(1.0),A,YR,M,A-R_V-Y,EL,2020,4401,
dataflow,ESTAT:HLTH_CD_APYLL(1.0),A,YR,M,A-R_V-Y,ES,2011,4009,
dataflow,ESTAT:HLTH_CD_APYLL(1.0),A,YR,M,A-R_V-Y,ES,2012,3902,
dataflow,ESTAT:HLTH_CD_APYLL(1.0),A,YR,M,A-R_V-Y,ES,2013,3678,
dataflow,ESTAT:HLTH_CD_APYLL(1.0),A,YR,M,A-R_V-Y,ES,2014,3617,
dataflow,ESTAT:HLTH_CD_APYLL(1.0),A,YR,M,A-R_V-Y,ES,2015,3583,
dataflow,ESTAT:HLTH_CD_APYLL(1.0),A,YR,M,A-R_V-Y,ES,2016,3501,
dataflow,ESTAT:HLTH_CD_APYLL(1.0),A,YR,M,A-R_V-Y,ES,2017,3439,
dataflow,ESTAT:HLTH_CD_APYLL(1.0),A,YR,M,A-R_V-Y,ES,2018,3421,
dataflow,ESTAT:HLTH_CD_APYLL(1.0),A,YR,M,A-R_V-Y,ES,2019,3299,
dataflow,ESTAT:HLTH_CD_APYLL(1.0),A,YR,M,A-R_V-Y,ES,2020,3526,
dataflow,ESTAT:HLTH_CD_APYLL(1.0),A,YR,M,A-R_V-Y,EU27_2020,2011,5517,
dataflow,ESTAT:HLTH_CD_APYLL(1.0),A,YR,M,A-R_V-Y,EU27_2020,2012,5365,
dataflow,ESTAT:HLTH_CD_APYLL(1.0),A,YR,M,A-R_V-Y,EU27_2020,2013,5168,
dataflow,ESTAT:HLTH_CD_APYLL(1.0),A,YR,M,A-R_V-Y,EU27_2020,2014,4996,
dataflow,ESTAT:HLTH_CD_APYLL(1.0),A,YR,M,A-R_V-Y,EU27_2020,2015,4996,
dataflow,ESTAT:HLTH_CD_APYLL(1.0),A,YR,M,A-R_V-Y,EU27_2020,2016,4874,
dataflow,ESTAT:HLTH_CD_APYLL(1.0),A,YR,M,A-R_V-Y,EU27_2020,2017,4776,
dataflow,ESTAT:HLTH_CD_APYLL(1.0),A,YR,M,A-R_V-Y,EU27_2020,2018,4764,
dataflow,ESTAT:HLTH_CD_APYLL(1.0),A,YR,M,A-R_V-Y,EU27_2020,2019,4636,
dataflow,ESTAT:HLTH_CD_APYLL(1.0),A,YR,M,A-R_V-Y,EU27_2020,2020,4838,
dataflow,ESTAT:HLTH_CD_APYLL(1.0),A,YR,M,A-R_V-Y,EU28,2011,5366,
dataflow,ESTAT:HLTH_CD_APYLL(1.0),A,YR,M,A-R_V-Y,EU28,2012,5220,
dataflow,ESTAT:HLTH_CD_APYLL(1.0),A,YR,M,A-R_V-Y,EU28,2013,5043,
dataflow,ESTAT:HLTH_CD_APYLL(1.0),A,YR,M,A-R_V-Y,EU28,2014,4879,
dataflow,ESTAT:HLTH_CD_APYLL(1.0),A,YR,M,A-R_V-Y,EU28,2015,4894,
dataflow,ESTAT:HLTH_CD_APYLL(1.0),A,YR,M,A-R_V-Y,EU28,2016,4791,
dataflow,ESTAT:HLTH_CD_APYLL(1.0),A,YR,M,A-R_V-Y,EU28,2017,4707,
dataflow,ESTAT:HLTH_CD_APYLL(1.0),A,YR,M,A-R_V-Y,FI,2011,5347,
dataflow,ESTAT:HLTH_CD_APYLL(1.0),A,YR,M,A-R_V-Y,FI,2012,5058,
dataflow,ESTAT:HLTH_CD_APYLL(1.0),A,YR,M,A-R_V-Y,FI,2013,4864,
dataflow,ESTAT:HLTH_CD_APYLL(1.0),A,YR,M,A-R_V-Y,FI,2014,4678,
dataflow,ESTAT:HLTH_CD_APYLL(1.0),A,YR,M,A-R_V-Y,FI,2015,4343,
dataflow,ESTAT:HLTH_CD_APYLL(1.0),A,YR,M,A-R_V-Y,FI,2016,4475,
dataflow,ESTAT:HLTH_CD_APYLL(1.0),A,YR,M,A-R_V-Y,FI,2017,4365,
dataflow,ESTAT:HLTH_CD_APYLL(1.0),A,YR,M,A-R_V-Y,FI,2018,4228,
dataflow,ESTAT:HLTH_CD_APYLL(1.0),A,YR,M,A-R_V-Y,FI,2019,4185,
dataflow,ESTAT:HLTH_CD_APYLL(1.0),A,YR,M,A-R_V-Y,FI,2020,4394,
dataflow,ESTAT:HLTH_CD_APYLL(1.0),A,YR,M,A-R_V-Y,FR,2011,5235,
dataflow,ESTAT:HLTH_CD_APYLL(1.0),A,YR,M,A-R_V-Y,FR,2012,5093,
dataflow,ESTAT:HLTH_CD_APYLL(1.0),A,YR,M,A-R_V-Y,FR,2013,4929,
dataflow,ESTAT:HLTH_CD_APYLL(1.0),A,YR,M,A-R_V-Y,FR,2014,4744,
dataflow,ESTAT:HLTH_CD_APYLL(1.0),A,YR,M,A-R_V-Y,FR,2015,4824,
dataflow,ESTAT:HLTH_CD_APYLL(1.0),A,YR,M,A-R_V-Y,FR,2016,4689,
dataflow,ESTAT:HLTH_CD_APYLL(1.0),A,YR,M,A-R_V-Y,FR,2017,4595,
dataflow,ESTAT:HLTH_CD_APYLL(1.0),A,YR,M,A-R_V-Y,FR,2018,4586,
dataflow,ESTAT:HLTH_CD_APYLL(1.0),A,YR,M,A-R_V-Y,FR,2019,4518,
dataflow,ESTAT:HLTH_CD_APYLL(1.0),A,YR,M,A-R_V-Y,FR,2020,4531,
dataflow,ESTAT:HLTH_CD_APYLL(1.0),A,YR,M,A-R_V-Y,HR,2011,6867,
dataflow,ESTAT:HLTH_CD_APYLL(1.0),A,YR,M,A-R_V-Y,HR,2012,6740,
dataflow,ESTAT:HLTH_CD_APYLL(1.0),A,YR,M,A-R_V-Y,HR,2013,6367,
dataflow,ESTAT:HLTH_CD_APYLL(1.0),A,YR,M,A-R_V-Y,HR,2014,6224,
dataflow,ESTAT:HLTH_CD_APYLL(1.0),A,YR,M,A-R_V-Y,HR,2015,6342,
dataflow,ESTAT:HLTH_CD_APYLL(1.0),A,YR,M,A-R_V-Y,HR,2016,6009,
dataflow,ESTAT:HLTH_CD_APYLL(1.0),A,YR,M,A-R_V-Y,HR,2017,6000,
dataflow,ESTAT:HLTH_CD_APYLL(1.0),A,YR,M,A-R_V-Y,HR,2018,6159,
dataflow,ESTAT:HLTH_CD_APYLL(1.0),A,YR,M,A-R_V-Y,HR,2019,5881,
dataflow,ESTAT:HLTH_CD_APYLL(1.0),A,YR,M,A-R_V-Y,HR,2020,5915,
dataflow,ESTAT:HLTH_CD_APYLL(1.0),A,YR,M,A-R_V-Y,HU,2011,9298,
dataflow,ESTAT:HLTH_CD_APYLL(1.0),A,YR,M,A-R_V-Y,HU,2012,8901,
dataflow,ESTAT:HLTH_CD_APYLL(1.0),A,YR,M,A-R_V-Y,HU,2013,8349,
dataflow,ESTAT:HLTH_CD_APYLL(1.0),A,YR,M,A-R_V-Y,HU,2014,8230,
dataflow,ESTAT:HLTH_CD_APYLL(1.0),A,YR,M,A-R_V-Y,HU,2015,8132,
dataflow,ESTAT:HLTH_CD_APYLL(1.0),A,YR,M,A-R_V-Y,HU,2016,7838,
dataflow,ESTAT:HLTH_CD_APYLL(1.0),A,YR,M,A-R_V-Y,HU,2017,7761,
dataflow,ESTAT:HLTH_CD_APYLL(1.0),A,YR,M,A-R_V-Y,HU,2018,7628,
dataflow,ESTAT:HLTH_CD_APYLL(1.0),A,YR,M,A-R_V-Y,HU,2019,7394,
dataflow,ESTAT:HLTH_CD_APYLL(1.0),A,YR,M,A-R_V-Y,HU,2020,7668,
dataflow,ESTAT:HLTH_CD_APYLL(1.0),A,YR,M,A-R_V-Y,IE,2011,4388,
dataflow,ESTAT:HLTH_CD_APYLL(1.0),A,YR,M,A-R_V-Y,IE,2012,4226,
dataflow,ESTAT:HLTH_CD_APYLL(1.0),A,YR,M,A-R_V-Y,IE,2013,4070,
dataflow,ESTAT:HLTH_CD_APYLL(1.0),A,YR,M,A-R_V-Y,IE,2014,3987,
dataflow,ESTAT:HLTH_CD_APYLL(1.0),A,YR,M,A-R_V-Y,IE,2015,3711,
dataflow,ESTAT:HLTH_CD_APYLL(1.0),A,YR,M,A-R_V-Y,IE,2016,3617,
dataflow,ESTAT:HLTH_CD_APYLL(1.0),A,YR,M,A-R_V-Y,IE,2017,3412,
dataflow,ESTAT:HLTH_CD_APYLL(1.0),A,YR,M,A-R_V-Y,IE,2018,3446,
dataflow,ESTAT:HLTH_CD_APYLL(1.0),A,YR,M,A-R_V-Y,IE,2019,3385,
dataflow,ESTAT:HLTH_CD_APYLL(1.0),A,YR,M,A-R_V-Y,IE,2020,3567,
dataflow,ESTAT:HLTH_CD_APYLL(1.0),A,YR,M,A-R_V-Y,IS,2011,3079,
dataflow,ESTAT:HLTH_CD_APYLL(1.0),A,YR,M,A-R_V-Y,IS,2012,3111,
dataflow,ESTAT:HLTH_CD_APYLL(1.0),A,YR,M,A-R_V-Y,IS,2013,3181,
dataflow,ESTAT:HLTH_CD_APYLL(1.0),A,YR,M,A-R_V-Y,IS,2014,2935,
dataflow,ESTAT:HLTH_CD_APYLL(1.0),A,YR,M,A-R_V-Y,IS,2015,3264,
dataflow,ESTAT:HLTH_CD_APYLL(1.0),A,YR,M,A-R_V-Y,IS,2016,3187,
dataflow,ESTAT:HLTH_CD_APYLL(1.0),A,YR,M,A-R_V-Y,IS,2017,3336,
dataflow,ESTAT:HLTH_CD_APYLL(1.0),A,YR,M,A-R_V-Y,IS,2018,3170,
dataflow,ESTAT:HLTH_CD_APYLL(1.0),A,YR,M,A-R_V-Y,IS,2019,2836,
dataflow,ESTAT:HLTH_CD_APYLL(1.0),A,YR,M,A-R_V-Y,IS,2020,3138,
dataflow,ESTAT:HLTH_CD_APYLL(1.0),A,YR,M,A-R_V-Y,IT,2011,3612,
dataflow,ESTAT:HLTH_CD_APYLL(1.0),A,YR,M,A-R_V-Y,IT,2012,3520,
dataflow,ESTAT:HLTH_CD_APYLL(1.0),A,YR,M,A-R_V-Y,IT,2013,3366,
dataflow,ESTAT:HLTH_CD_APYLL(1.0),A,YR,M,A-R_V-Y,IT,2014,3213,
dataflow,ESTAT:HLTH_CD_APYLL(1.0),A,YR,M,A-R_V-Y,IT,2015,3287,
dataflow,ESTAT:HLTH_CD_APYLL(1.0),A,YR,M,A-R_V-Y,IT,2016,3129,
dataflow,ESTAT:HLTH_CD_APYLL(1.0),A,YR,M,A-R_V-Y,IT,2017,3111,
dataflow,ESTAT:HLTH_CD_APYLL(1.0),A,YR,M,A-R_V-Y,IT,2018,3121,
dataflow,ESTAT:HLTH_CD_APYLL(1.0),A,YR,M,A-R_V-Y,IT,2019,3007,
dataflow,ESTAT:HLTH_CD_APYLL(1.0),A,YR,M,A-R_V-Y,IT,2020,3234,
dataflow,ESTAT:HLTH_CD_APYLL(1.0),A,YR,M,A-R_V-Y,LI,2011,3048,
dataflow,ESTAT:HLTH_CD_APYLL(1.0),A,YR,M,A-R_V-Y,LI,2012,3751,
dataflow,ESTAT:HLTH_CD_APYLL(1.0),A,YR,M,A-R_V-Y,LI,2013,2755,
dataflow,ESTAT:HLTH_CD_APYLL(1.0),A,YR,M,A-R_V-Y,LI,2014,3049,
dataflow,ESTAT:HLTH_CD_APYLL(1.0),A,YR,M,A-R_V-Y,LI,2015,2925,
dataflow,ESTAT:HLTH_CD_APYLL(1.0),A,YR,M,A-R_V-Y,LI,2016,1729,
dataflow,ESTAT:HLTH_CD_APYLL(1.0),A,YR,M,A-R_V-Y,LI,2017,3580,
dataflow,ESTAT:HLTH_CD_APYLL(1.0),A,YR,M,A-R_V-Y,LI,2018,3471,
dataflow,ESTAT:HLTH_CD_APYLL(1.0),A,YR,M,A-R_V-Y,LI,2019,2029,
dataflow,ESTAT:HLTH_CD_APYLL(1.0),A,YR,M,A-R_V-Y,LI,2020,3029,
dataflow,ESTAT:HLTH_CD_APYLL(1.0),A,YR,M,A-R_V-Y,LT,2011,13271,
dataflow,ESTAT:HLTH_CD_APYLL(1.0),A,YR,M,A-R_V-Y,LT,2012,12919,
dataflow,ESTAT:HLTH_CD_APYLL(1.0),A,YR,M,A-R_V-Y,LT,2013,12925,
dataflow,ESTAT:HLTH_CD_APYLL(1.0),A,YR,M,A-R_V-Y,LT,2014,12094,
dataflow,ESTAT:HLTH_CD_APYLL(1.0),A,YR,M,A-R_V-Y,LT,2015,11800,
dataflow,ESTAT:HLTH_CD_APYLL(1.0),A,YR,M,A-R_V-Y,LT,2016,11613,
dataflow,ESTAT:HLTH_CD_APYLL(1.0),A,YR,M,A-R_V-Y,LT,2017,10022,
dataflow,ESTAT:HLTH_CD_APYLL(1.0),A,YR,M,A-R_V-Y,LT,2018,9800,
dataflow,ESTAT:HLTH_CD_APYLL(1.0),A,YR,M,A-R_V-Y,LT,2019,9390,
dataflow,ESTAT:HLTH_CD_APYLL(1.0),A,YR,M,A-R_V-Y,LT,2020,10287,
dataflow,ESTAT:HLTH_CD_APYLL(1.0),A,YR,M,A-R_V-Y,LU,2011,4041,
dataflow,ESTAT:HLTH_CD_APYLL(1.0),A,YR,M,A-R_V-Y,LU,2012,3987,
dataflow,ESTAT:HLTH_CD_APYLL(1.0),A,YR,M,A-R_V-Y,LU,2013,3670,
dataflow,ESTAT:HLTH_CD_APYLL(1.0),A,YR,M,A-R_V-Y,LU,2014,3666,
dataflow,ESTAT:HLTH_CD_APYLL(1.0),A,YR,M,A-R_V-Y,LU,2015,3642,
dataflow,ESTAT:HLTH_CD_APYLL(1.0),A,YR,M,A-R_V-Y,LU,2016,3410,
dataflow,ESTAT:HLTH_CD_APYLL(1.0),A,YR,M,A-R_V-Y,LU,2017,3183,
dataflow,ESTAT:HLTH_CD_APYLL(1.0),A,YR,M,A-R_V-Y,LU,2018,3105,
dataflow,ESTAT:HLTH_CD_APYLL(1.0),A,YR,M,A-R_V-Y,LU,2019,3192,
dataflow,ESTAT:HLTH_CD_APYLL(1.0),A,YR,M,A-R_V-Y,LU,2020,3093,
dataflow,ESTAT:HLTH_CD_APYLL(1.0),A,YR,M,A-R_V-Y,LV,2011,12528,
dataflow,ESTAT:HLTH_CD_APYLL(1.0),A,YR,M,A-R_V-Y,LV,2012,12339,
dataflow,ESTAT:HLTH_CD_APYLL(1.0),A,YR,M,A-R_V-Y,LV,2013,11997,
dataflow,ESTAT:HLTH_CD_APYLL(1.0),A,YR,M,A-R_V-Y,LV,2014,11911,
dataflow,ESTAT:HLTH_CD_APYLL(1.0),A,YR,M,A-R_V-Y,LV,2015,11278,
dataflow,ESTAT:HLTH_CD_APYLL(1.0),A,YR,M,A-R_V-Y,LV,2016,10937,
dataflow,ESTAT:HLTH_CD_APYLL(1.0),A,YR,M,A-R_V-Y,LV,2017,11079,
dataflow,ESTAT:HLTH_CD_APYLL(1.0),A,YR,M,A-R_V-Y,LV,2018,10790,
dataflow,ESTAT:HLTH_CD_APYLL(1.0),A,YR,M,A-R_V-Y,LV,2019,9894,
dataflow,ESTAT:HLTH_CD_APYLL(1.0),A,YR,M,A-R_V-Y,LV,2020,10055,
dataflow,ESTAT:HLTH_CD_APYLL(1.0),A,YR,M,A-R_V-Y,MT,2011,3966,
dataflow,ESTAT:HLTH_CD_APYLL(1.0),A,YR,M,A-R_V-Y,MT,2012,3972,
dataflow,ESTAT:HLTH_CD_APYLL(1.0),A,YR,M,A-R_V-Y,MT,2013,3609,
dataflow,ESTAT:HLTH_CD_APYLL(1.0),A,YR,M,A-R_V-Y,MT,2014,3665,
dataflow,ESTAT:HLTH_CD_APYLL(1.0),A,YR,M,A-R_V-Y,MT,2015,3704,
dataflow,ESTAT:HLTH_CD_APYLL(1.0),A,YR,M,A-R_V-Y,MT,2016,3737,
dataflow,ESTAT:HLTH_CD_APYLL(1.0),A,YR,M,A-R_V-Y,MT,2017,3629,
dataflow,ESTAT:HLTH_CD_APYLL(1.0),A,YR,M,A-R_V-Y,MT,2018,3511,
dataflow,ESTAT:HLTH_CD_APYLL(1.0),A,YR,M,A-R_V-Y,MT,2019,2953,
dataflow,ESTAT:HLTH_CD_APYLL(1.0),A,YR,M,A-R_V-Y,MT,2020,3394,
dataflow,ESTAT:HLTH_CD_APYLL(1.0),A,YR,M,A-R_V-Y,NL,2011,3506,
dataflow,ESTAT:HLTH_CD_APYLL(1.0),A,YR,M,A-R_V-Y,NL,2012,3538,
dataflow,ESTAT:HLTH_CD_APYLL(1.0),A,YR,M,A-R_V-Y,NL,2013,3431,
dataflow,ESTAT:HLTH_CD_APYLL(1.0),A,YR,M,A-R_V-Y,NL,2014,3298,
dataflow,ESTAT:HLTH_CD_APYLL(1.0),A,YR,M,A-R_V-Y,NL,2015,3281,
dataflow,ESTAT:HLTH_CD_APYLL(1.0),A,YR,M,A-R_V-Y,NL,2016,3227,
dataflow,ESTAT:HLTH_CD_APYLL(1.0),A,YR,M,A-R_V-Y,NL,2017,3237,
dataflow,ESTAT:HLTH_CD_APYLL(1.0),A,YR,M,A-R_V-Y,NL,2018,3181,
dataflow,ESTAT:HLTH_CD_APYLL(1.0),A,YR,M,A-R_V-Y,NL,2019,3080,
dataflow,ESTAT:HLTH_CD_APYLL(1.0),A,YR,M,A-R_V-Y,NL,2020,3256,
dataflow,ESTAT:HLTH_CD_APYLL(1.0),A,YR,M,A-R_V-Y,NO,2011,4010,
dataflow,ESTAT:HLTH_CD_APYLL(1.0),A,YR,M,A-R_V-Y,NO,2012,3703,
dataflow,ESTAT:HLTH_CD_APYLL(1.0),A,YR,M,A-R_V-Y,NO,2013,3369,
dataflow,ESTAT:HLTH_CD_APYLL(1.0),A,YR,M,A-R_V-Y,NO,2014,3283,
dataflow,ESTAT:HLTH_CD_APYLL(1.0),A,YR,M,A-R_V-Y,NO,2015,3062,
dataflow,ESTAT:HLTH_CD_APYLL(1.0),A,YR,M,A-R_V-Y,NO,2016,3063,
dataflow,ESTAT:HLTH_CD_APYLL(1.0),A,YR,M,A-R_V-Y,NO,2017,2926,
dataflow,ESTAT:HLTH_CD_APYLL(1.0),A,YR,M,A-R_V-Y,NO,2018,2938,
dataflow,ESTAT:HLTH_CD_APYLL(1.0),A,YR,M,A-R_V-Y,NO,2019,2895,
dataflow,ESTAT:HLTH_CD_APYLL(1.0),A,YR,M,A-R_V-Y,NO,2020,2818,
dataflow,ESTAT:HLTH_CD_APYLL(1.0),A,YR,M,A-R_V-Y,PL,2011,8903,
dataflow,ESTAT:HLTH_CD_APYLL(1.0),A,YR,M,A-R_V-Y,PL,2012,8766,
dataflow,ESTAT:HLTH_CD_APYLL(1.0),A,YR,M,A-R_V-Y,PL,2013,8422,
dataflow,ESTAT:HLTH_CD_APYLL(1.0),A,YR,M,A-R_V-Y,PL,2014,7940,
dataflow,ESTAT:HLTH_CD_APYLL(1.0),A,YR,M,A-R_V-Y,PL,2015,7997,
dataflow,ESTAT:HLTH_CD_APYLL(1.0),A,YR,M,A-R_V-Y,PL,2016,7834,
dataflow,ESTAT:HLTH_CD_APYLL(1.0),A,YR,M,A-R_V-Y,PL,2017,7755,
dataflow,ESTAT:HLTH_CD_APYLL(1.0),A,YR,M,A-R_V-Y,PL,2018,7832,
dataflow,ESTAT:HLTH_CD_APYLL(1.0),A,YR,M,A-R_V-Y,PL,2019,7662,
dataflow,ESTAT:HLTH_CD_APYLL(1.0),A,YR,M,A-R_V-Y,PL,2020,8298,
dataflow,ESTAT:HLTH_CD_APYLL(1.0),A,YR,M,A-R_V-Y,PT,2011,5533,
dataflow,ESTAT:HLTH_CD_APYLL(1.0),A,YR,M,A-R_V-Y,PT,2012,5292,
dataflow,ESTAT:HLTH_CD_APYLL(1.0),A,YR,M,A-R_V-Y,PT,2013,5166,
dataflow,ESTAT:HLTH_CD_APYLL(1.0),A,YR,M,A-R_V-Y,PT,2014,4991,
dataflow,ESTAT:HLTH_CD_APYLL(1.0),A,YR,M,A-R_V-Y,PT,2015,4737,
dataflow,ESTAT:HLTH_CD_APYLL(1.0),A,YR,M,A-R_V-Y,PT,2016,4763,
dataflow,ESTAT:HLTH_CD_APYLL(1.0),A,YR,M,A-R_V-Y,PT,2017,4709,
dataflow,ESTAT:HLTH_CD_APYLL(1.0),A,YR,M,A-R_V-Y,PT,2018,4689,
dataflow,ESTAT:HLTH_CD_APYLL(1.0),A,YR,M,A-R_V-Y,PT,2019,4539,
dataflow,ESTAT:HLTH_CD_APYLL(1.0),A,YR,M,A-R_V-Y,PT,2020,4746,
dataflow,ESTAT:HLTH_CD_APYLL(1.0),A,YR,M,A-R_V-Y,RO,2011,10286,
dataflow,ESTAT:HLTH_CD_APYLL(1.0),A,YR,M,A-R_V-Y,RO,2012,9822,
dataflow,ESTAT:HLTH_CD_APYLL(1.0),A,YR,M,A-R_V-Y,RO,2013,9339,
dataflow,ESTAT:HLTH_CD_APYLL(1.0),A,YR,M,A-R_V-Y,RO,2014,9274,
dataflow,ESTAT:HLTH_CD_APYLL(1.0),A,YR,M,A-R_V-Y,RO,2015,9117,
dataflow,ESTAT:HLTH_CD_APYLL(1.0),A,YR,M,A-R_V-Y,RO,2016,9049,
dataflow,ESTAT:HLTH_CD_APYLL(1.0),A,YR,M,A-R_V-Y,RO,2017,8955,
dataflow,ESTAT:HLTH_CD_APYLL(1.0),A,YR,M,A-R_V-Y,RO,2018,8989,
dataflow,ESTAT:HLTH_CD_APYLL(1.0),A,YR,M,A-R_V-Y,RO,2019,8856,
dataflow,ESTAT:HLTH_CD_APYLL(1.0),A,YR,M,A-R_V-Y,RO,2020,9516,
dataflow,ESTAT:HLTH_CD_APYLL(1.0),A,YR,M,A-R_V-Y,RS,2011,8056,
dataflow,ESTAT:HLTH_CD_APYLL(1.0),A,YR,M,A-R_V-Y,RS,2012,7812,
dataflow,ESTAT:HLTH_CD_APYLL(1.0),A,YR,M,A-R_V-Y,RS,2013,7645,
dataflow,ESTAT:HLTH_CD_APYLL(1.0),A,YR,M,A-R_V-Y,RS,2014,7503,
dataflow,ESTAT:HLTH_CD_APYLL(1.0),A,YR,M,A-R_V-Y,RS,2015,7456,
dataflow,ESTAT:HLTH_CD_APYLL(1.0),A,YR,M,A-R_V-Y,RS,2016,7124,
dataflow,ESTAT:HLTH_CD_APYLL(1.0),A,YR,M,A-R_V-Y,RS,2017,7175,
dataflow,ESTAT:HLTH_CD_APYLL(1.0),A,YR,M,A-R_V-Y,RS,2018,6947,
dataflow,ESTAT:HLTH_CD_APYLL(1.0),A,YR,M,A-R_V-Y,RS,2019,7108,
dataflow,ESTAT:HLTH_CD_APYLL(1.0),A,YR,M,A-R_V-Y,RS,2020,8224,
dataflow,ESTAT:HLTH_CD_APYLL(1.0),A,YR,M,A-R_V-Y,SE,2011,3369,
dataflow,ESTAT:HLTH_CD_APYLL(1.0),A,YR,M,A-R_V-Y,SE,2012,3319,
dataflow,ESTAT:HLTH_CD_APYLL(1.0),A,YR,M,A-R_V-Y,SE,2013,3355,
dataflow,ESTAT:HLTH_CD_APYLL(1.0),A,YR,M,A-R_V-Y,SE,2014,3261,
dataflow,ESTAT:HLTH_CD_APYLL(1.0),A,YR,M,A-R_V-Y,SE,2015,3286,
dataflow,ESTAT:HLTH_CD_APYLL(1.0),A,YR,M,A-R_V-Y,SE,2016,3187,
dataflow,ESTAT:HLTH_CD_APYLL(1.0),A,YR,M,A-R_V-Y,SE,2017,3154,
dataflow,ESTAT:HLTH_CD_APYLL(1.0),A,YR,M,A-R_V-Y,SE,2018,3069,
dataflow,ESTAT:HLTH_CD_APYLL(1.0),A,YR,M,A-R_V-Y,SE,2019,2863,
dataflow,ESTAT:HLTH_CD_APYLL(1.0),A,YR,M,A-R_V-Y,SE,2020,3192,
dataflow,ESTAT:HLTH_CD_APYLL(1.0),A,YR,M,A-R_V-Y,SI,2011,5140,
dataflow,ESTAT:HLTH_CD_APYLL(1.0),A,YR,M,A-R_V-Y,SI,2012,4823,
dataflow,ESTAT:HLTH_CD_APYLL(1.0),A,YR,M,A-R_V-Y,SI,2013,4898,
dataflow,ESTAT:HLTH_CD_APYLL(1.0),A,YR,M,A-R_V-Y,SI,2014,4298,
dataflow,ESTAT:HLTH_CD_APYLL(1.0),A,YR,M,A-R_V-Y,SI,2015,4617,
dataflow,ESTAT:HLTH_CD_APYLL(1.0),A,YR,M,A-R_V-Y,SI,2016,4276,
dataflow,ESTAT:HLTH_CD_APYLL(1.0),A,YR,M,A-R_V-Y,SI,2017,4064,
dataflow,ESTAT:HLTH_CD_APYLL(1.0),A,YR,M,A-R_V-Y,SI,2018,3801,
dataflow,ESTAT:HLTH_CD_APYLL(1.0),A,YR,M,A-R_V-Y,SI,2019,3828,
dataflow,ESTAT:HLTH_CD_APYLL(1.0),A,YR,M,A-R_V-Y,SI,2020,3865,
dataflow,ESTAT:HLTH_CD_APYLL(1.0),A,YR,M,A-R_V-Y,SK,2011,8197,
dataflow,ESTAT:HLTH_CD_APYLL(1.0),A,YR,M,A-R_V-Y,SK,2012,7990,
dataflow,ESTAT:HLTH_CD_APYLL(1.0),A,YR,M,A-R_V-Y,SK,2013,7553,
dataflow,ESTAT:HLTH_CD_APYLL(1.0),A,YR,M,A-R_V-Y,SK,2014,7421,
dataflow,ESTAT:HLTH_CD_APYLL(1.0),A,YR,M,A-R_V-Y,SK,2015,7565,
dataflow,ESTAT:HLTH_CD_APYLL(1.0),A,YR,M,A-R_V-Y,SK,2016,7003,
dataflow,ESTAT:HLTH_CD_APYLL(1.0),A,YR,M,A-R_V-Y,SK,2017,6970,
dataflow,ESTAT:HLTH_CD_APYLL(1.0),A,YR,M,A-R_V-Y,SK,2018,7030,
dataflow,ESTAT:HLTH_CD_APYLL(1.0),A,YR,M,A-R_V-Y,SK,2019,6784,
dataflow,ESTAT:HLTH_CD_APYLL(1.0),A,YR,M,A-R_V-Y,SK,2020,6976,
dataflow,ESTAT:HLTH_CD_APYLL(1.0),A,YR,M,A-R_V-Y,TR,2011,5192,
dataflow,ESTAT:HLTH_CD_APYLL(1.0),A,YR,M,A-R_V-Y,TR,2012,5120,
dataflow,ESTAT:HLTH_CD_APYLL(1.0),A,YR,M,A-R_V-Y,TR,2013,5580,
dataflow,ESTAT:HLTH_CD_APYLL(1.0),A,YR,M,A-R_V-Y,TR,2014,5531,
dataflow,ESTAT:HLTH_CD_APYLL(1.0),A,YR,M,A-R_V-Y,TR,2015,5283,
dataflow,ESTAT:HLTH_CD_APYLL(1.0),A,YR,M,A-R_V-Y,TR,2016,5461,
dataflow,ESTAT:HLTH_CD_APYLL(1.0),A,YR,M,A-R_V-Y,TR,2017,5284,
dataflow,ESTAT:HLTH_CD_APYLL(1.0),A,YR,M,A-R_V-Y,TR,2018,5475,
dataflow,ESTAT:HLTH_CD_APYLL(1.0),A,YR,M,A-R_V-Y,TR,2019,5265,
dataflow,ESTAT:HLTH_CD_APYLL(1.0),A,YR,M,A-R_V-Y,UK,2011,4268,
dataflow,ESTAT:HLTH_CD_APYLL(1.0),A,YR,M,A-R_V-Y,UK,2012,4161,
dataflow,ESTAT:HLTH_CD_APYLL(1.0),A,YR,M,A-R_V-Y,UK,2013,4136,
dataflow,ESTAT:HLTH_CD_APYLL(1.0),A,YR,M,A-R_V-Y,UK,2014,4036,
dataflow,ESTAT:HLTH_CD_APYLL(1.0),A,YR,M,A-R_V-Y,UK,2015,4156,
dataflow,ESTAT:HLTH_CD_APYLL(1.0),A,YR,M,A-R_V-Y,UK,2016,4190,
dataflow,ESTAT:HLTH_CD_APYLL(1.0),A,YR,M,A-R_V-Y,UK,2017,4211,
dataflow,ESTAT:HLTH_CD_APYLL(1.0),A,YR,M,A-R_V-Y,UK,2018,4199,
dataflow,ESTAT:HLTH_CD_APYLL(1.0),A,YR,T,A-R_V-Y,AT,2011,3487,
dataflow,ESTAT:HLTH_CD_APYLL(1.0),A,YR,T,A-R_V-Y,AT,2012,3349,
dataflow,ESTAT:HLTH_CD_APYLL(1.0),A,YR,T,A-R_V-Y,AT,2013,3254,
dataflow,ESTAT:HLTH_CD_APYLL(1.0),A,YR,T,A-R_V-Y,AT,2014,3189,
dataflow,ESTAT:HLTH_CD_APYLL(1.0),A,YR,T,A-R_V-Y,AT,2015,3121,
dataflow,ESTAT:HLTH_CD_APYLL(1.0),A,YR,T,A-R_V-Y,AT,2016,2997,
dataflow,ESTAT:HLTH_CD_APYLL(1.0),A,YR,T,A-R_V-Y,AT,2017,2909,
dataflow,ESTAT:HLTH_CD_APYLL(1.0),A,YR,T,A-R_V-Y,AT,2018,2907,
dataflow,ESTAT:HLTH_CD_APYLL(1.0),A,YR,T,A-R_V-Y,AT,2019,2854,
dataflow,ESTAT:HLTH_CD_APYLL(1.0),A,YR,T,A-R_V-Y,AT,2020,2874,
dataflow,ESTAT:HLTH_CD_APYLL(1.0),A,YR,T,A-R_V-Y,BE,2011,3789,
dataflow,ESTAT:HLTH_CD_APYLL(1.0),A,YR,T,A-R_V-Y,BE,2012,3740,
dataflow,ESTAT:HLTH_CD_APYLL(1.0),A,YR,T,A-R_V-Y,BE,2013,3626,
dataflow,ESTAT:HLTH_CD_APYLL(1.0),A,YR,T,A-R_V-Y,BE,2014,3451,
dataflow,ESTAT:HLTH_CD_APYLL(1.0),A,YR,T,A-R_V-Y,BE,2015,3425,
dataflow,ESTAT:HLTH_CD_APYLL(1.0),A,YR,T,A-R_V-Y,BE,2016,3333,
dataflow,ESTAT:HLTH_CD_APYLL(1.0),A,YR,T,A-R_V-Y,BE,2017,3273,
dataflow,ESTAT:HLTH_CD_APYLL(1.0),A,YR,T,A-R_V-Y,BE,2018,3193,
dataflow,ESTAT:HLTH_CD_APYLL(1.0),A,YR,T,A-R_V-Y,BE,2019,3077,
dataflow,ESTAT:HLTH_CD_APYLL(1.0),A,YR,T,A-R_V-Y,BE,2020,3165,
dataflow,ESTAT:HLTH_CD_APYLL(1.0),A,YR,T,A-R_V-Y,BG,2011,6962,
dataflow,ESTAT:HLTH_CD_APYLL(1.0),A,YR,T,A-R_V-Y,BG,2012,6767,
dataflow,ESTAT:HLTH_CD_APYLL(1.0),A,YR,T,A-R_V-Y,BG,2013,6525,
dataflow,ESTAT:HLTH_CD_APYLL(1.0),A,YR,T,A-R_V-Y,BG,2014,6762,
dataflow,ESTAT:HLTH_CD_APYLL(1.0),A,YR,T,A-R_V-Y,BG,2015,6494,
dataflow,ESTAT:HLTH_CD_APYLL(1.0),A,YR,T,A-R_V-Y,BG,2016,6460,
dataflow,ESTAT:HLTH_CD_APYLL(1.0),A,YR,T,A-R_V-Y,BG,2017,6371,
dataflow,ESTAT:HLTH_CD_APYLL(1.0),A,YR,T,A-R_V-Y,BG,2018,6315,
dataflow,ESTAT:HLTH_CD_APYLL(1.0),A,YR,T,A-R_V-Y,BG,2019,6175,
dataflow,ESTAT:HLTH_CD_APYLL(1.0),A,YR,T,A-R_V-Y,BG,2020,6911,
dataflow,ESTAT:HLTH_CD_APYLL(1.0),A,YR,T,A-R_V-Y,CH,2011,2751,
dataflow,ESTAT:HLTH_CD_APYLL(1.0),A,YR,T,A-R_V-Y,CH,2012,2679,
dataflow,ESTAT:HLTH_CD_APYLL(1.0),A,YR,T,A-R_V-Y,CH,2013,2655,
dataflow,ESTAT:HLTH_CD_APYLL(1.0),A,YR,T,A-R_V-Y,CH,2014,2532,
dataflow,ESTAT:HLTH_CD_APYLL(1.0),A,YR,T,A-R_V-Y,CH,2015,2570,
dataflow,ESTAT:HLTH_CD_APYLL(1.0),A,YR,T,A-R_V-Y,CH,2016,2405,
dataflow,ESTAT:HLTH_CD_APYLL(1.0),A,YR,T,A-R_V-Y,CH,2017,2390,
dataflow,ESTAT:HLTH_CD_APYLL(1.0),A,YR,T,A-R_V-Y,CH,2018,2379,
dataflow,ESTAT:HLTH_CD_APYLL(1.0),A,YR,T,A-R_V-Y,CH,2019,2232,
dataflow,ESTAT:HLTH_CD_APYLL(1.0),A,YR,T,A-R_V-Y,CH,2020,2366,
dataflow,ESTAT:HLTH_CD_APYLL(1.0),A,YR,T,A-R_V-Y,CY,2011,2533,
dataflow,ESTAT:HLTH_CD_APYLL(1.0),A,YR,T,A-R_V-Y,CY,2012,2654,
dataflow,ESTAT:HLTH_CD_APYLL(1.0),A,YR,T,A-R_V-Y,CY,2013,2345,
dataflow,ESTAT:HLTH_CD_APYLL(1.0),A,YR,T,A-R_V-Y,CY,2014,2408,
dataflow,ESTAT:HLTH_CD_APYLL(1.0),A,YR,T,A-R_V-Y,CY,2015,2633,
dataflow,ESTAT:HLTH_CD_APYLL(1.0),A,YR,T,A-R_V-Y,CY,2016,2357,
dataflow,ESTAT:HLTH_CD_APYLL(1.0),A,YR,T,A-R_V-Y,CY,2017,2489,
dataflow,ESTAT:HLTH_CD_APYLL(1.0),A,YR,T,A-R_V-Y,CY,2018,2411,
dataflow,ESTAT:HLTH_CD_APYLL(1.0),A,YR,T,A-R_V-Y,CY,2019,2594,
dataflow,ESTAT:HLTH_CD_APYLL(1.0),A,YR,T,A-R_V-Y,CY,2020,2607,
dataflow,ESTAT:HLTH_CD_APYLL(1.0),A,YR,T,A-R_V-Y,CZ,2011,4509,
dataflow,ESTAT:HLTH_CD_APYLL(1.0),A,YR,T,A-R_V-Y,CZ,2012,4367,
dataflow,ESTAT:HLTH_CD_APYLL(1.0),A,YR,T,A-R_V-Y,CZ,2013,4220,
dataflow,ESTAT:HLTH_CD_APYLL(1.0),A,YR,T,A-R_V-Y,CZ,2014,3991,
dataflow,ESTAT:HLTH_CD_APYLL(1.0),A,YR,T,A-R_V-Y,CZ,2015,3979,
dataflow,ESTAT:HLTH_CD_APYLL(1.0),A,YR,T,A-R_V-Y,CZ,2016,3890,
dataflow,ESTAT:HLTH_CD_APYLL(1.0),A,YR,T,A-R_V-Y,CZ,2017,3860,
dataflow,ESTAT:HLTH_CD_APYLL(1.0),A,YR,T,A-R_V-Y,CZ,2018,3868,
dataflow,ESTAT:HLTH_CD_APYLL(1.0),A,YR,T,A-R_V-Y,CZ,2019,3803,
dataflow,ESTAT:HLTH_CD_APYLL(1.0),A,YR,T,A-R_V-Y,CZ,2020,3914,
dataflow,ESTAT:HLTH_CD_APYLL(1.0),A,YR,T,A-R_V-Y,DE,2011,3660,
dataflow,ESTAT:HLTH_CD_APYLL(1.0),A,YR,T,A-R_V-Y,DE,2012,3516,
dataflow,ESTAT:HLTH_CD_APYLL(1.0),A,YR,T,A-R_V-Y,DE,2013,3512,
dataflow,ESTAT:HLTH_CD_APYLL(1.0),A,YR,T,A-R_V-Y,DE,2014,3384,
dataflow,ESTAT:HLTH_CD_APYLL(1.0),A,YR,T,A-R_V-Y,DE,2015,3462,
dataflow,ESTAT:HLTH_CD_APYLL(1.0),A,YR,T,A-R_V-Y,DE,2016,3421,
dataflow,ESTAT:HLTH_CD_APYLL(1.0),A,YR,T,A-R_V-Y,DE,2017,3301,
dataflow,ESTAT:HLTH_CD_APYLL(1.0),A,YR,T,A-R_V-Y,DE,2018,3323,
dataflow,ESTAT:HLTH_CD_APYLL(1.0),A,YR,T,A-R_V-Y,DE,2019,3220,
dataflow,ESTAT:HLTH_CD_APYLL(1.0),A,YR,T,A-R_V-Y,DE,2020,3215,
dataflow,ESTAT:HLTH_CD_APYLL(1.0),A,YR,T,A-R_V-Y,DK,2011,3640,
dataflow,ESTAT:HLTH_CD_APYLL(1.0),A,YR,T,A-R_V-Y,DK,2012,3466,
dataflow,ESTAT:HLTH_CD_APYLL(1.0),A,YR,T,A-R_V-Y,DK,2013,3375,
dataflow,ESTAT:HLTH_CD_APYLL(1.0),A,YR,T,A-R_V-Y,DK,2014,3345,
dataflow,ESTAT:HLTH_CD_APYLL(1.0),A,YR,T,A-R_V-Y,DK,2015,3212,
dataflow,ESTAT:HLTH_CD_APYLL(1.0),A,YR,T,A-R_V-Y,DK,2016,3209,
dataflow,ESTAT:HLTH_CD_APYLL(1.0),A,YR,T,A-R_V-Y,DK,2017,3055,
dataflow,ESTAT:HLTH_CD_APYLL(1.0),A,YR,T,A-R_V-Y,DK,2018,3052,
dataflow,ESTAT:HLTH_CD_APYLL(1.0),A,YR,T,A-R_V-Y,DK,2019,2796,
dataflow,ESTAT:HLTH_CD_APYLL(1.0),A,YR,T,A-R_V-Y,DK,2020,2787,
dataflow,ESTAT:HLTH_CD_APYLL(1.0),A,YR,T,A-R_V-Y,EE,2011,6503,
dataflow,ESTAT:HLTH_CD_APYLL(1.0),A,YR,T,A-R_V-Y,EE,2012,6531,
dataflow,ESTAT:HLTH_CD_APYLL(1.0),A,YR,T,A-R_V-Y,EE,2013,5876,
dataflow,ESTAT:HLTH_CD_APYLL(1.0),A,YR,T,A-R_V-Y,EE,2014,5971,
dataflow,ESTAT:HLTH_CD_APYLL(1.0),A,YR,T,A-R_V-Y,EE,2015,5692,
dataflow,ESTAT:HLTH_CD_APYLL(1.0),A,YR,T,A-R_V-Y,EE,2016,5514,
dataflow,ESTAT:HLTH_CD_APYLL(1.0),A,YR,T,A-R_V-Y,EE,2017,5085,
dataflow,ESTAT:HLTH_CD_APYLL(1.0),A,YR,T,A-R_V-Y,EE,2018,4914,
dataflow,ESTAT:HLTH_CD_APYLL(1.0),A,YR,T,A-R_V-Y,EE,2019,4640,
dataflow,ESTAT:HLTH_CD_APYLL(1.0),A,YR,T,A-R_V-Y,EE,2020,4832,
dataflow,ESTAT:HLTH_CD_APYLL(1.0),A,YR,T,A-R_V-Y,EL,2011,3565,
dataflow,ESTAT:HLTH_CD_APYLL(1.0),A,YR,T,A-R_V-Y,EL,2012,3507,
dataflow,ESTAT:HLTH_CD_APYLL(1.0),A,YR,T,A-R_V-Y,EL,2013,3375,
dataflow,ESTAT:HLTH_CD_APYLL(1.0),A,YR,T,A-R_V-Y,EL,2014,3343,
dataflow,ESTAT:HLTH_CD_APYLL(1.0),A,YR,T,A-R_V-Y,EL,2015,3372,
dataflow,ESTAT:HLTH_CD_APYLL(1.0),A,YR,T,A-R_V-Y,EL,2016,3400,
dataflow,ESTAT:HLTH_CD_APYLL(1.0),A,YR,T,A-R_V-Y,EL,2017,3247,
dataflow,ESTAT:HLTH_CD_APYLL(1.0),A,YR,T,A-R_V-Y,EL,2018,3148,
dataflow,ESTAT:HLTH_CD_APYLL(1.0),A,YR,T,A-R_V-Y,EL,2019,3179,
dataflow,ESTAT:HLTH_CD_APYLL(1.0),A,YR,T,A-R_V-Y,EL,2020,3218,
dataflow,ESTAT:HLTH_CD_APYLL(1.0),A,YR,T,A-R_V-Y,ES,2011,3005,
dataflow,ESTAT:HLTH_CD_APYLL(1.0),A,YR,T,A-R_V-Y,ES,2012,2917,
dataflow,ESTAT:HLTH_CD_APYLL(1.0),A,YR,T,A-R_V-Y,ES,2013,2778,
dataflow,ESTAT:HLTH_CD_APYLL(1.0),A,YR,T,A-R_V-Y,ES,2014,2734,
dataflow,ESTAT:HLTH_CD_APYLL(1.0),A,YR,T,A-R_V-Y,ES,2015,2701,
dataflow,ESTAT:HLTH_CD_APYLL(1.0),A,YR,T,A-R_V-Y,ES,2016,2640,
dataflow,ESTAT:HLTH_CD_APYLL(1.0),A,YR,T,A-R_V-Y,ES,2017,2620,
dataflow,ESTAT:HLTH_CD_APYLL(1.0),A,YR,T,A-R_V-Y,ES,2018,2597,
dataflow,ESTAT:HLTH_CD_APYLL(1.0),A,YR,T,A-R_V-Y,ES,2019,2512,
dataflow,ESTAT:HLTH_CD_APYLL(1.0),A,YR,T,A-R_V-Y,ES,2020,2677,
dataflow,ESTAT:HLTH_CD_APYLL(1.0),A,YR,T,A-R_V-Y,EU27_2020,2011,4093,
dataflow,ESTAT:HLTH_CD_APYLL(1.0),A,YR,T,A-R_V-Y,EU27_2020,2012,3985,
dataflow,ESTAT:HLTH_CD_APYLL(1.0),A,YR,T,A-R_V-Y,EU27_2020,2013,3857,
dataflow,ESTAT:HLTH_CD_APYLL(1.0),A,YR,T,A-R_V-Y,EU27_2020,2014,3734,
dataflow,ESTAT:HLTH_CD_APYLL(1.0),A,YR,T,A-R_V-Y,EU27_2020,2015,3735,
dataflow,ESTAT:HLTH_CD_APYLL(1.0),A,YR,T,A-R_V-Y,EU27_2020,2016,3654,
dataflow,ESTAT:HLTH_CD_APYLL(1.0),A,YR,T,A-R_V-Y,EU27_2020,2017,3591,
dataflow,ESTAT:HLTH_CD_APYLL(1.0),A,YR,T,A-R_V-Y,EU27_2020,2018,3579,
dataflow,ESTAT:HLTH_CD_APYLL(1.0),A,YR,T,A-R_V-Y,EU27_2020,2019,3484,
dataflow,ESTAT:HLTH_CD_APYLL(1.0),A,YR,T,A-R_V-Y,EU27_2020,2020,3617,
dataflow,ESTAT:HLTH_CD_APYLL(1.0),A,YR,T,A-R_V-Y,EU28,2011,4020,
dataflow,ESTAT:HLTH_CD_APYLL(1.0),A,YR,T,A-R_V-Y,EU28,2012,3915,
dataflow,ESTAT:HLTH_CD_APYLL(1.0),A,YR,T,A-R_V-Y,EU28,2013,3799,
dataflow,ESTAT:HLTH_CD_APYLL(1.0),A,YR,T,A-R_V-Y,EU28,2014,3684,
dataflow,ESTAT:HLTH_CD_APYLL(1.0),A,YR,T,A-R_V-Y,EU28,2015,3693,
dataflow,ESTAT:HLTH_CD_APYLL(1.0),A,YR,T,A-R_V-Y,EU28,2016,3631,
dataflow,ESTAT:HLTH_CD_APYLL(1.0),A,YR,T,A-R_V-Y,EU28,2017,3568,
dataflow,ESTAT:HLTH_CD_APYLL(1.0),A,YR,T,A-R_V-Y,FI,2011,3891,
dataflow,ESTAT:HLTH_CD_APYLL(1.0),A,YR,T,A-R_V-Y,FI,2012,3764,
dataflow,ESTAT:HLTH_CD_APYLL(1.0),A,YR,T,A-R_V-Y,FI,2013,3572,
dataflow,ESTAT:HLTH_CD_APYLL(1.0),A,YR,T,A-R_V-Y,FI,2014,3441,
dataflow,ESTAT:HLTH_CD_APYLL(1.0),A,YR,T,A-R_V-Y,FI,2015,3207,
dataflow,ESTAT:HLTH_CD_APYLL(1.0),A,YR,T,A-R_V-Y,FI,2016,3281,
dataflow,ESTAT:HLTH_CD_APYLL(1.0),A,YR,T,A-R_V-Y,FI,2017,3273,
dataflow,ESTAT:HLTH_CD_APYLL(1.0),A,YR,T,A-R_V-Y,FI,2018,3185,
dataflow,ESTAT:HLTH_CD_APYLL(1.0),A,YR,T,A-R_V-Y,FI,2019,3157,
dataflow,ESTAT:HLTH_CD_APYLL(1.0),A,YR,T,A-R_V-Y,FI,2020,3224,
dataflow,ESTAT:HLTH_CD_APYLL(1.0),A,YR,T,A-R_V-Y,FR,2011,3844,
dataflow,ESTAT:HLTH_CD_APYLL(1.0),A,YR,T,A-R_V-Y,FR,2012,3756,
dataflow,ESTAT:HLTH_CD_APYLL(1.0),A,YR,T,A-R_V-Y,FR,2013,3650,
dataflow,ESTAT:HLTH_CD_APYLL(1.0),A,YR,T,A-R_V-Y,FR,2014,3538,
dataflow,ESTAT:HLTH_CD_APYLL(1.0),A,YR,T,A-R_V-Y,FR,2015,3578,
dataflow,ESTAT:HLTH_CD_APYLL(1.0),A,YR,T,A-R_V-Y,FR,2016,3503,
dataflow,ESTAT:HLTH_CD_APYLL(1.0),A,YR,T,A-R_V-Y,FR,2017,3458,
dataflow,ESTAT:HLTH_CD_APYLL(1.0),A,YR,T,A-R_V-Y,FR,2018,3454,
dataflow,ESTAT:HLTH_CD_APYLL(1.0),A,YR,T,A-R_V-Y,FR,2019,3396,
dataflow,ESTAT:HLTH_CD_APYLL(1.0),A,YR,T,A-R_V-Y,FR,2020,3401,
dataflow,ESTAT:HLTH_CD_APYLL(1.0),A,YR,T,A-R_V-Y,HR,2011,4917,
dataflow,ESTAT:HLTH_CD_APYLL(1.0),A,YR,T,A-R_V-Y,HR,2012,4770,
dataflow,ESTAT:HLTH_CD_APYLL(1.0),A,YR,T,A-R_V-Y,HR,2013,4586,
dataflow,ESTAT:HLTH_CD_APYLL(1.0),A,YR,T,A-R_V-Y,HR,2014,4491,
dataflow,ESTAT:HLTH_CD_APYLL(1.0),A,YR,T,A-R_V-Y,HR,2015,4599,
dataflow,ESTAT:HLTH_CD_APYLL(1.0),A,YR,T,A-R_V-Y,HR,2016,4285,
dataflow,ESTAT:HLTH_CD_APYLL(1.0),A,YR,T,A-R_V-Y,HR,2017,4337,
dataflow,ESTAT:HLTH_CD_APYLL(1.0),A,YR,T,A-R_V-Y,HR,2018,4360,
dataflow,ESTAT:HLTH_CD_APYLL(1.0),A,YR,T,A-R_V-Y,HR,2019,4239,
dataflow,ESTAT:HLTH_CD_APYLL(1.0),A,YR,T,A-R_V-Y,HR,2020,4300,
dataflow,ESTAT:HLTH_CD_APYLL(1.0),A,YR,T,A-R_V-Y,HU,2011,6664,
dataflow,ESTAT:HLTH_CD_APYLL(1.0),A,YR,T,A-R_V-Y,HU,2012,6432,
dataflow,ESTAT:HLTH_CD_APYLL(1.0),A,YR,T,A-R_V-Y,HU,2013,6063,
dataflow,ESTAT:HLTH_CD_APYLL(1.0),A,YR,T,A-R_V-Y,HU,2014,5957,
dataflow,ESTAT:HLTH_CD_APYLL(1.0),A,YR,T,A-R_V-Y,HU,2015,5958,
dataflow,ESTAT:HLTH_CD_APYLL(1.0),A,YR,T,A-R_V-Y,HU,2016,5678,
dataflow,ESTAT:HLTH_CD_APYLL(1.0),A,YR,T,A-R_V-Y,HU,2017,5666,
dataflow,ESTAT:HLTH_CD_APYLL(1.0),A,YR,T,A-R_V-Y,HU,2018,5536,
dataflow,ESTAT:HLTH_CD_APYLL(1.0),A,YR,T,A-R_V-Y,HU,2019,5386,
dataflow,ESTAT:HLTH_CD_APYLL(1.0),A,YR,T,A-R_V-Y,HU,2020,5595,
dataflow,ESTAT:HLTH_CD_APYLL(1.0),A,YR,T,A-R_V-Y,IE,2011,3472,
dataflow,ESTAT:HLTH_CD_APYLL(1.0),A,YR,T,A-R_V-Y,IE,2012,3371,
dataflow,ESTAT:HLTH_CD_APYLL(1.0),A,YR,T,A-R_V-Y,IE,2013,3228,
dataflow,ESTAT:HLTH_CD_APYLL(1.0),A,YR,T,A-R_V-Y,IE,2014,3131,
dataflow,ESTAT:HLTH_CD_APYLL(1.0),A,YR,T,A-R_V-Y,IE,2015,2991,
dataflow,ESTAT:HLTH_CD_APYLL(1.0),A,YR,T,A-R_V-Y,IE,2016,2890,
dataflow,ESTAT:HLTH_CD_APYLL(1.0),A,YR,T,A-R_V-Y,IE,2017,2765,
dataflow,ESTAT:HLTH_CD_APYLL(1.0),A,YR,T,A-R_V-Y,IE,2018,2808,
dataflow,ESTAT:HLTH_CD_APYLL(1.0),A,YR,T,A-R_V-Y,IE,2019,2700,
dataflow,ESTAT:HLTH_CD_APYLL(1.0),A,YR,T,A-R_V-Y,IE,2020,2871,
dataflow,ESTAT:HLTH_CD_APYLL(1.0),A,YR,T,A-R_V-Y,IS,2011,2533,
dataflow,ESTAT:HLTH_CD_APYLL(1.0),A,YR,T,A-R_V-Y,IS,2012,2491,
dataflow,ESTAT:HLTH_CD_APYLL(1.0),A,YR,T,A-R_V-Y,IS,2013,2672,
dataflow,ESTAT:HLTH_CD_APYLL(1.0),A,YR,T,A-R_V-Y,IS,2014,2590,
dataflow,ESTAT:HLTH_CD_APYLL(1.0),A,YR,T,A-R_V-Y,IS,2015,2707,
dataflow,ESTAT:HLTH_CD_APYLL(1.0),A,YR,T,A-R_V-Y,IS,2016,2498,
dataflow,ESTAT:HLTH_CD_APYLL(1.0),A,YR,T,A-R_V-Y,IS,2017,2590,
dataflow,ESTAT:HLTH_CD_APYLL(1.0),A,YR,T,A-R_V-Y,IS,2018,2489,
dataflow,ESTAT:HLTH_CD_APYLL(1.0),A,YR,T,A-R_V-Y,IS,2019,2354,
dataflow,ESTAT:HLTH_CD_APYLL(1.0),A,YR,T,A-R_V-Y,IS,2020,2588,
dataflow,ESTAT:HLTH_CD_APYLL(1.0),A,YR,T,A-R_V-Y,IT,2011,2812,
dataflow,ESTAT:HLTH_CD_APYLL(1.0),A,YR,T,A-R_V-Y,IT,2012,2752,
dataflow,ESTAT:HLTH_CD_APYLL(1.0),A,YR,T,A-R_V-Y,IT,2013,2629,
dataflow,ESTAT:HLTH_CD_APYLL(1.0),A,YR,T,A-R_V-Y,IT,2014,2520,
dataflow,ESTAT:HLTH_CD_APYLL(1.0),A,YR,T,A-R_V-Y,IT,2015,2579,
dataflow,ESTAT:HLTH_CD_APYLL(1.0),A,YR,T,A-R_V-Y,IT,2016,2477,
dataflow,ESTAT:HLTH_CD_APYLL(1.0),A,YR,T,A-R_V-Y,IT,2017,2460,
dataflow,ESTAT:HLTH_CD_APYLL(1.0),A,YR,T,A-R_V-Y,IT,2018,2465,
dataflow,ESTAT:HLTH_CD_APYLL(1.0),A,YR,T,A-R_V-Y,IT,2019,2371,
dataflow,ESTAT:HLTH_CD_APYLL(1.0),A,YR,T,A-R_V-Y,IT,2020,2526,
dataflow,ESTAT:HLTH_CD_APYLL(1.0),A,YR,T,A-R_V-Y,LI,2011,2476,
dataflow,ESTAT:HLTH_CD_APYLL(1.0),A,YR,T,A-R_V-Y,LI,2012,3194,
dataflow,ESTAT:HLTH_CD_APYLL(1.0),A,YR,T,A-R_V-Y,LI,2013,2719,
dataflow,ESTAT:HLTH_CD_APYLL(1.0),A,YR,T,A-R_V-Y,LI,2014,2343,
dataflow,ESTAT:HLTH_CD_APYLL(1.0),A,YR,T,A-R_V-Y,LI,2015,2711,
dataflow,ESTAT:HLTH_CD_APYLL(1.0),A,YR,T,A-R_V-Y,LI,2016,2482,
dataflow,ESTAT:HLTH_CD_APYLL(1.0),A,YR,T,A-R_V-Y,LI,2017,2425,
dataflow,ESTAT:HLTH_CD_APYLL(1.0),A,YR,T,A-R_V-Y,LI,2018,2340,
dataflow,ESTAT:HLTH_CD_APYLL(1.0),A,YR,T,A-R_V-Y,LI,2019,1808,
dataflow,ESTAT:HLTH_CD_APYLL(1.0),A,YR,T,A-R_V-Y,LI,2020,3070,
dataflow,ESTAT:HLTH_CD_APYLL(1.0),A,YR,T,A-R_V-Y,LT,2011,8606,
dataflow,ESTAT:HLTH_CD_APYLL(1.0),A,YR,T,A-R_V-Y,LT,2012,8311,
dataflow,ESTAT:HLTH_CD_APYLL(1.0),A,YR,T,A-R_V-Y,LT,2013,8345,
dataflow,ESTAT:HLTH_CD_APYLL(1.0),A,YR,T,A-R_V-Y,LT,2014,7832,
dataflow,ESTAT:HLTH_CD_APYLL(1.0),A,YR,T,A-R_V-Y,LT,2015,7726,
dataflow,ESTAT:HLTH_CD_APYLL(1.0),A,YR,T,A-R_V-Y,LT,2016,7521,
dataflow,ESTAT:HLTH_CD_APYLL(1.0),A,YR,T,A-R_V-Y,LT,2017,6644,
dataflow,ESTAT:HLTH_CD_APYLL(1.0),A,YR,T,A-R_V-Y,LT,2018,6550,
dataflow,ESTAT:HLTH_CD_APYLL(1.0),A,YR,T,A-R_V-Y,LT,2019,6267,
dataflow,ESTAT:HLTH_CD_APYLL(1.0),A,YR,T,A-R_V-Y,LT,2020,6885,
dataflow,ESTAT:HLTH_CD_APYLL(1.0),A,YR,T,A-R_V-Y,LU,2011,3265,
dataflow,ESTAT:HLTH_CD_APYLL(1.0),A,YR,T,A-R_V-Y,LU,2012,3067,
dataflow,ESTAT:HLTH_CD_APYLL(1.0),A,YR,T,A-R_V-Y,LU,2013,3092,
dataflow,ESTAT:HLTH_CD_APYLL(1.0),A,YR,T,A-R_V-Y,LU,2014,2843,
dataflow,ESTAT:HLTH_CD_APYLL(1.0),A,YR,T,A-R_V-Y,LU,2015,2677,
dataflow,ESTAT:HLTH_CD_APYLL(1.0),A,YR,T,A-R_V-Y,LU,2016,2702,
dataflow,ESTAT:HLTH_CD_APYLL(1.0),A,YR,T,A-R_V-Y,LU,2017,2566,
dataflow,ESTAT:HLTH_CD_APYLL(1.0),A,YR,T,A-R_V-Y,LU,2018,2459,
dataflow,ESTAT:HLTH_CD_APYLL(1.0),A,YR,T,A-R_V-Y,LU,2019,2450,
dataflow,ESTAT:HLTH_CD_APYLL(1.0),A,YR,T,A-R_V-Y,LU,2020,2411,
dataflow,ESTAT:HLTH_CD_APYLL(1.0),A,YR,T,A-R_V-Y,LV,2011,8372,
dataflow,ESTAT:HLTH_CD_APYLL(1.0),A,YR,T,A-R_V-Y,LV,2012,8130,
dataflow,ESTAT:HLTH_CD_APYLL(1.0),A,YR,T,A-R_V-Y,LV,2013,8045,
dataflow,ESTAT:HLTH_CD_APYLL(1.0),A,YR,T,A-R_V-Y,LV,2014,7850,
dataflow,ESTAT:HLTH_CD_APYLL(1.0),A,YR,T,A-R_V-Y,LV,2015,7479,
dataflow,ESTAT:HLTH_CD_APYLL(1.0),A,YR,T,A-R_V-Y,LV,2016,7324,
dataflow,ESTAT:HLTH_CD_APYLL(1.0),A,YR,T,A-R_V-Y,LV,2017,7372,
dataflow,ESTAT:HLTH_CD_APYLL(1.0),A,YR,T,A-R_V-Y,LV,2018,7240,
dataflow,ESTAT:HLTH_CD_APYLL(1.0),A,YR,T,A-R_V-Y,LV,2019,6777,
dataflow,ESTAT:HLTH_CD_APYLL(1.0),A,YR,T,A-R_V-Y,LV,2020,6787,
dataflow,ESTAT:HLTH_CD_APYLL(1.0),A,YR,T,A-R_V-Y,MT,2011,3309,
dataflow,ESTAT:HLTH_CD_APYLL(1.0),A,YR,T,A-R_V-Y,MT,2012,3298,
dataflow,ESTAT:HLTH_CD_APYLL(1.0),A,YR,T,A-R_V-Y,MT,2013,2827,
dataflow,ESTAT:HLTH_CD_APYLL(1.0),A,YR,T,A-R_V-Y,MT,2014,2870,
dataflow,ESTAT:HLTH_CD_APYLL(1.0),A,YR,T,A-R_V-Y,MT,2015,2935,
dataflow,ESTAT:HLTH_CD_APYLL(1.0),A,YR,T,A-R_V-Y,MT,2016,3057,
dataflow,ESTAT:HLTH_CD_APYLL(1.0),A,YR,T,A-R_V-Y,MT,2017,2917,
dataflow,ESTAT:HLTH_CD_APYLL(1.0),A,YR,T,A-R_V-Y,MT,2018,2907,
dataflow,ESTAT:HLTH_CD_APYLL(1.0),A,YR,T,A-R_V-Y,MT,2019,2722,
dataflow,ESTAT:HLTH_CD_APYLL(1.0),A,YR,T,A-R_V-Y,MT,2020,2739,
dataflow,ESTAT:HLTH_CD_APYLL(1.0),A,YR,T,A-R_V-Y,NL,2011,3051,
dataflow,ESTAT:HLTH_CD_APYLL(1.0),A,YR,T,A-R_V-Y,NL,2012,3048,
dataflow,ESTAT:HLTH_CD_APYLL(1.0),A,YR,T,A-R_V-Y,NL,2013,2961,
dataflow,ESTAT:HLTH_CD_APYLL(1.0),A,YR,T,A-R_V-Y,NL,2014,2855,
dataflow,ESTAT:HLTH_CD_APYLL(1.0),A,YR,T,A-R_V-Y,NL,2015,2822,
dataflow,ESTAT:HLTH_CD_APYLL(1.0),A,YR,T,A-R_V-Y,NL,2016,2833,
dataflow,ESTAT:HLTH_CD_APYLL(1.0),A,YR,T,A-R_V-Y,NL,2017,2767,
dataflow,ESTAT:HLTH_CD_APYLL(1.0),A,YR,T,A-R_V-Y,NL,2018,2725,
dataflow,ESTAT:HLTH_CD_APYLL(1.0),A,YR,T,A-R_V-Y,NL,2019,2662,
dataflow,ESTAT:HLTH_CD_APYLL(1.0),A,YR,T,A-R_V-Y,NL,2020,2769,
dataflow,ESTAT:HLTH_CD_APYLL(1.0),A,YR,T,A-R_V-Y,NO,2011,3200,
dataflow,ESTAT:HLTH_CD_APYLL(1.0),A,YR,T,A-R_V-Y,NO,2012,2977,
dataflow,ESTAT:HLTH_CD_APYLL(1.0),A,YR,T,A-R_V-Y,NO,2013,2787,
dataflow,ESTAT:HLTH_CD_APYLL(1.0),A,YR,T,A-R_V-Y,NO,2014,2659,
dataflow,ESTAT:HLTH_CD_APYLL(1.0),A,YR,T,A-R_V-Y,NO,2015,2508,
dataflow,ESTAT:HLTH_CD_APYLL(1.0),A,YR,T,A-R_V-Y,NO,2016,2540,
dataflow,ESTAT:HLTH_CD_APYLL(1.0),A,YR,T,A-R_V-Y,NO,2017,2431,
dataflow,ESTAT:HLTH_CD_APYLL(1.0),A,YR,T,A-R_V-Y,NO,2018,2403,
dataflow,ESTAT:HLTH_CD_APYLL(1.0),A,YR,T,A-R_V-Y,NO,2019,2367,
dataflow,ESTAT:HLTH_CD_APYLL(1.0),A,YR,T,A-R_V-Y,NO,2020,2301,
dataflow,ESTAT:HLTH_CD_APYLL(1.0),A,YR,T,A-R_V-Y,PL,2011,6117,
dataflow,ESTAT:HLTH_CD_APYLL(1.0),A,YR,T,A-R_V-Y,PL,2012,6036,
dataflow,ESTAT:HLTH_CD_APYLL(1.0),A,YR,T,A-R_V-Y,PL,2013,5823,
dataflow,ESTAT:HLTH_CD_APYLL(1.0),A,YR,T,A-R_V-Y,PL,2014,5539,
dataflow,ESTAT:HLTH_CD_APYLL(1.0),A,YR,T,A-R_V-Y,PL,2015,5530,
dataflow,ESTAT:HLTH_CD_APYLL(1.0),A,YR,T,A-R_V-Y,PL,2016,5414,
dataflow,ESTAT:HLTH_CD_APYLL(1.0),A,YR,T,A-R_V-Y,PL,2017,5384,
dataflow,ESTAT:HLTH_CD_APYLL(1.0),A,YR,T,A-R_V-Y,PL,2018,5428,
dataflow,ESTAT:HLTH_CD_APYLL(1.0),A,YR,T,A-R_V-Y,PL,2019,5316,
dataflow,ESTAT:HLTH_CD_APYLL(1.0),A,YR,T,A-R_V-Y,PL,2020,5712,
dataflow,ESTAT:HLTH_CD_APYLL(1.0),A,YR,T,A-R_V-Y,PT,2011,3905,
dataflow,ESTAT:HLTH_CD_APYLL(1.0),A,YR,T,A-R_V-Y,PT,2012,3778,
dataflow,ESTAT:HLTH_CD_APYLL(1.0),A,YR,T,A-R_V-Y,PT,2013,3641,
dataflow,ESTAT:HLTH_CD_APYLL(1.0),A,YR,T,A-R_V-Y,PT,2014,3516,
dataflow,ESTAT:HLTH_CD_APYLL(1.0),A,YR,T,A-R_V-Y,PT,2015,3403,
dataflow,ESTAT:HLTH_CD_APYLL(1.0),A,YR,T,A-R_V-Y,PT,2016,3399,
dataflow,ESTAT:HLTH_CD_APYLL(1.0),A,YR,T,A-R_V-Y,PT,2017,3382,
dataflow,ESTAT:HLTH_CD_APYLL(1.0),A,YR,T,A-R_V-Y,PT,2018,3375,
dataflow,ESTAT:HLTH_CD_APYLL(1.0),A,YR,T,A-R_V-Y,PT,2019,3280,
dataflow,ESTAT:HLTH_CD_APYLL(1.0),A,YR,T,A-R_V-Y,PT,2020,3377,
dataflow,ESTAT:HLTH_CD_APYLL(1.0),A,YR,T,A-R_V-Y,RO,2011,7387,
dataflow,ESTAT:HLTH_CD_APYLL(1.0),A,YR,T,A-R_V-Y,RO,2012,7101,
dataflow,ESTAT:HLTH_CD_APYLL(1.0),A,YR,T,A-R_V-Y,RO,2013,6777,
dataflow,ESTAT:HLTH_CD_APYLL(1.0),A,YR,T,A-R_V-Y,RO,2014,6668,
dataflow,ESTAT:HLTH_CD_APYLL(1.0),A,YR,T,A-R_V-Y,RO,2015,6573,
dataflow,ESTAT:HLTH_CD_APYLL(1.0),A,YR,T,A-R_V-Y,RO,2016,6493,
dataflow,ESTAT:HLTH_CD_APYLL(1.0),A,YR,T,A-R_V-Y,RO,2017,6423,
dataflow,ESTAT:HLTH_CD_APYLL(1.0),A,YR,T,A-R_V-Y,RO,2018,6423,
dataflow,ESTAT:HLTH_CD_APYLL(1.0),A,YR,T,A-R_V-Y,RO,2019,6301,
dataflow,ESTAT:HLTH_CD_APYLL(1.0),A,YR,T,A-R_V-Y,RO,2020,6814,
dataflow,ESTAT:HLTH_CD_APYLL(1.0),A,YR,T,A-R_V-Y,RS,2011,6076,
dataflow,ESTAT:HLTH_CD_APYLL(1.0),A,YR,T,A-R_V-Y,RS,2012,5916,
dataflow,ESTAT:HLTH_CD_APYLL(1.0),A,YR,T,A-R_V-Y,RS,2013,5753,
dataflow,ESTAT:HLTH_CD_APYLL(1.0),A,YR,T,A-R_V-Y,RS,2014,5684,
dataflow,ESTAT:HLTH_CD_APYLL(1.0),A,YR,T,A-R_V-Y,RS,2015,5660,
dataflow,ESTAT:HLTH_CD_APYLL(1.0),A,YR,T,A-R_V-Y,RS,2016,5429,
dataflow,ESTAT:HLTH_CD_APYLL(1.0),A,YR,T,A-R_V-Y,RS,2017,5456,
dataflow,ESTAT:HLTH_CD_APYLL(1.0),A,YR,T,A-R_V-Y,RS,2018,5303,
dataflow,ESTAT:HLTH_CD_APYLL(1.0),A,YR,T,A-R_V-Y,RS,2019,5330,
dataflow,ESTAT:HLTH_CD_APYLL(1.0),A,YR,T,A-R_V-Y,RS,2020,6061,
dataflow,ESTAT:HLTH_CD_APYLL(1.0),A,YR,T,A-R_V-Y,SE,2011,2748,
dataflow,ESTAT:HLTH_CD_APYLL(1.0),A,YR,T,A-R_V-Y,SE,2012,2725,
dataflow,ESTAT:HLTH_CD_APYLL(1.0),A,YR,T,A-R_V-Y,SE,2013,2747,
dataflow,ESTAT:HLTH_CD_APYLL(1.0),A,YR,T,A-R_V-Y,SE,2014,2664,
dataflow,ESTAT:HLTH_CD_APYLL(1.0),A,YR,T,A-R_V-Y,SE,2015,2649,
dataflow,ESTAT:HLTH_CD_APYLL(1.0),A,YR,T,A-R_V-Y,SE,2016,2604,
dataflow,ESTAT:HLTH_CD_APYLL(1.0),A,YR,T,A-R_V-Y,SE,2017,2571,
dataflow,ESTAT:HLTH_CD_APYLL(1.0),A,YR,T,A-R_V-Y,SE,2018,2513,
dataflow,ESTAT:HLTH_CD_APYLL(1.0),A,YR,T,A-R_V-Y,SE,2019,2385,
dataflow,ESTAT:HLTH_CD_APYLL(1.0),A,YR,T,A-R_V-Y,SE,2020,2557,
dataflow,ESTAT:HLTH_CD_APYLL(1.0),A,YR,T,A-R_V-Y,SI,2011,3791,
dataflow,ESTAT:HLTH_CD_APYLL(1.0),A,YR,T,A-R_V-Y,SI,2012,3561,
dataflow,ESTAT:HLTH_CD_APYLL(1.0),A,YR,T,A-R_V-Y,SI,2013,3614,
dataflow,ESTAT:HLTH_CD_APYLL(1.0),A,YR,T,A-R_V-Y,SI,2014,3191,
dataflow,ESTAT:HLTH_CD_APYLL(1.0),A,YR,T,A-R_V-Y,SI,2015,3385,
dataflow,ESTAT:HLTH_CD_APYLL(1.0),A,YR,T,A-R_V-Y,SI,2016,3153,
dataflow,ESTAT:HLTH_CD_APYLL(1.0),A,YR,T,A-R_V-Y,SI,2017,3115,
dataflow,ESTAT:HLTH_CD_APYLL(1.0),A,YR,T,A-R_V-Y,SI,2018,2867,
dataflow,ESTAT:HLTH_CD_APYLL(1.0),A,YR,T,A-R_V-Y,SI,2019,2825,
dataflow,ESTAT:HLTH_CD_APYLL(1.0),A,YR,T,A-R_V-Y,SI,2020,2870,
dataflow,ESTAT:HLTH_CD_APYLL(1.0),A,YR,T,A-R_V-Y,SK,2011,5748,
dataflow,ESTAT:HLTH_CD_APYLL(1.0),A,YR,T,A-R_V-Y,SK,2012,5618,
dataflow,ESTAT:HLTH_CD_APYLL(1.0),A,YR,T,A-R_V-Y,SK,2013,5427,
dataflow,ESTAT:HLTH_CD_APYLL(1.0),A,YR,T,A-R_V-Y,SK,2014,5293,
dataflow,ESTAT:HLTH_CD_APYLL(1.0),A,YR,T,A-R_V-Y,SK,2015,5386,
dataflow,ESTAT:HLTH_CD_APYLL(1.0),A,YR,T,A-R_V-Y,SK,2016,5070,
dataflow,ESTAT:HLTH_CD_APYLL(1.0),A,YR,T,A-R_V-Y,SK,2017,5008,
dataflow,ESTAT:HLTH_CD_APYLL(1.0),A,YR,T,A-R_V-Y,SK,2018,5081,
dataflow,ESTAT:HLTH_CD_APYLL(1.0),A,YR,T,A-R_V-Y,SK,2019,4916,
dataflow,ESTAT:HLTH_CD_APYLL(1.0),A,YR,T,A-R_V-Y,SK,2020,5050,
dataflow,ESTAT:HLTH_CD_APYLL(1.0),A,YR,T,A-R_V-Y,TR,2011,4082,
dataflow,ESTAT:HLTH_CD_APYLL(1.0),A,YR,T,A-R_V-Y,TR,2012,4008,
dataflow,ESTAT:HLTH_CD_APYLL(1.0),A,YR,T,A-R_V-Y,TR,2013,4364,
dataflow,ESTAT:HLTH_CD_APYLL(1.0),A,YR,T,A-R_V-Y,TR,2014,4351,
dataflow,ESTAT:HLTH_CD_APYLL(1.0),A,YR,T,A-R_V-Y,TR,2015,4165,
dataflow,ESTAT:HLTH_CD_APYLL(1.0),A,YR,T,A-R_V-Y,TR,2016,4268,
dataflow,ESTAT:HLTH_CD_APYLL(1.0),A,YR,T,A-R_V-Y,TR,2017,4100,
dataflow,ESTAT:HLTH_CD_APYLL(1.0),A,YR,T,A-R_V-Y,TR,2018,4248,
dataflow,ESTAT:HLTH_CD_APYLL(1.0),A,YR,T,A-R_V-Y,TR,2019,4106,
dataflow,ESTAT:HLTH_CD_APYLL(1.0),A,YR,T,A-R_V-Y,UK,2011,3483,
dataflow,ESTAT:HLTH_CD_APYLL(1.0),A,YR,T,A-R_V-Y,UK,2012,3411,
dataflow,ESTAT:HLTH_CD_APYLL(1.0),A,YR,T,A-R_V-Y,UK,2013,3372,
dataflow,ESTAT:HLTH_CD_APYLL(1.0),A,YR,T,A-R_V-Y,UK,2014,3318,
dataflow,ESTAT:HLTH_CD_APYLL(1.0),A,YR,T,A-R_V-Y,UK,2015,3384,
dataflow,ESTAT:HLTH_CD_APYLL(1.0),A,YR,T,A-R_V-Y,UK,2016,3455,
dataflow,ESTAT:HLTH_CD_APYLL(1.0),A,YR,T,A-R_V-Y,UK,2017,3406,
dataflow,ESTAT:HLTH_CD_APYLL(1.0),A,YR,T,A-R_V-Y,UK,2018,3426,
