STRUCTURE,STRUCTURE_ID,freq,unit,indic_he,geo,TIME_PERIOD,OBS_VALUE,OBS_FLAG
dataflow,ESTAT:HSW_IND(1.0),A,INX,EM0611,AT,1994,158,
dataflow,ESTAT:HSW_IND(1.0),A,INX,EM0611,AT,1995,164,
dataflow,ESTAT:HSW_IND(1.0),A,INX,EM0611,AT,1996,107,b
dataflow,ESTAT:HSW_IND(1.0),A,INX,EM0611,AT,1997,105,
dataflow,ESTAT:HSW_IND(1.0),A,INX,EM0611,AT,1998,100,
dataflow,ESTAT:HSW_IND(1.0),A,INX,EM0611,AT,1999,99,
dataflow,ESTAT:HSW_IND(1.0),A,INX,EM0611,AT,2000,92,
dataflow,ESTAT:HSW_IND(1.0),A,INX,EM0611,AT,2001,83,
dataflow,ESTAT:HSW_IND(1.0),A,INX,EM0611,AT,2002,84,
dataflow,ESTAT:HSW_IND(1.0),A,INX,EM0611,AT,2003,79,
dataflow,ESTAT:HSW_IND(1.0),A,INX,EM0611,AT,2004,79,
dataflow,ESTAT:HSW_IND(1.0),A,INX,EM0611,AT,2005,77,
dataflow,ESTAT:HSW_IND(1.0),A,INX,EM0611,AT,2006,72,
dataflow,ESTAT:HSW_IND(1.0),A,INX,EM0611,BE,1994,86,
dataflow,ESTAT:HSW_IND(1.0),A,INX,EM0611,BE,1995,110,
dataflow,ESTAT:HSW_IND(1.0),A,INX,EM0611,BE,1996,99,
dataflow,ESTAT:HSW_IND(1.0),A,INX,EM0611,BE,1997,96,
dataflow,ESTAT:HSW_IND(1.0),A,INX,EM0611,BE,1998,100,
dataflow,ESTAT:HSW_IND(1.0),A,INX,EM0611,BE,1999,96,
dataflow,ESTAT:HSW_IND(1.0),A,INX,EM0611,BE,2000,82,b
dataflow,ESTAT:HSW_IND(1.0),A,INX,EM0611,BE,2001,83,
dataflow,ESTAT:HSW_IND(1.0),A,INX,EM0611,BE,2002,72,
dataflow,ESTAT:HSW_IND(1.0),A,INX,EM0611,BE,2003,68,
dataflow,ESTAT:HSW_IND(1.0),A,INX,EM0611,BE,2004,65,
dataflow,ESTAT:HSW_IND(1.0),A,INX,EM0611,BE,2005,62,
dataflow,ESTAT:HSW_IND(1.0),A,INX,EM0611,BE,2006,60,
dataflow,ESTAT:HSW_IND(1.0),A,INX,EM0611,BG,1994,140,
dataflow,ESTAT:HSW_IND(1.0),A,INX,EM0611,BG,1995,147,
dataflow,ESTAT:HSW_IND(1.0),A,INX,EM0611,BG,1996,131,
dataflow,ESTAT:HSW_IND(1.0),A,INX,EM0611,BG,1997,106,
dataflow,ESTAT:HSW_IND(1.0),A,INX,EM0611,BG,1998,100,
dataflow,ESTAT:HSW_IND(1.0),A,INX,EM0611,BG,1999,84,
dataflow,ESTAT:HSW_IND(1.0),A,INX,EM0611,BG,2000,100,b
dataflow,ESTAT:HSW_IND(1.0),A,INX,EM0611,BG,2001,90,
dataflow,ESTAT:HSW_IND(1.0),A,INX,EM0611,BG,2002,84,
dataflow,ESTAT:HSW_IND(1.0),A,INX,EM0611,BG,2003,68,
dataflow,ESTAT:HSW_IND(1.0),A,INX,EM0611,BG,2004,61,
dataflow,ESTAT:HSW_IND(1.0),A,INX,EM0611,BG,2005,58,
dataflow,ESTAT:HSW_IND(1.0),A,INX,EM0611,BG,2006,58,
dataflow,ESTAT:HSW_IND(1.0),A,INX,EM0611,CY,1999,100,
dataflow,ESTAT:HSW_IND(1.0),A,INX,EM0611,CY,2000,112,
dataflow,ESTAT:HSW_IND(1.0),A,INX,EM0611,CY,2001,112,
dataflow,ESTAT:HSW_IND(1.0),A,INX,EM0611,CY,2002,92,
dataflow,ESTAT:HSW_IND(1.0),A,INX,EM0611,CY,2003,103,
dataflow,ESTAT:HSW_IND(1.0),A,INX,EM0611,CY,2004,103,
dataflow,ESTAT:HSW_IND(1.0),A,INX,EM0611,CY,2005,97,
dataflow,ESTAT:HSW_IND(1.0),A,INX,EM0611,CY,2006,86,
dataflow,ESTAT:HSW_IND(1.0),A,INX,EM0611,CZ,1996,96,
dataflow,ESTAT:HSW_IND(1.0),A,INX,EM0611,CZ,1997,91,
dataflow,ESTAT:HSW_IND(1.0),A,INX,EM0611,CZ,1998,100,
dataflow,ESTAT:HSW_IND(1.0),A,INX,EM0611,CZ,1999,93,
dataflow,ESTAT:HSW_IND(1.0),A,INX,EM0611,CZ,2000,91,
dataflow,ESTAT:HSW_IND(1.0),A,INX,EM0611,CZ,2001,91,
dataflow,ESTAT:HSW_IND(1.0),A,INX,EM0611,CZ,2002,89,
dataflow,ESTAT:HSW_IND(1.0),A,INX,EM0611,CZ,2003,80,
dataflow,ESTAT:HSW_IND(1.0),A,INX,EM0611,CZ,2004,81,
dataflow,ESTAT:HSW_IND(1.0),A,INX,EM0611,CZ,2005,80,
dataflow,ESTAT:HSW_IND(1.0),A,INX,EM0611,CZ,2006,78,
dataflow,ESTAT:HSW_IND(1.0),A,INX,EM0611,DE,1994,113,
dataflow,ESTAT:HSW_IND(1.0),A,INX,EM0611,DE,1995,106,
dataflow,ESTAT:HSW_IND(1.0),A,INX,EM0611,DE,1996,103,
dataflow,ESTAT:HSW_IND(1.0),A,INX,EM0611,DE,1997,101,
dataflow,ESTAT:HSW_IND(1.0),A,INX,EM0611,DE,1998,100,
dataflow,ESTAT:HSW_IND(1.0),A,INX,EM0611,DE,1999,99,
dataflow,ESTAT:HSW_IND(1.0),A,INX,EM0611,DE,2000,96,
dataflow,ESTAT:HSW_IND(1.0),A,INX,EM0611,DE,2001,88,
dataflow,ESTAT:HSW_IND(1.0),A,INX,EM0611,DE,2002,82,
dataflow,ESTAT:HSW_IND(1.0),A,INX,EM0611,DE,2003,74,
dataflow,ESTAT:HSW_IND(1.0),A,INX,EM0611,DE,2004,73,
dataflow,ESTAT:HSW_IND(1.0),A,INX,EM0611,DE,2005,65,
dataflow,ESTAT:HSW_IND(1.0),A,INX,EM0611,DE,2006,66,
dataflow,ESTAT:HSW_IND(1.0),A,INX,EM0611,DK,1994,83,
dataflow,ESTAT:HSW_IND(1.0),A,INX,EM0611,DK,1995,82,
dataflow,ESTAT:HSW_IND(1.0),A,INX,EM0611,DK,1996,84,
dataflow,ESTAT:HSW_IND(1.0),A,INX,EM0611,DK,1997,100,
dataflow,ESTAT:HSW_IND(1.0),A,INX,EM0611,DK,1998,100,
dataflow,ESTAT:HSW_IND(1.0),A,INX,EM0611,DK,1999,95,
dataflow,ESTAT:HSW_IND(1.0),A,INX,EM0611,DK,2000,89,
dataflow,ESTAT:HSW_IND(1.0),A,INX,EM0611,DK,2001,90,
dataflow,ESTAT:HSW_IND(1.0),A,INX,EM0611,DK,2002,82,
dataflow,ESTAT:HSW_IND(1.0),A,INX,EM0611,DK,2003,76,
dataflow,ESTAT:HSW_IND(1.0),A,INX,EM0611,DK,2004,79,
dataflow,ESTAT:HSW_IND(1.0),A,INX,EM0611,DK,2005,83,
dataflow,ESTAT:HSW_IND(1.0),A,INX,EM0611,DK,2006,84,
dataflow,ESTAT:HSW_IND(1.0),A,INX,EM0611,EE,1995,85,
dataflow,ESTAT:HSW_IND(1.0),A,INX,EM0611,EE,1996,77,
dataflow,ESTAT:HSW_IND(1.0),A,INX,EM0611,EE,1997,83,
dataflow,ESTAT:HSW_IND(1.0),A,INX,EM0611,EE,1998,100,
dataflow,ESTAT:HSW_IND(1.0),A,INX,EM0611,EE,1999,106,
dataflow,ESTAT:HSW_IND(1.0),A,INX,EM0611,EE,2000,105,
dataflow,ESTAT:HSW_IND(1.0),A,INX,EM0611,EE,2001,132,
dataflow,ESTAT:HSW_IND(1.0),A,INX,EM0611,EE,2002,125,
dataflow,ESTAT:HSW_IND(1.0),A,INX,EM0611,EE,2003,128,
dataflow,ESTAT:HSW_IND(1.0),A,INX,EM0611,EE,2004,124,
dataflow,ESTAT:HSW_IND(1.0),A,INX,EM0611,EE,2005,126,
dataflow,ESTAT:HSW_IND(1.0),A,INX,EM0611,EE,2006,120,
dataflow,ESTAT:HSW_IND(1.0),A,INX,EM0611,EL,1994,126,
dataflow,ESTAT:HSW_IND(1.0),A,INX,EM0611,EL,1995,118,
dataflow,ESTAT:HSW_IND(1.0),A,INX,EM0611,EL,1996,129,
dataflow,ESTAT:HSW_IND(1.0),A,INX,EM0611,EL,1997,113,
dataflow,ESTAT:HSW_IND(1.0),A,INX,EM0611,EL,1998,100,
dataflow,ESTAT:HSW_IND(1.0),A,INX,EM0611,EL,1999,93,
dataflow,ESTAT:HSW_IND(1.0),A,INX,EM0611,EL,2000,88,
dataflow,ESTAT:HSW_IND(1.0),A,INX,EM0611,EL,2001,86,
dataflow,ESTAT:HSW_IND(1.0),A,INX,EM0611,EL,2002,83,
dataflow,ESTAT:HSW_IND(1.0),A,INX,EM0611,EL,2003,71,
dataflow,ESTAT:HSW_IND(1.0),A,INX,EM0611,EL,2004,66,
dataflow,ESTAT:HSW_IND(1.0),A,INX,EM0611,EL,2005,55,
dataflow,ESTAT:HSW_IND(1.0),A,INX,EM0611,EL,2006,55,
dataflow,ESTAT:HSW_IND(1.0),A,INX,EM0611,ES,1994,88,
dataflow,ESTAT:HSW_IND(1.0),A,INX,EM0611,ES,1995,92,
dataflow,ESTAT:HSW_IND(1.0),A,INX,EM0611,ES,1996,95,
dataflow,ESTAT:HSW_IND(1.0),A,INX,EM0611,ES,1997,95,
dataflow,ESTAT:HSW_IND(1.0),A,INX,EM0611,ES,1998,100,
dataflow,ESTAT:HSW_IND(1.0),A,INX,EM0611,ES,1999,107,
dataflow,ESTAT:HSW_IND(1.0),A,INX,EM0611,ES,2000,108,
dataflow,ESTAT:HSW_IND(1.0),A,INX,EM0611,ES,2001,106,
dataflow,ESTAT:HSW_IND(1.0),A,INX,EM0611,ES,2002,103,
dataflow,ESTAT:HSW_IND(1.0),A,INX,EM0611,ES,2003,100,
dataflow,ESTAT:HSW_IND(1.0),A,INX,EM0611,ES,2004,92,
dataflow,ESTAT:HSW_IND(1.0),A,INX,EM0611,ES,2005,87,
dataflow,ESTAT:HSW_IND(1.0),A,INX,EM0611,ES,2006,85,
dataflow,ESTAT:HSW_IND(1.0),A,INX,EM0611,FI,1994,114,
dataflow,ESTAT:HSW_IND(1.0),A,INX,EM0611,FI,1995,106,
dataflow,ESTAT:HSW_IND(1.0),A,INX,EM0611,FI,1996,98,
dataflow,ESTAT:HSW_IND(1.0),A,INX,EM0611,FI,1997,98,
dataflow,ESTAT:HSW_IND(1.0),A,INX,EM0611,FI,1998,100,
dataflow,ESTAT:HSW_IND(1.0),A,INX,EM0611,FI,1999,91,
dataflow,ESTAT:HSW_IND(1.0),A,INX,EM0611,FI,2000,89,
dataflow,ESTAT:HSW_IND(1.0),A,INX,EM0611,FI,2001,87,b
dataflow,ESTAT:HSW_IND(1.0),A,INX,EM0611,FI,2002,85,
dataflow,ESTAT:HSW_IND(1.0),A,INX,EM0611,FI,2003,83,
dataflow,ESTAT:HSW_IND(1.0),A,INX,EM0611,FI,2004,83,
dataflow,ESTAT:HSW_IND(1.0),A,INX,EM0611,FI,2005,88,
dataflow,ESTAT:HSW_IND(1.0),A,INX,EM0611,FI,2006,88,
dataflow,ESTAT:HSW_IND(1.0),A,INX,EM0611,FR,1994,112,
dataflow,ESTAT:HSW_IND(1.0),A,INX,EM0611,FR,1995,104,
dataflow,ESTAT:HSW_IND(1.0),A,INX,EM0611,FR,1996,101,
dataflow,ESTAT:HSW_IND(1.0),A,INX,EM0611,FR,1997,101,
dataflow,ESTAT:HSW_IND(1.0),A,INX,EM0611,FR,1998,100,
dataflow,ESTAT:HSW_IND(1.0),A,INX,EM0611,FR,1999,101,
dataflow,ESTAT:HSW_IND(1.0),A,INX,EM0611,FR,2000,102,
dataflow,ESTAT:HSW_IND(1.0),A,INX,EM0611,FR,2001,98,
dataflow,ESTAT:HSW_IND(1.0),A,INX,EM0611,FR,2002,99,
dataflow,ESTAT:HSW_IND(1.0),A,INX,EM0611,FR,2003,95,
dataflow,ESTAT:HSW_IND(1.0),A,INX,EM0611,FR,2004,90,
dataflow,ESTAT:HSW_IND(1.0),A,INX,EM0611,FR,2005,90,
dataflow,ESTAT:HSW_IND(1.0),A,INX,EM0611,FR,2006,82,
dataflow,ESTAT:HSW_IND(1.0),A,INX,EM0611,HU,1994,130,
dataflow,ESTAT:HSW_IND(1.0),A,INX,EM0611,HU,1995,123,
dataflow,ESTAT:HSW_IND(1.0),A,INX,EM0611,HU,1996,110,
dataflow,ESTAT:HSW_IND(1.0),A,INX,EM0611,HU,1997,103,
dataflow,ESTAT:HSW_IND(1.0),A,INX,EM0611,HU,1998,100,
dataflow,ESTAT:HSW_IND(1.0),A,INX,EM0611,HU,1999,93,
dataflow,ESTAT:HSW_IND(1.0),A,INX,EM0611,HU,2000,93,
dataflow,ESTAT:HSW_IND(1.0),A,INX,EM0611,HU,2001,86,
dataflow,ESTAT:HSW_IND(1.0),A,INX,EM0611,HU,2002,84,
dataflow,ESTAT:HSW_IND(1.0),A,INX,EM0611,HU,2003,83,
dataflow,ESTAT:HSW_IND(1.0),A,INX,EM0611,HU,2004,79,
dataflow,ESTAT:HSW_IND(1.0),A,INX,EM0611,HU,2005,79,
dataflow,ESTAT:HSW_IND(1.0),A,INX,EM0611,HU,2006,74,
dataflow,ESTAT:HSW_IND(1.0),A,INX,EM0611,IE,1994,59,
dataflow,ESTAT:HSW_IND(1.0),A,INX,EM0611,IE,1995,62,
dataflow,ESTAT:HSW_IND(1.0),A,INX,EM0611,IE,1996,104,b
dataflow,ESTAT:HSW_IND(1.0),A,INX,EM0611,IE,1997,115,
dataflow,ESTAT:HSW_IND(1.0),A,INX,EM0611,IE,1998,100,
dataflow,ESTAT:HSW_IND(1.0),A,INX,EM0611,IE,1999,,d
dataflow,ESTAT:HSW_IND(1.0),A,INX,EM0611,IE,2000,,d
dataflow,ESTAT:HSW_IND(1.0),A,INX,EM0611,IE,2001,,d
dataflow,ESTAT:HSW_IND(1.0),A,INX,EM0611,IE,2002,100,
dataflow,ESTAT:HSW_IND(1.0),A,INX,EM0611,IE,2003,105,
dataflow,ESTAT:HSW_IND(1.0),A,INX,EM0611,IE,2004,94,
dataflow,ESTAT:HSW_IND(1.0),A,INX,EM0611,IE,2005,101,
dataflow,ESTAT:HSW_IND(1.0),A,INX,EM0611,IE,2006,107,
dataflow,ESTAT:HSW_IND(1.0),A,INX,EM0611,IT,1994,113,
dataflow,ESTAT:HSW_IND(1.0),A,INX,EM0611,IT,1995,102,
dataflow,ESTAT:HSW_IND(1.0),A,INX,EM0611,IT,1996,102,
dataflow,ESTAT:HSW_IND(1.0),A,INX,EM0611,IT,1997,100,
dataflow,ESTAT:HSW_IND(1.0),A,INX,EM0611,IT,1998,100,
dataflow,ESTAT:HSW_IND(1.0),A,INX,EM0611,IT,1999,99,
dataflow,ESTAT:HSW_IND(1.0),A,INX,EM0611,IT,2000,99,
dataflow,ESTAT:HSW_IND(1.0),A,INX,EM0611,IT,2001,92,
dataflow,ESTAT:HSW_IND(1.0),A,INX,EM0611,IT,2002,83,
dataflow,ESTAT:HSW_IND(1.0),A,INX,EM0611,IT,2003,80,
dataflow,ESTAT:HSW_IND(1.0),A,INX,EM0611,IT,2004,75,
dataflow,ESTAT:HSW_IND(1.0),A,INX,EM0611,IT,2005,71,
dataflow,ESTAT:HSW_IND(1.0),A,INX,EM0611,IT,2006,69,
dataflow,ESTAT:HSW_IND(1.0),A,INX,EM0611,JP,1994,123,
dataflow,ESTAT:HSW_IND(1.0),A,INX,EM0611,JP,1995,117,
dataflow,ESTAT:HSW_IND(1.0),A,INX,EM0611,JP,1996,114,
dataflow,ESTAT:HSW_IND(1.0),A,INX,EM0611,JP,1997,107,
dataflow,ESTAT:HSW_IND(1.0),A,INX,EM0611,JP,1998,100,
dataflow,ESTAT:HSW_IND(1.0),A,INX,EM0611,JP,1999,93,
dataflow,ESTAT:HSW_IND(1.0),A,INX,EM0611,JP,2000,91,
dataflow,ESTAT:HSW_IND(1.0),A,INX,EM0611,JP,2001,91,
dataflow,ESTAT:HSW_IND(1.0),A,INX,EM0611,JP,2002,86,
dataflow,ESTAT:HSW_IND(1.0),A,INX,EM0611,JP,2003,86,
dataflow,ESTAT:HSW_IND(1.0),A,INX,EM0611,JP,2004,83,
dataflow,ESTAT:HSW_IND(1.0),A,INX,EM0611,JP,2005,81,
dataflow,ESTAT:HSW_IND(1.0),A,INX,EM0611,LT,1995,90,
dataflow,ESTAT:HSW_IND(1.0),A,INX,EM0611,LT,1996,88,
dataflow,ESTAT:HSW_IND(1.0),A,INX,EM0611,LT,1997,90,
dataflow,ESTAT:HSW_IND(1.0),A,INX,EM0611,LT,1998,100,
dataflow,ESTAT:HSW_IND(1.0),A,INX,EM0611,LT,1999,90,
dataflow,ESTAT:HSW_IND(1.0),A,INX,EM0611,LT,2000,94,
dataflow,ESTAT:HSW_IND(1.0),A,INX,EM0611,LT,2001,85,
dataflow,ESTAT:HSW_IND(1.0),A,INX,EM0611,LT,2002,86,
dataflow,ESTAT:HSW_IND(1.0),A,INX,EM0611,LT,2003,82,
dataflow,ESTAT:HSW_IND(1.0),A,INX,EM0611,LT,2004,82,
dataflow,ESTAT:HSW_IND(1.0),A,INX,EM0611,LT,2005,104,
dataflow,ESTAT:HSW_IND(1.0),A,INX,EM0611,LT,2006,101,
dataflow,ESTAT:HSW_IND(1.0),A,INX,EM0611,LU,1994,96,
dataflow,ESTAT:HSW_IND(1.0),A,INX,EM0611,LU,1995,98,
dataflow,ESTAT:HSW_IND(1.0),A,INX,EM0611,LU,1996,100,
dataflow,ESTAT:HSW_IND(1.0),A,INX,EM0611,LU,1997,98,
dataflow,ESTAT:HSW_IND(1.0),A,INX,EM0611,LU,1998,100,
dataflow,ESTAT:HSW_IND(1.0),A,INX,EM0611,LU,1999,105,
dataflow,ESTAT:HSW_IND(1.0),A,INX,EM0611,LU,2000,104,
dataflow,ESTAT:HSW_IND(1.0),A,INX,EM0611,LU,2001,97,
dataflow,ESTAT:HSW_IND(1.0),A,INX,EM0611,LU,2002,109,
dataflow,ESTAT:HSW_IND(1.0),A,INX,EM0611,LU,2003,107,
dataflow,ESTAT:HSW_IND(1.0),A,INX,EM0611,LU,2004,94,
dataflow,ESTAT:HSW_IND(1.0),A,INX,EM0611,LU,2005,72,
dataflow,ESTAT:HSW_IND(1.0),A,INX,EM0611,LU,2006,78,
dataflow,ESTAT:HSW_IND(1.0),A,INX,EM0611,LV,1998,100,
dataflow,ESTAT:HSW_IND(1.0),A,INX,EM0611,LV,1999,75,
dataflow,ESTAT:HSW_IND(1.0),A,INX,EM0611,LV,2000,65,
dataflow,ESTAT:HSW_IND(1.0),A,INX,EM0611,LV,2001,116,
dataflow,ESTAT:HSW_IND(1.0),A,INX,EM0611,LV,2002,108,
dataflow,ESTAT:HSW_IND(1.0),A,INX,EM0611,LV,2003,84,
dataflow,ESTAT:HSW_IND(1.0),A,INX,EM0611,LV,2004,79,
dataflow,ESTAT:HSW_IND(1.0),A,INX,EM0611,LV,2005,92,
dataflow,ESTAT:HSW_IND(1.0),A,INX,EM0611,LV,2006,91,
dataflow,ESTAT:HSW_IND(1.0),A,INX,EM0611,MT,1994,111,e
dataflow,ESTAT:HSW_IND(1.0),A,INX,EM0611,MT,1995,106,e
dataflow,ESTAT:HSW_IND(1.0),A,INX,EM0611,MT,1996,92,e
dataflow,ESTAT:HSW_IND(1.0),A,INX,EM0611,MT,1997,112,e
dataflow,ESTAT:HSW_IND(1.0),A,INX,EM0611,MT,1998,100,
dataflow,ESTAT:HSW_IND(1.0),A,INX,EM0611,MT,1999,113,
dataflow,ESTAT:HSW_IND(1.0),A,INX,EM0611,MT,2000,77,
dataflow,ESTAT:HSW_IND(1.0),A,INX,EM0611,MT,2001,94,
dataflow,ESTAT:HSW_IND(1.0),A,INX,EM0611,MT,2002,91,
dataflow,ESTAT:HSW_IND(1.0),A,INX,EM0611,MT,2003,90,
dataflow,ESTAT:HSW_IND(1.0),A,INX,EM0611,MT,2004,83,
dataflow,ESTAT:HSW_IND(1.0),A,INX,EM0611,MT,2005,77,
dataflow,ESTAT:HSW_IND(1.0),A,INX,EM0611,MT,2006,85,
dataflow,ESTAT:HSW_IND(1.0),A,INX,EM0611,NL,1994,110,
dataflow,ESTAT:HSW_IND(1.0),A,INX,EM0611,NL,1995,108,
dataflow,ESTAT:HSW_IND(1.0),A,INX,EM0611,NL,1996,109,
dataflow,ESTAT:HSW_IND(1.0),A,INX,EM0611,NL,1997,107,
dataflow,ESTAT:HSW_IND(1.0),A,INX,EM0611,NL,1998,100,
dataflow,ESTAT:HSW_IND(1.0),A,INX,EM0611,NL,1999,108,b
dataflow,ESTAT:HSW_IND(1.0),A,INX,EM0611,NL,2000,105,
dataflow,ESTAT:HSW_IND(1.0),A,INX,EM0611,NL,2001,92,
dataflow,ESTAT:HSW_IND(1.0),A,INX,EM0611,NL,2002,100,b
dataflow,ESTAT:HSW_IND(1.0),A,INX,EM0611,NL,2003,82,
dataflow,ESTAT:HSW_IND(1.0),A,INX,EM0611,NL,2004,73,
dataflow,ESTAT:HSW_IND(1.0),A,INX,EM0611,NL,2005,100,b
dataflow,ESTAT:HSW_IND(1.0),A,INX,EM0611,NO,1995,95,
dataflow,ESTAT:HSW_IND(1.0),A,INX,EM0611,NO,1996,89,
dataflow,ESTAT:HSW_IND(1.0),A,INX,EM0611,NO,1997,81,
dataflow,ESTAT:HSW_IND(1.0),A,INX,EM0611,NO,1998,100,
dataflow,ESTAT:HSW_IND(1.0),A,INX,EM0611,NO,1999,91,
dataflow,ESTAT:HSW_IND(1.0),A,INX,EM0611,NO,2000,94,
dataflow,ESTAT:HSW_IND(1.0),A,INX,EM0611,NO,2001,82,
dataflow,ESTAT:HSW_IND(1.0),A,INX,EM0611,NO,2002,74,
dataflow,ESTAT:HSW_IND(1.0),A,INX,EM0611,NO,2003,68,
dataflow,ESTAT:HSW_IND(1.0),A,INX,EM0611,NO,2004,59,
dataflow,ESTAT:HSW_IND(1.0),A,INX,EM0611,NO,2005,64,
dataflow,ESTAT:HSW_IND(1.0),A,INX,EM0611,NO,2006,63,
dataflow,ESTAT:HSW_IND(1.0),A,INX,EM0611,PL,1997,113,
dataflow,ESTAT:HSW_IND(1.0),A,INX,EM0611,PL,1998,100,
dataflow,ESTAT:HSW_IND(1.0),A,INX,EM0611,PL,1999,86,
dataflow,ESTAT:HSW_IND(1.0),A,INX,EM0611,PL,2000,85,
dataflow,ESTAT:HSW_IND(1.0),A,INX,EM0611,PL,2001,78,
dataflow,ESTAT:HSW_IND(1.0),A,INX,EM0611,PL,2002,76,
dataflow,ESTAT:HSW_IND(1.0),A,INX,EM0611,PL,2003,82,
dataflow,ESTAT:HSW_IND(1.0),A,INX,EM0611,PL,2004,84,
dataflow,ESTAT:HSW_IND(1.0),A,INX,EM0611,PL,2005,80,
dataflow,ESTAT:HSW_IND(1.0),A,INX,EM0611,PL,2006,88,
dataflow,ESTAT:HSW_IND(1.0),A,INX,EM0611,PT,1994,107,
dataflow,ESTAT:HSW_IND(1.0),A,INX,EM0611,PT,1995,109,
dataflow,ESTAT:HSW_IND(1.0),A,INX,EM0611,PT,1996,109,
dataflow,ESTAT:HSW_IND(1.0),A,INX,EM0611,PT,1997,100,
dataflow,ESTAT:HSW_IND(1.0),A,INX,EM0611,PT,1998,100,
dataflow,ESTAT:HSW_IND(1.0),A,INX,EM0611,PT,1999,92,
dataflow,ESTAT:HSW_IND(1.0),A,INX,EM0611,PT,2000,88,
dataflow,ESTAT:HSW_IND(1.0),A,INX,EM0611,PT,2001,91,
dataflow,ESTAT:HSW_IND(1.0),A,INX,EM0611,PT,2002,74,
dataflow,ESTAT:HSW_IND(1.0),A,INX,EM0611,PT,2003,72,
dataflow,ESTAT:HSW_IND(1.0),A,INX,EM0611,PT,2004,75,
dataflow,ESTAT:HSW_IND(1.0),A,INX,EM0611,PT,2005,74,
dataflow,ESTAT:HSW_IND(1.0),A,INX,EM0611,PT,2006,76,
dataflow,ESTAT:HSW_IND(1.0),A,INX,EM0611,RO,1997,106,
dataflow,ESTAT:HSW_IND(1.0),A,INX,EM0611,RO,1998,100,
dataflow,ESTAT:HSW_IND(1.0),A,INX,EM0611,RO,1999,100,
dataflow,ESTAT:HSW_IND(1.0),A,INX,EM0611,RO,2000,106,
dataflow,ESTAT:HSW_IND(1.0),A,INX,EM0611,RO,2001,113,
dataflow,ESTAT:HSW_IND(1.0),A,INX,EM0611,RO,2002,104,
dataflow,ESTAT:HSW_IND(1.0),A,INX,EM0611,RO,2003,111,
dataflow,ESTAT:HSW_IND(1.0),A,INX,EM0611,RO,2004,103,
dataflow,ESTAT:HSW_IND(1.0),A,INX,EM0611,RO,2005,96,
dataflow,ESTAT:HSW_IND(1.0),A,INX,EM0611,RO,2006,94,
dataflow,ESTAT:HSW_IND(1.0),A,INX,EM0611,SE,1994,84,
dataflow,ESTAT:HSW_IND(1.0),A,INX,EM0611,SE,1995,76,
dataflow,ESTAT:HSW_IND(1.0),A,INX,EM0611,SE,1996,92,
dataflow,ESTAT:HSW_IND(1.0),A,INX,EM0611,SE,1997,81,
dataflow,ESTAT:HSW_IND(1.0),A,INX,EM0611,SE,1998,100,
dataflow,ESTAT:HSW_IND(1.0),A,INX,EM0611,SE,1999,107,
dataflow,ESTAT:HSW_IND(1.0),A,INX,EM0611,SE,2000,111,
dataflow,ESTAT:HSW_IND(1.0),A,INX,EM0611,SE,2001,113,
dataflow,ESTAT:HSW_IND(1.0),A,INX,EM0611,SE,2002,101,
dataflow,ESTAT:HSW_IND(1.0),A,INX,EM0611,SE,2003,94,
dataflow,ESTAT:HSW_IND(1.0),A,INX,EM0611,SE,2004,86,
dataflow,ESTAT:HSW_IND(1.0),A,INX,EM0611,SE,2005,85,
dataflow,ESTAT:HSW_IND(1.0),A,INX,EM0611,SE,2006,82,
dataflow,ESTAT:HSW_IND(1.0),A,INX,EM0611,SI,1994,102,
dataflow,ESTAT:HSW_IND(1.0),A,INX,EM0611,SI,1995,109,
dataflow,ESTAT:HSW_IND(1.0),A,INX,EM0611,SI,1996,110,
dataflow,ESTAT:HSW_IND(1.0),A,INX,EM0611,SI,1997,106,
dataflow,ESTAT:HSW_IND(1.0),A,INX,EM0611,SI,1998,100,
dataflow,ESTAT:HSW_IND(1.0),A,INX,EM0611,SI,1999,100,
dataflow,ESTAT:HSW_IND(1.0),A,INX,EM0611,SI,2000,98,
dataflow,ESTAT:HSW_IND(1.0),A,INX,EM0611,SI,2001,94,
dataflow,ESTAT:HSW_IND(1.0),A,INX,EM0611,SI,2002,94,
dataflow,ESTAT:HSW_IND(1.0),A,INX,EM0611,SI,2003,98,
dataflow,ESTAT:HSW_IND(1.0),A,INX,EM0611,SI,2004,98,
dataflow,ESTAT:HSW_IND(1.0),A,INX,EM0611,SI,2005,84,
dataflow,ESTAT:HSW_IND(1.0),A,INX,EM0611,SI,2006,70,
dataflow,ESTAT:HSW_IND(1.0),A,INX,EM0611,SK,1995,95,
dataflow,ESTAT:HSW_IND(1.0),A,INX,EM0611,SK,1996,96,
dataflow,ESTAT:HSW_IND(1.0),A,INX,EM0611,SK,1997,107,
dataflow,ESTAT:HSW_IND(1.0),A,INX,EM0611,SK,1998,100,
dataflow,ESTAT:HSW_IND(1.0),A,INX,EM0611,SK,1999,92,
dataflow,ESTAT:HSW_IND(1.0),A,INX,EM0611,SK,2000,87,
dataflow,ESTAT:HSW_IND(1.0),A,INX,EM0611,SK,2001,83,
dataflow,ESTAT:HSW_IND(1.0),A,INX,EM0611,SK,2002,77,
dataflow,ESTAT:HSW_IND(1.0),A,INX,EM0611,SK,2003,68,
dataflow,ESTAT:HSW_IND(1.0),A,INX,EM0611,SK,2004,54,
dataflow,ESTAT:HSW_IND(1.0),A,INX,EM0611,SK,2005,52,
dataflow,ESTAT:HSW_IND(1.0),A,INX,EM0611,SK,2006,64,
dataflow,ESTAT:HSW_IND(1.0),A,INX,EM0611,TR,1996,94,
dataflow,ESTAT:HSW_IND(1.0),A,INX,EM0611,TR,1997,107,
dataflow,ESTAT:HSW_IND(1.0),A,INX,EM0611,TR,1998,100,
dataflow,ESTAT:HSW_IND(1.0),A,INX,EM0611,TR,1999,84,
dataflow,ESTAT:HSW_IND(1.0),A,INX,EM0611,TR,2000,85,
dataflow,ESTAT:HSW_IND(1.0),A,INX,EM0611,TR,2001,90,
dataflow,ESTAT:HSW_IND(1.0),A,INX,EM0611,TR,2002,84,
dataflow,ESTAT:HSW_IND(1.0),A,INX,EM0611,TR,2003,83,
dataflow,ESTAT:HSW_IND(1.0),A,INX,EM0611,TR,2004,82,
dataflow,ESTAT:HSW_IND(1.0),A,INX,EM0611,TR,2005,65,
dataflow,ESTAT:HSW_IND(1.0),A,INX,EM0611,UK,1994,127,
dataflow,ESTAT:HSW_IND(1.0),A,INX,EM0611,UK,1995,119,
dataflow,ESTAT:HSW_IND(1.0),A,INX,EM0611,UK,1996,103,
dataflow,ESTAT:HSW_IND(1.0),A,INX,EM0611,UK,1997,102,
dataflow,ESTAT:HSW_IND(1.0),A,INX,EM0611,UK,1998,100,
dataflow,ESTAT:HSW_IND(1.0),A,INX,EM0611,UK,1999,106,
dataflow,ESTAT:HSW_IND(1.0),A,INX,EM0611,UK,2000,106,
dataflow,ESTAT:HSW_IND(1.0),A,INX,EM0611,UK,2001,110,
dataflow,ESTAT:HSW_IND(1.0),A,INX,EM0611,UK,2002,108,
dataflow,ESTAT:HSW_IND(1.0),A,INX,EM0611,UK,2003,107,
dataflow,ESTAT:HSW_IND(1.0),A,INX,EM0611,UK,2004,88,
dataflow,ESTAT:HSW_IND(1.0),A,INX,EM0611,UK,2005,84,
dataflow,ESTAT:HSW_IND(1.0),A,INX,EM0611,UK,2006,75,
dataflow,ESTAT:HSW_IND(1.0),A,INX,EM0611,US,1994,121,
dataflow,ESTAT:HSW_IND(1.0),A,INX,EM0611,US,1995,117,
dataflow,ESTAT:HSW_IND(1.0),A,INX,EM0611,US,1996,107,
dataflow,ESTAT:HSW_IND(1.0),A,INX,EM0611,US,1997,107,
dataflow,ESTAT:HSW_IND(1.0),A,INX,EM0611,US,1998,100,b
dataflow,ESTAT:HSW_IND(1.0),A,INX,EM0611,US,1999,96,
dataflow,ESTAT:HSW_IND(1.0),A,INX,EM0611,US,2000,92,
dataflow,ESTAT:HSW_IND(1.0),A,INX,EM0611,US,2001,85,
dataflow,ESTAT:HSW_IND(1.0),A,INX,EM0611,US,2002,81,
dataflow,ESTAT:HSW_IND(1.0),A,INX,EM0611,US,2003,74,
dataflow,ESTAT:HSW_IND(1.0),A,INX,EM0611,US,2004,70,
dataflow,ESTAT:HSW_IND(1.0),A,INX,EM0611,US,2005,68,
dataflow,ESTAT:HSW_IND(1.0),A,INX,EM0612,AT,1996,124,
dataflow,ESTAT:HSW_IND(1.0),A,INX,EM0612,AT,1997,106,
dataflow,ESTAT:HSW_IND(1.0),A,INX,EM0612,AT,1998,100,
dataflow,ESTAT:HSW_IND(1.0),A,INX,EM0612,AT,1999,99,
dataflow,ESTAT:HSW_IND(1.0),A,INX,EM0612,AT,2000,93,
dataflow,ESTAT:HSW_IND(1.0),A,INX,EM0612,AT,2001,73,
dataflow,ESTAT:HSW_IND(1.0),A,INX,EM0612,AT,2002,75,
dataflow,ESTAT:HSW_IND(1.0),A,INX,EM0612,AT,2003,71,
dataflow,ESTAT:HSW_IND(1.0),A,INX,EM0612,AT,2004,72,
dataflow,ESTAT:HSW_IND(1.0),A,INX,EM0612,AT,2005,77,
dataflow,ESTAT:HSW_IND(1.0),A,INX,EM0612,AT,2006,72,
dataflow,ESTAT:HSW_IND(1.0),A,INX,EM0612,BE,1994,78,
dataflow,ESTAT:HSW_IND(1.0),A,INX,EM0612,BE,1995,100,
dataflow,ESTAT:HSW_IND(1.0),A,INX,EM0612,BE,1996,98,
dataflow,ESTAT:HSW_IND(1.0),A,INX,EM0612,BE,1997,95,
dataflow,ESTAT:HSW_IND(1.0),A,INX,EM0612,BE,1998,100,
dataflow,ESTAT:HSW_IND(1.0),A,INX,EM0612,BE,1999,96,
dataflow,ESTAT:HSW_IND(1.0),A,INX,EM0612,BE,2000,101,
dataflow,ESTAT:HSW_IND(1.0),A,INX,EM0612,BE,2001,88,
dataflow,ESTAT:HSW_IND(1.0),A,INX,EM0612,BE,2002,80,
dataflow,ESTAT:HSW_IND(1.0),A,INX,EM0612,BE,2003,76,
dataflow,ESTAT:HSW_IND(1.0),A,INX,EM0612,BE,2004,71,
dataflow,ESTAT:HSW_IND(1.0),A,INX,EM0612,BE,2005,65,
dataflow,ESTAT:HSW_IND(1.0),A,INX,EM0612,BE,2006,61,
dataflow,ESTAT:HSW_IND(1.0),A,INX,EM0612,BG,2000,100,
dataflow,ESTAT:HSW_IND(1.0),A,INX,EM0612,BG,2001,84,
dataflow,ESTAT:HSW_IND(1.0),A,INX,EM0612,BG,2002,85,
dataflow,ESTAT:HSW_IND(1.0),A,INX,EM0612,BG,2003,67,
dataflow,ESTAT:HSW_IND(1.0),A,INX,EM0612,BG,2004,61,
dataflow,ESTAT:HSW_IND(1.0),A,INX,EM0612,BG,2005,62,
dataflow,ESTAT:HSW_IND(1.0),A,INX,EM0612,BG,2006,50,
dataflow,ESTAT:HSW_IND(1.0),A,INX,EM0612,CY,1999,100,
dataflow,ESTAT:HSW_IND(1.0),A,INX,EM0612,CY,2000,118,
dataflow,ESTAT:HSW_IND(1.0),A,INX,EM0612,CY,2001,123,
dataflow,ESTAT:HSW_IND(1.0),A,INX,EM0612,CY,2002,92,
dataflow,ESTAT:HSW_IND(1.0),A,INX,EM0612,CY,2003,98,
dataflow,ESTAT:HSW_IND(1.0),A,INX,EM0612,CY,2004,100,
dataflow,ESTAT:HSW_IND(1.0),A,INX,EM0612,CY,2005,111,
dataflow,ESTAT:HSW_IND(1.0),A,INX,EM0612,CY,2006,116,
dataflow,ESTAT:HSW_IND(1.0),A,INX,EM0612,CZ,1998,100,
dataflow,ESTAT:HSW_IND(1.0),A,INX,EM0612,CZ,1999,97,
dataflow,ESTAT:HSW_IND(1.0),A,INX,EM0612,CZ,2000,95,
dataflow,ESTAT:HSW_IND(1.0),A,INX,EM0612,CZ,2001,97,
dataflow,ESTAT:HSW_IND(1.0),A,INX,EM0612,CZ,2002,97,
dataflow,ESTAT:HSW_IND(1.0),A,INX,EM0612,CZ,2003,90,
dataflow,ESTAT:HSW_IND(1.0),A,INX,EM0612,CZ,2004,94,
dataflow,ESTAT:HSW_IND(1.0),A,INX,EM0612,CZ,2005,95,
dataflow,ESTAT:HSW_IND(1.0),A,INX,EM0612,CZ,2006,91,
dataflow,ESTAT:HSW_IND(1.0),A,INX,EM0612,DE,1994,102,
dataflow,ESTAT:HSW_IND(1.0),A,INX,EM0612,DE,1995,98,
dataflow,ESTAT:HSW_IND(1.0),A,INX,EM0612,DE,1996,102,
dataflow,ESTAT:HSW_IND(1.0),A,INX,EM0612,DE,1997,99,
dataflow,ESTAT:HSW_IND(1.0),A,INX,EM0612,DE,1998,100,
dataflow,ESTAT:HSW_IND(1.0),A,INX,EM0612,DE,1999,99,
dataflow,ESTAT:HSW_IND(1.0),A,INX,EM0612,DE,2000,99,
dataflow,ESTAT:HSW_IND(1.0),A,INX,EM0612,DE,2001,94,
dataflow,ESTAT:HSW_IND(1.0),A,INX,EM0612,DE,2002,87,
dataflow,ESTAT:HSW_IND(1.0),A,INX,EM0612,DE,2003,77,
dataflow,ESTAT:HSW_IND(1.0),A,INX,EM0612,DE,2004,77,
dataflow,ESTAT:HSW_IND(1.0),A,INX,EM0612,DE,2005,68,
dataflow,ESTAT:HSW_IND(1.0),A,INX,EM0612,DE,2006,68,
dataflow,ESTAT:HSW_IND(1.0),A,INX,EM0612,DK,1994,78,
dataflow,ESTAT:HSW_IND(1.0),A,INX,EM0612,DK,1995,83,
dataflow,ESTAT:HSW_IND(1.0),A,INX,EM0612,DK,1996,90,
dataflow,ESTAT:HSW_IND(1.0),A,INX,EM0612,DK,1997,104,
dataflow,ESTAT:HSW_IND(1.0),A,INX,EM0612,DK,1998,100,
dataflow,ESTAT:HSW_IND(1.0),A,INX,EM0612,DK,1999,103,
dataflow,ESTAT:HSW_IND(1.0),A,INX,EM0612,DK,2000,99,
dataflow,ESTAT:HSW_IND(1.0),A,INX,EM0612,DK,2001,95,
dataflow,ESTAT:HSW_IND(1.0),A,INX,EM0612,DK,2002,92,
dataflow,ESTAT:HSW_IND(1.0),A,INX,EM0612,DK,2003,86,
dataflow,ESTAT:HSW_IND(1.0),A,INX,EM0612,DK,2004,90,
dataflow,ESTAT:HSW_IND(1.0),A,INX,EM0612,DK,2005,96,
dataflow,ESTAT:HSW_IND(1.0),A,INX,EM0612,DK,2006,99,
dataflow,ESTAT:HSW_IND(1.0),A,INX,EM0612,EE,1998,100,
dataflow,ESTAT:HSW_IND(1.0),A,INX,EM0612,EE,1999,138,
dataflow,ESTAT:HSW_IND(1.0),A,INX,EM0612,EE,2000,130,
dataflow,ESTAT:HSW_IND(1.0),A,INX,EM0612,EE,2001,181,
dataflow,ESTAT:HSW_IND(1.0),A,INX,EM0612,EE,2002,130,
dataflow,ESTAT:HSW_IND(1.0),A,INX,EM0612,EE,2003,137,
dataflow,ESTAT:HSW_IND(1.0),A,INX,EM0612,EE,2004,126,
dataflow,ESTAT:HSW_IND(1.0),A,INX,EM0612,EE,2005,142,
dataflow,ESTAT:HSW_IND(1.0),A,INX,EM0612,EE,2006,129,
dataflow,ESTAT:HSW_IND(1.0),A,INX,EM0612,EL,1994,137,
dataflow,ESTAT:HSW_IND(1.0),A,INX,EM0612,EL,1995,118,
dataflow,ESTAT:HSW_IND(1.0),A,INX,EM0612,EL,1996,126,
dataflow,ESTAT:HSW_IND(1.0),A,INX,EM0612,EL,1997,106,
dataflow,ESTAT:HSW_IND(1.0),A,INX,EM0612,EL,1998,100,
dataflow,ESTAT:HSW_IND(1.0),A,INX,EM0612,EL,1999,88,
dataflow,ESTAT:HSW_IND(1.0),A,INX,EM0612,EL,2000,76,
dataflow,ESTAT:HSW_IND(1.0),A,INX,EM0612,EL,2001,77,
dataflow,ESTAT:HSW_IND(1.0),A,INX,EM0612,EL,2002,76,
dataflow,ESTAT:HSW_IND(1.0),A,INX,EM0612,EL,2003,67,
dataflow,ESTAT:HSW_IND(1.0),A,INX,EM0612,EL,2004,65,
dataflow,ESTAT:HSW_IND(1.0),A,INX,EM0612,EL,2005,49,
dataflow,ESTAT:HSW_IND(1.0),A,INX,EM0612,EL,2006,55,
dataflow,ESTAT:HSW_IND(1.0),A,INX,EM0612,ES,1994,77,
dataflow,ESTAT:HSW_IND(1.0),A,INX,EM0612,ES,1995,80,
dataflow,ESTAT:HSW_IND(1.0),A,INX,EM0612,ES,1996,88,
dataflow,ESTAT:HSW_IND(1.0),A,INX,EM0612,ES,1997,91,
dataflow,ESTAT:HSW_IND(1.0),A,INX,EM0612,ES,1998,100,
dataflow,ESTAT:HSW_IND(1.0),A,INX,EM0612,ES,1999,109,
dataflow,ESTAT:HSW_IND(1.0),A,INX,EM0612,ES,2000,113,
dataflow,ESTAT:HSW_IND(1.0),A,INX,EM0612,ES,2001,110,
dataflow,ESTAT:HSW_IND(1.0),A,INX,EM0612,ES,2002,105,
dataflow,ESTAT:HSW_IND(1.0),A,INX,EM0612,ES,2003,106,
dataflow,ESTAT:HSW_IND(1.0),A,INX,EM0612,ES,2004,98,
dataflow,ESTAT:HSW_IND(1.0),A,INX,EM0612,ES,2005,88,
dataflow,ESTAT:HSW_IND(1.0),A,INX,EM0612,ES,2006,84,
dataflow,ESTAT:HSW_IND(1.0),A,INX,EM0612,FI,1994,108,
dataflow,ESTAT:HSW_IND(1.0),A,INX,EM0612,FI,1995,107,
dataflow,ESTAT:HSW_IND(1.0),A,INX,EM0612,FI,1996,96,
dataflow,ESTAT:HSW_IND(1.0),A,INX,EM0612,FI,1997,98,
dataflow,ESTAT:HSW_IND(1.0),A,INX,EM0612,FI,1998,100,
dataflow,ESTAT:HSW_IND(1.0),A,INX,EM0612,FI,1999,90,
dataflow,ESTAT:HSW_IND(1.0),A,INX,EM0612,FI,2000,89,
dataflow,ESTAT:HSW_IND(1.0),A,INX,EM0612,FI,2001,87,b
dataflow,ESTAT:HSW_IND(1.0),A,INX,EM0612,FI,2002,85,
dataflow,ESTAT:HSW_IND(1.0),A,INX,EM0612,FI,2003,86,
dataflow,ESTAT:HSW_IND(1.0),A,INX,EM0612,FI,2004,90,
dataflow,ESTAT:HSW_IND(1.0),A,INX,EM0612,FI,2005,93,
dataflow,ESTAT:HSW_IND(1.0),A,INX,EM0612,FI,2006,96,
dataflow,ESTAT:HSW_IND(1.0),A,INX,EM0612,FR,1994,111,
dataflow,ESTAT:HSW_IND(1.0),A,INX,EM0612,FR,1995,102,
dataflow,ESTAT:HSW_IND(1.0),A,INX,EM0612,FR,1996,102,
dataflow,ESTAT:HSW_IND(1.0),A,INX,EM0612,FR,1997,103,
dataflow,ESTAT:HSW_IND(1.0),A,INX,EM0612,FR,1998,100,
dataflow,ESTAT:HSW_IND(1.0),A,INX,EM0612,FR,1999,106,
dataflow,ESTAT:HSW_IND(1.0),A,INX,EM0612,FR,2000,111,
dataflow,ESTAT:HSW_IND(1.0),A,INX,EM0612,FR,2001,110,
dataflow,ESTAT:HSW_IND(1.0),A,INX,EM0612,FR,2002,117,
dataflow,ESTAT:HSW_IND(1.0),A,INX,EM0612,FR,2003,112,
dataflow,ESTAT:HSW_IND(1.0),A,INX,EM0612,FR,2004,107,
dataflow,ESTAT:HSW_IND(1.0),A,INX,EM0612,FR,2005,111,
dataflow,ESTAT:HSW_IND(1.0),A,INX,EM0612,FR,2006,103,
dataflow,ESTAT:HSW_IND(1.0),A,INX,EM0612,HU,1998,100,
dataflow,ESTAT:HSW_IND(1.0),A,INX,EM0612,HU,1999,92,
dataflow,ESTAT:HSW_IND(1.0),A,INX,EM0612,HU,2000,94,
dataflow,ESTAT:HSW_IND(1.0),A,INX,EM0612,HU,2001,90,
dataflow,ESTAT:HSW_IND(1.0),A,INX,EM0612,HU,2002,91,
dataflow,ESTAT:HSW_IND(1.0),A,INX,EM0612,HU,2003,94,
dataflow,ESTAT:HSW_IND(1.0),A,INX,EM0612,HU,2004,93,
dataflow,ESTAT:HSW_IND(1.0),A,INX,EM0612,HU,2005,93,
dataflow,ESTAT:HSW_IND(1.0),A,INX,EM0612,HU,2006,86,
dataflow,ESTAT:HSW_IND(1.0),A,INX,EM0612,IE,1996,112,
dataflow,ESTAT:HSW_IND(1.0),A,INX,EM0612,IE,1997,120,
dataflow,ESTAT:HSW_IND(1.0),A,INX,EM0612,IE,1998,100,
dataflow,ESTAT:HSW_IND(1.0),A,INX,EM0612,IE,1999,,d
dataflow,ESTAT:HSW_IND(1.0),A,INX,EM0612,IE,2000,,d
dataflow,ESTAT:HSW_IND(1.0),A,INX,EM0612,IE,2001,,d
dataflow,ESTAT:HSW_IND(1.0),A,INX,EM0612,IE,2002,100,
dataflow,ESTAT:HSW_IND(1.0),A,INX,EM0612,IE,2003,103,
dataflow,ESTAT:HSW_IND(1.0),A,INX,EM0612,IE,2004,87,
dataflow,ESTAT:HSW_IND(1.0),A,INX,EM0612,IE,2005,104,
dataflow,ESTAT:HSW_IND(1.0),A,INX,EM0612,IE,2006,89,
dataflow,ESTAT:HSW_IND(1.0),A,INX,EM0612,IT,1994,106,
dataflow,ESTAT:HSW_IND(1.0),A,INX,EM0612,IT,1995,97,
dataflow,ESTAT:HSW_IND(1.0),A,INX,EM0612,IT,1996,98,
dataflow,ESTAT:HSW_IND(1.0),A,INX,EM0612,IT,1997,97,
dataflow,ESTAT:HSW_IND(1.0),A,INX,EM0612,IT,1998,100,
dataflow,ESTAT:HSW_IND(1.0),A,INX,EM0612,IT,1999,102,
dataflow,ESTAT:HSW_IND(1.0),A,INX,EM0612,IT,2000,104,
dataflow,ESTAT:HSW_IND(1.0),A,INX,EM0612,IT,2001,88,
dataflow,ESTAT:HSW_IND(1.0),A,INX,EM0612,IT,2002,86,
dataflow,ESTAT:HSW_IND(1.0),A,INX,EM0612,IT,2003,84,
dataflow,ESTAT:HSW_IND(1.0),A,INX,EM0612,IT,2004,77,
dataflow,ESTAT:HSW_IND(1.0),A,INX,EM0612,IT,2005,76,
dataflow,ESTAT:HSW_IND(1.0),A,INX,EM0612,IT,2006,74,
dataflow,ESTAT:HSW_IND(1.0),A,INX,EM0612,LT,1998,100,
dataflow,ESTAT:HSW_IND(1.0),A,INX,EM0612,LT,1999,85,
dataflow,ESTAT:HSW_IND(1.0),A,INX,EM0612,LT,2000,95,
dataflow,ESTAT:HSW_IND(1.0),A,INX,EM0612,LT,2001,87,
dataflow,ESTAT:HSW_IND(1.0),A,INX,EM0612,LT,2002,84,
dataflow,ESTAT:HSW_IND(1.0),A,INX,EM0612,LT,2003,84,
dataflow,ESTAT:HSW_IND(1.0),A,INX,EM0612,LT,2004,81,
dataflow,ESTAT:HSW_IND(1.0),A,INX,EM0612,LT,2005,101,
dataflow,ESTAT:HSW_IND(1.0),A,INX,EM0612,LT,2006,119,
dataflow,ESTAT:HSW_IND(1.0),A,INX,EM0612,LU,1994,79,
dataflow,ESTAT:HSW_IND(1.0),A,INX,EM0612,LU,1995,93,
dataflow,ESTAT:HSW_IND(1.0),A,INX,EM0612,LU,1996,101,
dataflow,ESTAT:HSW_IND(1.0),A,INX,EM0612,LU,1997,96,
dataflow,ESTAT:HSW_IND(1.0),A,INX,EM0612,LU,1998,100,
dataflow,ESTAT:HSW_IND(1.0),A,INX,EM0612,LU,1999,99,
dataflow,ESTAT:HSW_IND(1.0),A,INX,EM0612,LU,2000,100,
dataflow,ESTAT:HSW_IND(1.0),A,INX,EM0612,LU,2001,101,
dataflow,ESTAT:HSW_IND(1.0),A,INX,EM0612,LU,2002,116,
dataflow,ESTAT:HSW_IND(1.0),A,INX,EM0612,LU,2003,118,
dataflow,ESTAT:HSW_IND(1.0),A,INX,EM0612,LU,2004,96,
dataflow,ESTAT:HSW_IND(1.0),A,INX,EM0612,LU,2005,65,
dataflow,ESTAT:HSW_IND(1.0),A,INX,EM0612,LU,2006,70,
dataflow,ESTAT:HSW_IND(1.0),A,INX,EM0612,MT,1998,100,
dataflow,ESTAT:HSW_IND(1.0),A,INX,EM0612,MT,1999,108,
dataflow,ESTAT:HSW_IND(1.0),A,INX,EM0612,MT,2000,77,
dataflow,ESTAT:HSW_IND(1.0),A,INX,EM0612,MT,2001,86,
dataflow,ESTAT:HSW_IND(1.0),A,INX,EM0612,MT,2002,76,
dataflow,ESTAT:HSW_IND(1.0),A,INX,EM0612,MT,2003,78,
dataflow,ESTAT:HSW_IND(1.0),A,INX,EM0612,MT,2004,77,
dataflow,ESTAT:HSW_IND(1.0),A,INX,EM0612,MT,2005,72,
dataflow,ESTAT:HSW_IND(1.0),A,INX,EM0612,MT,2006,71,
dataflow,ESTAT:HSW_IND(1.0),A,INX,EM0612,NL,2002,100,b
dataflow,ESTAT:HSW_IND(1.0),A,INX,EM0612,NL,2003,85,
dataflow,ESTAT:HSW_IND(1.0),A,INX,EM0612,NL,2004,95,
dataflow,ESTAT:HSW_IND(1.0),A,INX,EM0612,NL,2005,100,b
dataflow,ESTAT:HSW_IND(1.0),A,INX,EM0612,NO,1995,90,
dataflow,ESTAT:HSW_IND(1.0),A,INX,EM0612,NO,1996,86,
dataflow,ESTAT:HSW_IND(1.0),A,INX,EM0612,NO,1997,78,
dataflow,ESTAT:HSW_IND(1.0),A,INX,EM0612,NO,1998,100,
dataflow,ESTAT:HSW_IND(1.0),A,INX,EM0612,NO,1999,98,
dataflow,ESTAT:HSW_IND(1.0),A,INX,EM0612,NO,2000,107,
dataflow,ESTAT:HSW_IND(1.0),A,INX,EM0612,NO,2001,89,
dataflow,ESTAT:HSW_IND(1.0),A,INX,EM0612,NO,2002,82,
dataflow,ESTAT:HSW_IND(1.0),A,INX,EM0612,NO,2003,78,
dataflow,ESTAT:HSW_IND(1.0),A,INX,EM0612,NO,2004,66,
dataflow,ESTAT:HSW_IND(1.0),A,INX,EM0612,NO,2005,75,
dataflow,ESTAT:HSW_IND(1.0),A,INX,EM0612,NO,2006,75,
dataflow,ESTAT:HSW_IND(1.0),A,INX,EM0612,PL,1998,100,
dataflow,ESTAT:HSW_IND(1.0),A,INX,EM0612,PL,1999,85,
dataflow,ESTAT:HSW_IND(1.0),A,INX,EM0612,PL,2000,85,
dataflow,ESTAT:HSW_IND(1.0),A,INX,EM0612,PL,2001,80,
dataflow,ESTAT:HSW_IND(1.0),A,INX,EM0612,PL,2002,81,
dataflow,ESTAT:HSW_IND(1.0),A,INX,EM0612,PL,2003,90,
dataflow,ESTAT:HSW_IND(1.0),A,INX,EM0612,PL,2004,92,
dataflow,ESTAT:HSW_IND(1.0),A,INX,EM0612,PL,2005,90,
dataflow,ESTAT:HSW_IND(1.0),A,INX,EM0612,PL,2006,98,
dataflow,ESTAT:HSW_IND(1.0),A,INX,EM0612,PT,1997,104,
dataflow,ESTAT:HSW_IND(1.0),A,INX,EM0612,PT,1998,100,
dataflow,ESTAT:HSW_IND(1.0),A,INX,EM0612,PT,1999,75,
dataflow,ESTAT:HSW_IND(1.0),A,INX,EM0612,PT,2000,87,
dataflow,ESTAT:HSW_IND(1.0),A,INX,EM0612,PT,2001,94,
dataflow,ESTAT:HSW_IND(1.0),A,INX,EM0612,PT,2002,83,
dataflow,ESTAT:HSW_IND(1.0),A,INX,EM0612,PT,2003,77,
dataflow,ESTAT:HSW_IND(1.0),A,INX,EM0612,PT,2004,84,
dataflow,ESTAT:HSW_IND(1.0),A,INX,EM0612,PT,2005,77,
dataflow,ESTAT:HSW_IND(1.0),A,INX,EM0612,PT,2006,81,
dataflow,ESTAT:HSW_IND(1.0),A,INX,EM0612,RO,1998,100,
dataflow,ESTAT:HSW_IND(1.0),A,INX,EM0612,RO,1999,94,
dataflow,ESTAT:HSW_IND(1.0),A,INX,EM0612,RO,2000,101,
dataflow,ESTAT:HSW_IND(1.0),A,INX,EM0612,RO,2001,112,
dataflow,ESTAT:HSW_IND(1.0),A,INX,EM0612,RO,2002,96,
dataflow,ESTAT:HSW_IND(1.0),A,INX,EM0612,RO,2003,117,
dataflow,ESTAT:HSW_IND(1.0),A,INX,EM0612,RO,2004,97,
dataflow,ESTAT:HSW_IND(1.0),A,INX,EM0612,RO,2005,88,
dataflow,ESTAT:HSW_IND(1.0),A,INX,EM0612,RO,2006,97,
dataflow,ESTAT:HSW_IND(1.0),A,INX,EM0612,SE,1994,79,
dataflow,ESTAT:HSW_IND(1.0),A,INX,EM0612,SE,1995,73,
dataflow,ESTAT:HSW_IND(1.0),A,INX,EM0612,SE,1996,84,
dataflow,ESTAT:HSW_IND(1.0),A,INX,EM0612,SE,1997,76,
dataflow,ESTAT:HSW_IND(1.0),A,INX,EM0612,SE,1998,100,
dataflow,ESTAT:HSW_IND(1.0),A,INX,EM0612,SE,1999,103,
dataflow,ESTAT:HSW_IND(1.0),A,INX,EM0612,SE,2000,106,
dataflow,ESTAT:HSW_IND(1.0),A,INX,EM0612,SE,2001,106,
dataflow,ESTAT:HSW_IND(1.0),A,INX,EM0612,SE,2002,96,
dataflow,ESTAT:HSW_IND(1.0),A,INX,EM0612,SE,2003,95,
dataflow,ESTAT:HSW_IND(1.0),A,INX,EM0612,SE,2004,85,
dataflow,ESTAT:HSW_IND(1.0),A,INX,EM0612,SE,2005,88,
dataflow,ESTAT:HSW_IND(1.0),A,INX,EM0612,SE,2006,83,
dataflow,ESTAT:HSW_IND(1.0),A,INX,EM0612,SI,1998,100,
dataflow,ESTAT:HSW_IND(1.0),A,INX,EM0612,SI,1999,101,
dataflow,ESTAT:HSW_IND(1.0),A,INX,EM0612,SI,2000,98,
dataflow,ESTAT:HSW_IND(1.0),A,INX,EM0612,SI,2001,95,
dataflow,ESTAT:HSW_IND(1.0),A,INX,EM0612,SI,2002,100,
dataflow,ESTAT:HSW_IND(1.0),A,INX,EM0612,SI,2003,109,
dataflow,ESTAT:HSW_IND(1.0),A,INX,EM0612,SI,2004,109,
dataflow,ESTAT:HSW_IND(1.0),A,INX,EM0612,SI,2005,95,
dataflow,ESTAT:HSW_IND(1.0),A,INX,EM0612,SI,2006,60,
dataflow,ESTAT:HSW_IND(1.0),A,INX,EM0612,SK,1998,100,
dataflow,ESTAT:HSW_IND(1.0),A,INX,EM0612,SK,1999,96,
dataflow,ESTAT:HSW_IND(1.0),A,INX,EM0612,SK,2000,88,
dataflow,ESTAT:HSW_IND(1.0),A,INX,EM0612,SK,2001,83,
dataflow,ESTAT:HSW_IND(1.0),A,INX,EM0612,SK,2002,84,
dataflow,ESTAT:HSW_IND(1.0),A,INX,EM0612,SK,2003,76,
dataflow,ESTAT:HSW_IND(1.0),A,INX,EM0612,SK,2004,62,
dataflow,ESTAT:HSW_IND(1.0),A,INX,EM0612,SK,2005,63,
dataflow,ESTAT:HSW_IND(1.0),A,INX,EM0612,SK,2006,80,
dataflow,ESTAT:HSW_IND(1.0),A,INX,EM0612,UK,1994,129,
dataflow,ESTAT:HSW_IND(1.0),A,INX,EM0612,UK,1995,130,
dataflow,ESTAT:HSW_IND(1.0),A,INX,EM0612,UK,1996,103,
dataflow,ESTAT:HSW_IND(1.0),A,INX,EM0612,UK,1997,99,
dataflow,ESTAT:HSW_IND(1.0),A,INX,EM0612,UK,1998,100,
dataflow,ESTAT:HSW_IND(1.0),A,INX,EM0612,UK,1999,109,
dataflow,ESTAT:HSW_IND(1.0),A,INX,EM0612,UK,2000,110,
dataflow,ESTAT:HSW_IND(1.0),A,INX,EM0612,UK,2001,111,
dataflow,ESTAT:HSW_IND(1.0),A,INX,EM0612,UK,2002,110,
dataflow,ESTAT:HSW_IND(1.0),A,INX,EM0612,UK,2003,109,
dataflow,ESTAT:HSW_IND(1.0),A,INX,EM0612,UK,2004,81,
dataflow,ESTAT:HSW_IND(1.0),A,INX,EM0612,UK,2005,79,
dataflow,ESTAT:HSW_IND(1.0),A,INX,EM0612,UK,2006,71,
dataflow,ESTAT:HSW_IND(1.0),A,INX,EM0612,US,1994,121,e
dataflow,ESTAT:HSW_IND(1.0),A,INX,EM0612,US,1995,117,e
dataflow,ESTAT:HSW_IND(1.0),A,INX,EM0612,US,1996,107,e
dataflow,ESTAT:HSW_IND(1.0),A,INX,EM0612,US,1997,107,e
dataflow,ESTAT:HSW_IND(1.0),A,INX,EM0612,US,1998,100,b
dataflow,ESTAT:HSW_IND(1.0),A,INX,EM0612,US,1999,95,
dataflow,ESTAT:HSW_IND(1.0),A,INX,EM0612,US,2000,93,
dataflow,ESTAT:HSW_IND(1.0),A,INX,EM0612,US,2001,86,
dataflow,ESTAT:HSW_IND(1.0),A,INX,EM0612,US,2002,84,
dataflow,ESTAT:HSW_IND(1.0),A,INX,EM0612,US,2003,78,
dataflow,ESTAT:HSW_IND(1.0),A,INX,EM0612,US,2004,71,
dataflow,ESTAT:HSW_IND(1.0),A,INX,EM0612,US,2005,68,
dataflow,ESTAT:HSW_IND(1.0),A,INX,EM0613,AT,1996,104,
dataflow,ESTAT:HSW_IND(1.0),A,INX,EM0613,AT,1997,106,
dataflow,ESTAT:HSW_IND(1.0),A,INX,EM0613,AT,1998,100,
dataflow,ESTAT:HSW_IND(1.0),A,INX,EM0613,AT,1999,100,
dataflow,ESTAT:HSW_IND(1.0),A,INX,EM0613,AT,2000,92,
dataflow,ESTAT:HSW_IND(1.0),A,INX,EM0613,AT,2001,86,
dataflow,ESTAT:HSW_IND(1.0),A,INX,EM0613,AT,2002,87,
dataflow,ESTAT:HSW_IND(1.0),A,INX,EM0613,AT,2003,82,
dataflow,ESTAT:HSW_IND(1.0),A,INX,EM0613,AT,2004,86,
dataflow,ESTAT:HSW_IND(1.0),A,INX,EM0613,AT,2005,78,
dataflow,ESTAT:HSW_IND(1.0),A,INX,EM0613,AT,2006,73,
dataflow,ESTAT:HSW_IND(1.0),A,INX,EM0613,BE,1994,87,
dataflow,ESTAT:HSW_IND(1.0),A,INX,EM0613,BE,1995,110,
dataflow,ESTAT:HSW_IND(1.0),A,INX,EM0613,BE,1996,98,
dataflow,ESTAT:HSW_IND(1.0),A,INX,EM0613,BE,1997,96,
dataflow,ESTAT:HSW_IND(1.0),A,INX,EM0613,BE,1998,100,
dataflow,ESTAT:HSW_IND(1.0),A,INX,EM0613,BE,1999,96,
dataflow,ESTAT:HSW_IND(1.0),A,INX,EM0613,BE,2000,80,b
dataflow,ESTAT:HSW_IND(1.0),A,INX,EM0613,BE,2001,84,
dataflow,ESTAT:HSW_IND(1.0),A,INX,EM0613,BE,2002,73,
dataflow,ESTAT:HSW_IND(1.0),A,INX,EM0613,BE,2003,67,
dataflow,ESTAT:HSW_IND(1.0),A,INX,EM0613,BE,2004,65,
dataflow,ESTAT:HSW_IND(1.0),A,INX,EM0613,BE,2005,63,
dataflow,ESTAT:HSW_IND(1.0),A,INX,EM0613,BE,2006,63,
dataflow,ESTAT:HSW_IND(1.0),A,INX,EM0613,BG,2000,100,
dataflow,ESTAT:HSW_IND(1.0),A,INX,EM0613,BG,2001,93,
dataflow,ESTAT:HSW_IND(1.0),A,INX,EM0613,BG,2002,84,
dataflow,ESTAT:HSW_IND(1.0),A,INX,EM0613,BG,2003,69,
dataflow,ESTAT:HSW_IND(1.0),A,INX,EM0613,BG,2004,60,
dataflow,ESTAT:HSW_IND(1.0),A,INX,EM0613,BG,2005,56,
dataflow,ESTAT:HSW_IND(1.0),A,INX,EM0613,BG,2006,62,
dataflow,ESTAT:HSW_IND(1.0),A,INX,EM0613,CY,1999,100,
dataflow,ESTAT:HSW_IND(1.0),A,INX,EM0613,CY,2000,112,
dataflow,ESTAT:HSW_IND(1.0),A,INX,EM0613,CY,2001,110,
dataflow,ESTAT:HSW_IND(1.0),A,INX,EM0613,CY,2002,92,
dataflow,ESTAT:HSW_IND(1.0),A,INX,EM0613,CY,2003,105,
dataflow,ESTAT:HSW_IND(1.0),A,INX,EM0613,CY,2004,104,
dataflow,ESTAT:HSW_IND(1.0),A,INX,EM0613,CY,2005,91,
dataflow,ESTAT:HSW_IND(1.0),A,INX,EM0613,CY,2006,80,
dataflow,ESTAT:HSW_IND(1.0),A,INX,EM0613,CZ,1998,100,
dataflow,ESTAT:HSW_IND(1.0),A,INX,EM0613,CZ,1999,92,
dataflow,ESTAT:HSW_IND(1.0),A,INX,EM0613,CZ,2000,90,
dataflow,ESTAT:HSW_IND(1.0),A,INX,EM0613,CZ,2001,89,
dataflow,ESTAT:HSW_IND(1.0),A,INX,EM0613,CZ,2002,85,
dataflow,ESTAT:HSW_IND(1.0),A,INX,EM0613,CZ,2003,77,
dataflow,ESTAT:HSW_IND(1.0),A,INX,EM0613,CZ,2004,77,
dataflow,ESTAT:HSW_IND(1.0),A,INX,EM0613,CZ,2005,74,
dataflow,ESTAT:HSW_IND(1.0),A,INX,EM0613,CZ,2006,74,
dataflow,ESTAT:HSW_IND(1.0),A,INX,EM0613,DE,1994,114,
dataflow,ESTAT:HSW_IND(1.0),A,INX,EM0613,DE,1995,107,
dataflow,ESTAT:HSW_IND(1.0),A,INX,EM0613,DE,1996,103,
dataflow,ESTAT:HSW_IND(1.0),A,INX,EM0613,DE,1997,102,
dataflow,ESTAT:HSW_IND(1.0),A,INX,EM0613,DE,1998,100,
dataflow,ESTAT:HSW_IND(1.0),A,INX,EM0613,DE,1999,99,
dataflow,ESTAT:HSW_IND(1.0),A,INX,EM0613,DE,2000,96,
dataflow,ESTAT:HSW_IND(1.0),A,INX,EM0613,DE,2001,89,
dataflow,ESTAT:HSW_IND(1.0),A,INX,EM0613,DE,2002,83,
dataflow,ESTAT:HSW_IND(1.0),A,INX,EM0613,DE,2003,75,
dataflow,ESTAT:HSW_IND(1.0),A,INX,EM0613,DE,2004,74,
dataflow,ESTAT:HSW_IND(1.0),A,INX,EM0613,DE,2005,65,
dataflow,ESTAT:HSW_IND(1.0),A,INX,EM0613,DE,2006,67,
dataflow,ESTAT:HSW_IND(1.0),A,INX,EM0613,DK,1994,84,
dataflow,ESTAT:HSW_IND(1.0),A,INX,EM0613,DK,1995,81,
dataflow,ESTAT:HSW_IND(1.0),A,INX,EM0613,DK,1996,83,
dataflow,ESTAT:HSW_IND(1.0),A,INX,EM0613,DK,1997,99,
dataflow,ESTAT:HSW_IND(1.0),A,INX,EM0613,DK,1998,100,
dataflow,ESTAT:HSW_IND(1.0),A,INX,EM0613,DK,1999,93,
dataflow,ESTAT:HSW_IND(1.0),A,INX,EM0613,DK,2000,88,
dataflow,ESTAT:HSW_IND(1.0),A,INX,EM0613,DK,2001,91,
dataflow,ESTAT:HSW_IND(1.0),A,INX,EM0613,DK,2002,81,
dataflow,ESTAT:HSW_IND(1.0),A,INX,EM0613,DK,2003,75,
dataflow,ESTAT:HSW_IND(1.0),A,INX,EM0613,DK,2004,77,
dataflow,ESTAT:HSW_IND(1.0),A,INX,EM0613,DK,2005,80,
dataflow,ESTAT:HSW_IND(1.0),A,INX,EM0613,DK,2006,80,
dataflow,ESTAT:HSW_IND(1.0),A,INX,EM0613,EE,1998,100,
dataflow,ESTAT:HSW_IND(1.0),A,INX,EM0613,EE,1999,140,
dataflow,ESTAT:HSW_IND(1.0),A,INX,EM0613,EE,2000,114,
dataflow,ESTAT:HSW_IND(1.0),A,INX,EM0613,EE,2001,120,
dataflow,ESTAT:HSW_IND(1.0),A,INX,EM0613,EE,2002,123,
dataflow,ESTAT:HSW_IND(1.0),A,INX,EM0613,EE,2003,135,
dataflow,ESTAT:HSW_IND(1.0),A,INX,EM0613,EE,2004,131,
dataflow,ESTAT:HSW_IND(1.0),A,INX,EM0613,EE,2005,131,
dataflow,ESTAT:HSW_IND(1.0),A,INX,EM0613,EE,2006,127,
dataflow,ESTAT:HSW_IND(1.0),A,INX,EM0613,EL,1994,124,
dataflow,ESTAT:HSW_IND(1.0),A,INX,EM0613,EL,1995,119,
dataflow,ESTAT:HSW_IND(1.0),A,INX,EM0613,EL,1996,130,
dataflow,ESTAT:HSW_IND(1.0),A,INX,EM0613,EL,1997,116,
dataflow,ESTAT:HSW_IND(1.0),A,INX,EM0613,EL,1998,100,
dataflow,ESTAT:HSW_IND(1.0),A,INX,EM0613,EL,1999,96,
dataflow,ESTAT:HSW_IND(1.0),A,INX,EM0613,EL,2000,92,
dataflow,ESTAT:HSW_IND(1.0),A,INX,EM0613,EL,2001,89,
dataflow,ESTAT:HSW_IND(1.0),A,INX,EM0613,EL,2002,86,
dataflow,ESTAT:HSW_IND(1.0),A,INX,EM0613,EL,2003,73,
dataflow,ESTAT:HSW_IND(1.0),A,INX,EM0613,EL,2004,67,
dataflow,ESTAT:HSW_IND(1.0),A,INX,EM0613,EL,2005,57,
dataflow,ESTAT:HSW_IND(1.0),A,INX,EM0613,EL,2006,57,
dataflow,ESTAT:HSW_IND(1.0),A,INX,EM0613,ES,1994,89,
dataflow,ESTAT:HSW_IND(1.0),A,INX,EM0613,ES,1995,93,
dataflow,ESTAT:HSW_IND(1.0),A,INX,EM0613,ES,1996,96,
dataflow,ESTAT:HSW_IND(1.0),A,INX,EM0613,ES,1997,96,
dataflow,ESTAT:HSW_IND(1.0),A,INX,EM0613,ES,1998,100,
dataflow,ESTAT:HSW_IND(1.0),A,INX,EM0613,ES,1999,108,
dataflow,ESTAT:HSW_IND(1.0),A,INX,EM0613,ES,2000,109,
dataflow,ESTAT:HSW_IND(1.0),A,INX,EM0613,ES,2001,108,
dataflow,ESTAT:HSW_IND(1.0),A,INX,EM0613,ES,2002,106,
dataflow,ESTAT:HSW_IND(1.0),A,INX,EM0613,ES,2003,102,
dataflow,ESTAT:HSW_IND(1.0),A,INX,EM0613,ES,2004,95,
dataflow,ESTAT:HSW_IND(1.0),A,INX,EM0613,ES,2005,91,
dataflow,ESTAT:HSW_IND(1.0),A,INX,EM0613,ES,2006,90,
dataflow,ESTAT:HSW_IND(1.0),A,INX,EM0613,FI,1994,120,
dataflow,ESTAT:HSW_IND(1.0),A,INX,EM0613,FI,1995,107,
dataflow,ESTAT:HSW_IND(1.0),A,INX,EM0613,FI,1996,101,
dataflow,ESTAT:HSW_IND(1.0),A,INX,EM0613,FI,1997,99,
dataflow,ESTAT:HSW_IND(1.0),A,INX,EM0613,FI,1998,100,
dataflow,ESTAT:HSW_IND(1.0),A,INX,EM0613,FI,1999,93,
dataflow,ESTAT:HSW_IND(1.0),A,INX,EM0613,FI,2000,89,
dataflow,ESTAT:HSW_IND(1.0),A,INX,EM0613,FI,2001,87,b
dataflow,ESTAT:HSW_IND(1.0),A,INX,EM0613,FI,2002,86,
dataflow,ESTAT:HSW_IND(1.0),A,INX,EM0613,FI,2003,84,
dataflow,ESTAT:HSW_IND(1.0),A,INX,EM0613,FI,2004,83,
dataflow,ESTAT:HSW_IND(1.0),A,INX,EM0613,FI,2005,89,
dataflow,ESTAT:HSW_IND(1.0),A,INX,EM0613,FI,2006,87,
dataflow,ESTAT:HSW_IND(1.0),A,INX,EM0613,FR,1994,112,
dataflow,ESTAT:HSW_IND(1.0),A,INX,EM0613,FR,1995,104,
dataflow,ESTAT:HSW_IND(1.0),A,INX,EM0613,FR,1996,100,
dataflow,ESTAT:HSW_IND(1.0),A,INX,EM0613,FR,1997,101,
dataflow,ESTAT:HSW_IND(1.0),A,INX,EM0613,FR,1998,100,
dataflow,ESTAT:HSW_IND(1.0),A,INX,EM0613,FR,1999,101,
dataflow,ESTAT:HSW_IND(1.0),A,INX,EM0613,FR,2000,101,
dataflow,ESTAT:HSW_IND(1.0),A,INX,EM0613,FR,2001,94,
dataflow,ESTAT:HSW_IND(1.0),A,INX,EM0613,FR,2002,95,
dataflow,ESTAT:HSW_IND(1.0),A,INX,EM0613,FR,2003,92,
dataflow,ESTAT:HSW_IND(1.0),A,INX,EM0613,FR,2004,87,
dataflow,ESTAT:HSW_IND(1.0),A,INX,EM0613,FR,2005,87,
dataflow,ESTAT:HSW_IND(1.0),A,INX,EM0613,FR,2006,79,
dataflow,ESTAT:HSW_IND(1.0),A,INX,EM0613,HU,1998,100,
dataflow,ESTAT:HSW_IND(1.0),A,INX,EM0613,HU,1999,93,
dataflow,ESTAT:HSW_IND(1.0),A,INX,EM0613,HU,2000,94,
dataflow,ESTAT:HSW_IND(1.0),A,INX,EM0613,HU,2001,85,
dataflow,ESTAT:HSW_IND(1.0),A,INX,EM0613,HU,2002,81,
dataflow,ESTAT:HSW_IND(1.0),A,INX,EM0613,HU,2003,80,
dataflow,ESTAT:HSW_IND(1.0),A,INX,EM0613,HU,2004,75,
dataflow,ESTAT:HSW_IND(1.0),A,INX,EM0613,HU,2005,73,
dataflow,ESTAT:HSW_IND(1.0),A,INX,EM0613,HU,2006,70,
dataflow,ESTAT:HSW_IND(1.0),A,INX,EM0613,IE,1996,100,
dataflow,ESTAT:HSW_IND(1.0),A,INX,EM0613,IE,1997,113,
dataflow,ESTAT:HSW_IND(1.0),A,INX,EM0613,IE,1998,100,
dataflow,ESTAT:HSW_IND(1.0),A,INX,EM0613,IE,1999,,d
dataflow,ESTAT:HSW_IND(1.0),A,INX,EM0613,IE,2000,,d
dataflow,ESTAT:HSW_IND(1.0),A,INX,EM0613,IE,2001,,d
dataflow,ESTAT:HSW_IND(1.0),A,INX,EM0613,IE,2002,100,
dataflow,ESTAT:HSW_IND(1.0),A,INX,EM0613,IE,2003,105,
dataflow,ESTAT:HSW_IND(1.0),A,INX,EM0613,IE,2004,95,
dataflow,ESTAT:HSW_IND(1.0),A,INX,EM0613,IE,2005,98,
dataflow,ESTAT:HSW_IND(1.0),A,INX,EM0613,IE,2006,109,
dataflow,ESTAT:HSW_IND(1.0),A,INX,EM0613,IT,1994,115,
dataflow,ESTAT:HSW_IND(1.0),A,INX,EM0613,IT,1995,103,
dataflow,ESTAT:HSW_IND(1.0),A,INX,EM0613,IT,1996,103,
dataflow,ESTAT:HSW_IND(1.0),A,INX,EM0613,IT,1997,100,
dataflow,ESTAT:HSW_IND(1.0),A,INX,EM0613,IT,1998,100,
dataflow,ESTAT:HSW_IND(1.0),A,INX,EM0613,IT,1999,99,
dataflow,ESTAT:HSW_IND(1.0),A,INX,EM0613,IT,2000,98,
dataflow,ESTAT:HSW_IND(1.0),A,INX,EM0613,IT,2001,96,
dataflow,ESTAT:HSW_IND(1.0),A,INX,EM0613,IT,2002,85,
dataflow,ESTAT:HSW_IND(1.0),A,INX,EM0613,IT,2003,82,
dataflow,ESTAT:HSW_IND(1.0),A,INX,EM0613,IT,2004,78,
dataflow,ESTAT:HSW_IND(1.0),A,INX,EM0613,IT,2005,71,
dataflow,ESTAT:HSW_IND(1.0),A,INX,EM0613,IT,2006,69,
dataflow,ESTAT:HSW_IND(1.0),A,INX,EM0613,LT,1998,100,
dataflow,ESTAT:HSW_IND(1.0),A,INX,EM0613,LT,1999,93,
dataflow,ESTAT:HSW_IND(1.0),A,INX,EM0613,LT,2000,84,
dataflow,ESTAT:HSW_IND(1.0),A,INX,EM0613,LT,2001,87,
dataflow,ESTAT:HSW_IND(1.0),A,INX,EM0613,LT,2002,85,
dataflow,ESTAT:HSW_IND(1.0),A,INX,EM0613,LT,2003,81,
dataflow,ESTAT:HSW_IND(1.0),A,INX,EM0613,LT,2004,80,
dataflow,ESTAT:HSW_IND(1.0),A,INX,EM0613,LT,2005,103,
dataflow,ESTAT:HSW_IND(1.0),A,INX,EM0613,LT,2006,95,
dataflow,ESTAT:HSW_IND(1.0),A,INX,EM0613,LU,1994,98,
dataflow,ESTAT:HSW_IND(1.0),A,INX,EM0613,LU,1995,96,
dataflow,ESTAT:HSW_IND(1.0),A,INX,EM0613,LU,1996,99,
dataflow,ESTAT:HSW_IND(1.0),A,INX,EM0613,LU,1997,98,
dataflow,ESTAT:HSW_IND(1.0),A,INX,EM0613,LU,1998,100,
dataflow,ESTAT:HSW_IND(1.0),A,INX,EM0613,LU,1999,107,
dataflow,ESTAT:HSW_IND(1.0),A,INX,EM0613,LU,2000,105,
dataflow,ESTAT:HSW_IND(1.0),A,INX,EM0613,LU,2001,98,
dataflow,ESTAT:HSW_IND(1.0),A,INX,EM0613,LU,2002,111,
dataflow,ESTAT:HSW_IND(1.0),A,INX,EM0613,LU,2003,107,
dataflow,ESTAT:HSW_IND(1.0),A,INX,EM0613,LU,2004,97,
dataflow,ESTAT:HSW_IND(1.0),A,INX,EM0613,LU,2005,75,
dataflow,ESTAT:HSW_IND(1.0),A,INX,EM0613,LU,2006,81,
dataflow,ESTAT:HSW_IND(1.0),A,INX,EM0613,MT,1998,100,
dataflow,ESTAT:HSW_IND(1.0),A,INX,EM0613,MT,1999,114,
dataflow,ESTAT:HSW_IND(1.0),A,INX,EM0613,MT,2000,78,
dataflow,ESTAT:HSW_IND(1.0),A,INX,EM0613,MT,2001,97,
dataflow,ESTAT:HSW_IND(1.0),A,INX,EM0613,MT,2002,96,
dataflow,ESTAT:HSW_IND(1.0),A,INX,EM0613,MT,2003,95,
dataflow,ESTAT:HSW_IND(1.0),A,INX,EM0613,MT,2004,86,
dataflow,ESTAT:HSW_IND(1.0),A,INX,EM0613,MT,2005,80,
dataflow,ESTAT:HSW_IND(1.0),A,INX,EM0613,MT,2006,91,
dataflow,ESTAT:HSW_IND(1.0),A,INX,EM0613,NL,2002,100,b
dataflow,ESTAT:HSW_IND(1.0),A,INX,EM0613,NL,2003,82,
dataflow,ESTAT:HSW_IND(1.0),A,INX,EM0613,NL,2004,72,
dataflow,ESTAT:HSW_IND(1.0),A,INX,EM0613,NL,2005,100,b
dataflow,ESTAT:HSW_IND(1.0),A,INX,EM0613,NO,1995,96,
dataflow,ESTAT:HSW_IND(1.0),A,INX,EM0613,NO,1996,90,
dataflow,ESTAT:HSW_IND(1.0),A,INX,EM0613,NO,1997,81,
dataflow,ESTAT:HSW_IND(1.0),A,INX,EM0613,NO,1998,100,
dataflow,ESTAT:HSW_IND(1.0),A,INX,EM0613,NO,1999,89,
dataflow,ESTAT:HSW_IND(1.0),A,INX,EM0613,NO,2000,91,
dataflow,ESTAT:HSW_IND(1.0),A,INX,EM0613,NO,2001,79,
dataflow,ESTAT:HSW_IND(1.0),A,INX,EM0613,NO,2002,72,
dataflow,ESTAT:HSW_IND(1.0),A,INX,EM0613,NO,2003,66,
dataflow,ESTAT:HSW_IND(1.0),A,INX,EM0613,NO,2004,57,
dataflow,ESTAT:HSW_IND(1.0),A,INX,EM0613,NO,2005,61,
dataflow,ESTAT:HSW_IND(1.0),A,INX,EM0613,NO,2006,60,
dataflow,ESTAT:HSW_IND(1.0),A,INX,EM0613,PL,1998,100,
dataflow,ESTAT:HSW_IND(1.0),A,INX,EM0613,PL,1999,87,
dataflow,ESTAT:HSW_IND(1.0),A,INX,EM0613,PL,2000,86,
dataflow,ESTAT:HSW_IND(1.0),A,INX,EM0613,PL,2001,78,
dataflow,ESTAT:HSW_IND(1.0),A,INX,EM0613,PL,2002,75,
dataflow,ESTAT:HSW_IND(1.0),A,INX,EM0613,PL,2003,80,
dataflow,ESTAT:HSW_IND(1.0),A,INX,EM0613,PL,2004,82,
dataflow,ESTAT:HSW_IND(1.0),A,INX,EM0613,PL,2005,78,
dataflow,ESTAT:HSW_IND(1.0),A,INX,EM0613,PL,2006,84,
dataflow,ESTAT:HSW_IND(1.0),A,INX,EM0613,PT,1997,98,
dataflow,ESTAT:HSW_IND(1.0),A,INX,EM0613,PT,1998,100,
dataflow,ESTAT:HSW_IND(1.0),A,INX,EM0613,PT,1999,96,
dataflow,ESTAT:HSW_IND(1.0),A,INX,EM0613,PT,2000,89,
dataflow,ESTAT:HSW_IND(1.0),A,INX,EM0613,PT,2001,95,
dataflow,ESTAT:HSW_IND(1.0),A,INX,EM0613,PT,2002,74,
dataflow,ESTAT:HSW_IND(1.0),A,INX,EM0613,PT,2003,74,
dataflow,ESTAT:HSW_IND(1.0),A,INX,EM0613,PT,2004,75,
dataflow,ESTAT:HSW_IND(1.0),A,INX,EM0613,PT,2005,74,
dataflow,ESTAT:HSW_IND(1.0),A,INX,EM0613,PT,2006,76,
dataflow,ESTAT:HSW_IND(1.0),A,INX,EM0613,RO,1998,100,
dataflow,ESTAT:HSW_IND(1.0),A,INX,EM0613,RO,1999,102,
dataflow,ESTAT:HSW_IND(1.0),A,INX,EM0613,RO,2000,109,
dataflow,ESTAT:HSW_IND(1.0),A,INX,EM0613,RO,2001,117,
dataflow,ESTAT:HSW_IND(1.0),A,INX,EM0613,RO,2002,108,
dataflow,ESTAT:HSW_IND(1.0),A,INX,EM0613,RO,2003,111,
dataflow,ESTAT:HSW_IND(1.0),A,INX,EM0613,RO,2004,107,
dataflow,ESTAT:HSW_IND(1.0),A,INX,EM0613,RO,2005,97,
dataflow,ESTAT:HSW_IND(1.0),A,INX,EM0613,RO,2006,96,
dataflow,ESTAT:HSW_IND(1.0),A,INX,EM0613,SE,1994,86,
dataflow,ESTAT:HSW_IND(1.0),A,INX,EM0613,SE,1995,77,
dataflow,ESTAT:HSW_IND(1.0),A,INX,EM0613,SE,1996,94,
dataflow,ESTAT:HSW_IND(1.0),A,INX,EM0613,SE,1997,83,
dataflow,ESTAT:HSW_IND(1.0),A,INX,EM0613,SE,1998,100,
dataflow,ESTAT:HSW_IND(1.0),A,INX,EM0613,SE,1999,108,
dataflow,ESTAT:HSW_IND(1.0),A,INX,EM0613,SE,2000,113,
dataflow,ESTAT:HSW_IND(1.0),A,INX,EM0613,SE,2001,116,
dataflow,ESTAT:HSW_IND(1.0),A,INX,EM0613,SE,2002,104,
dataflow,ESTAT:HSW_IND(1.0),A,INX,EM0613,SE,2003,95,
dataflow,ESTAT:HSW_IND(1.0),A,INX,EM0613,SE,2004,88,
dataflow,ESTAT:HSW_IND(1.0),A,INX,EM0613,SE,2005,84,
dataflow,ESTAT:HSW_IND(1.0),A,INX,EM0613,SE,2006,82,
dataflow,ESTAT:HSW_IND(1.0),A,INX,EM0613,SI,1998,100,
dataflow,ESTAT:HSW_IND(1.0),A,INX,EM0613,SI,1999,99,
dataflow,ESTAT:HSW_IND(1.0),A,INX,EM0613,SI,2000,97,
dataflow,ESTAT:HSW_IND(1.0),A,INX,EM0613,SI,2001,92,
dataflow,ESTAT:HSW_IND(1.0),A,INX,EM0613,SI,2002,92,
dataflow,ESTAT:HSW_IND(1.0),A,INX,EM0613,SI,2003,93,
dataflow,ESTAT:HSW_IND(1.0),A,INX,EM0613,SI,2004,93,
dataflow,ESTAT:HSW_IND(1.0),A,INX,EM0613,SI,2005,80,
dataflow,ESTAT:HSW_IND(1.0),A,INX,EM0613,SI,2006,76,
dataflow,ESTAT:HSW_IND(1.0),A,INX,EM0613,SK,1998,100,
dataflow,ESTAT:HSW_IND(1.0),A,INX,EM0613,SK,1999,91,
dataflow,ESTAT:HSW_IND(1.0),A,INX,EM0613,SK,2000,87,
dataflow,ESTAT:HSW_IND(1.0),A,INX,EM0613,SK,2001,84,
dataflow,ESTAT:HSW_IND(1.0),A,INX,EM0613,SK,2002,75,
dataflow,ESTAT:HSW_IND(1.0),A,INX,EM0613,SK,2003,66,
dataflow,ESTAT:HSW_IND(1.0),A,INX,EM0613,SK,2004,52,
dataflow,ESTAT:HSW_IND(1.0),A,INX,EM0613,SK,2005,48,
dataflow,ESTAT:HSW_IND(1.0),A,INX,EM0613,SK,2006,60,
dataflow,ESTAT:HSW_IND(1.0),A,INX,EM0613,UK,1994,130,
dataflow,ESTAT:HSW_IND(1.0),A,INX,EM0613,UK,1995,117,
dataflow,ESTAT:HSW_IND(1.0),A,INX,EM0613,UK,1996,103,
dataflow,ESTAT:HSW_IND(1.0),A,INX,EM0613,UK,1997,102,
dataflow,ESTAT:HSW_IND(1.0),A,INX,EM0613,UK,1998,100,
dataflow,ESTAT:HSW_IND(1.0),A,INX,EM0613,UK,1999,106,
dataflow,ESTAT:HSW_IND(1.0),A,INX,EM0613,UK,2000,105,
dataflow,ESTAT:HSW_IND(1.0),A,INX,EM0613,UK,2001,108,
dataflow,ESTAT:HSW_IND(1.0),A,INX,EM0613,UK,2002,106,
dataflow,ESTAT:HSW_IND(1.0),A,INX,EM0613,UK,2003,104,
dataflow,ESTAT:HSW_IND(1.0),A,INX,EM0613,UK,2004,89,
dataflow,ESTAT:HSW_IND(1.0),A,INX,EM0613,UK,2005,86,
dataflow,ESTAT:HSW_IND(1.0),A,INX,EM0613,UK,2006,76,
dataflow,ESTAT:HSW_IND(1.0),A,INX,EM0613,US,1994,121,e
dataflow,ESTAT:HSW_IND(1.0),A,INX,EM0613,US,1995,117,e
dataflow,ESTAT:HSW_IND(1.0),A,INX,EM0613,US,1996,107,e
dataflow,ESTAT:HSW_IND(1.0),A,INX,EM0613,US,1997,107,e
dataflow,ESTAT:HSW_IND(1.0),A,INX,EM0613,US,1998,100,b
dataflow,ESTAT:HSW_IND(1.0),A,INX,EM0613,US,1999,96,
dataflow,ESTAT:HSW_IND(1.0),A,INX,EM0613,US,2000,91,
dataflow,ESTAT:HSW_IND(1.0),A,INX,EM0613,US,2001,85,
dataflow,ESTAT:HSW_IND(1.0),A,INX,EM0613,US,2002,80,
dataflow,ESTAT:HSW_IND(1.0),A,INX,EM0613,US,2003,73,
dataflow,ESTAT:HSW_IND(1.0),A,INX,EM0613,US,2004,70,
dataflow,ESTAT:HSW_IND(1.0),A,INX,EM0613,US,2005,68,
dataflow,ESTAT:HSW_IND(1.0),A,INX,EM062,AT,1994,104,
dataflow,ESTAT:HSW_IND(1.0),A,INX,EM062,AT,1995,131,
dataflow,ESTAT:HSW_IND(1.0),A,INX,EM062,AT,1996,118,
dataflow,ESTAT:HSW_IND(1.0),A,INX,EM062,AT,1997,104,
dataflow,ESTAT:HSW_IND(1.0),A,INX,EM062,AT,1998,100,
dataflow,ESTAT:HSW_IND(1.0),A,INX,EM062,AT,1999,100,
dataflow,ESTAT:HSW_IND(1.0),A,INX,EM062,AT,2000,100,
dataflow,ESTAT:HSW_IND(1.0),A,INX,EM062,AT,2001,94,
dataflow,ESTAT:HSW_IND(1.0),A,INX,EM062,AT,2002,100,
dataflow,ESTAT:HSW_IND(1.0),A,INX,EM062,AT,2003,94,
dataflow,ESTAT:HSW_IND(1.0),A,INX,EM062,AT,2004,107,
dataflow,ESTAT:HSW_IND(1.0),A,INX,EM062,AT,2005,94,
dataflow,ESTAT:HSW_IND(1.0),A,INX,EM062,AT,2006,82,
dataflow,ESTAT:HSW_IND(1.0),A,INX,EM062,BE,1994,194,
dataflow,ESTAT:HSW_IND(1.0),A,INX,EM062,BE,1995,190,
dataflow,ESTAT:HSW_IND(1.0),A,INX,EM062,BE,1996,177,
dataflow,ESTAT:HSW_IND(1.0),A,INX,EM062,BE,1997,100,
dataflow,ESTAT:HSW_IND(1.0),A,INX,EM062,BE,1998,100,
dataflow,ESTAT:HSW_IND(1.0),A,INX,EM062,BE,1999,106,
dataflow,ESTAT:HSW_IND(1.0),A,INX,EM062,BE,2000,100,
dataflow,ESTAT:HSW_IND(1.0),A,INX,EM062,BE,2001,124,
dataflow,ESTAT:HSW_IND(1.0),A,INX,EM062,BE,2002,82,
dataflow,ESTAT:HSW_IND(1.0),A,INX,EM062,BE,2003,78,
dataflow,ESTAT:HSW_IND(1.0),A,INX,EM062,BE,2004,93,
dataflow,ESTAT:HSW_IND(1.0),A,INX,EM062,BE,2005,84,
dataflow,ESTAT:HSW_IND(1.0),A,INX,EM062,BE,2006,81,
dataflow,ESTAT:HSW_IND(1.0),A,INX,EM062,BG,1994,122,
dataflow,ESTAT:HSW_IND(1.0),A,INX,EM062,BG,1995,116,
dataflow,ESTAT:HSW_IND(1.0),A,INX,EM062,BG,1996,120,
dataflow,ESTAT:HSW_IND(1.0),A,INX,EM062,BG,1997,116,
dataflow,ESTAT:HSW_IND(1.0),A,INX,EM062,BG,1998,100,
dataflow,ESTAT:HSW_IND(1.0),A,INX,EM062,BG,1999,96,
dataflow,ESTAT:HSW_IND(1.0),A,INX,EM062,BG,2000,100,b
dataflow,ESTAT:HSW_IND(1.0),A,INX,EM062,BG,2001,104,
dataflow,ESTAT:HSW_IND(1.0),A,INX,EM062,BG,2002,85,
dataflow,ESTAT:HSW_IND(1.0),A,INX,EM062,BG,2003,77,
dataflow,ESTAT:HSW_IND(1.0),A,INX,EM062,BG,2004,87,
dataflow,ESTAT:HSW_IND(1.0),A,INX,EM062,BG,2005,85,
dataflow,ESTAT:HSW_IND(1.0),A,INX,EM062,BG,2006,106,
dataflow,ESTAT:HSW_IND(1.0),A,INX,EM062,CY,1999,100,
dataflow,ESTAT:HSW_IND(1.0),A,INX,EM062,CY,2000,46,d
dataflow,ESTAT:HSW_IND(1.0),A,INX,EM062,CY,2001,62,d
dataflow,ESTAT:HSW_IND(1.0),A,INX,EM062,CY,2002,107,d
dataflow,ESTAT:HSW_IND(1.0),A,INX,EM062,CY,2003,83,d
dataflow,ESTAT:HSW_IND(1.0),A,INX,EM062,CY,2004,92,d
dataflow,ESTAT:HSW_IND(1.0),A,INX,EM062,CY,2005,66,d
dataflow,ESTAT:HSW_IND(1.0),A,INX,EM062,CY,2006,107,
dataflow,ESTAT:HSW_IND(1.0),A,INX,EM062,CZ,1994,110,
dataflow,ESTAT:HSW_IND(1.0),A,INX,EM062,CZ,1995,103,
dataflow,ESTAT:HSW_IND(1.0),A,INX,EM062,CZ,1996,112,
dataflow,ESTAT:HSW_IND(1.0),A,INX,EM062,CZ,1997,116,
dataflow,ESTAT:HSW_IND(1.0),A,INX,EM062,CZ,1998,100,
dataflow,ESTAT:HSW_IND(1.0),A,INX,EM062,CZ,1999,76,
dataflow,ESTAT:HSW_IND(1.0),A,INX,EM062,CZ,2000,96,
dataflow,ESTAT:HSW_IND(1.0),A,INX,EM062,CZ,2001,96,
dataflow,ESTAT:HSW_IND(1.0),A,INX,EM062,CZ,2002,87,
dataflow,ESTAT:HSW_IND(1.0),A,INX,EM062,CZ,2003,84,
dataflow,ESTAT:HSW_IND(1.0),A,INX,EM062,CZ,2004,78,
dataflow,ESTAT:HSW_IND(1.0),A,INX,EM062,CZ,2005,71,
dataflow,ESTAT:HSW_IND(1.0),A,INX,EM062,CZ,2006,67,
dataflow,ESTAT:HSW_IND(1.0),A,INX,EM062,DE,1994,168,
dataflow,ESTAT:HSW_IND(1.0),A,INX,EM062,DE,1995,136,
dataflow,ESTAT:HSW_IND(1.0),A,INX,EM062,DE,1996,159,
dataflow,ESTAT:HSW_IND(1.0),A,INX,EM062,DE,1997,123,
dataflow,ESTAT:HSW_IND(1.0),A,INX,EM062,DE,1998,100,
dataflow,ESTAT:HSW_IND(1.0),A,INX,EM062,DE,1999,109,
dataflow,ESTAT:HSW_IND(1.0),A,INX,EM062,DE,2000,95,
dataflow,ESTAT:HSW_IND(1.0),A,INX,EM062,DE,2001,89,
dataflow,ESTAT:HSW_IND(1.0),A,INX,EM062,DE,2002,112,
dataflow,ESTAT:HSW_IND(1.0),A,INX,EM062,DE,2003,105,
dataflow,ESTAT:HSW_IND(1.0),A,INX,EM062,DE,2004,100,
dataflow,ESTAT:HSW_IND(1.0),A,INX,EM062,DE,2005,82,
dataflow,ESTAT:HSW_IND(1.0),A,INX,EM062,DE,2006,95,
dataflow,ESTAT:HSW_IND(1.0),A,INX,EM062,DK,1994,90,
dataflow,ESTAT:HSW_IND(1.0),A,INX,EM062,DK,1995,106,
dataflow,ESTAT:HSW_IND(1.0),A,INX,EM062,DK,1996,97,
dataflow,ESTAT:HSW_IND(1.0),A,INX,EM062,DK,1997,74,
dataflow,ESTAT:HSW_IND(1.0),A,INX,EM062,DK,1998,100,
dataflow,ESTAT:HSW_IND(1.0),A,INX,EM062,DK,1999,71,
dataflow,ESTAT:HSW_IND(1.0),A,INX,EM062,DK,2000,61,
dataflow,ESTAT:HSW_IND(1.0),A,INX,EM062,DK,2001,55,
dataflow,ESTAT:HSW_IND(1.0),A,INX,EM062,DK,2002,65,
dataflow,ESTAT:HSW_IND(1.0),A,INX,EM062,DK,2003,57,
dataflow,ESTAT:HSW_IND(1.0),A,INX,EM062,DK,2004,35,
dataflow,ESTAT:HSW_IND(1.0),A,INX,EM062,DK,2005,71,
dataflow,ESTAT:HSW_IND(1.0),A,INX,EM062,DK,2006,87,p
dataflow,ESTAT:HSW_IND(1.0),A,INX,EM062,EE,1995,120,
dataflow,ESTAT:HSW_IND(1.0),A,INX,EM062,EE,1996,102,
dataflow,ESTAT:HSW_IND(1.0),A,INX,EM062,EE,1997,114,
dataflow,ESTAT:HSW_IND(1.0),A,INX,EM062,EE,1998,100,
dataflow,ESTAT:HSW_IND(1.0),A,INX,EM062,EE,1999,79,
dataflow,ESTAT:HSW_IND(1.0),A,INX,EM062,EE,2000,56,
dataflow,ESTAT:HSW_IND(1.0),A,INX,EM062,EE,2001,78,
dataflow,ESTAT:HSW_IND(1.0),A,INX,EM062,EE,2002,81,
dataflow,ESTAT:HSW_IND(1.0),A,INX,EM062,EE,2003,67,
dataflow,ESTAT:HSW_IND(1.0),A,INX,EM062,EE,2004,75,
dataflow,ESTAT:HSW_IND(1.0),A,INX,EM062,EE,2005,58,
dataflow,ESTAT:HSW_IND(1.0),A,INX,EM062,EE,2006,57,
dataflow,ESTAT:HSW_IND(1.0),A,INX,EM062,EL,1994,116,
dataflow,ESTAT:HSW_IND(1.0),A,INX,EM062,EL,1995,116,
dataflow,ESTAT:HSW_IND(1.0),A,INX,EM062,EL,1996,100,
dataflow,ESTAT:HSW_IND(1.0),A,INX,EM062,EL,1997,76,
dataflow,ESTAT:HSW_IND(1.0),A,INX,EM062,EL,1998,100,
dataflow,ESTAT:HSW_IND(1.0),A,INX,EM062,EL,1999,170,
dataflow,ESTAT:HSW_IND(1.0),A,INX,EM062,EL,2000,73,
dataflow,ESTAT:HSW_IND(1.0),A,INX,EM062,EL,2001,78,
dataflow,ESTAT:HSW_IND(1.0),A,INX,EM062,EL,2002,104,
dataflow,ESTAT:HSW_IND(1.0),A,INX,EM062,EL,2003,81,
dataflow,ESTAT:HSW_IND(1.0),A,INX,EM062,EL,2004,67,
dataflow,ESTAT:HSW_IND(1.0),A,INX,EM062,EL,2005,43,
dataflow,ESTAT:HSW_IND(1.0),A,INX,EM062,EL,2006,103,
dataflow,ESTAT:HSW_IND(1.0),A,INX,EM062,ES,1994,127,
dataflow,ESTAT:HSW_IND(1.0),A,INX,EM062,ES,1995,127,
dataflow,ESTAT:HSW_IND(1.0),A,INX,EM062,ES,1996,107,
dataflow,ESTAT:HSW_IND(1.0),A,INX,EM062,ES,1997,115,
dataflow,ESTAT:HSW_IND(1.0),A,INX,EM062,ES,1998,100,
dataflow,ESTAT:HSW_IND(1.0),A,INX,EM062,ES,1999,91,
dataflow,ESTAT:HSW_IND(1.0),A,INX,EM062,ES,2000,85,
dataflow,ESTAT:HSW_IND(1.0),A,INX,EM062,ES,2001,81,
dataflow,ESTAT:HSW_IND(1.0),A,INX,EM062,ES,2002,79,
dataflow,ESTAT:HSW_IND(1.0),A,INX,EM062,ES,2003,67,
dataflow,ESTAT:HSW_IND(1.0),A,INX,EM062,ES,2004,59,
dataflow,ESTAT:HSW_IND(1.0),A,INX,EM062,ES,2005,64,
dataflow,ESTAT:HSW_IND(1.0),A,INX,EM062,ES,2006,64,
dataflow,ESTAT:HSW_IND(1.0),A,INX,EM062,FI,1994,150,
dataflow,ESTAT:HSW_IND(1.0),A,INX,EM062,FI,1995,117,
dataflow,ESTAT:HSW_IND(1.0),A,INX,EM062,FI,1996,71,
dataflow,ESTAT:HSW_IND(1.0),A,INX,EM062,FI,1997,117,
dataflow,ESTAT:HSW_IND(1.0),A,INX,EM062,FI,1998,100,
dataflow,ESTAT:HSW_IND(1.0),A,INX,EM062,FI,1999,75,
dataflow,ESTAT:HSW_IND(1.0),A,INX,EM062,FI,2000,88,
dataflow,ESTAT:HSW_IND(1.0),A,INX,EM062,FI,2001,98,b
dataflow,ESTAT:HSW_IND(1.0),A,INX,EM062,FI,2002,82,
dataflow,ESTAT:HSW_IND(1.0),A,INX,EM062,FI,2003,81,
dataflow,ESTAT:HSW_IND(1.0),A,INX,EM062,FI,2004,102,
dataflow,ESTAT:HSW_IND(1.0),A,INX,EM062,FI,2005,83,
dataflow,ESTAT:HSW_IND(1.0),A,INX,EM062,FI,2006,63,
dataflow,ESTAT:HSW_IND(1.0),A,INX,EM062,FR,1994,108,
dataflow,ESTAT:HSW_IND(1.0),A,INX,EM062,FR,1995,88,
dataflow,ESTAT:HSW_IND(1.0),A,INX,EM062,FR,1996,90,
dataflow,ESTAT:HSW_IND(1.0),A,INX,EM062,FR,1997,103,
dataflow,ESTAT:HSW_IND(1.0),A,INX,EM062,FR,1998,100,
dataflow,ESTAT:HSW_IND(1.0),A,INX,EM062,FR,1999,85,
dataflow,ESTAT:HSW_IND(1.0),A,INX,EM062,FR,2000,85,
dataflow,ESTAT:HSW_IND(1.0),A,INX,EM062,FR,2001,79,
dataflow,ESTAT:HSW_IND(1.0),A,INX,EM062,FR,2002,65,
dataflow,ESTAT:HSW_IND(1.0),A,INX,EM062,FR,2003,69,
dataflow,ESTAT:HSW_IND(1.0),A,INX,EM062,FR,2004,68,
dataflow,ESTAT:HSW_IND(1.0),A,INX,EM062,FR,2005,50,
dataflow,ESTAT:HSW_IND(1.0),A,INX,EM062,FR,2006,50,p
dataflow,ESTAT:HSW_IND(1.0),A,INX,EM062,HU,1994,106,
dataflow,ESTAT:HSW_IND(1.0),A,INX,EM062,HU,1995,117,
dataflow,ESTAT:HSW_IND(1.0),A,INX,EM062,HU,1996,101,
dataflow,ESTAT:HSW_IND(1.0),A,INX,EM062,HU,1997,97,
dataflow,ESTAT:HSW_IND(1.0),A,INX,EM062,HU,1998,100,
dataflow,ESTAT:HSW_IND(1.0),A,INX,EM062,HU,1999,107,
dataflow,ESTAT:HSW_IND(1.0),A,INX,EM062,HU,2000,93,
dataflow,ESTAT:HSW_IND(1.0),A,INX,EM062,HU,2001,71,
dataflow,ESTAT:HSW_IND(1.0),A,INX,EM062,HU,2002,109,
dataflow,ESTAT:HSW_IND(1.0),A,INX,EM062,HU,2003,80,
dataflow,ESTAT:HSW_IND(1.0),A,INX,EM062,HU,2004,96,
dataflow,ESTAT:HSW_IND(1.0),A,INX,EM062,HU,2005,73,
dataflow,ESTAT:HSW_IND(1.0),A,INX,EM062,HU,2006,68,
dataflow,ESTAT:HSW_IND(1.0),A,INX,EM062,IE,1994,66,
dataflow,ESTAT:HSW_IND(1.0),A,INX,EM062,IE,1995,71,
dataflow,ESTAT:HSW_IND(1.0),A,INX,EM062,IE,1996,56,
dataflow,ESTAT:HSW_IND(1.0),A,INX,EM062,IE,1997,120,
dataflow,ESTAT:HSW_IND(1.0),A,INX,EM062,IE,1998,100,
dataflow,ESTAT:HSW_IND(1.0),A,INX,EM062,IE,1999,,d
dataflow,ESTAT:HSW_IND(1.0),A,INX,EM062,IE,2000,,d
dataflow,ESTAT:HSW_IND(1.0),A,INX,EM062,IE,2001,,d
dataflow,ESTAT:HSW_IND(1.0),A,INX,EM062,IE,2002,100,
dataflow,ESTAT:HSW_IND(1.0),A,INX,EM062,IE,2003,121,
dataflow,ESTAT:HSW_IND(1.0),A,INX,EM062,IE,2004,84,
dataflow,ESTAT:HSW_IND(1.0),A,INX,EM062,IE,2005,117,
dataflow,ESTAT:HSW_IND(1.0),A,INX,EM062,IE,2006,83,
dataflow,ESTAT:HSW_IND(1.0),A,INX,EM062,IT,1994,106,
dataflow,ESTAT:HSW_IND(1.0),A,INX,EM062,IT,1995,96,
dataflow,ESTAT:HSW_IND(1.0),A,INX,EM062,IT,1996,82,
dataflow,ESTAT:HSW_IND(1.0),A,INX,EM062,IT,1997,84,
dataflow,ESTAT:HSW_IND(1.0),A,INX,EM062,IT,1998,100,
dataflow,ESTAT:HSW_IND(1.0),A,INX,EM062,IT,1999,68,
dataflow,ESTAT:HSW_IND(1.0),A,INX,EM062,IT,2000,66,
dataflow,ESTAT:HSW_IND(1.0),A,INX,EM062,IT,2001,62,
dataflow,ESTAT:HSW_IND(1.0),A,INX,EM062,IT,2002,42,
dataflow,ESTAT:HSW_IND(1.0),A,INX,EM062,IT,2003,57,
dataflow,ESTAT:HSW_IND(1.0),A,INX,EM062,IT,2004,50,
dataflow,ESTAT:HSW_IND(1.0),A,INX,EM062,IT,2005,52,
dataflow,ESTAT:HSW_IND(1.0),A,INX,EM062,IT,2006,58,
dataflow,ESTAT:HSW_IND(1.0),A,INX,EM062,JP,1994,130,
dataflow,ESTAT:HSW_IND(1.0),A,INX,EM062,JP,1995,135,
dataflow,ESTAT:HSW_IND(1.0),A,INX,EM062,JP,1996,132,
dataflow,ESTAT:HSW_IND(1.0),A,INX,EM062,JP,1997,114,
dataflow,ESTAT:HSW_IND(1.0),A,INX,EM062,JP,1998,100,
dataflow,ESTAT:HSW_IND(1.0),A,INX,EM062,JP,1999,109,
dataflow,ESTAT:HSW_IND(1.0),A,INX,EM062,JP,2000,103,
dataflow,ESTAT:HSW_IND(1.0),A,INX,EM062,JP,2001,98,
dataflow,ESTAT:HSW_IND(1.0),A,INX,EM062,JP,2002,91,
dataflow,ESTAT:HSW_IND(1.0),A,INX,EM062,JP,2003,90,
dataflow,ESTAT:HSW_IND(1.0),A,INX,EM062,JP,2004,88,
dataflow,ESTAT:HSW_IND(1.0),A,INX,EM062,JP,2005,82,
dataflow,ESTAT:HSW_IND(1.0),A,INX,EM062,LT,1995,98,
dataflow,ESTAT:HSW_IND(1.0),A,INX,EM062,LT,1996,102,
dataflow,ESTAT:HSW_IND(1.0),A,INX,EM062,LT,1997,83,
dataflow,ESTAT:HSW_IND(1.0),A,INX,EM062,LT,1998,100,
dataflow,ESTAT:HSW_IND(1.0),A,INX,EM062,LT,1999,85,
dataflow,ESTAT:HSW_IND(1.0),A,INX,EM062,LT,2000,75,
dataflow,ESTAT:HSW_IND(1.0),A,INX,EM062,LT,2001,105,
dataflow,ESTAT:HSW_IND(1.0),A,INX,EM062,LT,2002,115,
dataflow,ESTAT:HSW_IND(1.0),A,INX,EM062,LT,2003,139,
dataflow,ESTAT:HSW_IND(1.0),A,INX,EM062,LT,2004,113,
dataflow,ESTAT:HSW_IND(1.0),A,INX,EM062,LT,2005,133,
dataflow,ESTAT:HSW_IND(1.0),A,INX,EM062,LT,2006,117,
dataflow,ESTAT:HSW_IND(1.0),A,INX,EM062,LU,1995,113,d
dataflow,ESTAT:HSW_IND(1.0),A,INX,EM062,LU,1996,271,d
dataflow,ESTAT:HSW_IND(1.0),A,INX,EM062,LU,1997,184,d
dataflow,ESTAT:HSW_IND(1.0),A,INX,EM062,LU,1998,100,
dataflow,ESTAT:HSW_IND(1.0),A,INX,EM062,LU,1999,40,d
dataflow,ESTAT:HSW_IND(1.0),A,INX,EM062,LU,2000,149,d
dataflow,ESTAT:HSW_IND(1.0),A,INX,EM062,LU,2001,37,d
dataflow,ESTAT:HSW_IND(1.0),A,INX,EM062,LU,2002,52,d
dataflow,ESTAT:HSW_IND(1.0),A,INX,EM062,LU,2003,70,d
dataflow,ESTAT:HSW_IND(1.0),A,INX,EM062,LU,2004,20,d
dataflow,ESTAT:HSW_IND(1.0),A,INX,EM062,LU,2005,57,d
dataflow,ESTAT:HSW_IND(1.0),A,INX,EM062,LU,2006,37,d
dataflow,ESTAT:HSW_IND(1.0),A,INX,EM062,LV,1998,100,
dataflow,ESTAT:HSW_IND(1.0),A,INX,EM062,LV,1999,115,
dataflow,ESTAT:HSW_IND(1.0),A,INX,EM062,LV,2000,90,
dataflow,ESTAT:HSW_IND(1.0),A,INX,EM062,LV,2001,140,
dataflow,ESTAT:HSW_IND(1.0),A,INX,EM062,LV,2002,123,
dataflow,ESTAT:HSW_IND(1.0),A,INX,EM062,LV,2003,66,
dataflow,ESTAT:HSW_IND(1.0),A,INX,EM062,LV,2004,98,
dataflow,ESTAT:HSW_IND(1.0),A,INX,EM062,LV,2005,74,
dataflow,ESTAT:HSW_IND(1.0),A,INX,EM062,LV,2006,79,
dataflow,ESTAT:HSW_IND(1.0),A,INX,EM062,MT,1994,35,d
dataflow,ESTAT:HSW_IND(1.0),A,INX,EM062,MT,1995,109,d
dataflow,ESTAT:HSW_IND(1.0),A,INX,EM062,MT,1996,100,d
dataflow,ESTAT:HSW_IND(1.0),A,INX,EM062,MT,1997,42,d
dataflow,ESTAT:HSW_IND(1.0),A,INX,EM062,MT,1998,100,
dataflow,ESTAT:HSW_IND(1.0),A,INX,EM062,MT,1999,74,d
dataflow,ESTAT:HSW_IND(1.0),A,INX,EM062,MT,2000,38,d
dataflow,ESTAT:HSW_IND(1.0),A,INX,EM062,MT,2001,46,d
dataflow,ESTAT:HSW_IND(1.0),A,INX,EM062,MT,2002,30,d
dataflow,ESTAT:HSW_IND(1.0),A,INX,EM062,MT,2003,91,d
dataflow,ESTAT:HSW_IND(1.0),A,INX,EM062,MT,2004,90,d
dataflow,ESTAT:HSW_IND(1.0),A,INX,EM062,MT,2005,44,d
dataflow,ESTAT:HSW_IND(1.0),A,INX,EM062,MT,2006,58,
dataflow,ESTAT:HSW_IND(1.0),A,INX,EM062,NL,1996,114,
dataflow,ESTAT:HSW_IND(1.0),A,INX,EM062,NL,1997,140,
dataflow,ESTAT:HSW_IND(1.0),A,INX,EM062,NL,1998,100,
dataflow,ESTAT:HSW_IND(1.0),A,INX,EM062,NL,1999,107,
dataflow,ESTAT:HSW_IND(1.0),A,INX,EM062,NL,2000,106,
dataflow,ESTAT:HSW_IND(1.0),A,INX,EM062,NL,2001,79,
dataflow,ESTAT:HSW_IND(1.0),A,INX,EM062,NL,2002,90,
dataflow,ESTAT:HSW_IND(1.0),A,INX,EM062,NL,2003,91,
dataflow,ESTAT:HSW_IND(1.0),A,INX,EM062,NL,2004,84,
dataflow,ESTAT:HSW_IND(1.0),A,INX,EM062,NL,2005,75,
dataflow,ESTAT:HSW_IND(1.0),A,INX,EM062,NL,2006,79,
dataflow,ESTAT:HSW_IND(1.0),A,INX,EM062,NO,1998,100,
dataflow,ESTAT:HSW_IND(1.0),A,INX,EM062,NO,1999,56,
dataflow,ESTAT:HSW_IND(1.0),A,INX,EM062,NO,2000,88,
dataflow,ESTAT:HSW_IND(1.0),A,INX,EM062,NO,2001,74,
dataflow,ESTAT:HSW_IND(1.0),A,INX,EM062,NO,2002,72,
dataflow,ESTAT:HSW_IND(1.0),A,INX,EM062,NO,2003,75,
dataflow,ESTAT:HSW_IND(1.0),A,INX,EM062,NO,2004,49,b
dataflow,ESTAT:HSW_IND(1.0),A,INX,EM062,NO,2005,59,
dataflow,ESTAT:HSW_IND(1.0),A,INX,EM062,NO,2006,65,
dataflow,ESTAT:HSW_IND(1.0),A,INX,EM062,PL,1997,109,
dataflow,ESTAT:HSW_IND(1.0),A,INX,EM062,PL,1998,100,
dataflow,ESTAT:HSW_IND(1.0),A,INX,EM062,PL,1999,82,
dataflow,ESTAT:HSW_IND(1.0),A,INX,EM062,PL,2000,96,
dataflow,ESTAT:HSW_IND(1.0),A,INX,EM062,PL,2001,92,
dataflow,ESTAT:HSW_IND(1.0),A,INX,EM062,PL,2002,89,
dataflow,ESTAT:HSW_IND(1.0),A,INX,EM062,PL,2003,90,
dataflow,ESTAT:HSW_IND(1.0),A,INX,EM062,PL,2004,86,
dataflow,ESTAT:HSW_IND(1.0),A,INX,EM062,PL,2005,81,
dataflow,ESTAT:HSW_IND(1.0),A,INX,EM062,PL,2006,82,
dataflow,ESTAT:HSW_IND(1.0),A,INX,EM062,PT,1994,109,
dataflow,ESTAT:HSW_IND(1.0),A,INX,EM062,PT,1995,103,
dataflow,ESTAT:HSW_IND(1.0),A,INX,EM062,PT,1996,127,
dataflow,ESTAT:HSW_IND(1.0),A,INX,EM062,PT,1997,108,
dataflow,ESTAT:HSW_IND(1.0),A,INX,EM062,PT,1998,100,
dataflow,ESTAT:HSW_IND(1.0),A,INX,EM062,PT,1999,79,
dataflow,ESTAT:HSW_IND(1.0),A,INX,EM062,PT,2000,104,
dataflow,ESTAT:HSW_IND(1.0),A,INX,EM062,PT,2001,117,
dataflow,ESTAT:HSW_IND(1.0),A,INX,EM062,PT,2002,98,
dataflow,ESTAT:HSW_IND(1.0),A,INX,EM062,PT,2003,87,
dataflow,ESTAT:HSW_IND(1.0),A,INX,EM062,PT,2004,82,
dataflow,ESTAT:HSW_IND(1.0),A,INX,EM062,PT,2005,84,
dataflow,ESTAT:HSW_IND(1.0),A,INX,EM062,PT,2006,68,
dataflow,ESTAT:HSW_IND(1.0),A,INX,EM062,RO,1997,105,
dataflow,ESTAT:HSW_IND(1.0),A,INX,EM062,RO,1998,100,
dataflow,ESTAT:HSW_IND(1.0),A,INX,EM062,RO,1999,93,
dataflow,ESTAT:HSW_IND(1.0),A,INX,EM062,RO,2000,103,
dataflow,ESTAT:HSW_IND(1.0),A,INX,EM062,RO,2001,97,
dataflow,ESTAT:HSW_IND(1.0),A,INX,EM062,RO,2002,95,
dataflow,ESTAT:HSW_IND(1.0),A,INX,EM062,RO,2003,111,
dataflow,ESTAT:HSW_IND(1.0),A,INX,EM062,RO,2004,103,
dataflow,ESTAT:HSW_IND(1.0),A,INX,EM062,RO,2005,128,
dataflow,ESTAT:HSW_IND(1.0),A,INX,EM062,RO,2006,92,
dataflow,ESTAT:HSW_IND(1.0),A,INX,EM062,SE,1994,162,
dataflow,ESTAT:HSW_IND(1.0),A,INX,EM062,SE,1995,177,
dataflow,ESTAT:HSW_IND(1.0),A,INX,EM062,SE,1996,162,
dataflow,ESTAT:HSW_IND(1.0),A,INX,EM062,SE,1997,169,
dataflow,ESTAT:HSW_IND(1.0),A,INX,EM062,SE,1998,100,
dataflow,ESTAT:HSW_IND(1.0),A,INX,EM062,SE,1999,85,
dataflow,ESTAT:HSW_IND(1.0),A,INX,EM062,SE,2000,85,
dataflow,ESTAT:HSW_IND(1.0),A,INX,EM062,SE,2001,105,
dataflow,ESTAT:HSW_IND(1.0),A,INX,EM062,SE,2002,91,
dataflow,ESTAT:HSW_IND(1.0),A,INX,EM062,SE,2003,89,
dataflow,ESTAT:HSW_IND(1.0),A,INX,EM062,SE,2004,81,
dataflow,ESTAT:HSW_IND(1.0),A,INX,EM062,SE,2005,131,
dataflow,ESTAT:HSW_IND(1.0),A,INX,EM062,SE,2006,115,
dataflow,ESTAT:HSW_IND(1.0),A,INX,EM062,SI,1994,90,
dataflow,ESTAT:HSW_IND(1.0),A,INX,EM062,SI,1995,118,
dataflow,ESTAT:HSW_IND(1.0),A,INX,EM062,SI,1996,118,
dataflow,ESTAT:HSW_IND(1.0),A,INX,EM062,SI,1997,130,
dataflow,ESTAT:HSW_IND(1.0),A,INX,EM062,SI,1998,100,
dataflow,ESTAT:HSW_IND(1.0),A,INX,EM062,SI,1999,113,
dataflow,ESTAT:HSW_IND(1.0),A,INX,EM062,SI,2000,102,
dataflow,ESTAT:HSW_IND(1.0),A,INX,EM062,SI,2001,122,
dataflow,ESTAT:HSW_IND(1.0),A,INX,EM062,SI,2002,141,
dataflow,ESTAT:HSW_IND(1.0),A,INX,EM062,SI,2003,136,
dataflow,ESTAT:HSW_IND(1.0),A,INX,EM062,SI,2004,77,
dataflow,ESTAT:HSW_IND(1.0),A,INX,EM062,SI,2005,84,
dataflow,ESTAT:HSW_IND(1.0),A,INX,EM062,SI,2006,149,
dataflow,ESTAT:HSW_IND(1.0),A,INX,EM062,SK,1995,96,
dataflow,ESTAT:HSW_IND(1.0),A,INX,EM062,SK,1996,109,
dataflow,ESTAT:HSW_IND(1.0),A,INX,EM062,SK,1997,81,
dataflow,ESTAT:HSW_IND(1.0),A,INX,EM062,SK,1998,100,
dataflow,ESTAT:HSW_IND(1.0),A,INX,EM062,SK,1999,87,
dataflow,ESTAT:HSW_IND(1.0),A,INX,EM062,SK,2000,68,
dataflow,ESTAT:HSW_IND(1.0),A,INX,EM062,SK,2001,71,
dataflow,ESTAT:HSW_IND(1.0),A,INX,EM062,SK,2002,65,
dataflow,ESTAT:HSW_IND(1.0),A,INX,EM062,SK,2003,75,
dataflow,ESTAT:HSW_IND(1.0),A,INX,EM062,SK,2004,64,
dataflow,ESTAT:HSW_IND(1.0),A,INX,EM062,SK,2005,64,
dataflow,ESTAT:HSW_IND(1.0),A,INX,EM062,SK,2006,76,
dataflow,ESTAT:HSW_IND(1.0),A,INX,EM062,TR,1996,121,
dataflow,ESTAT:HSW_IND(1.0),A,INX,EM062,TR,1997,120,
dataflow,ESTAT:HSW_IND(1.0),A,INX,EM062,TR,1998,100,
dataflow,ESTAT:HSW_IND(1.0),A,INX,EM062,TR,1999,104,
dataflow,ESTAT:HSW_IND(1.0),A,INX,EM062,TR,2000,68,b
dataflow,ESTAT:HSW_IND(1.0),A,INX,EM062,TR,2001,92,
dataflow,ESTAT:HSW_IND(1.0),A,INX,EM062,TR,2002,75,
dataflow,ESTAT:HSW_IND(1.0),A,INX,EM062,TR,2003,64,
dataflow,ESTAT:HSW_IND(1.0),A,INX,EM062,TR,2004,64,
dataflow,ESTAT:HSW_IND(1.0),A,INX,EM062,TR,2005,70,
dataflow,ESTAT:HSW_IND(1.0),A,INX,EM062,UK,1994,106,
dataflow,ESTAT:HSW_IND(1.0),A,INX,EM062,UK,1995,100,
dataflow,ESTAT:HSW_IND(1.0),A,INX,EM062,UK,1996,119,
dataflow,ESTAT:HSW_IND(1.0),A,INX,EM062,UK,1997,100,
dataflow,ESTAT:HSW_IND(1.0),A,INX,EM062,UK,1998,100,
dataflow,ESTAT:HSW_IND(1.0),A,INX,EM062,UK,1999,88,
dataflow,ESTAT:HSW_IND(1.0),A,INX,EM062,UK,2000,106,
dataflow,ESTAT:HSW_IND(1.0),A,INX,EM062,UK,2001,92,
dataflow,ESTAT:HSW_IND(1.0),A,INX,EM062,UK,2002,85,
dataflow,ESTAT:HSW_IND(1.0),A,INX,EM062,UK,2003,70,
dataflow,ESTAT:HSW_IND(1.0),A,INX,EM062,UK,2004,90,
dataflow,ESTAT:HSW_IND(1.0),A,INX,EM062,UK,2005,88,
dataflow,ESTAT:HSW_IND(1.0),A,INX,EM062,UK,2006,81,
dataflow,ESTAT:HSW_IND(1.0),A,INX,EM062,US,1994,121,
dataflow,ESTAT:HSW_IND(1.0),A,INX,EM062,US,1995,111,
dataflow,ESTAT:HSW_IND(1.0),A,INX,EM062,US,1996,108,
dataflow,ESTAT:HSW_IND(1.0),A,INX,EM062,US,1997,106,
dataflow,ESTAT:HSW_IND(1.0),A,INX,EM062,US,1998,100,
dataflow,ESTAT:HSW_IND(1.0),A,INX,EM062,US,1999,98,
dataflow,ESTAT:HSW_IND(1.0),A,INX,EM062,US,2000,93,
dataflow,ESTAT:HSW_IND(1.0),A,INX,EM062,US,2001,93,d
dataflow,ESTAT:HSW_IND(1.0),A,INX,EM062,US,2002,88,
dataflow,ESTAT:HSW_IND(1.0),A,INX,EM062,US,2003,89,
dataflow,ESTAT:HSW_IND(1.0),A,INX,EM062,US,2004,91,
dataflow,ESTAT:HSW_IND(1.0),A,INX,EM062,US,2005,89,
