STRUCTURE,STRUCTURE_ID,freq,unit,age,severity,nace_r1,diagnose,geo,TIME_PERIOD,OBS_VALUE,OBS_FLAG
dataflow,ESTAT:HSW_HP_SVDNA(1.0),A,RT,TOTAL,D_GE14,A,MUSC_SKE,EU_V,1999,975,
dataflow,ESTAT:HSW_HP_SVDNA(1.0),A,RT,TOTAL,D_GE14,A,OTHER,EU_V,1999,240,
dataflow,ESTAT:HSW_HP_SVDNA(1.0),A,RT,TOTAL,D_GE14,A,PULMONAR,EU_V,1999,75,
dataflow,ESTAT:HSW_HP_SVDNA(1.0),A,RT,TOTAL,D_GE14,A,STRESS,EU_V,1999,99,
dataflow,ESTAT:HSW_HP_SVDNA(1.0),A,RT,TOTAL,D_GE14,A,TOTAL,EU_V,1999,1528,
dataflow,ESTAT:HSW_HP_SVDNA(1.0),A,RT,TOTAL,D_GE14,B,MUSC_SKE,EU_V,1999,1602,
dataflow,ESTAT:HSW_HP_SVDNA(1.0),A,RT,TOTAL,D_GE14,B,OTHER,EU_V,1999,1305,
dataflow,ESTAT:HSW_HP_SVDNA(1.0),A,RT,TOTAL,D_GE14,B,TOTAL,EU_V,1999,3026,
dataflow,ESTAT:HSW_HP_SVDNA(1.0),A,RT,TOTAL,D_GE14,C,MUSC_SKE,EU_V,1999,636,
dataflow,ESTAT:HSW_HP_SVDNA(1.0),A,RT,TOTAL,D_GE14,C,OTHER,EU_V,1999,308,
dataflow,ESTAT:HSW_HP_SVDNA(1.0),A,RT,TOTAL,D_GE14,C,PULMONAR,EU_V,1999,376,
dataflow,ESTAT:HSW_HP_SVDNA(1.0),A,RT,TOTAL,D_GE14,C,TOTAL,EU_V,1999,1345,
dataflow,ESTAT:HSW_HP_SVDNA(1.0),A,RT,TOTAL,D_GE14,D,MUSC_SKE,EU_V,1999,719,
dataflow,ESTAT:HSW_HP_SVDNA(1.0),A,RT,TOTAL,D_GE14,D,OTHER,EU_V,1999,250,
dataflow,ESTAT:HSW_HP_SVDNA(1.0),A,RT,TOTAL,D_GE14,D,PULMONAR,EU_V,1999,101,
dataflow,ESTAT:HSW_HP_SVDNA(1.0),A,RT,TOTAL,D_GE14,D,STRESS,EU_V,1999,235,
dataflow,ESTAT:HSW_HP_SVDNA(1.0),A,RT,TOTAL,D_GE14,D,TOTAL,EU_V,1999,1391,
dataflow,ESTAT:HSW_HP_SVDNA(1.0),A,RT,TOTAL,D_GE14,E,MUSC_SKE,EU_V,1999,638,
dataflow,ESTAT:HSW_HP_SVDNA(1.0),A,RT,TOTAL,D_GE14,E,OTHER,EU_V,1999,84,
dataflow,ESTAT:HSW_HP_SVDNA(1.0),A,RT,TOTAL,D_GE14,E,PULMONAR,EU_V,1999,107,
dataflow,ESTAT:HSW_HP_SVDNA(1.0),A,RT,TOTAL,D_GE14,E,STRESS,EU_V,1999,428,
dataflow,ESTAT:HSW_HP_SVDNA(1.0),A,RT,TOTAL,D_GE14,E,TOTAL,EU_V,1999,1360,
dataflow,ESTAT:HSW_HP_SVDNA(1.0),A,RT,TOTAL,D_GE14,F,MUSC_SKE,EU_V,1999,1292,
dataflow,ESTAT:HSW_HP_SVDNA(1.0),A,RT,TOTAL,D_GE14,F,OTHER,EU_V,1999,294,
dataflow,ESTAT:HSW_HP_SVDNA(1.0),A,RT,TOTAL,D_GE14,F,PULMONAR,EU_V,1999,50,
dataflow,ESTAT:HSW_HP_SVDNA(1.0),A,RT,TOTAL,D_GE14,F,STRESS,EU_V,1999,178,
dataflow,ESTAT:HSW_HP_SVDNA(1.0),A,RT,TOTAL,D_GE14,F,TOTAL,EU_V,1999,1954,
dataflow,ESTAT:HSW_HP_SVDNA(1.0),A,RT,TOTAL,D_GE14,G,MUSC_SKE,EU_V,1999,814,
dataflow,ESTAT:HSW_HP_SVDNA(1.0),A,RT,TOTAL,D_GE14,G,OTHER,EU_V,1999,159,
dataflow,ESTAT:HSW_HP_SVDNA(1.0),A,RT,TOTAL,D_GE14,G,PULMONAR,EU_V,1999,50,
dataflow,ESTAT:HSW_HP_SVDNA(1.0),A,RT,TOTAL,D_GE14,G,STRESS,EU_V,1999,353,
dataflow,ESTAT:HSW_HP_SVDNA(1.0),A,RT,TOTAL,D_GE14,G,TOTAL,EU_V,1999,1485,
dataflow,ESTAT:HSW_HP_SVDNA(1.0),A,RT,TOTAL,D_GE14,H,MUSC_SKE,EU_V,1999,499,
dataflow,ESTAT:HSW_HP_SVDNA(1.0),A,RT,TOTAL,D_GE14,H,OTHER,EU_V,1999,261,
dataflow,ESTAT:HSW_HP_SVDNA(1.0),A,RT,TOTAL,D_GE14,H,PULMONAR,EU_V,1999,97,
dataflow,ESTAT:HSW_HP_SVDNA(1.0),A,RT,TOTAL,D_GE14,H,STRESS,EU_V,1999,227,
dataflow,ESTAT:HSW_HP_SVDNA(1.0),A,RT,TOTAL,D_GE14,H,TOTAL,EU_V,1999,1131,
dataflow,ESTAT:HSW_HP_SVDNA(1.0),A,RT,TOTAL,D_GE14,I,MUSC_SKE,EU_V,1999,1070,
dataflow,ESTAT:HSW_HP_SVDNA(1.0),A,RT,TOTAL,D_GE14,I,OTHER,EU_V,1999,241,
dataflow,ESTAT:HSW_HP_SVDNA(1.0),A,RT,TOTAL,D_GE14,I,PULMONAR,EU_V,1999,72,
dataflow,ESTAT:HSW_HP_SVDNA(1.0),A,RT,TOTAL,D_GE14,I,STRESS,EU_V,1999,510,
dataflow,ESTAT:HSW_HP_SVDNA(1.0),A,RT,TOTAL,D_GE14,I,TOTAL,EU_V,1999,1987,
dataflow,ESTAT:HSW_HP_SVDNA(1.0),A,RT,TOTAL,D_GE14,J,MUSC_SKE,EU_V,1999,534,
dataflow,ESTAT:HSW_HP_SVDNA(1.0),A,RT,TOTAL,D_GE14,J,OTHER,EU_V,1999,165,
dataflow,ESTAT:HSW_HP_SVDNA(1.0),A,RT,TOTAL,D_GE14,J,PULMONAR,EU_V,1999,38,
dataflow,ESTAT:HSW_HP_SVDNA(1.0),A,RT,TOTAL,D_GE14,J,STRESS,EU_V,1999,308,
dataflow,ESTAT:HSW_HP_SVDNA(1.0),A,RT,TOTAL,D_GE14,J,TOTAL,EU_V,1999,1129,
dataflow,ESTAT:HSW_HP_SVDNA(1.0),A,RT,TOTAL,D_GE14,K,MUSC_SKE,EU_V,1999,645,
dataflow,ESTAT:HSW_HP_SVDNA(1.0),A,RT,TOTAL,D_GE14,K,OTHER,EU_V,1999,261,
dataflow,ESTAT:HSW_HP_SVDNA(1.0),A,RT,TOTAL,D_GE14,K,PULMONAR,EU_V,1999,71,
dataflow,ESTAT:HSW_HP_SVDNA(1.0),A,RT,TOTAL,D_GE14,K,STRESS,EU_V,1999,408,
dataflow,ESTAT:HSW_HP_SVDNA(1.0),A,RT,TOTAL,D_GE14,K,TOTAL,EU_V,1999,1450,
dataflow,ESTAT:HSW_HP_SVDNA(1.0),A,RT,TOTAL,D_GE14,L,MUSC_SKE,EU_V,1999,832,
dataflow,ESTAT:HSW_HP_SVDNA(1.0),A,RT,TOTAL,D_GE14,L,OTHER,EU_V,1999,321,
dataflow,ESTAT:HSW_HP_SVDNA(1.0),A,RT,TOTAL,D_GE14,L,PULMONAR,EU_V,1999,73,
dataflow,ESTAT:HSW_HP_SVDNA(1.0),A,RT,TOTAL,D_GE14,L,STRESS,EU_V,1999,630,
dataflow,ESTAT:HSW_HP_SVDNA(1.0),A,RT,TOTAL,D_GE14,L,TOTAL,EU_V,1999,2024,
dataflow,ESTAT:HSW_HP_SVDNA(1.0),A,RT,TOTAL,D_GE14,M,MUSC_SKE,EU_V,1999,691,
dataflow,ESTAT:HSW_HP_SVDNA(1.0),A,RT,TOTAL,D_GE14,M,OTHER,EU_V,1999,378,
dataflow,ESTAT:HSW_HP_SVDNA(1.0),A,RT,TOTAL,D_GE14,M,PULMONAR,EU_V,1999,100,
dataflow,ESTAT:HSW_HP_SVDNA(1.0),A,RT,TOTAL,D_GE14,M,STRESS,EU_V,1999,828,
dataflow,ESTAT:HSW_HP_SVDNA(1.0),A,RT,TOTAL,D_GE14,M,TOTAL,EU_V,1999,2104,
dataflow,ESTAT:HSW_HP_SVDNA(1.0),A,RT,TOTAL,D_GE14,N,MUSC_SKE,EU_V,1999,1179,
dataflow,ESTAT:HSW_HP_SVDNA(1.0),A,RT,TOTAL,D_GE14,N,OTHER,EU_V,1999,560,
dataflow,ESTAT:HSW_HP_SVDNA(1.0),A,RT,TOTAL,D_GE14,N,PULMONAR,EU_V,1999,114,
dataflow,ESTAT:HSW_HP_SVDNA(1.0),A,RT,TOTAL,D_GE14,N,STRESS,EU_V,1999,832,
dataflow,ESTAT:HSW_HP_SVDNA(1.0),A,RT,TOTAL,D_GE14,N,TOTAL,EU_V,1999,2835,
dataflow,ESTAT:HSW_HP_SVDNA(1.0),A,RT,TOTAL,D_GE14,O,MUSC_SKE,EU_V,1999,493,
dataflow,ESTAT:HSW_HP_SVDNA(1.0),A,RT,TOTAL,D_GE14,O,OTHER,EU_V,1999,344,
dataflow,ESTAT:HSW_HP_SVDNA(1.0),A,RT,TOTAL,D_GE14,O,PULMONAR,EU_V,1999,63,
dataflow,ESTAT:HSW_HP_SVDNA(1.0),A,RT,TOTAL,D_GE14,O,STRESS,EU_V,1999,446,
dataflow,ESTAT:HSW_HP_SVDNA(1.0),A,RT,TOTAL,D_GE14,O,TOTAL,EU_V,1999,1435,
dataflow,ESTAT:HSW_HP_SVDNA(1.0),A,RT,TOTAL,D_GE14,P,MUSC_SKE,EU_V,1999,331,
dataflow,ESTAT:HSW_HP_SVDNA(1.0),A,RT,TOTAL,D_GE14,P,OTHER,EU_V,1999,116,
dataflow,ESTAT:HSW_HP_SVDNA(1.0),A,RT,TOTAL,D_GE14,P,PULMONAR,EU_V,1999,27,
dataflow,ESTAT:HSW_HP_SVDNA(1.0),A,RT,TOTAL,D_GE14,P,STRESS,EU_V,1999,243,
dataflow,ESTAT:HSW_HP_SVDNA(1.0),A,RT,TOTAL,D_GE14,P,TOTAL,EU_V,1999,793,
dataflow,ESTAT:HSW_HP_SVDNA(1.0),A,RT,TOTAL,D_GE14,Q,MUSC_SKE,EU_V,1999,1462,
dataflow,ESTAT:HSW_HP_SVDNA(1.0),A,RT,TOTAL,D_GE14,Q,OTHER,EU_V,1999,191,
dataflow,ESTAT:HSW_HP_SVDNA(1.0),A,RT,TOTAL,D_GE14,Q,PULMONAR,EU_V,1999,94,
dataflow,ESTAT:HSW_HP_SVDNA(1.0),A,RT,TOTAL,D_GE14,Q,STRESS,EU_V,1999,114,
dataflow,ESTAT:HSW_HP_SVDNA(1.0),A,RT,TOTAL,D_GE14,Q,TOTAL,EU_V,1999,1860,
dataflow,ESTAT:HSW_HP_SVDNA(1.0),A,RT,TOTAL,D_GE14,TOTAL,MUSC_SKE,EU_V,1999,817,
dataflow,ESTAT:HSW_HP_SVDNA(1.0),A,RT,TOTAL,D_GE14,TOTAL,OTHER,EU_V,1999,294,
dataflow,ESTAT:HSW_HP_SVDNA(1.0),A,RT,TOTAL,D_GE14,TOTAL,PULMONAR,EU_V,1999,82,
dataflow,ESTAT:HSW_HP_SVDNA(1.0),A,RT,TOTAL,D_GE14,TOTAL,STRESS,EU_V,1999,445,
dataflow,ESTAT:HSW_HP_SVDNA(1.0),A,RT,TOTAL,D_GE14,TOTAL,TOTAL,EU_V,1999,1746,
dataflow,ESTAT:HSW_HP_SVDNA(1.0),A,RT,TOTAL,TOTAL,A,MUSC_SKE,EU_V,1999,2895,
dataflow,ESTAT:HSW_HP_SVDNA(1.0),A,RT,TOTAL,TOTAL,A,OTHER,EU_V,1999,717,
dataflow,ESTAT:HSW_HP_SVDNA(1.0),A,RT,TOTAL,TOTAL,A,PULMONAR,EU_V,1999,375,
dataflow,ESTAT:HSW_HP_SVDNA(1.0),A,RT,TOTAL,TOTAL,A,STRESS,EU_V,1999,486,
dataflow,ESTAT:HSW_HP_SVDNA(1.0),A,RT,TOTAL,TOTAL,A,TOTAL,EU_V,1999,4751,
dataflow,ESTAT:HSW_HP_SVDNA(1.0),A,RT,TOTAL,TOTAL,B,MUSC_SKE,EU_V,1999,2120,
dataflow,ESTAT:HSW_HP_SVDNA(1.0),A,RT,TOTAL,TOTAL,B,OTHER,EU_V,1999,1305,
dataflow,ESTAT:HSW_HP_SVDNA(1.0),A,RT,TOTAL,TOTAL,B,TOTAL,EU_V,1999,3680,
dataflow,ESTAT:HSW_HP_SVDNA(1.0),A,RT,TOTAL,TOTAL,C,MUSC_SKE,EU_V,1999,1988,
dataflow,ESTAT:HSW_HP_SVDNA(1.0),A,RT,TOTAL,TOTAL,C,OTHER,EU_V,1999,645,
dataflow,ESTAT:HSW_HP_SVDNA(1.0),A,RT,TOTAL,TOTAL,C,PULMONAR,EU_V,1999,672,
dataflow,ESTAT:HSW_HP_SVDNA(1.0),A,RT,TOTAL,TOTAL,C,TOTAL,EU_V,1999,3790,
dataflow,ESTAT:HSW_HP_SVDNA(1.0),A,RT,TOTAL,TOTAL,D,MUSC_SKE,EU_V,1999,2456,
dataflow,ESTAT:HSW_HP_SVDNA(1.0),A,RT,TOTAL,TOTAL,D,OTHER,EU_V,1999,926,
dataflow,ESTAT:HSW_HP_SVDNA(1.0),A,RT,TOTAL,TOTAL,D,PULMONAR,EU_V,1999,338,
dataflow,ESTAT:HSW_HP_SVDNA(1.0),A,RT,TOTAL,TOTAL,D,STRESS,EU_V,1999,723,
dataflow,ESTAT:HSW_HP_SVDNA(1.0),A,RT,TOTAL,TOTAL,D,TOTAL,EU_V,1999,4627,
dataflow,ESTAT:HSW_HP_SVDNA(1.0),A,RT,TOTAL,TOTAL,E,MUSC_SKE,EU_V,1999,2043,
dataflow,ESTAT:HSW_HP_SVDNA(1.0),A,RT,TOTAL,TOTAL,E,OTHER,EU_V,1999,556,
dataflow,ESTAT:HSW_HP_SVDNA(1.0),A,RT,TOTAL,TOTAL,E,PULMONAR,EU_V,1999,275,
dataflow,ESTAT:HSW_HP_SVDNA(1.0),A,RT,TOTAL,TOTAL,E,STRESS,EU_V,1999,928,
dataflow,ESTAT:HSW_HP_SVDNA(1.0),A,RT,TOTAL,TOTAL,E,TOTAL,EU_V,1999,3946,
dataflow,ESTAT:HSW_HP_SVDNA(1.0),A,RT,TOTAL,TOTAL,F,MUSC_SKE,EU_V,1999,3158,
dataflow,ESTAT:HSW_HP_SVDNA(1.0),A,RT,TOTAL,TOTAL,F,OTHER,EU_V,1999,855,
dataflow,ESTAT:HSW_HP_SVDNA(1.0),A,RT,TOTAL,TOTAL,F,PULMONAR,EU_V,1999,286,
dataflow,ESTAT:HSW_HP_SVDNA(1.0),A,RT,TOTAL,TOTAL,F,STRESS,EU_V,1999,476,
dataflow,ESTAT:HSW_HP_SVDNA(1.0),A,RT,TOTAL,TOTAL,F,TOTAL,EU_V,1999,5005,
dataflow,ESTAT:HSW_HP_SVDNA(1.0),A,RT,TOTAL,TOTAL,G,MUSC_SKE,EU_V,1999,2526,
dataflow,ESTAT:HSW_HP_SVDNA(1.0),A,RT,TOTAL,TOTAL,G,OTHER,EU_V,1999,695,
dataflow,ESTAT:HSW_HP_SVDNA(1.0),A,RT,TOTAL,TOTAL,G,PULMONAR,EU_V,1999,194,
dataflow,ESTAT:HSW_HP_SVDNA(1.0),A,RT,TOTAL,TOTAL,G,STRESS,EU_V,1999,893,
dataflow,ESTAT:HSW_HP_SVDNA(1.0),A,RT,TOTAL,TOTAL,G,TOTAL,EU_V,1999,4493,
dataflow,ESTAT:HSW_HP_SVDNA(1.0),A,RT,TOTAL,TOTAL,H,MUSC_SKE,EU_V,1999,1729,
dataflow,ESTAT:HSW_HP_SVDNA(1.0),A,RT,TOTAL,TOTAL,H,OTHER,EU_V,1999,818,
dataflow,ESTAT:HSW_HP_SVDNA(1.0),A,RT,TOTAL,TOTAL,H,PULMONAR,EU_V,1999,231,
dataflow,ESTAT:HSW_HP_SVDNA(1.0),A,RT,TOTAL,TOTAL,H,STRESS,EU_V,1999,717,
dataflow,ESTAT:HSW_HP_SVDNA(1.0),A,RT,TOTAL,TOTAL,H,TOTAL,EU_V,1999,3689,
dataflow,ESTAT:HSW_HP_SVDNA(1.0),A,RT,TOTAL,TOTAL,I,MUSC_SKE,EU_V,1999,3160,
dataflow,ESTAT:HSW_HP_SVDNA(1.0),A,RT,TOTAL,TOTAL,I,OTHER,EU_V,1999,983,
dataflow,ESTAT:HSW_HP_SVDNA(1.0),A,RT,TOTAL,TOTAL,I,PULMONAR,EU_V,1999,189,
dataflow,ESTAT:HSW_HP_SVDNA(1.0),A,RT,TOTAL,TOTAL,I,STRESS,EU_V,1999,975,
dataflow,ESTAT:HSW_HP_SVDNA(1.0),A,RT,TOTAL,TOTAL,I,TOTAL,EU_V,1999,5521,
dataflow,ESTAT:HSW_HP_SVDNA(1.0),A,RT,TOTAL,TOTAL,J,MUSC_SKE,EU_V,1999,1519,
dataflow,ESTAT:HSW_HP_SVDNA(1.0),A,RT,TOTAL,TOTAL,J,OTHER,EU_V,1999,945,
dataflow,ESTAT:HSW_HP_SVDNA(1.0),A,RT,TOTAL,TOTAL,J,PULMONAR,EU_V,1999,112,
dataflow,ESTAT:HSW_HP_SVDNA(1.0),A,RT,TOTAL,TOTAL,J,STRESS,EU_V,1999,1066,
dataflow,ESTAT:HSW_HP_SVDNA(1.0),A,RT,TOTAL,TOTAL,J,TOTAL,EU_V,1999,3775,
dataflow,ESTAT:HSW_HP_SVDNA(1.0),A,RT,TOTAL,TOTAL,K,MUSC_SKE,EU_V,1999,2389,
dataflow,ESTAT:HSW_HP_SVDNA(1.0),A,RT,TOTAL,TOTAL,K,OTHER,EU_V,1999,1095,
dataflow,ESTAT:HSW_HP_SVDNA(1.0),A,RT,TOTAL,TOTAL,K,PULMONAR,EU_V,1999,207,
dataflow,ESTAT:HSW_HP_SVDNA(1.0),A,RT,TOTAL,TOTAL,K,STRESS,EU_V,1999,1199,
dataflow,ESTAT:HSW_HP_SVDNA(1.0),A,RT,TOTAL,TOTAL,K,TOTAL,EU_V,1999,5028,
dataflow,ESTAT:HSW_HP_SVDNA(1.0),A,RT,TOTAL,TOTAL,L,MUSC_SKE,EU_V,1999,2202,
dataflow,ESTAT:HSW_HP_SVDNA(1.0),A,RT,TOTAL,TOTAL,L,OTHER,EU_V,1999,952,
dataflow,ESTAT:HSW_HP_SVDNA(1.0),A,RT,TOTAL,TOTAL,L,PULMONAR,EU_V,1999,290,
dataflow,ESTAT:HSW_HP_SVDNA(1.0),A,RT,TOTAL,TOTAL,L,STRESS,EU_V,1999,1323,
dataflow,ESTAT:HSW_HP_SVDNA(1.0),A,RT,TOTAL,TOTAL,L,TOTAL,EU_V,1999,5008,
dataflow,ESTAT:HSW_HP_SVDNA(1.0),A,RT,TOTAL,TOTAL,M,MUSC_SKE,EU_V,1999,2162,
dataflow,ESTAT:HSW_HP_SVDNA(1.0),A,RT,TOTAL,TOTAL,M,OTHER,EU_V,1999,1727,
dataflow,ESTAT:HSW_HP_SVDNA(1.0),A,RT,TOTAL,TOTAL,M,PULMONAR,EU_V,1999,513,
dataflow,ESTAT:HSW_HP_SVDNA(1.0),A,RT,TOTAL,TOTAL,M,STRESS,EU_V,1999,2306,
dataflow,ESTAT:HSW_HP_SVDNA(1.0),A,RT,TOTAL,TOTAL,M,TOTAL,EU_V,1999,6908,
dataflow,ESTAT:HSW_HP_SVDNA(1.0),A,RT,TOTAL,TOTAL,N,MUSC_SKE,EU_V,1999,4283,
dataflow,ESTAT:HSW_HP_SVDNA(1.0),A,RT,TOTAL,TOTAL,N,OTHER,EU_V,1999,1548,
dataflow,ESTAT:HSW_HP_SVDNA(1.0),A,RT,TOTAL,TOTAL,N,PULMONAR,EU_V,1999,331,
dataflow,ESTAT:HSW_HP_SVDNA(1.0),A,RT,TOTAL,TOTAL,N,STRESS,EU_V,1999,2188,
dataflow,ESTAT:HSW_HP_SVDNA(1.0),A,RT,TOTAL,TOTAL,N,TOTAL,EU_V,1999,8638,
dataflow,ESTAT:HSW_HP_SVDNA(1.0),A,RT,TOTAL,TOTAL,O,MUSC_SKE,EU_V,1999,2666,
dataflow,ESTAT:HSW_HP_SVDNA(1.0),A,RT,TOTAL,TOTAL,O,OTHER,EU_V,1999,1137,
dataflow,ESTAT:HSW_HP_SVDNA(1.0),A,RT,TOTAL,TOTAL,O,PULMONAR,EU_V,1999,345,
dataflow,ESTAT:HSW_HP_SVDNA(1.0),A,RT,TOTAL,TOTAL,O,STRESS,EU_V,1999,1340,
dataflow,ESTAT:HSW_HP_SVDNA(1.0),A,RT,TOTAL,TOTAL,O,TOTAL,EU_V,1999,5640,
dataflow,ESTAT:HSW_HP_SVDNA(1.0),A,RT,TOTAL,TOTAL,P,MUSC_SKE,EU_V,1999,1510,
dataflow,ESTAT:HSW_HP_SVDNA(1.0),A,RT,TOTAL,TOTAL,P,OTHER,EU_V,1999,438,
dataflow,ESTAT:HSW_HP_SVDNA(1.0),A,RT,TOTAL,TOTAL,P,PULMONAR,EU_V,1999,303,
dataflow,ESTAT:HSW_HP_SVDNA(1.0),A,RT,TOTAL,TOTAL,P,STRESS,EU_V,1999,572,
dataflow,ESTAT:HSW_HP_SVDNA(1.0),A,RT,TOTAL,TOTAL,P,TOTAL,EU_V,1999,2908,
dataflow,ESTAT:HSW_HP_SVDNA(1.0),A,RT,TOTAL,TOTAL,Q,MUSC_SKE,EU_V,1999,1524,
dataflow,ESTAT:HSW_HP_SVDNA(1.0),A,RT,TOTAL,TOTAL,Q,OTHER,EU_V,1999,1342,
dataflow,ESTAT:HSW_HP_SVDNA(1.0),A,RT,TOTAL,TOTAL,Q,PULMONAR,EU_V,1999,274,
dataflow,ESTAT:HSW_HP_SVDNA(1.0),A,RT,TOTAL,TOTAL,Q,STRESS,EU_V,1999,1422,
dataflow,ESTAT:HSW_HP_SVDNA(1.0),A,RT,TOTAL,TOTAL,Q,TOTAL,EU_V,1999,4558,
dataflow,ESTAT:HSW_HP_SVDNA(1.0),A,RT,TOTAL,TOTAL,TOTAL,MUSC_SKE,EU_V,1999,2645,
dataflow,ESTAT:HSW_HP_SVDNA(1.0),A,RT,TOTAL,TOTAL,TOTAL,OTHER,EU_V,1999,1049,
dataflow,ESTAT:HSW_HP_SVDNA(1.0),A,RT,TOTAL,TOTAL,TOTAL,PULMONAR,EU_V,1999,296,
dataflow,ESTAT:HSW_HP_SVDNA(1.0),A,RT,TOTAL,TOTAL,TOTAL,STRESS,EU_V,1999,1181,
dataflow,ESTAT:HSW_HP_SVDNA(1.0),A,RT,TOTAL,TOTAL,TOTAL,TOTAL,EU_V,1999,5372,
dataflow,ESTAT:HSW_HP_SVDNA(1.0),A,RT,Y15-24,D_GE14,A,OTHER,EU_V,1999,95,
dataflow,ESTAT:HSW_HP_SVDNA(1.0),A,RT,Y15-24,D_GE14,D,MUSC_SKE,EU_V,1999,390,
dataflow,ESTAT:HSW_HP_SVDNA(1.0),A,RT,Y15-24,D_GE14,D,OTHER,EU_V,1999,114,
dataflow,ESTAT:HSW_HP_SVDNA(1.0),A,RT,Y15-24,D_GE14,D,PULMONAR,EU_V,1999,203,
dataflow,ESTAT:HSW_HP_SVDNA(1.0),A,RT,Y15-24,D_GE14,D,STRESS,EU_V,1999,147,
dataflow,ESTAT:HSW_HP_SVDNA(1.0),A,RT,Y15-24,D_GE14,D,TOTAL,EU_V,1999,985,
dataflow,ESTAT:HSW_HP_SVDNA(1.0),A,RT,Y15-24,D_GE14,E,STRESS,EU_V,1999,527,
dataflow,ESTAT:HSW_HP_SVDNA(1.0),A,RT,Y15-24,D_GE14,E,TOTAL,EU_V,1999,527,
dataflow,ESTAT:HSW_HP_SVDNA(1.0),A,RT,Y15-24,D_GE14,F,MUSC_SKE,EU_V,1999,334,
dataflow,ESTAT:HSW_HP_SVDNA(1.0),A,RT,Y15-24,D_GE14,F,OTHER,EU_V,1999,221,
dataflow,ESTAT:HSW_HP_SVDNA(1.0),A,RT,Y15-24,D_GE14,F,TOTAL,EU_V,1999,609,
dataflow,ESTAT:HSW_HP_SVDNA(1.0),A,RT,Y15-24,D_GE14,G,MUSC_SKE,EU_V,1999,376,
dataflow,ESTAT:HSW_HP_SVDNA(1.0),A,RT,Y15-24,D_GE14,G,STRESS,EU_V,1999,349,
dataflow,ESTAT:HSW_HP_SVDNA(1.0),A,RT,Y15-24,D_GE14,G,TOTAL,EU_V,1999,803,
dataflow,ESTAT:HSW_HP_SVDNA(1.0),A,RT,Y15-24,D_GE14,H,OTHER,EU_V,1999,553,
dataflow,ESTAT:HSW_HP_SVDNA(1.0),A,RT,Y15-24,D_GE14,H,PULMONAR,EU_V,1999,178,
dataflow,ESTAT:HSW_HP_SVDNA(1.0),A,RT,Y15-24,D_GE14,H,STRESS,EU_V,1999,268,
dataflow,ESTAT:HSW_HP_SVDNA(1.0),A,RT,Y15-24,D_GE14,H,TOTAL,EU_V,1999,1020,
dataflow,ESTAT:HSW_HP_SVDNA(1.0),A,RT,Y15-24,D_GE14,I,MUSC_SKE,EU_V,1999,367,
dataflow,ESTAT:HSW_HP_SVDNA(1.0),A,RT,Y15-24,D_GE14,I,OTHER,EU_V,1999,212,
dataflow,ESTAT:HSW_HP_SVDNA(1.0),A,RT,Y15-24,D_GE14,I,STRESS,EU_V,1999,464,
dataflow,ESTAT:HSW_HP_SVDNA(1.0),A,RT,Y15-24,D_GE14,I,TOTAL,EU_V,1999,1094,
dataflow,ESTAT:HSW_HP_SVDNA(1.0),A,RT,Y15-24,D_GE14,J,MUSC_SKE,EU_V,1999,292,
dataflow,ESTAT:HSW_HP_SVDNA(1.0),A,RT,Y15-24,D_GE14,J,STRESS,EU_V,1999,377,
dataflow,ESTAT:HSW_HP_SVDNA(1.0),A,RT,Y15-24,D_GE14,J,TOTAL,EU_V,1999,669,
dataflow,ESTAT:HSW_HP_SVDNA(1.0),A,RT,Y15-24,D_GE14,K,MUSC_SKE,EU_V,1999,228,
dataflow,ESTAT:HSW_HP_SVDNA(1.0),A,RT,Y15-24,D_GE14,K,OTHER,EU_V,1999,167,
dataflow,ESTAT:HSW_HP_SVDNA(1.0),A,RT,Y15-24,D_GE14,K,STRESS,EU_V,1999,125,
dataflow,ESTAT:HSW_HP_SVDNA(1.0),A,RT,Y15-24,D_GE14,K,TOTAL,EU_V,1999,652,
dataflow,ESTAT:HSW_HP_SVDNA(1.0),A,RT,Y15-24,D_GE14,L,OTHER,EU_V,1999,619,
dataflow,ESTAT:HSW_HP_SVDNA(1.0),A,RT,Y15-24,D_GE14,L,STRESS,EU_V,1999,319,
dataflow,ESTAT:HSW_HP_SVDNA(1.0),A,RT,Y15-24,D_GE14,L,TOTAL,EU_V,1999,938,
dataflow,ESTAT:HSW_HP_SVDNA(1.0),A,RT,Y15-24,D_GE14,M,OTHER,EU_V,1999,79,
dataflow,ESTAT:HSW_HP_SVDNA(1.0),A,RT,Y15-24,D_GE14,N,MUSC_SKE,EU_V,1999,607,
dataflow,ESTAT:HSW_HP_SVDNA(1.0),A,RT,Y15-24,D_GE14,N,OTHER,EU_V,1999,356,
dataflow,ESTAT:HSW_HP_SVDNA(1.0),A,RT,Y15-24,D_GE14,N,PULMONAR,EU_V,1999,51,
dataflow,ESTAT:HSW_HP_SVDNA(1.0),A,RT,Y15-24,D_GE14,N,STRESS,EU_V,1999,163,
dataflow,ESTAT:HSW_HP_SVDNA(1.0),A,RT,Y15-24,D_GE14,N,TOTAL,EU_V,1999,1386,
dataflow,ESTAT:HSW_HP_SVDNA(1.0),A,RT,Y15-24,D_GE14,O,MUSC_SKE,EU_V,1999,294,
dataflow,ESTAT:HSW_HP_SVDNA(1.0),A,RT,Y15-24,D_GE14,O,STRESS,EU_V,1999,290,
dataflow,ESTAT:HSW_HP_SVDNA(1.0),A,RT,Y15-24,D_GE14,O,TOTAL,EU_V,1999,601,
dataflow,ESTAT:HSW_HP_SVDNA(1.0),A,RT,Y15-24,D_GE14,TOTAL,MUSC_SKE,EU_V,1999,299,
dataflow,ESTAT:HSW_HP_SVDNA(1.0),A,RT,Y15-24,D_GE14,TOTAL,OTHER,EU_V,1999,170,
dataflow,ESTAT:HSW_HP_SVDNA(1.0),A,RT,Y15-24,D_GE14,TOTAL,PULMONAR,EU_V,1999,71,
dataflow,ESTAT:HSW_HP_SVDNA(1.0),A,RT,Y15-24,D_GE14,TOTAL,STRESS,EU_V,1999,218,
dataflow,ESTAT:HSW_HP_SVDNA(1.0),A,RT,Y15-24,D_GE14,TOTAL,TOTAL,EU_V,1999,842,
dataflow,ESTAT:HSW_HP_SVDNA(1.0),A,RT,Y15-24,TOTAL,A,MUSC_SKE,EU_V,1999,1272,
dataflow,ESTAT:HSW_HP_SVDNA(1.0),A,RT,Y15-24,TOTAL,A,OTHER,EU_V,1999,764,
dataflow,ESTAT:HSW_HP_SVDNA(1.0),A,RT,Y15-24,TOTAL,A,PULMONAR,EU_V,1999,361,
dataflow,ESTAT:HSW_HP_SVDNA(1.0),A,RT,Y15-24,TOTAL,A,STRESS,EU_V,1999,397,
dataflow,ESTAT:HSW_HP_SVDNA(1.0),A,RT,Y15-24,TOTAL,A,TOTAL,EU_V,1999,3007,
dataflow,ESTAT:HSW_HP_SVDNA(1.0),A,RT,Y15-24,TOTAL,C,TOTAL,EU_V,1999,4021,
dataflow,ESTAT:HSW_HP_SVDNA(1.0),A,RT,Y15-24,TOTAL,D,MUSC_SKE,EU_V,1999,1235,
dataflow,ESTAT:HSW_HP_SVDNA(1.0),A,RT,Y15-24,TOTAL,D,OTHER,EU_V,1999,703,
dataflow,ESTAT:HSW_HP_SVDNA(1.0),A,RT,Y15-24,TOTAL,D,PULMONAR,EU_V,1999,468,
dataflow,ESTAT:HSW_HP_SVDNA(1.0),A,RT,Y15-24,TOTAL,D,STRESS,EU_V,1999,280,
dataflow,ESTAT:HSW_HP_SVDNA(1.0),A,RT,Y15-24,TOTAL,D,TOTAL,EU_V,1999,2867,
dataflow,ESTAT:HSW_HP_SVDNA(1.0),A,RT,Y15-24,TOTAL,E,MUSC_SKE,EU_V,1999,3699,
dataflow,ESTAT:HSW_HP_SVDNA(1.0),A,RT,Y15-24,TOTAL,E,STRESS,EU_V,1999,1359,
dataflow,ESTAT:HSW_HP_SVDNA(1.0),A,RT,Y15-24,TOTAL,E,TOTAL,EU_V,1999,5059,
dataflow,ESTAT:HSW_HP_SVDNA(1.0),A,RT,Y15-24,TOTAL,F,MUSC_SKE,EU_V,1999,531,
dataflow,ESTAT:HSW_HP_SVDNA(1.0),A,RT,Y15-24,TOTAL,F,OTHER,EU_V,1999,552,
dataflow,ESTAT:HSW_HP_SVDNA(1.0),A,RT,Y15-24,TOTAL,F,PULMONAR,EU_V,1999,372,
dataflow,ESTAT:HSW_HP_SVDNA(1.0),A,RT,Y15-24,TOTAL,F,TOTAL,EU_V,1999,1574,
dataflow,ESTAT:HSW_HP_SVDNA(1.0),A,RT,Y15-24,TOTAL,G,MUSC_SKE,EU_V,1999,2333,
dataflow,ESTAT:HSW_HP_SVDNA(1.0),A,RT,Y15-24,TOTAL,G,OTHER,EU_V,1999,546,
dataflow,ESTAT:HSW_HP_SVDNA(1.0),A,RT,Y15-24,TOTAL,G,PULMONAR,EU_V,1999,230,
dataflow,ESTAT:HSW_HP_SVDNA(1.0),A,RT,Y15-24,TOTAL,G,STRESS,EU_V,1999,503,
dataflow,ESTAT:HSW_HP_SVDNA(1.0),A,RT,Y15-24,TOTAL,G,TOTAL,EU_V,1999,3706,
dataflow,ESTAT:HSW_HP_SVDNA(1.0),A,RT,Y15-24,TOTAL,H,MUSC_SKE,EU_V,1999,1060,
dataflow,ESTAT:HSW_HP_SVDNA(1.0),A,RT,Y15-24,TOTAL,H,OTHER,EU_V,1999,1526,
dataflow,ESTAT:HSW_HP_SVDNA(1.0),A,RT,Y15-24,TOTAL,H,PULMONAR,EU_V,1999,388,
dataflow,ESTAT:HSW_HP_SVDNA(1.0),A,RT,Y15-24,TOTAL,H,STRESS,EU_V,1999,731,
dataflow,ESTAT:HSW_HP_SVDNA(1.0),A,RT,Y15-24,TOTAL,H,TOTAL,EU_V,1999,4030,
dataflow,ESTAT:HSW_HP_SVDNA(1.0),A,RT,Y15-24,TOTAL,I,MUSC_SKE,EU_V,1999,1483,
dataflow,ESTAT:HSW_HP_SVDNA(1.0),A,RT,Y15-24,TOTAL,I,OTHER,EU_V,1999,2237,
dataflow,ESTAT:HSW_HP_SVDNA(1.0),A,RT,Y15-24,TOTAL,I,PULMONAR,EU_V,1999,375,
dataflow,ESTAT:HSW_HP_SVDNA(1.0),A,RT,Y15-24,TOTAL,I,STRESS,EU_V,1999,840,
dataflow,ESTAT:HSW_HP_SVDNA(1.0),A,RT,Y15-24,TOTAL,I,TOTAL,EU_V,1999,5019,
dataflow,ESTAT:HSW_HP_SVDNA(1.0),A,RT,Y15-24,TOTAL,J,OTHER,EU_V,1999,1071,
dataflow,ESTAT:HSW_HP_SVDNA(1.0),A,RT,Y15-24,TOTAL,J,STRESS,EU_V,1999,779,
dataflow,ESTAT:HSW_HP_SVDNA(1.0),A,RT,Y15-24,TOTAL,J,TOTAL,EU_V,1999,2142,
dataflow,ESTAT:HSW_HP_SVDNA(1.0),A,RT,Y15-24,TOTAL,K,MUSC_SKE,EU_V,1999,948,
dataflow,ESTAT:HSW_HP_SVDNA(1.0),A,RT,Y15-24,TOTAL,K,OTHER,EU_V,1999,1276,
dataflow,ESTAT:HSW_HP_SVDNA(1.0),A,RT,Y15-24,TOTAL,K,PULMONAR,EU_V,1999,112,
dataflow,ESTAT:HSW_HP_SVDNA(1.0),A,RT,Y15-24,TOTAL,K,STRESS,EU_V,1999,792,
dataflow,ESTAT:HSW_HP_SVDNA(1.0),A,RT,Y15-24,TOTAL,K,TOTAL,EU_V,1999,3291,
dataflow,ESTAT:HSW_HP_SVDNA(1.0),A,RT,Y15-24,TOTAL,L,OTHER,EU_V,1999,1078,
dataflow,ESTAT:HSW_HP_SVDNA(1.0),A,RT,Y15-24,TOTAL,L,PULMONAR,EU_V,1999,271,
dataflow,ESTAT:HSW_HP_SVDNA(1.0),A,RT,Y15-24,TOTAL,L,STRESS,EU_V,1999,858,
dataflow,ESTAT:HSW_HP_SVDNA(1.0),A,RT,Y15-24,TOTAL,L,TOTAL,EU_V,1999,2512,
dataflow,ESTAT:HSW_HP_SVDNA(1.0),A,RT,Y15-24,TOTAL,M,MUSC_SKE,EU_V,1999,640,
dataflow,ESTAT:HSW_HP_SVDNA(1.0),A,RT,Y15-24,TOTAL,M,OTHER,EU_V,1999,1975,
dataflow,ESTAT:HSW_HP_SVDNA(1.0),A,RT,Y15-24,TOTAL,M,PULMONAR,EU_V,1999,94,
dataflow,ESTAT:HSW_HP_SVDNA(1.0),A,RT,Y15-24,TOTAL,M,STRESS,EU_V,1999,507,
dataflow,ESTAT:HSW_HP_SVDNA(1.0),A,RT,Y15-24,TOTAL,M,TOTAL,EU_V,1999,3344,
dataflow,ESTAT:HSW_HP_SVDNA(1.0),A,RT,Y15-24,TOTAL,N,MUSC_SKE,EU_V,1999,2822,
dataflow,ESTAT:HSW_HP_SVDNA(1.0),A,RT,Y15-24,TOTAL,N,OTHER,EU_V,1999,1168,
dataflow,ESTAT:HSW_HP_SVDNA(1.0),A,RT,Y15-24,TOTAL,N,PULMONAR,EU_V,1999,233,
dataflow,ESTAT:HSW_HP_SVDNA(1.0),A,RT,Y15-24,TOTAL,N,STRESS,EU_V,1999,949,
dataflow,ESTAT:HSW_HP_SVDNA(1.0),A,RT,Y15-24,TOTAL,N,TOTAL,EU_V,1999,5518,
dataflow,ESTAT:HSW_HP_SVDNA(1.0),A,RT,Y15-24,TOTAL,O,MUSC_SKE,EU_V,1999,2120,
dataflow,ESTAT:HSW_HP_SVDNA(1.0),A,RT,Y15-24,TOTAL,O,OTHER,EU_V,1999,1071,
dataflow,ESTAT:HSW_HP_SVDNA(1.0),A,RT,Y15-24,TOTAL,O,PULMONAR,EU_V,1999,596,
dataflow,ESTAT:HSW_HP_SVDNA(1.0),A,RT,Y15-24,TOTAL,O,STRESS,EU_V,1999,632,
dataflow,ESTAT:HSW_HP_SVDNA(1.0),A,RT,Y15-24,TOTAL,O,TOTAL,EU_V,1999,4438,
dataflow,ESTAT:HSW_HP_SVDNA(1.0),A,RT,Y15-24,TOTAL,TOTAL,MUSC_SKE,EU_V,1999,1457,
dataflow,ESTAT:HSW_HP_SVDNA(1.0),A,RT,Y15-24,TOTAL,TOTAL,OTHER,EU_V,1999,974,
dataflow,ESTAT:HSW_HP_SVDNA(1.0),A,RT,Y15-24,TOTAL,TOTAL,PULMONAR,EU_V,1999,315,
dataflow,ESTAT:HSW_HP_SVDNA(1.0),A,RT,Y15-24,TOTAL,TOTAL,STRESS,EU_V,1999,542,
dataflow,ESTAT:HSW_HP_SVDNA(1.0),A,RT,Y15-24,TOTAL,TOTAL,TOTAL,EU_V,1999,3445,
dataflow,ESTAT:HSW_HP_SVDNA(1.0),A,RT,Y25-34,D_GE14,A,MUSC_SKE,EU_V,1999,697,
dataflow,ESTAT:HSW_HP_SVDNA(1.0),A,RT,Y25-34,D_GE14,A,TOTAL,EU_V,1999,1039,
dataflow,ESTAT:HSW_HP_SVDNA(1.0),A,RT,Y25-34,D_GE14,B,TOTAL,EU_V,1999,6554,
dataflow,ESTAT:HSW_HP_SVDNA(1.0),A,RT,Y25-34,D_GE14,C,OTHER,EU_V,1999,378,
dataflow,ESTAT:HSW_HP_SVDNA(1.0),A,RT,Y25-34,D_GE14,C,TOTAL,EU_V,1999,1525,
dataflow,ESTAT:HSW_HP_SVDNA(1.0),A,RT,Y25-34,D_GE14,D,MUSC_SKE,EU_V,1999,464,
dataflow,ESTAT:HSW_HP_SVDNA(1.0),A,RT,Y25-34,D_GE14,D,OTHER,EU_V,1999,197,
dataflow,ESTAT:HSW_HP_SVDNA(1.0),A,RT,Y25-34,D_GE14,D,PULMONAR,EU_V,1999,107,
dataflow,ESTAT:HSW_HP_SVDNA(1.0),A,RT,Y25-34,D_GE14,D,STRESS,EU_V,1999,257,
dataflow,ESTAT:HSW_HP_SVDNA(1.0),A,RT,Y25-34,D_GE14,D,TOTAL,EU_V,1999,1109,
dataflow,ESTAT:HSW_HP_SVDNA(1.0),A,RT,Y25-34,D_GE14,E,MUSC_SKE,EU_V,1999,361,
dataflow,ESTAT:HSW_HP_SVDNA(1.0),A,RT,Y25-34,D_GE14,E,OTHER,EU_V,1999,114,
dataflow,ESTAT:HSW_HP_SVDNA(1.0),A,RT,Y25-34,D_GE14,E,TOTAL,EU_V,1999,1385,
dataflow,ESTAT:HSW_HP_SVDNA(1.0),A,RT,Y25-34,D_GE14,F,MUSC_SKE,EU_V,1999,1109,
dataflow,ESTAT:HSW_HP_SVDNA(1.0),A,RT,Y25-34,D_GE14,F,OTHER,EU_V,1999,188,
dataflow,ESTAT:HSW_HP_SVDNA(1.0),A,RT,Y25-34,D_GE14,F,STRESS,EU_V,1999,134,
dataflow,ESTAT:HSW_HP_SVDNA(1.0),A,RT,Y25-34,D_GE14,F,TOTAL,EU_V,1999,1659,
dataflow,ESTAT:HSW_HP_SVDNA(1.0),A,RT,Y25-34,D_GE14,G,MUSC_SKE,EU_V,1999,706,
dataflow,ESTAT:HSW_HP_SVDNA(1.0),A,RT,Y25-34,D_GE14,G,OTHER,EU_V,1999,119,
dataflow,ESTAT:HSW_HP_SVDNA(1.0),A,RT,Y25-34,D_GE14,G,PULMONAR,EU_V,1999,28,
dataflow,ESTAT:HSW_HP_SVDNA(1.0),A,RT,Y25-34,D_GE14,G,STRESS,EU_V,1999,199,
dataflow,ESTAT:HSW_HP_SVDNA(1.0),A,RT,Y25-34,D_GE14,G,TOTAL,EU_V,1999,1152,
dataflow,ESTAT:HSW_HP_SVDNA(1.0),A,RT,Y25-34,D_GE14,H,MUSC_SKE,EU_V,1999,347,
dataflow,ESTAT:HSW_HP_SVDNA(1.0),A,RT,Y25-34,D_GE14,H,PULMONAR,EU_V,1999,33,
dataflow,ESTAT:HSW_HP_SVDNA(1.0),A,RT,Y25-34,D_GE14,H,STRESS,EU_V,1999,158,
dataflow,ESTAT:HSW_HP_SVDNA(1.0),A,RT,Y25-34,D_GE14,H,TOTAL,EU_V,1999,631,
dataflow,ESTAT:HSW_HP_SVDNA(1.0),A,RT,Y25-34,D_GE14,I,MUSC_SKE,EU_V,1999,1099,
dataflow,ESTAT:HSW_HP_SVDNA(1.0),A,RT,Y25-34,D_GE14,I,OTHER,EU_V,1999,86,
dataflow,ESTAT:HSW_HP_SVDNA(1.0),A,RT,Y25-34,D_GE14,I,STRESS,EU_V,1999,453,
dataflow,ESTAT:HSW_HP_SVDNA(1.0),A,RT,Y25-34,D_GE14,I,TOTAL,EU_V,1999,1678,
dataflow,ESTAT:HSW_HP_SVDNA(1.0),A,RT,Y25-34,D_GE14,J,MUSC_SKE,EU_V,1999,409,
dataflow,ESTAT:HSW_HP_SVDNA(1.0),A,RT,Y25-34,D_GE14,J,STRESS,EU_V,1999,333,
dataflow,ESTAT:HSW_HP_SVDNA(1.0),A,RT,Y25-34,D_GE14,J,TOTAL,EU_V,1999,840,
dataflow,ESTAT:HSW_HP_SVDNA(1.0),A,RT,Y25-34,D_GE14,K,MUSC_SKE,EU_V,1999,488,
dataflow,ESTAT:HSW_HP_SVDNA(1.0),A,RT,Y25-34,D_GE14,K,OTHER,EU_V,1999,324,
dataflow,ESTAT:HSW_HP_SVDNA(1.0),A,RT,Y25-34,D_GE14,K,PULMONAR,EU_V,1999,56,
dataflow,ESTAT:HSW_HP_SVDNA(1.0),A,RT,Y25-34,D_GE14,K,STRESS,EU_V,1999,275,
dataflow,ESTAT:HSW_HP_SVDNA(1.0),A,RT,Y25-34,D_GE14,K,TOTAL,EU_V,1999,1191,
dataflow,ESTAT:HSW_HP_SVDNA(1.0),A,RT,Y25-34,D_GE14,L,MUSC_SKE,EU_V,1999,590,
dataflow,ESTAT:HSW_HP_SVDNA(1.0),A,RT,Y25-34,D_GE14,L,OTHER,EU_V,1999,206,
dataflow,ESTAT:HSW_HP_SVDNA(1.0),A,RT,Y25-34,D_GE14,L,PULMONAR,EU_V,1999,38,
dataflow,ESTAT:HSW_HP_SVDNA(1.0),A,RT,Y25-34,D_GE14,L,STRESS,EU_V,1999,373,
dataflow,ESTAT:HSW_HP_SVDNA(1.0),A,RT,Y25-34,D_GE14,L,TOTAL,EU_V,1999,1320,
dataflow,ESTAT:HSW_HP_SVDNA(1.0),A,RT,Y25-34,D_GE14,M,MUSC_SKE,EU_V,1999,394,
dataflow,ESTAT:HSW_HP_SVDNA(1.0),A,RT,Y25-34,D_GE14,M,OTHER,EU_V,1999,177,
dataflow,ESTAT:HSW_HP_SVDNA(1.0),A,RT,Y25-34,D_GE14,M,PULMONAR,EU_V,1999,41,
dataflow,ESTAT:HSW_HP_SVDNA(1.0),A,RT,Y25-34,D_GE14,M,STRESS,EU_V,1999,586,
dataflow,ESTAT:HSW_HP_SVDNA(1.0),A,RT,Y25-34,D_GE14,M,TOTAL,EU_V,1999,1323,
dataflow,ESTAT:HSW_HP_SVDNA(1.0),A,RT,Y25-34,D_GE14,N,MUSC_SKE,EU_V,1999,875,
dataflow,ESTAT:HSW_HP_SVDNA(1.0),A,RT,Y25-34,D_GE14,N,OTHER,EU_V,1999,352,
dataflow,ESTAT:HSW_HP_SVDNA(1.0),A,RT,Y25-34,D_GE14,N,PULMONAR,EU_V,1999,42,
dataflow,ESTAT:HSW_HP_SVDNA(1.0),A,RT,Y25-34,D_GE14,N,STRESS,EU_V,1999,589,
dataflow,ESTAT:HSW_HP_SVDNA(1.0),A,RT,Y25-34,D_GE14,N,TOTAL,EU_V,1999,1980,
dataflow,ESTAT:HSW_HP_SVDNA(1.0),A,RT,Y25-34,D_GE14,O,MUSC_SKE,EU_V,1999,321,
dataflow,ESTAT:HSW_HP_SVDNA(1.0),A,RT,Y25-34,D_GE14,O,OTHER,EU_V,1999,134,
dataflow,ESTAT:HSW_HP_SVDNA(1.0),A,RT,Y25-34,D_GE14,O,PULMONAR,EU_V,1999,120,
dataflow,ESTAT:HSW_HP_SVDNA(1.0),A,RT,Y25-34,D_GE14,O,STRESS,EU_V,1999,218,
dataflow,ESTAT:HSW_HP_SVDNA(1.0),A,RT,Y25-34,D_GE14,O,TOTAL,EU_V,1999,909,
dataflow,ESTAT:HSW_HP_SVDNA(1.0),A,RT,Y25-34,D_GE14,P,MUSC_SKE,EU_V,1999,470,
dataflow,ESTAT:HSW_HP_SVDNA(1.0),A,RT,Y25-34,D_GE14,P,OTHER,EU_V,1999,96,
dataflow,ESTAT:HSW_HP_SVDNA(1.0),A,RT,Y25-34,D_GE14,P,STRESS,EU_V,1999,584,
dataflow,ESTAT:HSW_HP_SVDNA(1.0),A,RT,Y25-34,D_GE14,P,TOTAL,EU_V,1999,1148,
dataflow,ESTAT:HSW_HP_SVDNA(1.0),A,RT,Y25-34,D_GE14,TOTAL,MUSC_SKE,EU_V,1999,615,
dataflow,ESTAT:HSW_HP_SVDNA(1.0),A,RT,Y25-34,D_GE14,TOTAL,OTHER,EU_V,1999,183,
dataflow,ESTAT:HSW_HP_SVDNA(1.0),A,RT,Y25-34,D_GE14,TOTAL,PULMONAR,EU_V,1999,60,
dataflow,ESTAT:HSW_HP_SVDNA(1.0),A,RT,Y25-34,D_GE14,TOTAL,STRESS,EU_V,1999,312,
dataflow,ESTAT:HSW_HP_SVDNA(1.0),A,RT,Y25-34,D_GE14,TOTAL,TOTAL,EU_V,1999,1273,
dataflow,ESTAT:HSW_HP_SVDNA(1.0),A,RT,Y25-34,TOTAL,A,MUSC_SKE,EU_V,1999,1930,
dataflow,ESTAT:HSW_HP_SVDNA(1.0),A,RT,Y25-34,TOTAL,A,PULMONAR,EU_V,1999,131,
dataflow,ESTAT:HSW_HP_SVDNA(1.0),A,RT,Y25-34,TOTAL,A,STRESS,EU_V,1999,250,
dataflow,ESTAT:HSW_HP_SVDNA(1.0),A,RT,Y25-34,TOTAL,A,TOTAL,EU_V,1999,2989,
dataflow,ESTAT:HSW_HP_SVDNA(1.0),A,RT,Y25-34,TOTAL,B,MUSC_SKE,EU_V,1999,6554,
dataflow,ESTAT:HSW_HP_SVDNA(1.0),A,RT,Y25-34,TOTAL,B,TOTAL,EU_V,1999,6554,
dataflow,ESTAT:HSW_HP_SVDNA(1.0),A,RT,Y25-34,TOTAL,C,MUSC_SKE,EU_V,1999,1111,
dataflow,ESTAT:HSW_HP_SVDNA(1.0),A,RT,Y25-34,TOTAL,C,OTHER,EU_V,1999,1525,
dataflow,ESTAT:HSW_HP_SVDNA(1.0),A,RT,Y25-34,TOTAL,C,PULMONAR,EU_V,1999,1059,
dataflow,ESTAT:HSW_HP_SVDNA(1.0),A,RT,Y25-34,TOTAL,C,TOTAL,EU_V,1999,3781,
dataflow,ESTAT:HSW_HP_SVDNA(1.0),A,RT,Y25-34,TOTAL,D,MUSC_SKE,EU_V,1999,2046,
dataflow,ESTAT:HSW_HP_SVDNA(1.0),A,RT,Y25-34,TOTAL,D,OTHER,EU_V,1999,625,
dataflow,ESTAT:HSW_HP_SVDNA(1.0),A,RT,Y25-34,TOTAL,D,PULMONAR,EU_V,1999,344,
dataflow,ESTAT:HSW_HP_SVDNA(1.0),A,RT,Y25-34,TOTAL,D,STRESS,EU_V,1999,805,
dataflow,ESTAT:HSW_HP_SVDNA(1.0),A,RT,Y25-34,TOTAL,D,TOTAL,EU_V,1999,3975,
dataflow,ESTAT:HSW_HP_SVDNA(1.0),A,RT,Y25-34,TOTAL,E,MUSC_SKE,EU_V,1999,1249,
dataflow,ESTAT:HSW_HP_SVDNA(1.0),A,RT,Y25-34,TOTAL,E,OTHER,EU_V,1999,378,
dataflow,ESTAT:HSW_HP_SVDNA(1.0),A,RT,Y25-34,TOTAL,E,PULMONAR,EU_V,1999,484,
dataflow,ESTAT:HSW_HP_SVDNA(1.0),A,RT,Y25-34,TOTAL,E,STRESS,EU_V,1999,350,
dataflow,ESTAT:HSW_HP_SVDNA(1.0),A,RT,Y25-34,TOTAL,E,TOTAL,EU_V,1999,2862,
dataflow,ESTAT:HSW_HP_SVDNA(1.0),A,RT,Y25-34,TOTAL,F,MUSC_SKE,EU_V,1999,2400,
dataflow,ESTAT:HSW_HP_SVDNA(1.0),A,RT,Y25-34,TOTAL,F,OTHER,EU_V,1999,470,
dataflow,ESTAT:HSW_HP_SVDNA(1.0),A,RT,Y25-34,TOTAL,F,PULMONAR,EU_V,1999,178,
dataflow,ESTAT:HSW_HP_SVDNA(1.0),A,RT,Y25-34,TOTAL,F,STRESS,EU_V,1999,282,
dataflow,ESTAT:HSW_HP_SVDNA(1.0),A,RT,Y25-34,TOTAL,F,TOTAL,EU_V,1999,3657,
dataflow,ESTAT:HSW_HP_SVDNA(1.0),A,RT,Y25-34,TOTAL,G,MUSC_SKE,EU_V,1999,1961,
dataflow,ESTAT:HSW_HP_SVDNA(1.0),A,RT,Y25-34,TOTAL,G,OTHER,EU_V,1999,748,
dataflow,ESTAT:HSW_HP_SVDNA(1.0),A,RT,Y25-34,TOTAL,G,PULMONAR,EU_V,1999,119,
dataflow,ESTAT:HSW_HP_SVDNA(1.0),A,RT,Y25-34,TOTAL,G,STRESS,EU_V,1999,765,
dataflow,ESTAT:HSW_HP_SVDNA(1.0),A,RT,Y25-34,TOTAL,G,TOTAL,EU_V,1999,3709,
dataflow,ESTAT:HSW_HP_SVDNA(1.0),A,RT,Y25-34,TOTAL,H,MUSC_SKE,EU_V,1999,1905,
dataflow,ESTAT:HSW_HP_SVDNA(1.0),A,RT,Y25-34,TOTAL,H,OTHER,EU_V,1999,796,
dataflow,ESTAT:HSW_HP_SVDNA(1.0),A,RT,Y25-34,TOTAL,H,PULMONAR,EU_V,1999,119,
dataflow,ESTAT:HSW_HP_SVDNA(1.0),A,RT,Y25-34,TOTAL,H,STRESS,EU_V,1999,492,
dataflow,ESTAT:HSW_HP_SVDNA(1.0),A,RT,Y25-34,TOTAL,H,TOTAL,EU_V,1999,3404,
dataflow,ESTAT:HSW_HP_SVDNA(1.0),A,RT,Y25-34,TOTAL,I,MUSC_SKE,EU_V,1999,2661,
dataflow,ESTAT:HSW_HP_SVDNA(1.0),A,RT,Y25-34,TOTAL,I,OTHER,EU_V,1999,825,
dataflow,ESTAT:HSW_HP_SVDNA(1.0),A,RT,Y25-34,TOTAL,I,STRESS,EU_V,1999,965,
dataflow,ESTAT:HSW_HP_SVDNA(1.0),A,RT,Y25-34,TOTAL,I,TOTAL,EU_V,1999,4591,
dataflow,ESTAT:HSW_HP_SVDNA(1.0),A,RT,Y25-34,TOTAL,J,MUSC_SKE,EU_V,1999,1152,
dataflow,ESTAT:HSW_HP_SVDNA(1.0),A,RT,Y25-34,TOTAL,J,OTHER,EU_V,1999,594,
dataflow,ESTAT:HSW_HP_SVDNA(1.0),A,RT,Y25-34,TOTAL,J,STRESS,EU_V,1999,854,
dataflow,ESTAT:HSW_HP_SVDNA(1.0),A,RT,Y25-34,TOTAL,J,TOTAL,EU_V,1999,2719,
dataflow,ESTAT:HSW_HP_SVDNA(1.0),A,RT,Y25-34,TOTAL,K,MUSC_SKE,EU_V,1999,1829,
dataflow,ESTAT:HSW_HP_SVDNA(1.0),A,RT,Y25-34,TOTAL,K,OTHER,EU_V,1999,1239,
dataflow,ESTAT:HSW_HP_SVDNA(1.0),A,RT,Y25-34,TOTAL,K,PULMONAR,EU_V,1999,234,
dataflow,ESTAT:HSW_HP_SVDNA(1.0),A,RT,Y25-34,TOTAL,K,STRESS,EU_V,1999,944,
dataflow,ESTAT:HSW_HP_SVDNA(1.0),A,RT,Y25-34,TOTAL,K,TOTAL,EU_V,1999,4368,
dataflow,ESTAT:HSW_HP_SVDNA(1.0),A,RT,Y25-34,TOTAL,L,MUSC_SKE,EU_V,1999,1741,
dataflow,ESTAT:HSW_HP_SVDNA(1.0),A,RT,Y25-34,TOTAL,L,OTHER,EU_V,1999,815,
dataflow,ESTAT:HSW_HP_SVDNA(1.0),A,RT,Y25-34,TOTAL,L,PULMONAR,EU_V,1999,180,
dataflow,ESTAT:HSW_HP_SVDNA(1.0),A,RT,Y25-34,TOTAL,L,STRESS,EU_V,1999,803,
dataflow,ESTAT:HSW_HP_SVDNA(1.0),A,RT,Y25-34,TOTAL,L,TOTAL,EU_V,1999,3723,
dataflow,ESTAT:HSW_HP_SVDNA(1.0),A,RT,Y25-34,TOTAL,M,MUSC_SKE,EU_V,1999,1643,
dataflow,ESTAT:HSW_HP_SVDNA(1.0),A,RT,Y25-34,TOTAL,M,OTHER,EU_V,1999,1414,
dataflow,ESTAT:HSW_HP_SVDNA(1.0),A,RT,Y25-34,TOTAL,M,PULMONAR,EU_V,1999,344,
dataflow,ESTAT:HSW_HP_SVDNA(1.0),A,RT,Y25-34,TOTAL,M,STRESS,EU_V,1999,1552,
dataflow,ESTAT:HSW_HP_SVDNA(1.0),A,RT,Y25-34,TOTAL,M,TOTAL,EU_V,1999,5097,
dataflow,ESTAT:HSW_HP_SVDNA(1.0),A,RT,Y25-34,TOTAL,N,MUSC_SKE,EU_V,1999,2878,
dataflow,ESTAT:HSW_HP_SVDNA(1.0),A,RT,Y25-34,TOTAL,N,OTHER,EU_V,1999,1561,
dataflow,ESTAT:HSW_HP_SVDNA(1.0),A,RT,Y25-34,TOTAL,N,PULMONAR,EU_V,1999,208,
dataflow,ESTAT:HSW_HP_SVDNA(1.0),A,RT,Y25-34,TOTAL,N,STRESS,EU_V,1999,1453,
dataflow,ESTAT:HSW_HP_SVDNA(1.0),A,RT,Y25-34,TOTAL,N,TOTAL,EU_V,1999,6438,
dataflow,ESTAT:HSW_HP_SVDNA(1.0),A,RT,Y25-34,TOTAL,O,MUSC_SKE,EU_V,1999,2340,
dataflow,ESTAT:HSW_HP_SVDNA(1.0),A,RT,Y25-34,TOTAL,O,OTHER,EU_V,1999,860,
dataflow,ESTAT:HSW_HP_SVDNA(1.0),A,RT,Y25-34,TOTAL,O,PULMONAR,EU_V,1999,479,
dataflow,ESTAT:HSW_HP_SVDNA(1.0),A,RT,Y25-34,TOTAL,O,STRESS,EU_V,1999,1033,
dataflow,ESTAT:HSW_HP_SVDNA(1.0),A,RT,Y25-34,TOTAL,O,TOTAL,EU_V,1999,4902,
dataflow,ESTAT:HSW_HP_SVDNA(1.0),A,RT,Y25-34,TOTAL,P,MUSC_SKE,EU_V,1999,987,
dataflow,ESTAT:HSW_HP_SVDNA(1.0),A,RT,Y25-34,TOTAL,P,PULMONAR,EU_V,1999,578,
dataflow,ESTAT:HSW_HP_SVDNA(1.0),A,RT,Y25-34,TOTAL,P,STRESS,EU_V,1999,921,
dataflow,ESTAT:HSW_HP_SVDNA(1.0),A,RT,Y25-34,TOTAL,P,TOTAL,EU_V,1999,2636,
dataflow,ESTAT:HSW_HP_SVDNA(1.0),A,RT,Y25-34,TOTAL,Q,TOTAL,EU_V,1999,4473,
dataflow,ESTAT:HSW_HP_SVDNA(1.0),A,RT,Y25-34,TOTAL,TOTAL,MUSC_SKE,EU_V,1999,2049,
dataflow,ESTAT:HSW_HP_SVDNA(1.0),A,RT,Y25-34,TOTAL,TOTAL,OTHER,EU_V,1999,868,
dataflow,ESTAT:HSW_HP_SVDNA(1.0),A,RT,Y25-34,TOTAL,TOTAL,PULMONAR,EU_V,1999,227,
dataflow,ESTAT:HSW_HP_SVDNA(1.0),A,RT,Y25-34,TOTAL,TOTAL,STRESS,EU_V,1999,890,
dataflow,ESTAT:HSW_HP_SVDNA(1.0),A,RT,Y25-34,TOTAL,TOTAL,TOTAL,EU_V,1999,4212,
dataflow,ESTAT:HSW_HP_SVDNA(1.0),A,RT,Y35-44,D_GE14,A,MUSC_SKE,EU_V,1999,1483,
dataflow,ESTAT:HSW_HP_SVDNA(1.0),A,RT,Y35-44,D_GE14,A,OTHER,EU_V,1999,423,
dataflow,ESTAT:HSW_HP_SVDNA(1.0),A,RT,Y35-44,D_GE14,A,PULMONAR,EU_V,1999,140,
dataflow,ESTAT:HSW_HP_SVDNA(1.0),A,RT,Y35-44,D_GE14,A,STRESS,EU_V,1999,262,
dataflow,ESTAT:HSW_HP_SVDNA(1.0),A,RT,Y35-44,D_GE14,A,TOTAL,EU_V,1999,2308,
dataflow,ESTAT:HSW_HP_SVDNA(1.0),A,RT,Y35-44,D_GE14,B,TOTAL,EU_V,1999,400,
dataflow,ESTAT:HSW_HP_SVDNA(1.0),A,RT,Y35-44,D_GE14,C,MUSC_SKE,EU_V,1999,1331,
dataflow,ESTAT:HSW_HP_SVDNA(1.0),A,RT,Y35-44,D_GE14,C,PULMONAR,EU_V,1999,189,
dataflow,ESTAT:HSW_HP_SVDNA(1.0),A,RT,Y35-44,D_GE14,C,TOTAL,EU_V,1999,1519,
dataflow,ESTAT:HSW_HP_SVDNA(1.0),A,RT,Y35-44,D_GE14,D,MUSC_SKE,EU_V,1999,787,
dataflow,ESTAT:HSW_HP_SVDNA(1.0),A,RT,Y35-44,D_GE14,D,OTHER,EU_V,1999,224,
dataflow,ESTAT:HSW_HP_SVDNA(1.0),A,RT,Y35-44,D_GE14,D,PULMONAR,EU_V,1999,52,
dataflow,ESTAT:HSW_HP_SVDNA(1.0),A,RT,Y35-44,D_GE14,D,STRESS,EU_V,1999,246,
dataflow,ESTAT:HSW_HP_SVDNA(1.0),A,RT,Y35-44,D_GE14,D,TOTAL,EU_V,1999,1381,
dataflow,ESTAT:HSW_HP_SVDNA(1.0),A,RT,Y35-44,D_GE14,E,MUSC_SKE,EU_V,1999,585,
dataflow,ESTAT:HSW_HP_SVDNA(1.0),A,RT,Y35-44,D_GE14,E,OTHER,EU_V,1999,182,
dataflow,ESTAT:HSW_HP_SVDNA(1.0),A,RT,Y35-44,D_GE14,E,STRESS,EU_V,1999,427,
dataflow,ESTAT:HSW_HP_SVDNA(1.0),A,RT,Y35-44,D_GE14,E,TOTAL,EU_V,1999,1244,
dataflow,ESTAT:HSW_HP_SVDNA(1.0),A,RT,Y35-44,D_GE14,F,MUSC_SKE,EU_V,1999,1177,
dataflow,ESTAT:HSW_HP_SVDNA(1.0),A,RT,Y35-44,D_GE14,F,OTHER,EU_V,1999,365,
dataflow,ESTAT:HSW_HP_SVDNA(1.0),A,RT,Y35-44,D_GE14,F,STRESS,EU_V,1999,291,
dataflow,ESTAT:HSW_HP_SVDNA(1.0),A,RT,Y35-44,D_GE14,F,TOTAL,EU_V,1999,1984,
dataflow,ESTAT:HSW_HP_SVDNA(1.0),A,RT,Y35-44,D_GE14,G,MUSC_SKE,EU_V,1999,938,
dataflow,ESTAT:HSW_HP_SVDNA(1.0),A,RT,Y35-44,D_GE14,G,OTHER,EU_V,1999,211,
dataflow,ESTAT:HSW_HP_SVDNA(1.0),A,RT,Y35-44,D_GE14,G,PULMONAR,EU_V,1999,60,
dataflow,ESTAT:HSW_HP_SVDNA(1.0),A,RT,Y35-44,D_GE14,G,STRESS,EU_V,1999,361,
dataflow,ESTAT:HSW_HP_SVDNA(1.0),A,RT,Y35-44,D_GE14,G,TOTAL,EU_V,1999,1684,
dataflow,ESTAT:HSW_HP_SVDNA(1.0),A,RT,Y35-44,D_GE14,H,MUSC_SKE,EU_V,1999,833,
dataflow,ESTAT:HSW_HP_SVDNA(1.0),A,RT,Y35-44,D_GE14,H,OTHER,EU_V,1999,136,
dataflow,ESTAT:HSW_HP_SVDNA(1.0),A,RT,Y35-44,D_GE14,H,STRESS,EU_V,1999,323,
dataflow,ESTAT:HSW_HP_SVDNA(1.0),A,RT,Y35-44,D_GE14,H,TOTAL,EU_V,1999,1361,
dataflow,ESTAT:HSW_HP_SVDNA(1.0),A,RT,Y35-44,D_GE14,I,MUSC_SKE,EU_V,1999,990,
dataflow,ESTAT:HSW_HP_SVDNA(1.0),A,RT,Y35-44,D_GE14,I,OTHER,EU_V,1999,212,
dataflow,ESTAT:HSW_HP_SVDNA(1.0),A,RT,Y35-44,D_GE14,I,PULMONAR,EU_V,1999,115,
dataflow,ESTAT:HSW_HP_SVDNA(1.0),A,RT,Y35-44,D_GE14,I,STRESS,EU_V,1999,708,
dataflow,ESTAT:HSW_HP_SVDNA(1.0),A,RT,Y35-44,D_GE14,I,TOTAL,EU_V,1999,2141,
dataflow,ESTAT:HSW_HP_SVDNA(1.0),A,RT,Y35-44,D_GE14,J,MUSC_SKE,EU_V,1999,379,
dataflow,ESTAT:HSW_HP_SVDNA(1.0),A,RT,Y35-44,D_GE14,J,OTHER,EU_V,1999,179,
dataflow,ESTAT:HSW_HP_SVDNA(1.0),A,RT,Y35-44,D_GE14,J,STRESS,EU_V,1999,264,
dataflow,ESTAT:HSW_HP_SVDNA(1.0),A,RT,Y35-44,D_GE14,J,TOTAL,EU_V,1999,879,
dataflow,ESTAT:HSW_HP_SVDNA(1.0),A,RT,Y35-44,D_GE14,K,MUSC_SKE,EU_V,1999,749,
dataflow,ESTAT:HSW_HP_SVDNA(1.0),A,RT,Y35-44,D_GE14,K,OTHER,EU_V,1999,178,
dataflow,ESTAT:HSW_HP_SVDNA(1.0),A,RT,Y35-44,D_GE14,K,PULMONAR,EU_V,1999,127,
dataflow,ESTAT:HSW_HP_SVDNA(1.0),A,RT,Y35-44,D_GE14,K,STRESS,EU_V,1999,573,
dataflow,ESTAT:HSW_HP_SVDNA(1.0),A,RT,Y35-44,D_GE14,K,TOTAL,EU_V,1999,1685,
dataflow,ESTAT:HSW_HP_SVDNA(1.0),A,RT,Y35-44,D_GE14,L,MUSC_SKE,EU_V,1999,1139,
dataflow,ESTAT:HSW_HP_SVDNA(1.0),A,RT,Y35-44,D_GE14,L,OTHER,EU_V,1999,347,
dataflow,ESTAT:HSW_HP_SVDNA(1.0),A,RT,Y35-44,D_GE14,L,PULMONAR,EU_V,1999,97,
dataflow,ESTAT:HSW_HP_SVDNA(1.0),A,RT,Y35-44,D_GE14,L,STRESS,EU_V,1999,561,
dataflow,ESTAT:HSW_HP_SVDNA(1.0),A,RT,Y35-44,D_GE14,L,TOTAL,EU_V,1999,2320,
dataflow,ESTAT:HSW_HP_SVDNA(1.0),A,RT,Y35-44,D_GE14,M,MUSC_SKE,EU_V,1999,587,
dataflow,ESTAT:HSW_HP_SVDNA(1.0),A,RT,Y35-44,D_GE14,M,OTHER,EU_V,1999,392,
dataflow,ESTAT:HSW_HP_SVDNA(1.0),A,RT,Y35-44,D_GE14,M,PULMONAR,EU_V,1999,107,
dataflow,ESTAT:HSW_HP_SVDNA(1.0),A,RT,Y35-44,D_GE14,M,STRESS,EU_V,1999,901,
dataflow,ESTAT:HSW_HP_SVDNA(1.0),A,RT,Y35-44,D_GE14,M,TOTAL,EU_V,1999,2030,
dataflow,ESTAT:HSW_HP_SVDNA(1.0),A,RT,Y35-44,D_GE14,N,MUSC_SKE,EU_V,1999,991,
dataflow,ESTAT:HSW_HP_SVDNA(1.0),A,RT,Y35-44,D_GE14,N,OTHER,EU_V,1999,584,
dataflow,ESTAT:HSW_HP_SVDNA(1.0),A,RT,Y35-44,D_GE14,N,PULMONAR,EU_V,1999,49,
dataflow,ESTAT:HSW_HP_SVDNA(1.0),A,RT,Y35-44,D_GE14,N,STRESS,EU_V,1999,781,
dataflow,ESTAT:HSW_HP_SVDNA(1.0),A,RT,Y35-44,D_GE14,N,TOTAL,EU_V,1999,2516,
dataflow,ESTAT:HSW_HP_SVDNA(1.0),A,RT,Y35-44,D_GE14,O,MUSC_SKE,EU_V,1999,341,
dataflow,ESTAT:HSW_HP_SVDNA(1.0),A,RT,Y35-44,D_GE14,O,OTHER,EU_V,1999,475,
dataflow,ESTAT:HSW_HP_SVDNA(1.0),A,RT,Y35-44,D_GE14,O,PULMONAR,EU_V,1999,86,
dataflow,ESTAT:HSW_HP_SVDNA(1.0),A,RT,Y35-44,D_GE14,O,STRESS,EU_V,1999,772,
dataflow,ESTAT:HSW_HP_SVDNA(1.0),A,RT,Y35-44,D_GE14,O,TOTAL,EU_V,1999,1721,
dataflow,ESTAT:HSW_HP_SVDNA(1.0),A,RT,Y35-44,D_GE14,P,MUSC_SKE,EU_V,1999,426,
dataflow,ESTAT:HSW_HP_SVDNA(1.0),A,RT,Y35-44,D_GE14,P,OTHER,EU_V,1999,262,
dataflow,ESTAT:HSW_HP_SVDNA(1.0),A,RT,Y35-44,D_GE14,P,PULMONAR,EU_V,1999,105,
dataflow,ESTAT:HSW_HP_SVDNA(1.0),A,RT,Y35-44,D_GE14,P,TOTAL,EU_V,1999,793,
dataflow,ESTAT:HSW_HP_SVDNA(1.0),A,RT,Y35-44,D_GE14,Q,TOTAL,EU_V,1999,4254,
dataflow,ESTAT:HSW_HP_SVDNA(1.0),A,RT,Y35-44,D_GE14,TOTAL,MUSC_SKE,EU_V,1999,861,
dataflow,ESTAT:HSW_HP_SVDNA(1.0),A,RT,Y35-44,D_GE14,TOTAL,OTHER,EU_V,1999,308,
dataflow,ESTAT:HSW_HP_SVDNA(1.0),A,RT,Y35-44,D_GE14,TOTAL,PULMONAR,EU_V,1999,69,
dataflow,ESTAT:HSW_HP_SVDNA(1.0),A,RT,Y35-44,D_GE14,TOTAL,STRESS,EU_V,1999,501,
dataflow,ESTAT:HSW_HP_SVDNA(1.0),A,RT,Y35-44,D_GE14,TOTAL,TOTAL,EU_V,1999,1832,
dataflow,ESTAT:HSW_HP_SVDNA(1.0),A,RT,Y35-44,TOTAL,A,MUSC_SKE,EU_V,1999,2691,
dataflow,ESTAT:HSW_HP_SVDNA(1.0),A,RT,Y35-44,TOTAL,A,OTHER,EU_V,1999,873,
dataflow,ESTAT:HSW_HP_SVDNA(1.0),A,RT,Y35-44,TOTAL,A,PULMONAR,EU_V,1999,291,
dataflow,ESTAT:HSW_HP_SVDNA(1.0),A,RT,Y35-44,TOTAL,A,STRESS,EU_V,1999,805,
dataflow,ESTAT:HSW_HP_SVDNA(1.0),A,RT,Y35-44,TOTAL,A,TOTAL,EU_V,1999,4801,
dataflow,ESTAT:HSW_HP_SVDNA(1.0),A,RT,Y35-44,TOTAL,B,MUSC_SKE,EU_V,1999,1725,
dataflow,ESTAT:HSW_HP_SVDNA(1.0),A,RT,Y35-44,TOTAL,B,TOTAL,EU_V,1999,2575,
dataflow,ESTAT:HSW_HP_SVDNA(1.0),A,RT,Y35-44,TOTAL,C,MUSC_SKE,EU_V,1999,3158,
dataflow,ESTAT:HSW_HP_SVDNA(1.0),A,RT,Y35-44,TOTAL,C,PULMONAR,EU_V,1999,850,
dataflow,ESTAT:HSW_HP_SVDNA(1.0),A,RT,Y35-44,TOTAL,C,TOTAL,EU_V,1999,4008,
dataflow,ESTAT:HSW_HP_SVDNA(1.0),A,RT,Y35-44,TOTAL,D,MUSC_SKE,EU_V,1999,2711,
dataflow,ESTAT:HSW_HP_SVDNA(1.0),A,RT,Y35-44,TOTAL,D,OTHER,EU_V,1999,875,
dataflow,ESTAT:HSW_HP_SVDNA(1.0),A,RT,Y35-44,TOTAL,D,PULMONAR,EU_V,1999,284,
dataflow,ESTAT:HSW_HP_SVDNA(1.0),A,RT,Y35-44,TOTAL,D,STRESS,EU_V,1999,768,
dataflow,ESTAT:HSW_HP_SVDNA(1.0),A,RT,Y35-44,TOTAL,D,TOTAL,EU_V,1999,4811,
dataflow,ESTAT:HSW_HP_SVDNA(1.0),A,RT,Y35-44,TOTAL,E,MUSC_SKE,EU_V,1999,1221,
dataflow,ESTAT:HSW_HP_SVDNA(1.0),A,RT,Y35-44,TOTAL,E,OTHER,EU_V,1999,906,
dataflow,ESTAT:HSW_HP_SVDNA(1.0),A,RT,Y35-44,TOTAL,E,PULMONAR,EU_V,1999,430,
dataflow,ESTAT:HSW_HP_SVDNA(1.0),A,RT,Y35-44,TOTAL,E,STRESS,EU_V,1999,1034,
dataflow,ESTAT:HSW_HP_SVDNA(1.0),A,RT,Y35-44,TOTAL,E,TOTAL,EU_V,1999,3689,
dataflow,ESTAT:HSW_HP_SVDNA(1.0),A,RT,Y35-44,TOTAL,F,MUSC_SKE,EU_V,1999,3546,
dataflow,ESTAT:HSW_HP_SVDNA(1.0),A,RT,Y35-44,TOTAL,F,OTHER,EU_V,1999,919,
dataflow,ESTAT:HSW_HP_SVDNA(1.0),A,RT,Y35-44,TOTAL,F,PULMONAR,EU_V,1999,198,
dataflow,ESTAT:HSW_HP_SVDNA(1.0),A,RT,Y35-44,TOTAL,F,STRESS,EU_V,1999,779,
dataflow,ESTAT:HSW_HP_SVDNA(1.0),A,RT,Y35-44,TOTAL,F,TOTAL,EU_V,1999,5605,
dataflow,ESTAT:HSW_HP_SVDNA(1.0),A,RT,Y35-44,TOTAL,G,MUSC_SKE,EU_V,1999,2390,
dataflow,ESTAT:HSW_HP_SVDNA(1.0),A,RT,Y35-44,TOTAL,G,OTHER,EU_V,1999,736,
dataflow,ESTAT:HSW_HP_SVDNA(1.0),A,RT,Y35-44,TOTAL,G,PULMONAR,EU_V,1999,212,
dataflow,ESTAT:HSW_HP_SVDNA(1.0),A,RT,Y35-44,TOTAL,G,STRESS,EU_V,1999,853,
dataflow,ESTAT:HSW_HP_SVDNA(1.0),A,RT,Y35-44,TOTAL,G,TOTAL,EU_V,1999,4443,
dataflow,ESTAT:HSW_HP_SVDNA(1.0),A,RT,Y35-44,TOTAL,H,MUSC_SKE,EU_V,1999,1881,
dataflow,ESTAT:HSW_HP_SVDNA(1.0),A,RT,Y35-44,TOTAL,H,OTHER,EU_V,1999,211,
dataflow,ESTAT:HSW_HP_SVDNA(1.0),A,RT,Y35-44,TOTAL,H,PULMONAR,EU_V,1999,92,
dataflow,ESTAT:HSW_HP_SVDNA(1.0),A,RT,Y35-44,TOTAL,H,STRESS,EU_V,1999,1059,
dataflow,ESTAT:HSW_HP_SVDNA(1.0),A,RT,Y35-44,TOTAL,H,TOTAL,EU_V,1999,3483,
dataflow,ESTAT:HSW_HP_SVDNA(1.0),A,RT,Y35-44,TOTAL,I,MUSC_SKE,EU_V,1999,3160,
dataflow,ESTAT:HSW_HP_SVDNA(1.0),A,RT,Y35-44,TOTAL,I,OTHER,EU_V,1999,614,
dataflow,ESTAT:HSW_HP_SVDNA(1.0),A,RT,Y35-44,TOTAL,I,PULMONAR,EU_V,1999,222,
dataflow,ESTAT:HSW_HP_SVDNA(1.0),A,RT,Y35-44,TOTAL,I,STRESS,EU_V,1999,1351,
dataflow,ESTAT:HSW_HP_SVDNA(1.0),A,RT,Y35-44,TOTAL,I,TOTAL,EU_V,1999,5637,
dataflow,ESTAT:HSW_HP_SVDNA(1.0),A,RT,Y35-44,TOTAL,J,MUSC_SKE,EU_V,1999,1465,
dataflow,ESTAT:HSW_HP_SVDNA(1.0),A,RT,Y35-44,TOTAL,J,OTHER,EU_V,1999,778,
dataflow,ESTAT:HSW_HP_SVDNA(1.0),A,RT,Y35-44,TOTAL,J,PULMONAR,EU_V,1999,202,
dataflow,ESTAT:HSW_HP_SVDNA(1.0),A,RT,Y35-44,TOTAL,J,STRESS,EU_V,1999,897,
dataflow,ESTAT:HSW_HP_SVDNA(1.0),A,RT,Y35-44,TOTAL,J,TOTAL,EU_V,1999,3442,
dataflow,ESTAT:HSW_HP_SVDNA(1.0),A,RT,Y35-44,TOTAL,K,MUSC_SKE,EU_V,1999,2954,
dataflow,ESTAT:HSW_HP_SVDNA(1.0),A,RT,Y35-44,TOTAL,K,OTHER,EU_V,1999,796,
dataflow,ESTAT:HSW_HP_SVDNA(1.0),A,RT,Y35-44,TOTAL,K,PULMONAR,EU_V,1999,237,
dataflow,ESTAT:HSW_HP_SVDNA(1.0),A,RT,Y35-44,TOTAL,K,STRESS,EU_V,1999,1531,
dataflow,ESTAT:HSW_HP_SVDNA(1.0),A,RT,Y35-44,TOTAL,K,TOTAL,EU_V,1999,5694,
dataflow,ESTAT:HSW_HP_SVDNA(1.0),A,RT,Y35-44,TOTAL,L,MUSC_SKE,EU_V,1999,2415,
dataflow,ESTAT:HSW_HP_SVDNA(1.0),A,RT,Y35-44,TOTAL,L,OTHER,EU_V,1999,843,
dataflow,ESTAT:HSW_HP_SVDNA(1.0),A,RT,Y35-44,TOTAL,L,PULMONAR,EU_V,1999,363,
dataflow,ESTAT:HSW_HP_SVDNA(1.0),A,RT,Y35-44,TOTAL,L,STRESS,EU_V,1999,1459,
dataflow,ESTAT:HSW_HP_SVDNA(1.0),A,RT,Y35-44,TOTAL,L,TOTAL,EU_V,1999,5325,
dataflow,ESTAT:HSW_HP_SVDNA(1.0),A,RT,Y35-44,TOTAL,M,MUSC_SKE,EU_V,1999,1939,
dataflow,ESTAT:HSW_HP_SVDNA(1.0),A,RT,Y35-44,TOTAL,M,OTHER,EU_V,1999,1527,
dataflow,ESTAT:HSW_HP_SVDNA(1.0),A,RT,Y35-44,TOTAL,M,PULMONAR,EU_V,1999,453,
dataflow,ESTAT:HSW_HP_SVDNA(1.0),A,RT,Y35-44,TOTAL,M,STRESS,EU_V,1999,2539,
dataflow,ESTAT:HSW_HP_SVDNA(1.0),A,RT,Y35-44,TOTAL,M,TOTAL,EU_V,1999,6564,
dataflow,ESTAT:HSW_HP_SVDNA(1.0),A,RT,Y35-44,TOTAL,N,MUSC_SKE,EU_V,1999,4118,
dataflow,ESTAT:HSW_HP_SVDNA(1.0),A,RT,Y35-44,TOTAL,N,OTHER,EU_V,1999,1446,
dataflow,ESTAT:HSW_HP_SVDNA(1.0),A,RT,Y35-44,TOTAL,N,PULMONAR,EU_V,1999,324,
dataflow,ESTAT:HSW_HP_SVDNA(1.0),A,RT,Y35-44,TOTAL,N,STRESS,EU_V,1999,2270,
dataflow,ESTAT:HSW_HP_SVDNA(1.0),A,RT,Y35-44,TOTAL,N,TOTAL,EU_V,1999,8336,
dataflow,ESTAT:HSW_HP_SVDNA(1.0),A,RT,Y35-44,TOTAL,O,MUSC_SKE,EU_V,1999,2773,
dataflow,ESTAT:HSW_HP_SVDNA(1.0),A,RT,Y35-44,TOTAL,O,OTHER,EU_V,1999,1419,
dataflow,ESTAT:HSW_HP_SVDNA(1.0),A,RT,Y35-44,TOTAL,O,PULMONAR,EU_V,1999,318,
dataflow,ESTAT:HSW_HP_SVDNA(1.0),A,RT,Y35-44,TOTAL,O,STRESS,EU_V,1999,1696,
dataflow,ESTAT:HSW_HP_SVDNA(1.0),A,RT,Y35-44,TOTAL,O,TOTAL,EU_V,1999,6285,
dataflow,ESTAT:HSW_HP_SVDNA(1.0),A,RT,Y35-44,TOTAL,P,MUSC_SKE,EU_V,1999,1187,
dataflow,ESTAT:HSW_HP_SVDNA(1.0),A,RT,Y35-44,TOTAL,P,OTHER,EU_V,1999,528,
dataflow,ESTAT:HSW_HP_SVDNA(1.0),A,RT,Y35-44,TOTAL,P,PULMONAR,EU_V,1999,144,
dataflow,ESTAT:HSW_HP_SVDNA(1.0),A,RT,Y35-44,TOTAL,P,STRESS,EU_V,1999,948,
dataflow,ESTAT:HSW_HP_SVDNA(1.0),A,RT,Y35-44,TOTAL,P,TOTAL,EU_V,1999,2807,
dataflow,ESTAT:HSW_HP_SVDNA(1.0),A,RT,Y35-44,TOTAL,Q,TOTAL,EU_V,1999,6985,
dataflow,ESTAT:HSW_HP_SVDNA(1.0),A,RT,Y35-44,TOTAL,TOTAL,MUSC_SKE,EU_V,1999,2743,
dataflow,ESTAT:HSW_HP_SVDNA(1.0),A,RT,Y35-44,TOTAL,TOTAL,OTHER,EU_V,1999,962,
dataflow,ESTAT:HSW_HP_SVDNA(1.0),A,RT,Y35-44,TOTAL,TOTAL,PULMONAR,EU_V,1999,289,
dataflow,ESTAT:HSW_HP_SVDNA(1.0),A,RT,Y35-44,TOTAL,TOTAL,STRESS,EU_V,1999,1356,
dataflow,ESTAT:HSW_HP_SVDNA(1.0),A,RT,Y35-44,TOTAL,TOTAL,TOTAL,EU_V,1999,5532,
dataflow,ESTAT:HSW_HP_SVDNA(1.0),A,RT,Y45-54,D_GE14,A,MUSC_SKE,EU_V,1999,1555,
dataflow,ESTAT:HSW_HP_SVDNA(1.0),A,RT,Y45-54,D_GE14,A,OTHER,EU_V,1999,420,
dataflow,ESTAT:HSW_HP_SVDNA(1.0),A,RT,Y45-54,D_GE14,A,PULMONAR,EU_V,1999,160,
dataflow,ESTAT:HSW_HP_SVDNA(1.0),A,RT,Y45-54,D_GE14,A,STRESS,EU_V,1999,104,
dataflow,ESTAT:HSW_HP_SVDNA(1.0),A,RT,Y45-54,D_GE14,A,TOTAL,EU_V,1999,2277,
dataflow,ESTAT:HSW_HP_SVDNA(1.0),A,RT,Y45-54,D_GE14,B,TOTAL,EU_V,1999,1758,
dataflow,ESTAT:HSW_HP_SVDNA(1.0),A,RT,Y45-54,D_GE14,C,OTHER,EU_V,1999,243,
dataflow,ESTAT:HSW_HP_SVDNA(1.0),A,RT,Y45-54,D_GE14,D,MUSC_SKE,EU_V,1999,1061,
dataflow,ESTAT:HSW_HP_SVDNA(1.0),A,RT,Y45-54,D_GE14,D,OTHER,EU_V,1999,298,
dataflow,ESTAT:HSW_HP_SVDNA(1.0),A,RT,Y45-54,D_GE14,D,PULMONAR,EU_V,1999,59,
dataflow,ESTAT:HSW_HP_SVDNA(1.0),A,RT,Y45-54,D_GE14,D,STRESS,EU_V,1999,204,
dataflow,ESTAT:HSW_HP_SVDNA(1.0),A,RT,Y45-54,D_GE14,D,TOTAL,EU_V,1999,1732,
dataflow,ESTAT:HSW_HP_SVDNA(1.0),A,RT,Y45-54,D_GE14,E,MUSC_SKE,EU_V,1999,1119,
dataflow,ESTAT:HSW_HP_SVDNA(1.0),A,RT,Y45-54,D_GE14,E,STRESS,EU_V,1999,175,
dataflow,ESTAT:HSW_HP_SVDNA(1.0),A,RT,Y45-54,D_GE14,E,TOTAL,EU_V,1999,1318,
dataflow,ESTAT:HSW_HP_SVDNA(1.0),A,RT,Y45-54,D_GE14,F,MUSC_SKE,EU_V,1999,1611,
dataflow,ESTAT:HSW_HP_SVDNA(1.0),A,RT,Y45-54,D_GE14,F,OTHER,EU_V,1999,247,
dataflow,ESTAT:HSW_HP_SVDNA(1.0),A,RT,Y45-54,D_GE14,F,STRESS,EU_V,1999,267,
dataflow,ESTAT:HSW_HP_SVDNA(1.0),A,RT,Y45-54,D_GE14,F,TOTAL,EU_V,1999,2192,
dataflow,ESTAT:HSW_HP_SVDNA(1.0),A,RT,Y45-54,D_GE14,G,MUSC_SKE,EU_V,1999,942,
dataflow,ESTAT:HSW_HP_SVDNA(1.0),A,RT,Y45-54,D_GE14,G,OTHER,EU_V,1999,270,
dataflow,ESTAT:HSW_HP_SVDNA(1.0),A,RT,Y45-54,D_GE14,G,PULMONAR,EU_V,1999,47,
dataflow,ESTAT:HSW_HP_SVDNA(1.0),A,RT,Y45-54,D_GE14,G,STRESS,EU_V,1999,575,
dataflow,ESTAT:HSW_HP_SVDNA(1.0),A,RT,Y45-54,D_GE14,G,TOTAL,EU_V,1999,2004,
dataflow,ESTAT:HSW_HP_SVDNA(1.0),A,RT,Y45-54,D_GE14,H,MUSC_SKE,EU_V,1999,1076,
dataflow,ESTAT:HSW_HP_SVDNA(1.0),A,RT,Y45-54,D_GE14,H,OTHER,EU_V,1999,272,
dataflow,ESTAT:HSW_HP_SVDNA(1.0),A,RT,Y45-54,D_GE14,H,PULMONAR,EU_V,1999,209,
dataflow,ESTAT:HSW_HP_SVDNA(1.0),A,RT,Y45-54,D_GE14,H,STRESS,EU_V,1999,260,
dataflow,ESTAT:HSW_HP_SVDNA(1.0),A,RT,Y45-54,D_GE14,H,TOTAL,EU_V,1999,1848,
dataflow,ESTAT:HSW_HP_SVDNA(1.0),A,RT,Y45-54,D_GE14,I,MUSC_SKE,EU_V,1999,1166,
dataflow,ESTAT:HSW_HP_SVDNA(1.0),A,RT,Y45-54,D_GE14,I,OTHER,EU_V,1999,312,
dataflow,ESTAT:HSW_HP_SVDNA(1.0),A,RT,Y45-54,D_GE14,I,PULMONAR,EU_V,1999,120,
dataflow,ESTAT:HSW_HP_SVDNA(1.0),A,RT,Y45-54,D_GE14,I,STRESS,EU_V,1999,467,
dataflow,ESTAT:HSW_HP_SVDNA(1.0),A,RT,Y45-54,D_GE14,I,TOTAL,EU_V,1999,2202,
dataflow,ESTAT:HSW_HP_SVDNA(1.0),A,RT,Y45-54,D_GE14,J,MUSC_SKE,EU_V,1999,674,
dataflow,ESTAT:HSW_HP_SVDNA(1.0),A,RT,Y45-54,D_GE14,J,OTHER,EU_V,1999,472,
dataflow,ESTAT:HSW_HP_SVDNA(1.0),A,RT,Y45-54,D_GE14,J,PULMONAR,EU_V,1999,80,
dataflow,ESTAT:HSW_HP_SVDNA(1.0),A,RT,Y45-54,D_GE14,J,STRESS,EU_V,1999,350,
dataflow,ESTAT:HSW_HP_SVDNA(1.0),A,RT,Y45-54,D_GE14,J,TOTAL,EU_V,1999,1716,
dataflow,ESTAT:HSW_HP_SVDNA(1.0),A,RT,Y45-54,D_GE14,K,MUSC_SKE,EU_V,1999,711,
dataflow,ESTAT:HSW_HP_SVDNA(1.0),A,RT,Y45-54,D_GE14,K,OTHER,EU_V,1999,401,
dataflow,ESTAT:HSW_HP_SVDNA(1.0),A,RT,Y45-54,D_GE14,K,PULMONAR,EU_V,1999,25,
dataflow,ESTAT:HSW_HP_SVDNA(1.0),A,RT,Y45-54,D_GE14,K,STRESS,EU_V,1999,692,
dataflow,ESTAT:HSW_HP_SVDNA(1.0),A,RT,Y45-54,D_GE14,K,TOTAL,EU_V,1999,1910,
dataflow,ESTAT:HSW_HP_SVDNA(1.0),A,RT,Y45-54,D_GE14,L,MUSC_SKE,EU_V,1999,737,
dataflow,ESTAT:HSW_HP_SVDNA(1.0),A,RT,Y45-54,D_GE14,L,OTHER,EU_V,1999,324,
dataflow,ESTAT:HSW_HP_SVDNA(1.0),A,RT,Y45-54,D_GE14,L,PULMONAR,EU_V,1999,58,
dataflow,ESTAT:HSW_HP_SVDNA(1.0),A,RT,Y45-54,D_GE14,L,STRESS,EU_V,1999,990,
dataflow,ESTAT:HSW_HP_SVDNA(1.0),A,RT,Y45-54,D_GE14,L,TOTAL,EU_V,1999,2335,
dataflow,ESTAT:HSW_HP_SVDNA(1.0),A,RT,Y45-54,D_GE14,M,MUSC_SKE,EU_V,1999,774,
dataflow,ESTAT:HSW_HP_SVDNA(1.0),A,RT,Y45-54,D_GE14,M,OTHER,EU_V,1999,439,
dataflow,ESTAT:HSW_HP_SVDNA(1.0),A,RT,Y45-54,D_GE14,M,PULMONAR,EU_V,1999,38,
dataflow,ESTAT:HSW_HP_SVDNA(1.0),A,RT,Y45-54,D_GE14,M,STRESS,EU_V,1999,1020,
dataflow,ESTAT:HSW_HP_SVDNA(1.0),A,RT,Y45-54,D_GE14,M,TOTAL,EU_V,1999,2422,
dataflow,ESTAT:HSW_HP_SVDNA(1.0),A,RT,Y45-54,D_GE14,N,MUSC_SKE,EU_V,1999,1560,
dataflow,ESTAT:HSW_HP_SVDNA(1.0),A,RT,Y45-54,D_GE14,N,OTHER,EU_V,1999,672,
dataflow,ESTAT:HSW_HP_SVDNA(1.0),A,RT,Y45-54,D_GE14,N,PULMONAR,EU_V,1999,162,
dataflow,ESTAT:HSW_HP_SVDNA(1.0),A,RT,Y45-54,D_GE14,N,STRESS,EU_V,1999,1049,
dataflow,ESTAT:HSW_HP_SVDNA(1.0),A,RT,Y45-54,D_GE14,N,TOTAL,EU_V,1999,3549,
dataflow,ESTAT:HSW_HP_SVDNA(1.0),A,RT,Y45-54,D_GE14,O,MUSC_SKE,EU_V,1999,1001,
dataflow,ESTAT:HSW_HP_SVDNA(1.0),A,RT,Y45-54,D_GE14,O,OTHER,EU_V,1999,523,
dataflow,ESTAT:HSW_HP_SVDNA(1.0),A,RT,Y45-54,D_GE14,O,STRESS,EU_V,1999,462,
dataflow,ESTAT:HSW_HP_SVDNA(1.0),A,RT,Y45-54,D_GE14,O,TOTAL,EU_V,1999,2160,
dataflow,ESTAT:HSW_HP_SVDNA(1.0),A,RT,Y45-54,D_GE14,P,STRESS,EU_V,1999,442,
dataflow,ESTAT:HSW_HP_SVDNA(1.0),A,RT,Y45-54,D_GE14,P,TOTAL,EU_V,1999,442,
dataflow,ESTAT:HSW_HP_SVDNA(1.0),A,RT,Y45-54,D_GE14,Q,TOTAL,EU_V,1999,905,
dataflow,ESTAT:HSW_HP_SVDNA(1.0),A,RT,Y45-54,D_GE14,TOTAL,MUSC_SKE,EU_V,1999,1040,
dataflow,ESTAT:HSW_HP_SVDNA(1.0),A,RT,Y45-54,D_GE14,TOTAL,OTHER,EU_V,1999,381,
dataflow,ESTAT:HSW_HP_SVDNA(1.0),A,RT,Y45-54,D_GE14,TOTAL,PULMONAR,EU_V,1999,71,
dataflow,ESTAT:HSW_HP_SVDNA(1.0),A,RT,Y45-54,D_GE14,TOTAL,STRESS,EU_V,1999,603,
dataflow,ESTAT:HSW_HP_SVDNA(1.0),A,RT,Y45-54,D_GE14,TOTAL,TOTAL,EU_V,1999,2222,
dataflow,ESTAT:HSW_HP_SVDNA(1.0),A,RT,Y45-54,TOTAL,A,MUSC_SKE,EU_V,1999,5389,
dataflow,ESTAT:HSW_HP_SVDNA(1.0),A,RT,Y45-54,TOTAL,A,OTHER,EU_V,1999,817,
dataflow,ESTAT:HSW_HP_SVDNA(1.0),A,RT,Y45-54,TOTAL,A,PULMONAR,EU_V,1999,389,
dataflow,ESTAT:HSW_HP_SVDNA(1.0),A,RT,Y45-54,TOTAL,A,STRESS,EU_V,1999,670,
dataflow,ESTAT:HSW_HP_SVDNA(1.0),A,RT,Y45-54,TOTAL,A,TOTAL,EU_V,1999,7550,
dataflow,ESTAT:HSW_HP_SVDNA(1.0),A,RT,Y45-54,TOTAL,B,OTHER,EU_V,1999,1758,
dataflow,ESTAT:HSW_HP_SVDNA(1.0),A,RT,Y45-54,TOTAL,B,TOTAL,EU_V,1999,1758,
dataflow,ESTAT:HSW_HP_SVDNA(1.0),A,RT,Y45-54,TOTAL,C,MUSC_SKE,EU_V,1999,1151,
dataflow,ESTAT:HSW_HP_SVDNA(1.0),A,RT,Y45-54,TOTAL,C,OTHER,EU_V,1999,243,
dataflow,ESTAT:HSW_HP_SVDNA(1.0),A,RT,Y45-54,TOTAL,C,TOTAL,EU_V,1999,2320,
dataflow,ESTAT:HSW_HP_SVDNA(1.0),A,RT,Y45-54,TOTAL,D,MUSC_SKE,EU_V,1999,3190,
dataflow,ESTAT:HSW_HP_SVDNA(1.0),A,RT,Y45-54,TOTAL,D,OTHER,EU_V,1999,1105,
dataflow,ESTAT:HSW_HP_SVDNA(1.0),A,RT,Y45-54,TOTAL,D,PULMONAR,EU_V,1999,247,
dataflow,ESTAT:HSW_HP_SVDNA(1.0),A,RT,Y45-54,TOTAL,D,STRESS,EU_V,1999,673,
dataflow,ESTAT:HSW_HP_SVDNA(1.0),A,RT,Y45-54,TOTAL,D,TOTAL,EU_V,1999,5447,
dataflow,ESTAT:HSW_HP_SVDNA(1.0),A,RT,Y45-54,TOTAL,E,MUSC_SKE,EU_V,1999,2760,
dataflow,ESTAT:HSW_HP_SVDNA(1.0),A,RT,Y45-54,TOTAL,E,OTHER,EU_V,1999,585,
dataflow,ESTAT:HSW_HP_SVDNA(1.0),A,RT,Y45-54,TOTAL,E,PULMONAR,EU_V,1999,98,
dataflow,ESTAT:HSW_HP_SVDNA(1.0),A,RT,Y45-54,TOTAL,E,STRESS,EU_V,1999,790,
dataflow,ESTAT:HSW_HP_SVDNA(1.0),A,RT,Y45-54,TOTAL,E,TOTAL,EU_V,1999,4283,
dataflow,ESTAT:HSW_HP_SVDNA(1.0),A,RT,Y45-54,TOTAL,F,MUSC_SKE,EU_V,1999,4083,
dataflow,ESTAT:HSW_HP_SVDNA(1.0),A,RT,Y45-54,TOTAL,F,OTHER,EU_V,1999,1269,
dataflow,ESTAT:HSW_HP_SVDNA(1.0),A,RT,Y45-54,TOTAL,F,PULMONAR,EU_V,1999,278,
dataflow,ESTAT:HSW_HP_SVDNA(1.0),A,RT,Y45-54,TOTAL,F,STRESS,EU_V,1999,445,
dataflow,ESTAT:HSW_HP_SVDNA(1.0),A,RT,Y45-54,TOTAL,F,TOTAL,EU_V,1999,6247,
dataflow,ESTAT:HSW_HP_SVDNA(1.0),A,RT,Y45-54,TOTAL,G,MUSC_SKE,EU_V,1999,3276,
dataflow,ESTAT:HSW_HP_SVDNA(1.0),A,RT,Y45-54,TOTAL,G,OTHER,EU_V,1999,738,
dataflow,ESTAT:HSW_HP_SVDNA(1.0),A,RT,Y45-54,TOTAL,G,PULMONAR,EU_V,1999,218,
dataflow,ESTAT:HSW_HP_SVDNA(1.0),A,RT,Y45-54,TOTAL,G,STRESS,EU_V,1999,1579,
dataflow,ESTAT:HSW_HP_SVDNA(1.0),A,RT,Y45-54,TOTAL,G,TOTAL,EU_V,1999,6046,
dataflow,ESTAT:HSW_HP_SVDNA(1.0),A,RT,Y45-54,TOTAL,H,MUSC_SKE,EU_V,1999,2238,
dataflow,ESTAT:HSW_HP_SVDNA(1.0),A,RT,Y45-54,TOTAL,H,OTHER,EU_V,1999,705,
dataflow,ESTAT:HSW_HP_SVDNA(1.0),A,RT,Y45-54,TOTAL,H,PULMONAR,EU_V,1999,275,
dataflow,ESTAT:HSW_HP_SVDNA(1.0),A,RT,Y45-54,TOTAL,H,STRESS,EU_V,1999,433,
dataflow,ESTAT:HSW_HP_SVDNA(1.0),A,RT,Y45-54,TOTAL,H,TOTAL,EU_V,1999,3845,
dataflow,ESTAT:HSW_HP_SVDNA(1.0),A,RT,Y45-54,TOTAL,I,MUSC_SKE,EU_V,1999,3424,
dataflow,ESTAT:HSW_HP_SVDNA(1.0),A,RT,Y45-54,TOTAL,I,OTHER,EU_V,1999,1113,
dataflow,ESTAT:HSW_HP_SVDNA(1.0),A,RT,Y45-54,TOTAL,I,PULMONAR,EU_V,1999,313,
dataflow,ESTAT:HSW_HP_SVDNA(1.0),A,RT,Y45-54,TOTAL,I,STRESS,EU_V,1999,847,
dataflow,ESTAT:HSW_HP_SVDNA(1.0),A,RT,Y45-54,TOTAL,I,TOTAL,EU_V,1999,5952,
dataflow,ESTAT:HSW_HP_SVDNA(1.0),A,RT,Y45-54,TOTAL,J,MUSC_SKE,EU_V,1999,2213,
dataflow,ESTAT:HSW_HP_SVDNA(1.0),A,RT,Y45-54,TOTAL,J,OTHER,EU_V,1999,1568,
dataflow,ESTAT:HSW_HP_SVDNA(1.0),A,RT,Y45-54,TOTAL,J,PULMONAR,EU_V,1999,106,
dataflow,ESTAT:HSW_HP_SVDNA(1.0),A,RT,Y45-54,TOTAL,J,STRESS,EU_V,1999,1747,
dataflow,ESTAT:HSW_HP_SVDNA(1.0),A,RT,Y45-54,TOTAL,J,TOTAL,EU_V,1999,5903,
dataflow,ESTAT:HSW_HP_SVDNA(1.0),A,RT,Y45-54,TOTAL,K,MUSC_SKE,EU_V,1999,3444,
dataflow,ESTAT:HSW_HP_SVDNA(1.0),A,RT,Y45-54,TOTAL,K,OTHER,EU_V,1999,1192,
dataflow,ESTAT:HSW_HP_SVDNA(1.0),A,RT,Y45-54,TOTAL,K,PULMONAR,EU_V,1999,146,
dataflow,ESTAT:HSW_HP_SVDNA(1.0),A,RT,Y45-54,TOTAL,K,STRESS,EU_V,1999,1644,
dataflow,ESTAT:HSW_HP_SVDNA(1.0),A,RT,Y45-54,TOTAL,K,TOTAL,EU_V,1999,6579,
dataflow,ESTAT:HSW_HP_SVDNA(1.0),A,RT,Y45-54,TOTAL,L,MUSC_SKE,EU_V,1999,2507,
dataflow,ESTAT:HSW_HP_SVDNA(1.0),A,RT,Y45-54,TOTAL,L,OTHER,EU_V,1999,1125,
dataflow,ESTAT:HSW_HP_SVDNA(1.0),A,RT,Y45-54,TOTAL,L,PULMONAR,EU_V,1999,255,
dataflow,ESTAT:HSW_HP_SVDNA(1.0),A,RT,Y45-54,TOTAL,L,STRESS,EU_V,1999,1713,
dataflow,ESTAT:HSW_HP_SVDNA(1.0),A,RT,Y45-54,TOTAL,L,TOTAL,EU_V,1999,5909,
dataflow,ESTAT:HSW_HP_SVDNA(1.0),A,RT,Y45-54,TOTAL,M,MUSC_SKE,EU_V,1999,2312,
dataflow,ESTAT:HSW_HP_SVDNA(1.0),A,RT,Y45-54,TOTAL,M,OTHER,EU_V,1999,1855,
dataflow,ESTAT:HSW_HP_SVDNA(1.0),A,RT,Y45-54,TOTAL,M,PULMONAR,EU_V,1999,604,
dataflow,ESTAT:HSW_HP_SVDNA(1.0),A,RT,Y45-54,TOTAL,M,STRESS,EU_V,1999,2700,
dataflow,ESTAT:HSW_HP_SVDNA(1.0),A,RT,Y45-54,TOTAL,M,TOTAL,EU_V,1999,7745,
dataflow,ESTAT:HSW_HP_SVDNA(1.0),A,RT,Y45-54,TOTAL,N,MUSC_SKE,EU_V,1999,5713,
dataflow,ESTAT:HSW_HP_SVDNA(1.0),A,RT,Y45-54,TOTAL,N,OTHER,EU_V,1999,1615,
dataflow,ESTAT:HSW_HP_SVDNA(1.0),A,RT,Y45-54,TOTAL,N,PULMONAR,EU_V,1999,423,
dataflow,ESTAT:HSW_HP_SVDNA(1.0),A,RT,Y45-54,TOTAL,N,STRESS,EU_V,1999,2785,
dataflow,ESTAT:HSW_HP_SVDNA(1.0),A,RT,Y45-54,TOTAL,N,TOTAL,EU_V,1999,10814,
dataflow,ESTAT:HSW_HP_SVDNA(1.0),A,RT,Y45-54,TOTAL,O,MUSC_SKE,EU_V,1999,3485,
dataflow,ESTAT:HSW_HP_SVDNA(1.0),A,RT,Y45-54,TOTAL,O,OTHER,EU_V,1999,1288,
dataflow,ESTAT:HSW_HP_SVDNA(1.0),A,RT,Y45-54,TOTAL,O,PULMONAR,EU_V,1999,200,
dataflow,ESTAT:HSW_HP_SVDNA(1.0),A,RT,Y45-54,TOTAL,O,STRESS,EU_V,1999,1845,
dataflow,ESTAT:HSW_HP_SVDNA(1.0),A,RT,Y45-54,TOTAL,O,TOTAL,EU_V,1999,7140,
dataflow,ESTAT:HSW_HP_SVDNA(1.0),A,RT,Y45-54,TOTAL,P,MUSC_SKE,EU_V,1999,2209,
dataflow,ESTAT:HSW_HP_SVDNA(1.0),A,RT,Y45-54,TOTAL,P,OTHER,EU_V,1999,646,
dataflow,ESTAT:HSW_HP_SVDNA(1.0),A,RT,Y45-54,TOTAL,P,PULMONAR,EU_V,1999,126,
dataflow,ESTAT:HSW_HP_SVDNA(1.0),A,RT,Y45-54,TOTAL,P,STRESS,EU_V,1999,442,
dataflow,ESTAT:HSW_HP_SVDNA(1.0),A,RT,Y45-54,TOTAL,P,TOTAL,EU_V,1999,3461,
dataflow,ESTAT:HSW_HP_SVDNA(1.0),A,RT,Y45-54,TOTAL,Q,TOTAL,EU_V,1999,2405,
dataflow,ESTAT:HSW_HP_SVDNA(1.0),A,RT,Y45-54,TOTAL,TOTAL,MUSC_SKE,EU_V,1999,3399,
dataflow,ESTAT:HSW_HP_SVDNA(1.0),A,RT,Y45-54,TOTAL,TOTAL,OTHER,EU_V,1999,1243,
dataflow,ESTAT:HSW_HP_SVDNA(1.0),A,RT,Y45-54,TOTAL,TOTAL,PULMONAR,EU_V,1999,304,
dataflow,ESTAT:HSW_HP_SVDNA(1.0),A,RT,Y45-54,TOTAL,TOTAL,STRESS,EU_V,1999,1532,
dataflow,ESTAT:HSW_HP_SVDNA(1.0),A,RT,Y45-54,TOTAL,TOTAL,TOTAL,EU_V,1999,6725,
dataflow,ESTAT:HSW_HP_SVDNA(1.0),A,RT,Y55-64,D_GE14,A,MUSC_SKE,EU_V,1999,370,
dataflow,ESTAT:HSW_HP_SVDNA(1.0),A,RT,Y55-64,D_GE14,A,OTHER,EU_V,1999,123,
dataflow,ESTAT:HSW_HP_SVDNA(1.0),A,RT,Y55-64,D_GE14,A,TOTAL,EU_V,1999,737,
dataflow,ESTAT:HSW_HP_SVDNA(1.0),A,RT,Y55-64,D_GE14,B,TOTAL,EU_V,1999,5409,
dataflow,ESTAT:HSW_HP_SVDNA(1.0),A,RT,Y55-64,D_GE14,C,MUSC_SKE,EU_V,1999,2277,
dataflow,ESTAT:HSW_HP_SVDNA(1.0),A,RT,Y55-64,D_GE14,C,TOTAL,EU_V,1999,4084,
dataflow,ESTAT:HSW_HP_SVDNA(1.0),A,RT,Y55-64,D_GE14,D,MUSC_SKE,EU_V,1999,879,
dataflow,ESTAT:HSW_HP_SVDNA(1.0),A,RT,Y55-64,D_GE14,D,OTHER,EU_V,1999,572,
dataflow,ESTAT:HSW_HP_SVDNA(1.0),A,RT,Y55-64,D_GE14,D,PULMONAR,EU_V,1999,240,
dataflow,ESTAT:HSW_HP_SVDNA(1.0),A,RT,Y55-64,D_GE14,D,STRESS,EU_V,1999,317,
dataflow,ESTAT:HSW_HP_SVDNA(1.0),A,RT,Y55-64,D_GE14,D,TOTAL,EU_V,1999,2034,
dataflow,ESTAT:HSW_HP_SVDNA(1.0),A,RT,Y55-64,D_GE14,E,MUSC_SKE,EU_V,1999,271,
dataflow,ESTAT:HSW_HP_SVDNA(1.0),A,RT,Y55-64,D_GE14,E,TOTAL,EU_V,1999,2471,
dataflow,ESTAT:HSW_HP_SVDNA(1.0),A,RT,Y55-64,D_GE14,F,MUSC_SKE,EU_V,1999,2530,
dataflow,ESTAT:HSW_HP_SVDNA(1.0),A,RT,Y55-64,D_GE14,F,OTHER,EU_V,1999,657,
dataflow,ESTAT:HSW_HP_SVDNA(1.0),A,RT,Y55-64,D_GE14,F,TOTAL,EU_V,1999,3856,
dataflow,ESTAT:HSW_HP_SVDNA(1.0),A,RT,Y55-64,D_GE14,G,MUSC_SKE,EU_V,1999,1547,
dataflow,ESTAT:HSW_HP_SVDNA(1.0),A,RT,Y55-64,D_GE14,G,OTHER,EU_V,1999,206,
dataflow,ESTAT:HSW_HP_SVDNA(1.0),A,RT,Y55-64,D_GE14,G,PULMONAR,EU_V,1999,201,
dataflow,ESTAT:HSW_HP_SVDNA(1.0),A,RT,Y55-64,D_GE14,G,STRESS,EU_V,1999,513,
dataflow,ESTAT:HSW_HP_SVDNA(1.0),A,RT,Y55-64,D_GE14,G,TOTAL,EU_V,1999,2584,
dataflow,ESTAT:HSW_HP_SVDNA(1.0),A,RT,Y55-64,D_GE14,H,MUSC_SKE,EU_V,1999,449,
dataflow,ESTAT:HSW_HP_SVDNA(1.0),A,RT,Y55-64,D_GE14,H,OTHER,EU_V,1999,849,
dataflow,ESTAT:HSW_HP_SVDNA(1.0),A,RT,Y55-64,D_GE14,H,PULMONAR,EU_V,1999,222,
dataflow,ESTAT:HSW_HP_SVDNA(1.0),A,RT,Y55-64,D_GE14,H,TOTAL,EU_V,1999,1560,
dataflow,ESTAT:HSW_HP_SVDNA(1.0),A,RT,Y55-64,D_GE14,I,MUSC_SKE,EU_V,1999,1599,
dataflow,ESTAT:HSW_HP_SVDNA(1.0),A,RT,Y55-64,D_GE14,I,OTHER,EU_V,1999,625,
dataflow,ESTAT:HSW_HP_SVDNA(1.0),A,RT,Y55-64,D_GE14,I,PULMONAR,EU_V,1999,84,
dataflow,ESTAT:HSW_HP_SVDNA(1.0),A,RT,Y55-64,D_GE14,I,STRESS,EU_V,1999,256,
dataflow,ESTAT:HSW_HP_SVDNA(1.0),A,RT,Y55-64,D_GE14,I,TOTAL,EU_V,1999,2684,
dataflow,ESTAT:HSW_HP_SVDNA(1.0),A,RT,Y55-64,D_GE14,J,MUSC_SKE,EU_V,1999,489,
dataflow,ESTAT:HSW_HP_SVDNA(1.0),A,RT,Y55-64,D_GE14,J,OTHER,EU_V,1999,193,
dataflow,ESTAT:HSW_HP_SVDNA(1.0),A,RT,Y55-64,D_GE14,J,PULMONAR,EU_V,1999,383,
dataflow,ESTAT:HSW_HP_SVDNA(1.0),A,RT,Y55-64,D_GE14,J,STRESS,EU_V,1999,143,
dataflow,ESTAT:HSW_HP_SVDNA(1.0),A,RT,Y55-64,D_GE14,J,TOTAL,EU_V,1999,1245,
dataflow,ESTAT:HSW_HP_SVDNA(1.0),A,RT,Y55-64,D_GE14,K,MUSC_SKE,EU_V,1999,998,
dataflow,ESTAT:HSW_HP_SVDNA(1.0),A,RT,Y55-64,D_GE14,K,OTHER,EU_V,1999,73,
dataflow,ESTAT:HSW_HP_SVDNA(1.0),A,RT,Y55-64,D_GE14,K,PULMONAR,EU_V,1999,172,
dataflow,ESTAT:HSW_HP_SVDNA(1.0),A,RT,Y55-64,D_GE14,K,STRESS,EU_V,1999,172,
dataflow,ESTAT:HSW_HP_SVDNA(1.0),A,RT,Y55-64,D_GE14,K,TOTAL,EU_V,1999,1430,
dataflow,ESTAT:HSW_HP_SVDNA(1.0),A,RT,Y55-64,D_GE14,L,MUSC_SKE,EU_V,1999,879,
dataflow,ESTAT:HSW_HP_SVDNA(1.0),A,RT,Y55-64,D_GE14,L,OTHER,EU_V,1999,424,
dataflow,ESTAT:HSW_HP_SVDNA(1.0),A,RT,Y55-64,D_GE14,L,PULMONAR,EU_V,1999,153,
dataflow,ESTAT:HSW_HP_SVDNA(1.0),A,RT,Y55-64,D_GE14,L,STRESS,EU_V,1999,650,
dataflow,ESTAT:HSW_HP_SVDNA(1.0),A,RT,Y55-64,D_GE14,L,TOTAL,EU_V,1999,2291,
dataflow,ESTAT:HSW_HP_SVDNA(1.0),A,RT,Y55-64,D_GE14,M,MUSC_SKE,EU_V,1999,1425,
dataflow,ESTAT:HSW_HP_SVDNA(1.0),A,RT,Y55-64,D_GE14,M,OTHER,EU_V,1999,588,
dataflow,ESTAT:HSW_HP_SVDNA(1.0),A,RT,Y55-64,D_GE14,M,PULMONAR,EU_V,1999,373,
dataflow,ESTAT:HSW_HP_SVDNA(1.0),A,RT,Y55-64,D_GE14,M,STRESS,EU_V,1999,799,
dataflow,ESTAT:HSW_HP_SVDNA(1.0),A,RT,Y55-64,D_GE14,M,TOTAL,EU_V,1999,3299,
dataflow,ESTAT:HSW_HP_SVDNA(1.0),A,RT,Y55-64,D_GE14,N,MUSC_SKE,EU_V,1999,1886,
dataflow,ESTAT:HSW_HP_SVDNA(1.0),A,RT,Y55-64,D_GE14,N,OTHER,EU_V,1999,784,
dataflow,ESTAT:HSW_HP_SVDNA(1.0),A,RT,Y55-64,D_GE14,N,STRESS,EU_V,1999,1330,
dataflow,ESTAT:HSW_HP_SVDNA(1.0),A,RT,Y55-64,D_GE14,N,TOTAL,EU_V,1999,4832,
dataflow,ESTAT:HSW_HP_SVDNA(1.0),A,RT,Y55-64,D_GE14,O,MUSC_SKE,EU_V,1999,639,
dataflow,ESTAT:HSW_HP_SVDNA(1.0),A,RT,Y55-64,D_GE14,O,OTHER,EU_V,1999,392,
dataflow,ESTAT:HSW_HP_SVDNA(1.0),A,RT,Y55-64,D_GE14,O,PULMONAR,EU_V,1999,64,
dataflow,ESTAT:HSW_HP_SVDNA(1.0),A,RT,Y55-64,D_GE14,O,STRESS,EU_V,1999,456,
dataflow,ESTAT:HSW_HP_SVDNA(1.0),A,RT,Y55-64,D_GE14,O,TOTAL,EU_V,1999,1552,
dataflow,ESTAT:HSW_HP_SVDNA(1.0),A,RT,Y55-64,D_GE14,P,MUSC_SKE,EU_V,1999,688,
dataflow,ESTAT:HSW_HP_SVDNA(1.0),A,RT,Y55-64,D_GE14,P,OTHER,EU_V,1999,156,
dataflow,ESTAT:HSW_HP_SVDNA(1.0),A,RT,Y55-64,D_GE14,P,TOTAL,EU_V,1999,1343,
dataflow,ESTAT:HSW_HP_SVDNA(1.0),A,RT,Y55-64,D_GE14,TOTAL,MUSC_SKE,EU_V,1999,1240,
dataflow,ESTAT:HSW_HP_SVDNA(1.0),A,RT,Y55-64,D_GE14,TOTAL,OTHER,EU_V,1999,502,
dataflow,ESTAT:HSW_HP_SVDNA(1.0),A,RT,Y55-64,D_GE14,TOTAL,PULMONAR,EU_V,1999,243,
dataflow,ESTAT:HSW_HP_SVDNA(1.0),A,RT,Y55-64,D_GE14,TOTAL,STRESS,EU_V,1999,528,
dataflow,ESTAT:HSW_HP_SVDNA(1.0),A,RT,Y55-64,D_GE14,TOTAL,TOTAL,EU_V,1999,2653,
dataflow,ESTAT:HSW_HP_SVDNA(1.0),A,RT,Y55-64,TOTAL,A,MUSC_SKE,EU_V,1999,2891,
dataflow,ESTAT:HSW_HP_SVDNA(1.0),A,RT,Y55-64,TOTAL,A,OTHER,EU_V,1999,796,
dataflow,ESTAT:HSW_HP_SVDNA(1.0),A,RT,Y55-64,TOTAL,A,PULMONAR,EU_V,1999,790,
dataflow,ESTAT:HSW_HP_SVDNA(1.0),A,RT,Y55-64,TOTAL,A,TOTAL,EU_V,1999,4719,
dataflow,ESTAT:HSW_HP_SVDNA(1.0),A,RT,Y55-64,TOTAL,B,TOTAL,EU_V,1999,5409,
dataflow,ESTAT:HSW_HP_SVDNA(1.0),A,RT,Y55-64,TOTAL,C,MUSC_SKE,EU_V,1999,4185,
dataflow,ESTAT:HSW_HP_SVDNA(1.0),A,RT,Y55-64,TOTAL,C,OTHER,EU_V,1999,1815,
dataflow,ESTAT:HSW_HP_SVDNA(1.0),A,RT,Y55-64,TOTAL,C,PULMONAR,EU_V,1999,874,
dataflow,ESTAT:HSW_HP_SVDNA(1.0),A,RT,Y55-64,TOTAL,C,TOTAL,EU_V,1999,6866,
dataflow,ESTAT:HSW_HP_SVDNA(1.0),A,RT,Y55-64,TOTAL,D,MUSC_SKE,EU_V,1999,2631,
dataflow,ESTAT:HSW_HP_SVDNA(1.0),A,RT,Y55-64,TOTAL,D,OTHER,EU_V,1999,1943,
dataflow,ESTAT:HSW_HP_SVDNA(1.0),A,RT,Y55-64,TOTAL,D,PULMONAR,EU_V,1999,592,
dataflow,ESTAT:HSW_HP_SVDNA(1.0),A,RT,Y55-64,TOTAL,D,STRESS,EU_V,1999,972,
dataflow,ESTAT:HSW_HP_SVDNA(1.0),A,RT,Y55-64,TOTAL,D,TOTAL,EU_V,1999,6348,
dataflow,ESTAT:HSW_HP_SVDNA(1.0),A,RT,Y55-64,TOTAL,E,MUSC_SKE,EU_V,1999,3389,
dataflow,ESTAT:HSW_HP_SVDNA(1.0),A,RT,Y55-64,TOTAL,E,STRESS,EU_V,1999,2200,
dataflow,ESTAT:HSW_HP_SVDNA(1.0),A,RT,Y55-64,TOTAL,E,TOTAL,EU_V,1999,5589,
dataflow,ESTAT:HSW_HP_SVDNA(1.0),A,RT,Y55-64,TOTAL,F,MUSC_SKE,EU_V,1999,5479,
dataflow,ESTAT:HSW_HP_SVDNA(1.0),A,RT,Y55-64,TOTAL,F,OTHER,EU_V,1999,1325,
dataflow,ESTAT:HSW_HP_SVDNA(1.0),A,RT,Y55-64,TOTAL,F,PULMONAR,EU_V,1999,822,
dataflow,ESTAT:HSW_HP_SVDNA(1.0),A,RT,Y55-64,TOTAL,F,STRESS,EU_V,1999,767,
dataflow,ESTAT:HSW_HP_SVDNA(1.0),A,RT,Y55-64,TOTAL,F,TOTAL,EU_V,1999,8856,
dataflow,ESTAT:HSW_HP_SVDNA(1.0),A,RT,Y55-64,TOTAL,G,MUSC_SKE,EU_V,1999,4281,
dataflow,ESTAT:HSW_HP_SVDNA(1.0),A,RT,Y55-64,TOTAL,G,OTHER,EU_V,1999,582,
dataflow,ESTAT:HSW_HP_SVDNA(1.0),A,RT,Y55-64,TOTAL,G,PULMONAR,EU_V,1999,347,
dataflow,ESTAT:HSW_HP_SVDNA(1.0),A,RT,Y55-64,TOTAL,G,STRESS,EU_V,1999,810,
dataflow,ESTAT:HSW_HP_SVDNA(1.0),A,RT,Y55-64,TOTAL,G,TOTAL,EU_V,1999,6383,
dataflow,ESTAT:HSW_HP_SVDNA(1.0),A,RT,Y55-64,TOTAL,H,MUSC_SKE,EU_V,1999,1596,
dataflow,ESTAT:HSW_HP_SVDNA(1.0),A,RT,Y55-64,TOTAL,H,OTHER,EU_V,1999,992,
dataflow,ESTAT:HSW_HP_SVDNA(1.0),A,RT,Y55-64,TOTAL,H,PULMONAR,EU_V,1999,672,
dataflow,ESTAT:HSW_HP_SVDNA(1.0),A,RT,Y55-64,TOTAL,H,STRESS,EU_V,1999,1303,
dataflow,ESTAT:HSW_HP_SVDNA(1.0),A,RT,Y55-64,TOTAL,H,TOTAL,EU_V,1999,4644,
dataflow,ESTAT:HSW_HP_SVDNA(1.0),A,RT,Y55-64,TOTAL,I,MUSC_SKE,EU_V,1999,5450,
dataflow,ESTAT:HSW_HP_SVDNA(1.0),A,RT,Y55-64,TOTAL,I,OTHER,EU_V,1999,1218,
dataflow,ESTAT:HSW_HP_SVDNA(1.0),A,RT,Y55-64,TOTAL,I,PULMONAR,EU_V,1999,128,
dataflow,ESTAT:HSW_HP_SVDNA(1.0),A,RT,Y55-64,TOTAL,I,STRESS,EU_V,1999,378,
dataflow,ESTAT:HSW_HP_SVDNA(1.0),A,RT,Y55-64,TOTAL,I,TOTAL,EU_V,1999,7418,
dataflow,ESTAT:HSW_HP_SVDNA(1.0),A,RT,Y55-64,TOTAL,J,MUSC_SKE,EU_V,1999,1792,
dataflow,ESTAT:HSW_HP_SVDNA(1.0),A,RT,Y55-64,TOTAL,J,OTHER,EU_V,1999,1503,
dataflow,ESTAT:HSW_HP_SVDNA(1.0),A,RT,Y55-64,TOTAL,J,PULMONAR,EU_V,1999,511,
dataflow,ESTAT:HSW_HP_SVDNA(1.0),A,RT,Y55-64,TOTAL,J,STRESS,EU_V,1999,1169,
dataflow,ESTAT:HSW_HP_SVDNA(1.0),A,RT,Y55-64,TOTAL,J,TOTAL,EU_V,1999,5051,
dataflow,ESTAT:HSW_HP_SVDNA(1.0),A,RT,Y55-64,TOTAL,K,MUSC_SKE,EU_V,1999,2141,
dataflow,ESTAT:HSW_HP_SVDNA(1.0),A,RT,Y55-64,TOTAL,K,OTHER,EU_V,1999,1027,
dataflow,ESTAT:HSW_HP_SVDNA(1.0),A,RT,Y55-64,TOTAL,K,PULMONAR,EU_V,1999,285,
dataflow,ESTAT:HSW_HP_SVDNA(1.0),A,RT,Y55-64,TOTAL,K,STRESS,EU_V,1999,782,
dataflow,ESTAT:HSW_HP_SVDNA(1.0),A,RT,Y55-64,TOTAL,K,TOTAL,EU_V,1999,4250,
dataflow,ESTAT:HSW_HP_SVDNA(1.0),A,RT,Y55-64,TOTAL,L,MUSC_SKE,EU_V,1999,2486,
dataflow,ESTAT:HSW_HP_SVDNA(1.0),A,RT,Y55-64,TOTAL,L,OTHER,EU_V,1999,1219,
dataflow,ESTAT:HSW_HP_SVDNA(1.0),A,RT,Y55-64,TOTAL,L,PULMONAR,EU_V,1999,430,
dataflow,ESTAT:HSW_HP_SVDNA(1.0),A,RT,Y55-64,TOTAL,L,STRESS,EU_V,1999,1277,
dataflow,ESTAT:HSW_HP_SVDNA(1.0),A,RT,Y55-64,TOTAL,L,TOTAL,EU_V,1999,5701,
dataflow,ESTAT:HSW_HP_SVDNA(1.0),A,RT,Y55-64,TOTAL,M,MUSC_SKE,EU_V,1999,3664,
dataflow,ESTAT:HSW_HP_SVDNA(1.0),A,RT,Y55-64,TOTAL,M,OTHER,EU_V,1999,2231,
dataflow,ESTAT:HSW_HP_SVDNA(1.0),A,RT,Y55-64,TOTAL,M,PULMONAR,EU_V,1999,825,
dataflow,ESTAT:HSW_HP_SVDNA(1.0),A,RT,Y55-64,TOTAL,M,STRESS,EU_V,1999,2453,
dataflow,ESTAT:HSW_HP_SVDNA(1.0),A,RT,Y55-64,TOTAL,M,TOTAL,EU_V,1999,9527,
dataflow,ESTAT:HSW_HP_SVDNA(1.0),A,RT,Y55-64,TOTAL,N,MUSC_SKE,EU_V,1999,5312,
dataflow,ESTAT:HSW_HP_SVDNA(1.0),A,RT,Y55-64,TOTAL,N,OTHER,EU_V,1999,1916,
dataflow,ESTAT:HSW_HP_SVDNA(1.0),A,RT,Y55-64,TOTAL,N,PULMONAR,EU_V,1999,478,
dataflow,ESTAT:HSW_HP_SVDNA(1.0),A,RT,Y55-64,TOTAL,N,STRESS,EU_V,1999,2815,
dataflow,ESTAT:HSW_HP_SVDNA(1.0),A,RT,Y55-64,TOTAL,N,TOTAL,EU_V,1999,11058,
dataflow,ESTAT:HSW_HP_SVDNA(1.0),A,RT,Y55-64,TOTAL,O,MUSC_SKE,EU_V,1999,2778,
dataflow,ESTAT:HSW_HP_SVDNA(1.0),A,RT,Y55-64,TOTAL,O,OTHER,EU_V,1999,879,
dataflow,ESTAT:HSW_HP_SVDNA(1.0),A,RT,Y55-64,TOTAL,O,PULMONAR,EU_V,1999,138,
dataflow,ESTAT:HSW_HP_SVDNA(1.0),A,RT,Y55-64,TOTAL,O,STRESS,EU_V,1999,1328,
dataflow,ESTAT:HSW_HP_SVDNA(1.0),A,RT,Y55-64,TOTAL,O,TOTAL,EU_V,1999,5143,
dataflow,ESTAT:HSW_HP_SVDNA(1.0),A,RT,Y55-64,TOTAL,P,MUSC_SKE,EU_V,1999,2932,
dataflow,ESTAT:HSW_HP_SVDNA(1.0),A,RT,Y55-64,TOTAL,P,OTHER,EU_V,1999,745,
dataflow,ESTAT:HSW_HP_SVDNA(1.0),A,RT,Y55-64,TOTAL,P,TOTAL,EU_V,1999,4176,
dataflow,ESTAT:HSW_HP_SVDNA(1.0),A,RT,Y55-64,TOTAL,TOTAL,MUSC_SKE,EU_V,1999,3555,
dataflow,ESTAT:HSW_HP_SVDNA(1.0),A,RT,Y55-64,TOTAL,TOTAL,OTHER,EU_V,1999,1478,
dataflow,ESTAT:HSW_HP_SVDNA(1.0),A,RT,Y55-64,TOTAL,TOTAL,PULMONAR,EU_V,1999,495,
dataflow,ESTAT:HSW_HP_SVDNA(1.0),A,RT,Y55-64,TOTAL,TOTAL,STRESS,EU_V,1999,1339,
dataflow,ESTAT:HSW_HP_SVDNA(1.0),A,RT,Y55-64,TOTAL,TOTAL,TOTAL,EU_V,1999,7150,
dataflow,ESTAT:HSW_HP_SVDNA(1.0),A,RT,Y_GE65,D_GE14,D,MUSC_SKE,EU_V,1999,589,
dataflow,ESTAT:HSW_HP_SVDNA(1.0),A,RT,Y_GE65,D_GE14,D,TOTAL,EU_V,1999,589,
dataflow,ESTAT:HSW_HP_SVDNA(1.0),A,RT,Y_GE65,D_GE14,F,MUSC_SKE,EU_V,1999,2770,
dataflow,ESTAT:HSW_HP_SVDNA(1.0),A,RT,Y_GE65,D_GE14,F,TOTAL,EU_V,1999,2770,
dataflow,ESTAT:HSW_HP_SVDNA(1.0),A,RT,Y_GE65,D_GE14,G,MUSC_SKE,EU_V,1999,227,
dataflow,ESTAT:HSW_HP_SVDNA(1.0),A,RT,Y_GE65,D_GE14,K,TOTAL,EU_V,1999,5571,
dataflow,ESTAT:HSW_HP_SVDNA(1.0),A,RT,Y_GE65,D_GE14,L,MUSC_SKE,EU_V,1999,1236,
dataflow,ESTAT:HSW_HP_SVDNA(1.0),A,RT,Y_GE65,D_GE14,L,TOTAL,EU_V,1999,1236,
dataflow,ESTAT:HSW_HP_SVDNA(1.0),A,RT,Y_GE65,D_GE14,M,OTHER,EU_V,1999,297,
dataflow,ESTAT:HSW_HP_SVDNA(1.0),A,RT,Y_GE65,D_GE14,N,OTHER,EU_V,1999,856,
dataflow,ESTAT:HSW_HP_SVDNA(1.0),A,RT,Y_GE65,D_GE14,N,STRESS,EU_V,1999,1467,
dataflow,ESTAT:HSW_HP_SVDNA(1.0),A,RT,Y_GE65,D_GE14,N,TOTAL,EU_V,1999,2324,
dataflow,ESTAT:HSW_HP_SVDNA(1.0),A,RT,Y_GE65,D_GE14,O,OTHER,EU_V,1999,1371,
dataflow,ESTAT:HSW_HP_SVDNA(1.0),A,RT,Y_GE65,D_GE14,O,TOTAL,EU_V,1999,1670,
dataflow,ESTAT:HSW_HP_SVDNA(1.0),A,RT,Y_GE65,D_GE14,TOTAL,MUSC_SKE,EU_V,1999,1368,
dataflow,ESTAT:HSW_HP_SVDNA(1.0),A,RT,Y_GE65,D_GE14,TOTAL,OTHER,EU_V,1999,325,
dataflow,ESTAT:HSW_HP_SVDNA(1.0),A,RT,Y_GE65,D_GE14,TOTAL,STRESS,EU_V,1999,181,
dataflow,ESTAT:HSW_HP_SVDNA(1.0),A,RT,Y_GE65,D_GE14,TOTAL,TOTAL,EU_V,1999,1930,
dataflow,ESTAT:HSW_HP_SVDNA(1.0),A,RT,Y_GE65,TOTAL,A,OTHER,EU_V,1999,4046,
dataflow,ESTAT:HSW_HP_SVDNA(1.0),A,RT,Y_GE65,TOTAL,A,TOTAL,EU_V,1999,6519,
dataflow,ESTAT:HSW_HP_SVDNA(1.0),A,RT,Y_GE65,TOTAL,D,MUSC_SKE,EU_V,1999,589,
dataflow,ESTAT:HSW_HP_SVDNA(1.0),A,RT,Y_GE65,TOTAL,D,OTHER,EU_V,1999,1610,
dataflow,ESTAT:HSW_HP_SVDNA(1.0),A,RT,Y_GE65,TOTAL,D,TOTAL,EU_V,1999,2199,
dataflow,ESTAT:HSW_HP_SVDNA(1.0),A,RT,Y_GE65,TOTAL,E,TOTAL,EU_V,1999,16500,
dataflow,ESTAT:HSW_HP_SVDNA(1.0),A,RT,Y_GE65,TOTAL,F,MUSC_SKE,EU_V,1999,2770,
dataflow,ESTAT:HSW_HP_SVDNA(1.0),A,RT,Y_GE65,TOTAL,F,STRESS,EU_V,1999,1664,
dataflow,ESTAT:HSW_HP_SVDNA(1.0),A,RT,Y_GE65,TOTAL,F,TOTAL,EU_V,1999,4434,
dataflow,ESTAT:HSW_HP_SVDNA(1.0),A,RT,Y_GE65,TOTAL,K,MUSC_SKE,EU_V,1999,5412,
dataflow,ESTAT:HSW_HP_SVDNA(1.0),A,RT,Y_GE65,TOTAL,K,OTHER,EU_V,1999,541,
dataflow,ESTAT:HSW_HP_SVDNA(1.0),A,RT,Y_GE65,TOTAL,K,TOTAL,EU_V,1999,6112,
dataflow,ESTAT:HSW_HP_SVDNA(1.0),A,RT,Y_GE65,TOTAL,L,MUSC_SKE,EU_V,1999,1236,
dataflow,ESTAT:HSW_HP_SVDNA(1.0),A,RT,Y_GE65,TOTAL,L,TOTAL,EU_V,1999,1236,
dataflow,ESTAT:HSW_HP_SVDNA(1.0),A,RT,Y_GE65,TOTAL,M,OTHER,EU_V,1999,3171,
dataflow,ESTAT:HSW_HP_SVDNA(1.0),A,RT,Y_GE65,TOTAL,M,STRESS,EU_V,1999,1134,
dataflow,ESTAT:HSW_HP_SVDNA(1.0),A,RT,Y_GE65,TOTAL,M,TOTAL,EU_V,1999,4305,
dataflow,ESTAT:HSW_HP_SVDNA(1.0),A,RT,Y_GE65,TOTAL,N,MUSC_SKE,EU_V,1999,2160,
dataflow,ESTAT:HSW_HP_SVDNA(1.0),A,RT,Y_GE65,TOTAL,N,OTHER,EU_V,1999,856,
dataflow,ESTAT:HSW_HP_SVDNA(1.0),A,RT,Y_GE65,TOTAL,N,STRESS,EU_V,1999,1869,
dataflow,ESTAT:HSW_HP_SVDNA(1.0),A,RT,Y_GE65,TOTAL,N,TOTAL,EU_V,1999,4886,
dataflow,ESTAT:HSW_HP_SVDNA(1.0),A,RT,Y_GE65,TOTAL,O,OTHER,EU_V,1999,1371,
dataflow,ESTAT:HSW_HP_SVDNA(1.0),A,RT,Y_GE65,TOTAL,O,TOTAL,EU_V,1999,1670,
dataflow,ESTAT:HSW_HP_SVDNA(1.0),A,RT,Y_GE65,TOTAL,P,TOTAL,EU_V,1999,3490,
dataflow,ESTAT:HSW_HP_SVDNA(1.0),A,RT,Y_GE65,TOTAL,TOTAL,MUSC_SKE,EU_V,1999,1647,
dataflow,ESTAT:HSW_HP_SVDNA(1.0),A,RT,Y_GE65,TOTAL,TOTAL,OTHER,EU_V,1999,993,
dataflow,ESTAT:HSW_HP_SVDNA(1.0),A,RT,Y_GE65,TOTAL,TOTAL,PULMONAR,EU_V,1999,246,
dataflow,ESTAT:HSW_HP_SVDNA(1.0),A,RT,Y_GE65,TOTAL,TOTAL,STRESS,EU_V,1999,418,
dataflow,ESTAT:HSW_HP_SVDNA(1.0),A,RT,Y_GE65,TOTAL,TOTAL,TOTAL,EU_V,1999,3372,
