STRUCTURE,STRUCTURE_ID,freq,unit,severity,age,sex,nace_r1,matagent,geo,TIME_PERIOD,OBS_VALUE,OBS_FLAG
dataflow,ESTAT:HSW_AW_MAA1(1.0),A,NR,D_GE4,TOTAL,F,TOTAL,MAT_0100,EU_V,2005,62140,
dataflow,ESTAT:HSW_AW_MAA1(1.0),A,NR,D_GE4,TOTAL,F,TOTAL,MAT_0200,EU_V,2005,25794,
dataflow,ESTAT:HSW_AW_MAA1(1.0),A,NR,D_GE4,TOTAL,F,TOTAL,MAT_0300,EU_V,2005,334,
dataflow,ESTAT:HSW_AW_MAA1(1.0),A,NR,D_GE4,TOTAL,F,TOTAL,MAT_0400,EU_V,2005,1926,
dataflow,ESTAT:HSW_AW_MAA1(1.0),A,NR,D_GE4,TOTAL,F,TOTAL,MAT_0500,EU_V,2005,1092,
dataflow,ESTAT:HSW_AW_MAA1(1.0),A,NR,D_GE4,TOTAL,F,TOTAL,MAT_0600,EU_V,2005,27550,
dataflow,ESTAT:HSW_AW_MAA1(1.0),A,NR,D_GE4,TOTAL,F,TOTAL,MAT_0700,EU_V,2005,5662,
dataflow,ESTAT:HSW_AW_MAA1(1.0),A,NR,D_GE4,TOTAL,F,TOTAL,MAT_0800,EU_V,2005,2287,
dataflow,ESTAT:HSW_AW_MAA1(1.0),A,NR,D_GE4,TOTAL,F,TOTAL,MAT_0900,EU_V,2005,3462,
dataflow,ESTAT:HSW_AW_MAA1(1.0),A,NR,D_GE4,TOTAL,F,TOTAL,MAT_1000,EU_V,2005,18065,
dataflow,ESTAT:HSW_AW_MAA1(1.0),A,NR,D_GE4,TOTAL,F,TOTAL,MAT_1100,EU_V,2005,26650,
dataflow,ESTAT:HSW_AW_MAA1(1.0),A,NR,D_GE4,TOTAL,F,TOTAL,MAT_1200,EU_V,2005,20928,
dataflow,ESTAT:HSW_AW_MAA1(1.0),A,NR,D_GE4,TOTAL,F,TOTAL,MAT_1300,EU_V,2005,1146,
dataflow,ESTAT:HSW_AW_MAA1(1.0),A,NR,D_GE4,TOTAL,F,TOTAL,MAT_1400,EU_V,2005,54202,
dataflow,ESTAT:HSW_AW_MAA1(1.0),A,NR,D_GE4,TOTAL,F,TOTAL,MAT_1500,EU_V,2005,2845,
dataflow,ESTAT:HSW_AW_MAA1(1.0),A,NR,D_GE4,TOTAL,F,TOTAL,MAT_1600,EU_V,2005,444,
dataflow,ESTAT:HSW_AW_MAA1(1.0),A,NR,D_GE4,TOTAL,F,TOTAL,MAT_1700,EU_V,2005,19073,
dataflow,ESTAT:HSW_AW_MAA1(1.0),A,NR,D_GE4,TOTAL,F,TOTAL,MAT_1800,EU_V,2005,21782,
dataflow,ESTAT:HSW_AW_MAA1(1.0),A,NR,D_GE4,TOTAL,F,TOTAL,MAT_1900,EU_V,2005,1206,
dataflow,ESTAT:HSW_AW_MAA1(1.0),A,NR,D_GE4,TOTAL,F,TOTAL,MAT_2000,EU_V,2005,918,
dataflow,ESTAT:HSW_AW_MAA1(1.0),A,NR,D_GE4,TOTAL,F,TOTAL,MAT_9900,EU_V,2005,8713,
dataflow,ESTAT:HSW_AW_MAA1(1.0),A,NR,D_GE4,TOTAL,F,TOTAL,TOTAL,EU_V,2005,306223,
dataflow,ESTAT:HSW_AW_MAA1(1.0),A,NR,D_GE4,TOTAL,M,TOTAL,MAT_0100,EU_V,2005,165607,
dataflow,ESTAT:HSW_AW_MAA1(1.0),A,NR,D_GE4,TOTAL,M,TOTAL,MAT_0200,EU_V,2005,89447,
dataflow,ESTAT:HSW_AW_MAA1(1.0),A,NR,D_GE4,TOTAL,M,TOTAL,MAT_0300,EU_V,2005,5345,
dataflow,ESTAT:HSW_AW_MAA1(1.0),A,NR,D_GE4,TOTAL,M,TOTAL,MAT_0400,EU_V,2005,14097,
dataflow,ESTAT:HSW_AW_MAA1(1.0),A,NR,D_GE4,TOTAL,M,TOTAL,MAT_0500,EU_V,2005,12549,
dataflow,ESTAT:HSW_AW_MAA1(1.0),A,NR,D_GE4,TOTAL,M,TOTAL,MAT_0600,EU_V,2005,114204,
dataflow,ESTAT:HSW_AW_MAA1(1.0),A,NR,D_GE4,TOTAL,M,TOTAL,MAT_0700,EU_V,2005,35974,
dataflow,ESTAT:HSW_AW_MAA1(1.0),A,NR,D_GE4,TOTAL,M,TOTAL,MAT_0800,EU_V,2005,13119,
dataflow,ESTAT:HSW_AW_MAA1(1.0),A,NR,D_GE4,TOTAL,M,TOTAL,MAT_0900,EU_V,2005,28558,
dataflow,ESTAT:HSW_AW_MAA1(1.0),A,NR,D_GE4,TOTAL,M,TOTAL,MAT_1000,EU_V,2005,61282,
dataflow,ESTAT:HSW_AW_MAA1(1.0),A,NR,D_GE4,TOTAL,M,TOTAL,MAT_1100,EU_V,2005,90711,
dataflow,ESTAT:HSW_AW_MAA1(1.0),A,NR,D_GE4,TOTAL,M,TOTAL,MAT_1200,EU_V,2005,107970,
dataflow,ESTAT:HSW_AW_MAA1(1.0),A,NR,D_GE4,TOTAL,M,TOTAL,MAT_1300,EU_V,2005,7518,
dataflow,ESTAT:HSW_AW_MAA1(1.0),A,NR,D_GE4,TOTAL,M,TOTAL,MAT_1400,EU_V,2005,287541,
dataflow,ESTAT:HSW_AW_MAA1(1.0),A,NR,D_GE4,TOTAL,M,TOTAL,MAT_1500,EU_V,2005,6174,
dataflow,ESTAT:HSW_AW_MAA1(1.0),A,NR,D_GE4,TOTAL,M,TOTAL,MAT_1600,EU_V,2005,2072,
dataflow,ESTAT:HSW_AW_MAA1(1.0),A,NR,D_GE4,TOTAL,M,TOTAL,MAT_1700,EU_V,2005,20593,
dataflow,ESTAT:HSW_AW_MAA1(1.0),A,NR,D_GE4,TOTAL,M,TOTAL,MAT_1800,EU_V,2005,25469,
dataflow,ESTAT:HSW_AW_MAA1(1.0),A,NR,D_GE4,TOTAL,M,TOTAL,MAT_1900,EU_V,2005,3193,
dataflow,ESTAT:HSW_AW_MAA1(1.0),A,NR,D_GE4,TOTAL,M,TOTAL,MAT_2000,EU_V,2005,2559,
dataflow,ESTAT:HSW_AW_MAA1(1.0),A,NR,D_GE4,TOTAL,M,TOTAL,MAT_9900,EU_V,2005,21431,
dataflow,ESTAT:HSW_AW_MAA1(1.0),A,NR,D_GE4,TOTAL,M,TOTAL,TOTAL,EU_V,2005,1115415,
dataflow,ESTAT:HSW_AW_MAA1(1.0),A,NR,D_GE4,TOTAL,T,A,MAT_0100,EU_V,2005,17149,
dataflow,ESTAT:HSW_AW_MAA1(1.0),A,NR,D_GE4,TOTAL,T,A,MAT_0200,EU_V,2005,4027,
dataflow,ESTAT:HSW_AW_MAA1(1.0),A,NR,D_GE4,TOTAL,T,A,MAT_0300,EU_V,2005,194,
dataflow,ESTAT:HSW_AW_MAA1(1.0),A,NR,D_GE4,TOTAL,T,A,MAT_0400,EU_V,2005,988,
dataflow,ESTAT:HSW_AW_MAA1(1.0),A,NR,D_GE4,TOTAL,T,A,MAT_0500,EU_V,2005,475,
dataflow,ESTAT:HSW_AW_MAA1(1.0),A,NR,D_GE4,TOTAL,T,A,MAT_0600,EU_V,2005,10949,
dataflow,ESTAT:HSW_AW_MAA1(1.0),A,NR,D_GE4,TOTAL,T,A,MAT_0700,EU_V,2005,2163,
dataflow,ESTAT:HSW_AW_MAA1(1.0),A,NR,D_GE4,TOTAL,T,A,MAT_0800,EU_V,2005,1001,
dataflow,ESTAT:HSW_AW_MAA1(1.0),A,NR,D_GE4,TOTAL,T,A,MAT_0900,EU_V,2005,9570,
dataflow,ESTAT:HSW_AW_MAA1(1.0),A,NR,D_GE4,TOTAL,T,A,MAT_1000,EU_V,2005,2707,
dataflow,ESTAT:HSW_AW_MAA1(1.0),A,NR,D_GE4,TOTAL,T,A,MAT_1100,EU_V,2005,4506,
dataflow,ESTAT:HSW_AW_MAA1(1.0),A,NR,D_GE4,TOTAL,T,A,MAT_1200,EU_V,2005,4366,
dataflow,ESTAT:HSW_AW_MAA1(1.0),A,NR,D_GE4,TOTAL,T,A,MAT_1300,EU_V,2005,218,
dataflow,ESTAT:HSW_AW_MAA1(1.0),A,NR,D_GE4,TOTAL,T,A,MAT_1400,EU_V,2005,13477,
dataflow,ESTAT:HSW_AW_MAA1(1.0),A,NR,D_GE4,TOTAL,T,A,MAT_1500,EU_V,2005,415,
dataflow,ESTAT:HSW_AW_MAA1(1.0),A,NR,D_GE4,TOTAL,T,A,MAT_1600,EU_V,2005,64,
dataflow,ESTAT:HSW_AW_MAA1(1.0),A,NR,D_GE4,TOTAL,T,A,MAT_1700,EU_V,2005,2448,
dataflow,ESTAT:HSW_AW_MAA1(1.0),A,NR,D_GE4,TOTAL,T,A,MAT_1800,EU_V,2005,12147,
dataflow,ESTAT:HSW_AW_MAA1(1.0),A,NR,D_GE4,TOTAL,T,A,MAT_1900,EU_V,2005,363,
dataflow,ESTAT:HSW_AW_MAA1(1.0),A,NR,D_GE4,TOTAL,T,A,MAT_2000,EU_V,2005,247,
dataflow,ESTAT:HSW_AW_MAA1(1.0),A,NR,D_GE4,TOTAL,T,A,MAT_9900,EU_V,2005,1643,
dataflow,ESTAT:HSW_AW_MAA1(1.0),A,NR,D_GE4,TOTAL,T,A,TOTAL,EU_V,2005,89118,
dataflow,ESTAT:HSW_AW_MAA1(1.0),A,NR,D_GE4,TOTAL,T,B,MAT_0100,EU_V,2005,373,
dataflow,ESTAT:HSW_AW_MAA1(1.0),A,NR,D_GE4,TOTAL,T,B,MAT_0200,EU_V,2005,115,
dataflow,ESTAT:HSW_AW_MAA1(1.0),A,NR,D_GE4,TOTAL,T,B,MAT_0300,EU_V,2005,9,
dataflow,ESTAT:HSW_AW_MAA1(1.0),A,NR,D_GE4,TOTAL,T,B,MAT_0400,EU_V,2005,21,
dataflow,ESTAT:HSW_AW_MAA1(1.0),A,NR,D_GE4,TOTAL,T,B,MAT_0500,EU_V,2005,59,
dataflow,ESTAT:HSW_AW_MAA1(1.0),A,NR,D_GE4,TOTAL,T,B,MAT_0600,EU_V,2005,721,
dataflow,ESTAT:HSW_AW_MAA1(1.0),A,NR,D_GE4,TOTAL,T,B,MAT_0700,EU_V,2005,76,
dataflow,ESTAT:HSW_AW_MAA1(1.0),A,NR,D_GE4,TOTAL,T,B,MAT_0800,EU_V,2005,41,
dataflow,ESTAT:HSW_AW_MAA1(1.0),A,NR,D_GE4,TOTAL,T,B,MAT_0900,EU_V,2005,48,
dataflow,ESTAT:HSW_AW_MAA1(1.0),A,NR,D_GE4,TOTAL,T,B,MAT_1000,EU_V,2005,100,
dataflow,ESTAT:HSW_AW_MAA1(1.0),A,NR,D_GE4,TOTAL,T,B,MAT_1100,EU_V,2005,297,
dataflow,ESTAT:HSW_AW_MAA1(1.0),A,NR,D_GE4,TOTAL,T,B,MAT_1200,EU_V,2005,55,
dataflow,ESTAT:HSW_AW_MAA1(1.0),A,NR,D_GE4,TOTAL,T,B,MAT_1300,EU_V,2005,552,
dataflow,ESTAT:HSW_AW_MAA1(1.0),A,NR,D_GE4,TOTAL,T,B,MAT_1400,EU_V,2005,439,
dataflow,ESTAT:HSW_AW_MAA1(1.0),A,NR,D_GE4,TOTAL,T,B,MAT_1500,EU_V,2005,11,
dataflow,ESTAT:HSW_AW_MAA1(1.0),A,NR,D_GE4,TOTAL,T,B,MAT_1600,EU_V,2005,5,
dataflow,ESTAT:HSW_AW_MAA1(1.0),A,NR,D_GE4,TOTAL,T,B,MAT_1700,EU_V,2005,15,
dataflow,ESTAT:HSW_AW_MAA1(1.0),A,NR,D_GE4,TOTAL,T,B,MAT_1800,EU_V,2005,122,
dataflow,ESTAT:HSW_AW_MAA1(1.0),A,NR,D_GE4,TOTAL,T,B,MAT_1900,EU_V,2005,4,
dataflow,ESTAT:HSW_AW_MAA1(1.0),A,NR,D_GE4,TOTAL,T,B,MAT_2000,EU_V,2005,74,
dataflow,ESTAT:HSW_AW_MAA1(1.0),A,NR,D_GE4,TOTAL,T,B,MAT_9900,EU_V,2005,480,
dataflow,ESTAT:HSW_AW_MAA1(1.0),A,NR,D_GE4,TOTAL,T,B,TOTAL,EU_V,2005,3616,
dataflow,ESTAT:HSW_AW_MAA1(1.0),A,NR,D_GE4,TOTAL,T,C,MAT_0100,EU_V,2005,1623,
dataflow,ESTAT:HSW_AW_MAA1(1.0),A,NR,D_GE4,TOTAL,T,C,MAT_0200,EU_V,2005,502,
dataflow,ESTAT:HSW_AW_MAA1(1.0),A,NR,D_GE4,TOTAL,T,C,MAT_0300,EU_V,2005,1125,
dataflow,ESTAT:HSW_AW_MAA1(1.0),A,NR,D_GE4,TOTAL,T,C,MAT_0400,EU_V,2005,218,
dataflow,ESTAT:HSW_AW_MAA1(1.0),A,NR,D_GE4,TOTAL,T,C,MAT_0500,EU_V,2005,238,
dataflow,ESTAT:HSW_AW_MAA1(1.0),A,NR,D_GE4,TOTAL,T,C,MAT_0600,EU_V,2005,1544,
dataflow,ESTAT:HSW_AW_MAA1(1.0),A,NR,D_GE4,TOTAL,T,C,MAT_0700,EU_V,2005,696,
dataflow,ESTAT:HSW_AW_MAA1(1.0),A,NR,D_GE4,TOTAL,T,C,MAT_0800,EU_V,2005,333,
dataflow,ESTAT:HSW_AW_MAA1(1.0),A,NR,D_GE4,TOTAL,T,C,MAT_0900,EU_V,2005,1160,
dataflow,ESTAT:HSW_AW_MAA1(1.0),A,NR,D_GE4,TOTAL,T,C,MAT_1000,EU_V,2005,591,
dataflow,ESTAT:HSW_AW_MAA1(1.0),A,NR,D_GE4,TOTAL,T,C,MAT_1100,EU_V,2005,870,
dataflow,ESTAT:HSW_AW_MAA1(1.0),A,NR,D_GE4,TOTAL,T,C,MAT_1200,EU_V,2005,743,
dataflow,ESTAT:HSW_AW_MAA1(1.0),A,NR,D_GE4,TOTAL,T,C,MAT_1300,EU_V,2005,389,
dataflow,ESTAT:HSW_AW_MAA1(1.0),A,NR,D_GE4,TOTAL,T,C,MAT_1400,EU_V,2005,3847,
dataflow,ESTAT:HSW_AW_MAA1(1.0),A,NR,D_GE4,TOTAL,T,C,MAT_1500,EU_V,2005,135,
dataflow,ESTAT:HSW_AW_MAA1(1.0),A,NR,D_GE4,TOTAL,T,C,MAT_1600,EU_V,2005,52,
dataflow,ESTAT:HSW_AW_MAA1(1.0),A,NR,D_GE4,TOTAL,T,C,MAT_1700,EU_V,2005,49,
dataflow,ESTAT:HSW_AW_MAA1(1.0),A,NR,D_GE4,TOTAL,T,C,MAT_1800,EU_V,2005,57,
dataflow,ESTAT:HSW_AW_MAA1(1.0),A,NR,D_GE4,TOTAL,T,C,MAT_1900,EU_V,2005,17,
dataflow,ESTAT:HSW_AW_MAA1(1.0),A,NR,D_GE4,TOTAL,T,C,MAT_2000,EU_V,2005,40,
dataflow,ESTAT:HSW_AW_MAA1(1.0),A,NR,D_GE4,TOTAL,T,C,MAT_9900,EU_V,2005,393,
dataflow,ESTAT:HSW_AW_MAA1(1.0),A,NR,D_GE4,TOTAL,T,C,TOTAL,EU_V,2005,14625,
dataflow,ESTAT:HSW_AW_MAA1(1.0),A,NR,D_GE4,TOTAL,T,D,MAT_0100,EU_V,2005,44758,
dataflow,ESTAT:HSW_AW_MAA1(1.0),A,NR,D_GE4,TOTAL,T,D,MAT_0200,EU_V,2005,22934,
dataflow,ESTAT:HSW_AW_MAA1(1.0),A,NR,D_GE4,TOTAL,T,D,MAT_0300,EU_V,2005,465,
dataflow,ESTAT:HSW_AW_MAA1(1.0),A,NR,D_GE4,TOTAL,T,D,MAT_0400,EU_V,2005,6014,
dataflow,ESTAT:HSW_AW_MAA1(1.0),A,NR,D_GE4,TOTAL,T,D,MAT_0500,EU_V,2005,5070,
dataflow,ESTAT:HSW_AW_MAA1(1.0),A,NR,D_GE4,TOTAL,T,D,MAT_0600,EU_V,2005,45961,
dataflow,ESTAT:HSW_AW_MAA1(1.0),A,NR,D_GE4,TOTAL,T,D,MAT_0700,EU_V,2005,17226,
dataflow,ESTAT:HSW_AW_MAA1(1.0),A,NR,D_GE4,TOTAL,T,D,MAT_0800,EU_V,2005,5592,
dataflow,ESTAT:HSW_AW_MAA1(1.0),A,NR,D_GE4,TOTAL,T,D,MAT_0900,EU_V,2005,5461,
dataflow,ESTAT:HSW_AW_MAA1(1.0),A,NR,D_GE4,TOTAL,T,D,MAT_1000,EU_V,2005,51267,
dataflow,ESTAT:HSW_AW_MAA1(1.0),A,NR,D_GE4,TOTAL,T,D,MAT_1100,EU_V,2005,41116,
dataflow,ESTAT:HSW_AW_MAA1(1.0),A,NR,D_GE4,TOTAL,T,D,MAT_1200,EU_V,2005,21314,
dataflow,ESTAT:HSW_AW_MAA1(1.0),A,NR,D_GE4,TOTAL,T,D,MAT_1300,EU_V,2005,1219,
dataflow,ESTAT:HSW_AW_MAA1(1.0),A,NR,D_GE4,TOTAL,T,D,MAT_1400,EU_V,2005,135763,
dataflow,ESTAT:HSW_AW_MAA1(1.0),A,NR,D_GE4,TOTAL,T,D,MAT_1500,EU_V,2005,3310,
dataflow,ESTAT:HSW_AW_MAA1(1.0),A,NR,D_GE4,TOTAL,T,D,MAT_1600,EU_V,2005,727,
dataflow,ESTAT:HSW_AW_MAA1(1.0),A,NR,D_GE4,TOTAL,T,D,MAT_1700,EU_V,2005,6077,
dataflow,ESTAT:HSW_AW_MAA1(1.0),A,NR,D_GE4,TOTAL,T,D,MAT_1800,EU_V,2005,2665,
dataflow,ESTAT:HSW_AW_MAA1(1.0),A,NR,D_GE4,TOTAL,T,D,MAT_1900,EU_V,2005,1048,
dataflow,ESTAT:HSW_AW_MAA1(1.0),A,NR,D_GE4,TOTAL,T,D,MAT_2000,EU_V,2005,570,
dataflow,ESTAT:HSW_AW_MAA1(1.0),A,NR,D_GE4,TOTAL,T,D,MAT_9900,EU_V,2005,7362,
dataflow,ESTAT:HSW_AW_MAA1(1.0),A,NR,D_GE4,TOTAL,T,D,TOTAL,EU_V,2005,425920,
dataflow,ESTAT:HSW_AW_MAA1(1.0),A,NR,D_GE4,TOTAL,T,E,MAT_0100,EU_V,2005,2028,
dataflow,ESTAT:HSW_AW_MAA1(1.0),A,NR,D_GE4,TOTAL,T,E,MAT_0200,EU_V,2005,1149,
dataflow,ESTAT:HSW_AW_MAA1(1.0),A,NR,D_GE4,TOTAL,T,E,MAT_0300,EU_V,2005,219,
dataflow,ESTAT:HSW_AW_MAA1(1.0),A,NR,D_GE4,TOTAL,T,E,MAT_0400,EU_V,2005,470,
dataflow,ESTAT:HSW_AW_MAA1(1.0),A,NR,D_GE4,TOTAL,T,E,MAT_0500,EU_V,2005,454,
dataflow,ESTAT:HSW_AW_MAA1(1.0),A,NR,D_GE4,TOTAL,T,E,MAT_0600,EU_V,2005,1014,
dataflow,ESTAT:HSW_AW_MAA1(1.0),A,NR,D_GE4,TOTAL,T,E,MAT_0700,EU_V,2005,330,
dataflow,ESTAT:HSW_AW_MAA1(1.0),A,NR,D_GE4,TOTAL,T,E,MAT_0800,EU_V,2005,89,
dataflow,ESTAT:HSW_AW_MAA1(1.0),A,NR,D_GE4,TOTAL,T,E,MAT_0900,EU_V,2005,217,
dataflow,ESTAT:HSW_AW_MAA1(1.0),A,NR,D_GE4,TOTAL,T,E,MAT_1000,EU_V,2005,247,
dataflow,ESTAT:HSW_AW_MAA1(1.0),A,NR,D_GE4,TOTAL,T,E,MAT_1100,EU_V,2005,564,
dataflow,ESTAT:HSW_AW_MAA1(1.0),A,NR,D_GE4,TOTAL,T,E,MAT_1200,EU_V,2005,1567,
dataflow,ESTAT:HSW_AW_MAA1(1.0),A,NR,D_GE4,TOTAL,T,E,MAT_1300,EU_V,2005,63,
dataflow,ESTAT:HSW_AW_MAA1(1.0),A,NR,D_GE4,TOTAL,T,E,MAT_1400,EU_V,2005,1803,
dataflow,ESTAT:HSW_AW_MAA1(1.0),A,NR,D_GE4,TOTAL,T,E,MAT_1500,EU_V,2005,41,
dataflow,ESTAT:HSW_AW_MAA1(1.0),A,NR,D_GE4,TOTAL,T,E,MAT_1600,EU_V,2005,46,
dataflow,ESTAT:HSW_AW_MAA1(1.0),A,NR,D_GE4,TOTAL,T,E,MAT_1700,EU_V,2005,197,
dataflow,ESTAT:HSW_AW_MAA1(1.0),A,NR,D_GE4,TOTAL,T,E,MAT_1800,EU_V,2005,150,
dataflow,ESTAT:HSW_AW_MAA1(1.0),A,NR,D_GE4,TOTAL,T,E,MAT_1900,EU_V,2005,74,
dataflow,ESTAT:HSW_AW_MAA1(1.0),A,NR,D_GE4,TOTAL,T,E,MAT_2000,EU_V,2005,60,
dataflow,ESTAT:HSW_AW_MAA1(1.0),A,NR,D_GE4,TOTAL,T,E,MAT_9900,EU_V,2005,228,
dataflow,ESTAT:HSW_AW_MAA1(1.0),A,NR,D_GE4,TOTAL,T,E,TOTAL,EU_V,2005,11012,
dataflow,ESTAT:HSW_AW_MAA1(1.0),A,NR,D_GE4,TOTAL,T,F,MAT_0100,EU_V,2005,60273,
dataflow,ESTAT:HSW_AW_MAA1(1.0),A,NR,D_GE4,TOTAL,T,F,MAT_0200,EU_V,2005,38611,
dataflow,ESTAT:HSW_AW_MAA1(1.0),A,NR,D_GE4,TOTAL,T,F,MAT_0300,EU_V,2005,2454,
dataflow,ESTAT:HSW_AW_MAA1(1.0),A,NR,D_GE4,TOTAL,T,F,MAT_0400,EU_V,2005,4382,
dataflow,ESTAT:HSW_AW_MAA1(1.0),A,NR,D_GE4,TOTAL,T,F,MAT_0500,EU_V,2005,3176,
dataflow,ESTAT:HSW_AW_MAA1(1.0),A,NR,D_GE4,TOTAL,T,F,MAT_0600,EU_V,2005,29820,
dataflow,ESTAT:HSW_AW_MAA1(1.0),A,NR,D_GE4,TOTAL,T,F,MAT_0700,EU_V,2005,10110,
dataflow,ESTAT:HSW_AW_MAA1(1.0),A,NR,D_GE4,TOTAL,T,F,MAT_0800,EU_V,2005,3767,
dataflow,ESTAT:HSW_AW_MAA1(1.0),A,NR,D_GE4,TOTAL,T,F,MAT_0900,EU_V,2005,8029,
dataflow,ESTAT:HSW_AW_MAA1(1.0),A,NR,D_GE4,TOTAL,T,F,MAT_1000,EU_V,2005,7390,
dataflow,ESTAT:HSW_AW_MAA1(1.0),A,NR,D_GE4,TOTAL,T,F,MAT_1100,EU_V,2005,11972,
dataflow,ESTAT:HSW_AW_MAA1(1.0),A,NR,D_GE4,TOTAL,T,F,MAT_1200,EU_V,2005,17068,
dataflow,ESTAT:HSW_AW_MAA1(1.0),A,NR,D_GE4,TOTAL,T,F,MAT_1300,EU_V,2005,633,
dataflow,ESTAT:HSW_AW_MAA1(1.0),A,NR,D_GE4,TOTAL,T,F,MAT_1400,EU_V,2005,76194,
dataflow,ESTAT:HSW_AW_MAA1(1.0),A,NR,D_GE4,TOTAL,T,F,MAT_1500,EU_V,2005,1056,
dataflow,ESTAT:HSW_AW_MAA1(1.0),A,NR,D_GE4,TOTAL,T,F,MAT_1600,EU_V,2005,565,
dataflow,ESTAT:HSW_AW_MAA1(1.0),A,NR,D_GE4,TOTAL,T,F,MAT_1700,EU_V,2005,1797,
dataflow,ESTAT:HSW_AW_MAA1(1.0),A,NR,D_GE4,TOTAL,T,F,MAT_1800,EU_V,2005,1386,
dataflow,ESTAT:HSW_AW_MAA1(1.0),A,NR,D_GE4,TOTAL,T,F,MAT_1900,EU_V,2005,320,
dataflow,ESTAT:HSW_AW_MAA1(1.0),A,NR,D_GE4,TOTAL,T,F,MAT_2000,EU_V,2005,535,
dataflow,ESTAT:HSW_AW_MAA1(1.0),A,NR,D_GE4,TOTAL,T,F,MAT_9900,EU_V,2005,4806,
dataflow,ESTAT:HSW_AW_MAA1(1.0),A,NR,D_GE4,TOTAL,T,F,TOTAL,EU_V,2005,284342,
dataflow,ESTAT:HSW_AW_MAA1(1.0),A,NR,D_GE4,TOTAL,T,G,MAT_0100,EU_V,2005,19461,
dataflow,ESTAT:HSW_AW_MAA1(1.0),A,NR,D_GE4,TOTAL,T,G,MAT_0200,EU_V,2005,9873,
dataflow,ESTAT:HSW_AW_MAA1(1.0),A,NR,D_GE4,TOTAL,T,G,MAT_0300,EU_V,2005,220,
dataflow,ESTAT:HSW_AW_MAA1(1.0),A,NR,D_GE4,TOTAL,T,G,MAT_0400,EU_V,2005,1291,
dataflow,ESTAT:HSW_AW_MAA1(1.0),A,NR,D_GE4,TOTAL,T,G,MAT_0500,EU_V,2005,1816,
dataflow,ESTAT:HSW_AW_MAA1(1.0),A,NR,D_GE4,TOTAL,T,G,MAT_0600,EU_V,2005,18637,
dataflow,ESTAT:HSW_AW_MAA1(1.0),A,NR,D_GE4,TOTAL,T,G,MAT_0700,EU_V,2005,4198,
dataflow,ESTAT:HSW_AW_MAA1(1.0),A,NR,D_GE4,TOTAL,T,G,MAT_0800,EU_V,2005,1690,
dataflow,ESTAT:HSW_AW_MAA1(1.0),A,NR,D_GE4,TOTAL,T,G,MAT_0900,EU_V,2005,2097,
dataflow,ESTAT:HSW_AW_MAA1(1.0),A,NR,D_GE4,TOTAL,T,G,MAT_1000,EU_V,2005,6891,
dataflow,ESTAT:HSW_AW_MAA1(1.0),A,NR,D_GE4,TOTAL,T,G,MAT_1100,EU_V,2005,22818,
dataflow,ESTAT:HSW_AW_MAA1(1.0),A,NR,D_GE4,TOTAL,T,G,MAT_1200,EU_V,2005,18078,
dataflow,ESTAT:HSW_AW_MAA1(1.0),A,NR,D_GE4,TOTAL,T,G,MAT_1300,EU_V,2005,535,
dataflow,ESTAT:HSW_AW_MAA1(1.0),A,NR,D_GE4,TOTAL,T,G,MAT_1400,EU_V,2005,46707,
dataflow,ESTAT:HSW_AW_MAA1(1.0),A,NR,D_GE4,TOTAL,T,G,MAT_1500,EU_V,2005,759,
dataflow,ESTAT:HSW_AW_MAA1(1.0),A,NR,D_GE4,TOTAL,T,G,MAT_1600,EU_V,2005,219,
dataflow,ESTAT:HSW_AW_MAA1(1.0),A,NR,D_GE4,TOTAL,T,G,MAT_1700,EU_V,2005,5083,
dataflow,ESTAT:HSW_AW_MAA1(1.0),A,NR,D_GE4,TOTAL,T,G,MAT_1800,EU_V,2005,1973,
dataflow,ESTAT:HSW_AW_MAA1(1.0),A,NR,D_GE4,TOTAL,T,G,MAT_1900,EU_V,2005,413,
dataflow,ESTAT:HSW_AW_MAA1(1.0),A,NR,D_GE4,TOTAL,T,G,MAT_2000,EU_V,2005,289,
dataflow,ESTAT:HSW_AW_MAA1(1.0),A,NR,D_GE4,TOTAL,T,G,MAT_9900,EU_V,2005,3389,
dataflow,ESTAT:HSW_AW_MAA1(1.0),A,NR,D_GE4,TOTAL,T,G,TOTAL,EU_V,2005,166436,
dataflow,ESTAT:HSW_AW_MAA1(1.0),A,NR,D_GE4,TOTAL,T,H,MAT_0100,EU_V,2005,11927,
dataflow,ESTAT:HSW_AW_MAA1(1.0),A,NR,D_GE4,TOTAL,T,H,MAT_0200,EU_V,2005,4491,
dataflow,ESTAT:HSW_AW_MAA1(1.0),A,NR,D_GE4,TOTAL,T,H,MAT_0300,EU_V,2005,55,
dataflow,ESTAT:HSW_AW_MAA1(1.0),A,NR,D_GE4,TOTAL,T,H,MAT_0400,EU_V,2005,626,
dataflow,ESTAT:HSW_AW_MAA1(1.0),A,NR,D_GE4,TOTAL,T,H,MAT_0500,EU_V,2005,257,
dataflow,ESTAT:HSW_AW_MAA1(1.0),A,NR,D_GE4,TOTAL,T,H,MAT_0600,EU_V,2005,11214,
dataflow,ESTAT:HSW_AW_MAA1(1.0),A,NR,D_GE4,TOTAL,T,H,MAT_0700,EU_V,2005,1514,
dataflow,ESTAT:HSW_AW_MAA1(1.0),A,NR,D_GE4,TOTAL,T,H,MAT_0800,EU_V,2005,780,
dataflow,ESTAT:HSW_AW_MAA1(1.0),A,NR,D_GE4,TOTAL,T,H,MAT_0900,EU_V,2005,467,
dataflow,ESTAT:HSW_AW_MAA1(1.0),A,NR,D_GE4,TOTAL,T,H,MAT_1000,EU_V,2005,2858,
dataflow,ESTAT:HSW_AW_MAA1(1.0),A,NR,D_GE4,TOTAL,T,H,MAT_1100,EU_V,2005,4947,
dataflow,ESTAT:HSW_AW_MAA1(1.0),A,NR,D_GE4,TOTAL,T,H,MAT_1200,EU_V,2005,4004,
dataflow,ESTAT:HSW_AW_MAA1(1.0),A,NR,D_GE4,TOTAL,T,H,MAT_1300,EU_V,2005,155,
dataflow,ESTAT:HSW_AW_MAA1(1.0),A,NR,D_GE4,TOTAL,T,H,MAT_1400,EU_V,2005,10237,
dataflow,ESTAT:HSW_AW_MAA1(1.0),A,NR,D_GE4,TOTAL,T,H,MAT_1500,EU_V,2005,1010,
dataflow,ESTAT:HSW_AW_MAA1(1.0),A,NR,D_GE4,TOTAL,T,H,MAT_1600,EU_V,2005,28,
dataflow,ESTAT:HSW_AW_MAA1(1.0),A,NR,D_GE4,TOTAL,T,H,MAT_1700,EU_V,2005,5543,
dataflow,ESTAT:HSW_AW_MAA1(1.0),A,NR,D_GE4,TOTAL,T,H,MAT_1800,EU_V,2005,1121,
dataflow,ESTAT:HSW_AW_MAA1(1.0),A,NR,D_GE4,TOTAL,T,H,MAT_1900,EU_V,2005,219,
dataflow,ESTAT:HSW_AW_MAA1(1.0),A,NR,D_GE4,TOTAL,T,H,MAT_2000,EU_V,2005,184,
dataflow,ESTAT:HSW_AW_MAA1(1.0),A,NR,D_GE4,TOTAL,T,H,MAT_9900,EU_V,2005,2664,
dataflow,ESTAT:HSW_AW_MAA1(1.0),A,NR,D_GE4,TOTAL,T,H,TOTAL,EU_V,2005,64302,
dataflow,ESTAT:HSW_AW_MAA1(1.0),A,NR,D_GE4,TOTAL,T,I,MAT_0100,EU_V,2005,16525,
dataflow,ESTAT:HSW_AW_MAA1(1.0),A,NR,D_GE4,TOTAL,T,I,MAT_0200,EU_V,2005,6640,
dataflow,ESTAT:HSW_AW_MAA1(1.0),A,NR,D_GE4,TOTAL,T,I,MAT_0300,EU_V,2005,257,
dataflow,ESTAT:HSW_AW_MAA1(1.0),A,NR,D_GE4,TOTAL,T,I,MAT_0400,EU_V,2005,528,
dataflow,ESTAT:HSW_AW_MAA1(1.0),A,NR,D_GE4,TOTAL,T,I,MAT_0500,EU_V,2005,805,
dataflow,ESTAT:HSW_AW_MAA1(1.0),A,NR,D_GE4,TOTAL,T,I,MAT_0600,EU_V,2005,4108,
dataflow,ESTAT:HSW_AW_MAA1(1.0),A,NR,D_GE4,TOTAL,T,I,MAT_0700,EU_V,2005,1115,
dataflow,ESTAT:HSW_AW_MAA1(1.0),A,NR,D_GE4,TOTAL,T,I,MAT_0800,EU_V,2005,427,
dataflow,ESTAT:HSW_AW_MAA1(1.0),A,NR,D_GE4,TOTAL,T,I,MAT_0900,EU_V,2005,1168,
dataflow,ESTAT:HSW_AW_MAA1(1.0),A,NR,D_GE4,TOTAL,T,I,MAT_1000,EU_V,2005,1101,
dataflow,ESTAT:HSW_AW_MAA1(1.0),A,NR,D_GE4,TOTAL,T,I,MAT_1100,EU_V,2005,13882,
dataflow,ESTAT:HSW_AW_MAA1(1.0),A,NR,D_GE4,TOTAL,T,I,MAT_1200,EU_V,2005,32129,
dataflow,ESTAT:HSW_AW_MAA1(1.0),A,NR,D_GE4,TOTAL,T,I,MAT_1300,EU_V,2005,3560,
dataflow,ESTAT:HSW_AW_MAA1(1.0),A,NR,D_GE4,TOTAL,T,I,MAT_1400,EU_V,2005,23287,
dataflow,ESTAT:HSW_AW_MAA1(1.0),A,NR,D_GE4,TOTAL,T,I,MAT_1500,EU_V,2005,317,
dataflow,ESTAT:HSW_AW_MAA1(1.0),A,NR,D_GE4,TOTAL,T,I,MAT_1600,EU_V,2005,235,
dataflow,ESTAT:HSW_AW_MAA1(1.0),A,NR,D_GE4,TOTAL,T,I,MAT_1700,EU_V,2005,2455,
dataflow,ESTAT:HSW_AW_MAA1(1.0),A,NR,D_GE4,TOTAL,T,I,MAT_1800,EU_V,2005,1937,
dataflow,ESTAT:HSW_AW_MAA1(1.0),A,NR,D_GE4,TOTAL,T,I,MAT_1900,EU_V,2005,150,
dataflow,ESTAT:HSW_AW_MAA1(1.0),A,NR,D_GE4,TOTAL,T,I,MAT_2000,EU_V,2005,370,
dataflow,ESTAT:HSW_AW_MAA1(1.0),A,NR,D_GE4,TOTAL,T,I,MAT_9900,EU_V,2005,1987,
dataflow,ESTAT:HSW_AW_MAA1(1.0),A,NR,D_GE4,TOTAL,T,I,TOTAL,EU_V,2005,112985,
dataflow,ESTAT:HSW_AW_MAA1(1.0),A,NR,D_GE4,TOTAL,T,J,MAT_0100,EU_V,2005,1304,
dataflow,ESTAT:HSW_AW_MAA1(1.0),A,NR,D_GE4,TOTAL,T,J,MAT_0200,EU_V,2005,729,
dataflow,ESTAT:HSW_AW_MAA1(1.0),A,NR,D_GE4,TOTAL,T,J,MAT_0300,EU_V,2005,7,
dataflow,ESTAT:HSW_AW_MAA1(1.0),A,NR,D_GE4,TOTAL,T,J,MAT_0400,EU_V,2005,10,
dataflow,ESTAT:HSW_AW_MAA1(1.0),A,NR,D_GE4,TOTAL,T,J,MAT_0500,EU_V,2005,6,
dataflow,ESTAT:HSW_AW_MAA1(1.0),A,NR,D_GE4,TOTAL,T,J,MAT_0600,EU_V,2005,124,
dataflow,ESTAT:HSW_AW_MAA1(1.0),A,NR,D_GE4,TOTAL,T,J,MAT_0700,EU_V,2005,23,
dataflow,ESTAT:HSW_AW_MAA1(1.0),A,NR,D_GE4,TOTAL,T,J,MAT_0800,EU_V,2005,10,
dataflow,ESTAT:HSW_AW_MAA1(1.0),A,NR,D_GE4,TOTAL,T,J,MAT_0900,EU_V,2005,26,
dataflow,ESTAT:HSW_AW_MAA1(1.0),A,NR,D_GE4,TOTAL,T,J,MAT_1000,EU_V,2005,86,
dataflow,ESTAT:HSW_AW_MAA1(1.0),A,NR,D_GE4,TOTAL,T,J,MAT_1100,EU_V,2005,185,
dataflow,ESTAT:HSW_AW_MAA1(1.0),A,NR,D_GE4,TOTAL,T,J,MAT_1200,EU_V,2005,991,
dataflow,ESTAT:HSW_AW_MAA1(1.0),A,NR,D_GE4,TOTAL,T,J,MAT_1300,EU_V,2005,20,
dataflow,ESTAT:HSW_AW_MAA1(1.0),A,NR,D_GE4,TOTAL,T,J,MAT_1400,EU_V,2005,361,
dataflow,ESTAT:HSW_AW_MAA1(1.0),A,NR,D_GE4,TOTAL,T,J,MAT_1500,EU_V,2005,12,
dataflow,ESTAT:HSW_AW_MAA1(1.0),A,NR,D_GE4,TOTAL,T,J,MAT_1600,EU_V,2005,42,
dataflow,ESTAT:HSW_AW_MAA1(1.0),A,NR,D_GE4,TOTAL,T,J,MAT_1700,EU_V,2005,579,
dataflow,ESTAT:HSW_AW_MAA1(1.0),A,NR,D_GE4,TOTAL,T,J,MAT_1800,EU_V,2005,153,
dataflow,ESTAT:HSW_AW_MAA1(1.0),A,NR,D_GE4,TOTAL,T,J,MAT_2000,EU_V,2005,20,
dataflow,ESTAT:HSW_AW_MAA1(1.0),A,NR,D_GE4,TOTAL,T,J,MAT_9900,EU_V,2005,87,
dataflow,ESTAT:HSW_AW_MAA1(1.0),A,NR,D_GE4,TOTAL,T,J,TOTAL,EU_V,2005,4777,
dataflow,ESTAT:HSW_AW_MAA1(1.0),A,NR,D_GE4,TOTAL,T,K,MAT_0100,EU_V,2005,14328,
dataflow,ESTAT:HSW_AW_MAA1(1.0),A,NR,D_GE4,TOTAL,T,K,MAT_0200,EU_V,2005,7964,
dataflow,ESTAT:HSW_AW_MAA1(1.0),A,NR,D_GE4,TOTAL,T,K,MAT_0300,EU_V,2005,198,
dataflow,ESTAT:HSW_AW_MAA1(1.0),A,NR,D_GE4,TOTAL,T,K,MAT_0400,EU_V,2005,481,
dataflow,ESTAT:HSW_AW_MAA1(1.0),A,NR,D_GE4,TOTAL,T,K,MAT_0500,EU_V,2005,447,
dataflow,ESTAT:HSW_AW_MAA1(1.0),A,NR,D_GE4,TOTAL,T,K,MAT_0600,EU_V,2005,5416,
dataflow,ESTAT:HSW_AW_MAA1(1.0),A,NR,D_GE4,TOTAL,T,K,MAT_0700,EU_V,2005,1223,
dataflow,ESTAT:HSW_AW_MAA1(1.0),A,NR,D_GE4,TOTAL,T,K,MAT_0800,EU_V,2005,537,
dataflow,ESTAT:HSW_AW_MAA1(1.0),A,NR,D_GE4,TOTAL,T,K,MAT_0900,EU_V,2005,1154,
dataflow,ESTAT:HSW_AW_MAA1(1.0),A,NR,D_GE4,TOTAL,T,K,MAT_1000,EU_V,2005,2482,
dataflow,ESTAT:HSW_AW_MAA1(1.0),A,NR,D_GE4,TOTAL,T,K,MAT_1100,EU_V,2005,5224,
dataflow,ESTAT:HSW_AW_MAA1(1.0),A,NR,D_GE4,TOTAL,T,K,MAT_1200,EU_V,2005,9021,
dataflow,ESTAT:HSW_AW_MAA1(1.0),A,NR,D_GE4,TOTAL,T,K,MAT_1300,EU_V,2005,491,
dataflow,ESTAT:HSW_AW_MAA1(1.0),A,NR,D_GE4,TOTAL,T,K,MAT_1400,EU_V,2005,10414,
dataflow,ESTAT:HSW_AW_MAA1(1.0),A,NR,D_GE4,TOTAL,T,K,MAT_1500,EU_V,2005,578,
dataflow,ESTAT:HSW_AW_MAA1(1.0),A,NR,D_GE4,TOTAL,T,K,MAT_1600,EU_V,2005,104,
dataflow,ESTAT:HSW_AW_MAA1(1.0),A,NR,D_GE4,TOTAL,T,K,MAT_1700,EU_V,2005,3771,
dataflow,ESTAT:HSW_AW_MAA1(1.0),A,NR,D_GE4,TOTAL,T,K,MAT_1800,EU_V,2005,1585,
dataflow,ESTAT:HSW_AW_MAA1(1.0),A,NR,D_GE4,TOTAL,T,K,MAT_1900,EU_V,2005,425,
dataflow,ESTAT:HSW_AW_MAA1(1.0),A,NR,D_GE4,TOTAL,T,K,MAT_2000,EU_V,2005,284,
dataflow,ESTAT:HSW_AW_MAA1(1.0),A,NR,D_GE4,TOTAL,T,K,MAT_9900,EU_V,2005,1476,
dataflow,ESTAT:HSW_AW_MAA1(1.0),A,NR,D_GE4,TOTAL,T,K,TOTAL,EU_V,2005,67604,
dataflow,ESTAT:HSW_AW_MAA1(1.0),A,NR,D_GE4,TOTAL,T,L,MAT_0100,EU_V,2005,12589,
dataflow,ESTAT:HSW_AW_MAA1(1.0),A,NR,D_GE4,TOTAL,T,L,MAT_0200,EU_V,2005,6499,
dataflow,ESTAT:HSW_AW_MAA1(1.0),A,NR,D_GE4,TOTAL,T,L,MAT_0300,EU_V,2005,238,
dataflow,ESTAT:HSW_AW_MAA1(1.0),A,NR,D_GE4,TOTAL,T,L,MAT_0400,EU_V,2005,310,
dataflow,ESTAT:HSW_AW_MAA1(1.0),A,NR,D_GE4,TOTAL,T,L,MAT_0500,EU_V,2005,277,
dataflow,ESTAT:HSW_AW_MAA1(1.0),A,NR,D_GE4,TOTAL,T,L,MAT_0600,EU_V,2005,3649,
dataflow,ESTAT:HSW_AW_MAA1(1.0),A,NR,D_GE4,TOTAL,T,L,MAT_0700,EU_V,2005,933,
dataflow,ESTAT:HSW_AW_MAA1(1.0),A,NR,D_GE4,TOTAL,T,L,MAT_0800,EU_V,2005,384,
dataflow,ESTAT:HSW_AW_MAA1(1.0),A,NR,D_GE4,TOTAL,T,L,MAT_0900,EU_V,2005,996,
dataflow,ESTAT:HSW_AW_MAA1(1.0),A,NR,D_GE4,TOTAL,T,L,MAT_1000,EU_V,2005,859,
dataflow,ESTAT:HSW_AW_MAA1(1.0),A,NR,D_GE4,TOTAL,T,L,MAT_1100,EU_V,2005,2257,
dataflow,ESTAT:HSW_AW_MAA1(1.0),A,NR,D_GE4,TOTAL,T,L,MAT_1200,EU_V,2005,7737,
dataflow,ESTAT:HSW_AW_MAA1(1.0),A,NR,D_GE4,TOTAL,T,L,MAT_1300,EU_V,2005,299,
dataflow,ESTAT:HSW_AW_MAA1(1.0),A,NR,D_GE4,TOTAL,T,L,MAT_1400,EU_V,2005,5469,
dataflow,ESTAT:HSW_AW_MAA1(1.0),A,NR,D_GE4,TOTAL,T,L,MAT_1500,EU_V,2005,279,
dataflow,ESTAT:HSW_AW_MAA1(1.0),A,NR,D_GE4,TOTAL,T,L,MAT_1600,EU_V,2005,189,
dataflow,ESTAT:HSW_AW_MAA1(1.0),A,NR,D_GE4,TOTAL,T,L,MAT_1700,EU_V,2005,2948,
dataflow,ESTAT:HSW_AW_MAA1(1.0),A,NR,D_GE4,TOTAL,T,L,MAT_1800,EU_V,2005,6028,
dataflow,ESTAT:HSW_AW_MAA1(1.0),A,NR,D_GE4,TOTAL,T,L,MAT_1900,EU_V,2005,184,
dataflow,ESTAT:HSW_AW_MAA1(1.0),A,NR,D_GE4,TOTAL,T,L,MAT_2000,EU_V,2005,284,
dataflow,ESTAT:HSW_AW_MAA1(1.0),A,NR,D_GE4,TOTAL,T,L,MAT_9900,EU_V,2005,1674,
dataflow,ESTAT:HSW_AW_MAA1(1.0),A,NR,D_GE4,TOTAL,T,L,TOTAL,EU_V,2005,54083,
dataflow,ESTAT:HSW_AW_MAA1(1.0),A,NR,D_GE4,TOTAL,T,M,MAT_0100,EU_V,2005,3461,
dataflow,ESTAT:HSW_AW_MAA1(1.0),A,NR,D_GE4,TOTAL,T,M,MAT_0200,EU_V,2005,2428,
dataflow,ESTAT:HSW_AW_MAA1(1.0),A,NR,D_GE4,TOTAL,T,M,MAT_0300,EU_V,2005,20,
dataflow,ESTAT:HSW_AW_MAA1(1.0),A,NR,D_GE4,TOTAL,T,M,MAT_0400,EU_V,2005,50,
dataflow,ESTAT:HSW_AW_MAA1(1.0),A,NR,D_GE4,TOTAL,T,M,MAT_0500,EU_V,2005,42,
dataflow,ESTAT:HSW_AW_MAA1(1.0),A,NR,D_GE4,TOTAL,T,M,MAT_0600,EU_V,2005,951,
dataflow,ESTAT:HSW_AW_MAA1(1.0),A,NR,D_GE4,TOTAL,T,M,MAT_0700,EU_V,2005,220,
dataflow,ESTAT:HSW_AW_MAA1(1.0),A,NR,D_GE4,TOTAL,T,M,MAT_0800,EU_V,2005,137,
dataflow,ESTAT:HSW_AW_MAA1(1.0),A,NR,D_GE4,TOTAL,T,M,MAT_0900,EU_V,2005,90,
dataflow,ESTAT:HSW_AW_MAA1(1.0),A,NR,D_GE4,TOTAL,T,M,MAT_1000,EU_V,2005,459,
dataflow,ESTAT:HSW_AW_MAA1(1.0),A,NR,D_GE4,TOTAL,T,M,MAT_1100,EU_V,2005,398,
dataflow,ESTAT:HSW_AW_MAA1(1.0),A,NR,D_GE4,TOTAL,T,M,MAT_1200,EU_V,2005,859,
dataflow,ESTAT:HSW_AW_MAA1(1.0),A,NR,D_GE4,TOTAL,T,M,MAT_1300,EU_V,2005,35,
dataflow,ESTAT:HSW_AW_MAA1(1.0),A,NR,D_GE4,TOTAL,T,M,MAT_1400,EU_V,2005,1228,
dataflow,ESTAT:HSW_AW_MAA1(1.0),A,NR,D_GE4,TOTAL,T,M,MAT_1500,EU_V,2005,158,
dataflow,ESTAT:HSW_AW_MAA1(1.0),A,NR,D_GE4,TOTAL,T,M,MAT_1600,EU_V,2005,17,
dataflow,ESTAT:HSW_AW_MAA1(1.0),A,NR,D_GE4,TOTAL,T,M,MAT_1700,EU_V,2005,1425,
dataflow,ESTAT:HSW_AW_MAA1(1.0),A,NR,D_GE4,TOTAL,T,M,MAT_1800,EU_V,2005,953,
dataflow,ESTAT:HSW_AW_MAA1(1.0),A,NR,D_GE4,TOTAL,T,M,MAT_1900,EU_V,2005,65,
dataflow,ESTAT:HSW_AW_MAA1(1.0),A,NR,D_GE4,TOTAL,T,M,MAT_2000,EU_V,2005,85,
dataflow,ESTAT:HSW_AW_MAA1(1.0),A,NR,D_GE4,TOTAL,T,M,MAT_9900,EU_V,2005,550,
dataflow,ESTAT:HSW_AW_MAA1(1.0),A,NR,D_GE4,TOTAL,T,M,TOTAL,EU_V,2005,13633,
dataflow,ESTAT:HSW_AW_MAA1(1.0),A,NR,D_GE4,TOTAL,T,N,MAT_0100,EU_V,2005,10845,
dataflow,ESTAT:HSW_AW_MAA1(1.0),A,NR,D_GE4,TOTAL,T,N,MAT_0200,EU_V,2005,4732,
dataflow,ESTAT:HSW_AW_MAA1(1.0),A,NR,D_GE4,TOTAL,T,N,MAT_0300,EU_V,2005,63,
dataflow,ESTAT:HSW_AW_MAA1(1.0),A,NR,D_GE4,TOTAL,T,N,MAT_0400,EU_V,2005,228,
dataflow,ESTAT:HSW_AW_MAA1(1.0),A,NR,D_GE4,TOTAL,T,N,MAT_0500,EU_V,2005,154,
dataflow,ESTAT:HSW_AW_MAA1(1.0),A,NR,D_GE4,TOTAL,T,N,MAT_0600,EU_V,2005,3152,
dataflow,ESTAT:HSW_AW_MAA1(1.0),A,NR,D_GE4,TOTAL,T,N,MAT_0700,EU_V,2005,665,
dataflow,ESTAT:HSW_AW_MAA1(1.0),A,NR,D_GE4,TOTAL,T,N,MAT_0800,EU_V,2005,219,
dataflow,ESTAT:HSW_AW_MAA1(1.0),A,NR,D_GE4,TOTAL,T,N,MAT_0900,EU_V,2005,446,
dataflow,ESTAT:HSW_AW_MAA1(1.0),A,NR,D_GE4,TOTAL,T,N,MAT_1000,EU_V,2005,1016,
dataflow,ESTAT:HSW_AW_MAA1(1.0),A,NR,D_GE4,TOTAL,T,N,MAT_1100,EU_V,2005,3375,
dataflow,ESTAT:HSW_AW_MAA1(1.0),A,NR,D_GE4,TOTAL,T,N,MAT_1200,EU_V,2005,3750,
dataflow,ESTAT:HSW_AW_MAA1(1.0),A,NR,D_GE4,TOTAL,T,N,MAT_1300,EU_V,2005,169,
dataflow,ESTAT:HSW_AW_MAA1(1.0),A,NR,D_GE4,TOTAL,T,N,MAT_1400,EU_V,2005,4670,
dataflow,ESTAT:HSW_AW_MAA1(1.0),A,NR,D_GE4,TOTAL,T,N,MAT_1500,EU_V,2005,542,
dataflow,ESTAT:HSW_AW_MAA1(1.0),A,NR,D_GE4,TOTAL,T,N,MAT_1600,EU_V,2005,127,
dataflow,ESTAT:HSW_AW_MAA1(1.0),A,NR,D_GE4,TOTAL,T,N,MAT_1700,EU_V,2005,4130,
dataflow,ESTAT:HSW_AW_MAA1(1.0),A,NR,D_GE4,TOTAL,T,N,MAT_1800,EU_V,2005,14073,
dataflow,ESTAT:HSW_AW_MAA1(1.0),A,NR,D_GE4,TOTAL,T,N,MAT_1900,EU_V,2005,177,
dataflow,ESTAT:HSW_AW_MAA1(1.0),A,NR,D_GE4,TOTAL,T,N,MAT_2000,EU_V,2005,232,
dataflow,ESTAT:HSW_AW_MAA1(1.0),A,NR,D_GE4,TOTAL,T,N,MAT_9900,EU_V,2005,1836,
dataflow,ESTAT:HSW_AW_MAA1(1.0),A,NR,D_GE4,TOTAL,T,N,TOTAL,EU_V,2005,54605,
dataflow,ESTAT:HSW_AW_MAA1(1.0),A,NR,D_GE4,TOTAL,T,O,MAT_0100,EU_V,2005,9911,
dataflow,ESTAT:HSW_AW_MAA1(1.0),A,NR,D_GE4,TOTAL,T,O,MAT_0200,EU_V,2005,3875,
dataflow,ESTAT:HSW_AW_MAA1(1.0),A,NR,D_GE4,TOTAL,T,O,MAT_0300,EU_V,2005,148,
dataflow,ESTAT:HSW_AW_MAA1(1.0),A,NR,D_GE4,TOTAL,T,O,MAT_0400,EU_V,2005,354,
dataflow,ESTAT:HSW_AW_MAA1(1.0),A,NR,D_GE4,TOTAL,T,O,MAT_0500,EU_V,2005,300,
dataflow,ESTAT:HSW_AW_MAA1(1.0),A,NR,D_GE4,TOTAL,T,O,MAT_0600,EU_V,2005,3765,
dataflow,ESTAT:HSW_AW_MAA1(1.0),A,NR,D_GE4,TOTAL,T,O,MAT_0700,EU_V,2005,984,
dataflow,ESTAT:HSW_AW_MAA1(1.0),A,NR,D_GE4,TOTAL,T,O,MAT_0800,EU_V,2005,368,
dataflow,ESTAT:HSW_AW_MAA1(1.0),A,NR,D_GE4,TOTAL,T,O,MAT_0900,EU_V,2005,1009,
dataflow,ESTAT:HSW_AW_MAA1(1.0),A,NR,D_GE4,TOTAL,T,O,MAT_1000,EU_V,2005,1101,
dataflow,ESTAT:HSW_AW_MAA1(1.0),A,NR,D_GE4,TOTAL,T,O,MAT_1100,EU_V,2005,4453,
dataflow,ESTAT:HSW_AW_MAA1(1.0),A,NR,D_GE4,TOTAL,T,O,MAT_1200,EU_V,2005,6518,
dataflow,ESTAT:HSW_AW_MAA1(1.0),A,NR,D_GE4,TOTAL,T,O,MAT_1300,EU_V,2005,315,
dataflow,ESTAT:HSW_AW_MAA1(1.0),A,NR,D_GE4,TOTAL,T,O,MAT_1400,EU_V,2005,6583,
dataflow,ESTAT:HSW_AW_MAA1(1.0),A,NR,D_GE4,TOTAL,T,O,MAT_1500,EU_V,2005,352,
dataflow,ESTAT:HSW_AW_MAA1(1.0),A,NR,D_GE4,TOTAL,T,O,MAT_1600,EU_V,2005,78,
dataflow,ESTAT:HSW_AW_MAA1(1.0),A,NR,D_GE4,TOTAL,T,O,MAT_1700,EU_V,2005,2769,
dataflow,ESTAT:HSW_AW_MAA1(1.0),A,NR,D_GE4,TOTAL,T,O,MAT_1800,EU_V,2005,2701,
dataflow,ESTAT:HSW_AW_MAA1(1.0),A,NR,D_GE4,TOTAL,T,O,MAT_1900,EU_V,2005,911,
dataflow,ESTAT:HSW_AW_MAA1(1.0),A,NR,D_GE4,TOTAL,T,O,MAT_2000,EU_V,2005,191,
dataflow,ESTAT:HSW_AW_MAA1(1.0),A,NR,D_GE4,TOTAL,T,O,MAT_9900,EU_V,2005,1483,
dataflow,ESTAT:HSW_AW_MAA1(1.0),A,NR,D_GE4,TOTAL,T,O,TOTAL,EU_V,2005,48173,
dataflow,ESTAT:HSW_AW_MAA1(1.0),A,NR,D_GE4,TOTAL,T,P,MAT_0100,EU_V,2005,564,
dataflow,ESTAT:HSW_AW_MAA1(1.0),A,NR,D_GE4,TOTAL,T,P,MAT_0200,EU_V,2005,428,
dataflow,ESTAT:HSW_AW_MAA1(1.0),A,NR,D_GE4,TOTAL,T,P,MAT_0300,EU_V,2005,6,
dataflow,ESTAT:HSW_AW_MAA1(1.0),A,NR,D_GE4,TOTAL,T,P,MAT_0500,EU_V,2005,5,
dataflow,ESTAT:HSW_AW_MAA1(1.0),A,NR,D_GE4,TOTAL,T,P,MAT_0600,EU_V,2005,178,
dataflow,ESTAT:HSW_AW_MAA1(1.0),A,NR,D_GE4,TOTAL,T,P,MAT_0700,EU_V,2005,53,
dataflow,ESTAT:HSW_AW_MAA1(1.0),A,NR,D_GE4,TOTAL,T,P,MAT_0800,EU_V,2005,11,
dataflow,ESTAT:HSW_AW_MAA1(1.0),A,NR,D_GE4,TOTAL,T,P,MAT_0900,EU_V,2005,24,
dataflow,ESTAT:HSW_AW_MAA1(1.0),A,NR,D_GE4,TOTAL,T,P,MAT_1000,EU_V,2005,44,
dataflow,ESTAT:HSW_AW_MAA1(1.0),A,NR,D_GE4,TOTAL,T,P,MAT_1100,EU_V,2005,58,
dataflow,ESTAT:HSW_AW_MAA1(1.0),A,NR,D_GE4,TOTAL,T,P,MAT_1200,EU_V,2005,149,
dataflow,ESTAT:HSW_AW_MAA1(1.0),A,NR,D_GE4,TOTAL,T,P,MAT_1400,EU_V,2005,163,
dataflow,ESTAT:HSW_AW_MAA1(1.0),A,NR,D_GE4,TOTAL,T,P,MAT_1500,EU_V,2005,15,
dataflow,ESTAT:HSW_AW_MAA1(1.0),A,NR,D_GE4,TOTAL,T,P,MAT_1700,EU_V,2005,215,
dataflow,ESTAT:HSW_AW_MAA1(1.0),A,NR,D_GE4,TOTAL,T,P,MAT_1800,EU_V,2005,107,
dataflow,ESTAT:HSW_AW_MAA1(1.0),A,NR,D_GE4,TOTAL,T,P,MAT_1900,EU_V,2005,9,
dataflow,ESTAT:HSW_AW_MAA1(1.0),A,NR,D_GE4,TOTAL,T,P,MAT_2000,EU_V,2005,11,
dataflow,ESTAT:HSW_AW_MAA1(1.0),A,NR,D_GE4,TOTAL,T,P,MAT_9900,EU_V,2005,48,
dataflow,ESTAT:HSW_AW_MAA1(1.0),A,NR,D_GE4,TOTAL,T,P,TOTAL,EU_V,2005,2095,
dataflow,ESTAT:HSW_AW_MAA1(1.0),A,NR,D_GE4,TOTAL,T,Q,MAT_0100,EU_V,2005,44,
dataflow,ESTAT:HSW_AW_MAA1(1.0),A,NR,D_GE4,TOTAL,T,Q,MAT_0200,EU_V,2005,26,
dataflow,ESTAT:HSW_AW_MAA1(1.0),A,NR,D_GE4,TOTAL,T,Q,MAT_0600,EU_V,2005,32,
dataflow,ESTAT:HSW_AW_MAA1(1.0),A,NR,D_GE4,TOTAL,T,Q,MAT_0700,EU_V,2005,4,
dataflow,ESTAT:HSW_AW_MAA1(1.0),A,NR,D_GE4,TOTAL,T,Q,MAT_0800,EU_V,2005,5,
dataflow,ESTAT:HSW_AW_MAA1(1.0),A,NR,D_GE4,TOTAL,T,Q,MAT_0900,EU_V,2005,7,
dataflow,ESTAT:HSW_AW_MAA1(1.0),A,NR,D_GE4,TOTAL,T,Q,MAT_1100,EU_V,2005,5,
dataflow,ESTAT:HSW_AW_MAA1(1.0),A,NR,D_GE4,TOTAL,T,Q,MAT_1200,EU_V,2005,15,
dataflow,ESTAT:HSW_AW_MAA1(1.0),A,NR,D_GE4,TOTAL,T,Q,MAT_1400,EU_V,2005,18,
dataflow,ESTAT:HSW_AW_MAA1(1.0),A,NR,D_GE4,TOTAL,T,Q,MAT_1700,EU_V,2005,6,
dataflow,ESTAT:HSW_AW_MAA1(1.0),A,NR,D_GE4,TOTAL,T,Q,MAT_1800,EU_V,2005,5,
dataflow,ESTAT:HSW_AW_MAA1(1.0),A,NR,D_GE4,TOTAL,T,Q,MAT_9900,EU_V,2005,12,
dataflow,ESTAT:HSW_AW_MAA1(1.0),A,NR,D_GE4,TOTAL,T,Q,TOTAL,EU_V,2005,182,
dataflow,ESTAT:HSW_AW_MAA1(1.0),A,NR,D_GE4,TOTAL,T,TOTAL,MAT_0100,EU_V,2005,227748,
dataflow,ESTAT:HSW_AW_MAA1(1.0),A,NR,D_GE4,TOTAL,T,TOTAL,MAT_0200,EU_V,2005,115241,
dataflow,ESTAT:HSW_AW_MAA1(1.0),A,NR,D_GE4,TOTAL,T,TOTAL,MAT_0300,EU_V,2005,5680,
dataflow,ESTAT:HSW_AW_MAA1(1.0),A,NR,D_GE4,TOTAL,T,TOTAL,MAT_0400,EU_V,2005,16023,
dataflow,ESTAT:HSW_AW_MAA1(1.0),A,NR,D_GE4,TOTAL,T,TOTAL,MAT_0500,EU_V,2005,13642,
dataflow,ESTAT:HSW_AW_MAA1(1.0),A,NR,D_GE4,TOTAL,T,TOTAL,MAT_0600,EU_V,2005,141754,
dataflow,ESTAT:HSW_AW_MAA1(1.0),A,NR,D_GE4,TOTAL,T,TOTAL,MAT_0700,EU_V,2005,41636,
dataflow,ESTAT:HSW_AW_MAA1(1.0),A,NR,D_GE4,TOTAL,T,TOTAL,MAT_0800,EU_V,2005,15407,
dataflow,ESTAT:HSW_AW_MAA1(1.0),A,NR,D_GE4,TOTAL,T,TOTAL,MAT_0900,EU_V,2005,32021,
dataflow,ESTAT:HSW_AW_MAA1(1.0),A,NR,D_GE4,TOTAL,T,TOTAL,MAT_1000,EU_V,2005,79347,
dataflow,ESTAT:HSW_AW_MAA1(1.0),A,NR,D_GE4,TOTAL,T,TOTAL,MAT_1100,EU_V,2005,117361,
dataflow,ESTAT:HSW_AW_MAA1(1.0),A,NR,D_GE4,TOTAL,T,TOTAL,MAT_1200,EU_V,2005,128897,
dataflow,ESTAT:HSW_AW_MAA1(1.0),A,NR,D_GE4,TOTAL,T,TOTAL,MAT_1300,EU_V,2005,8664,
dataflow,ESTAT:HSW_AW_MAA1(1.0),A,NR,D_GE4,TOTAL,T,TOTAL,MAT_1400,EU_V,2005,341743,
dataflow,ESTAT:HSW_AW_MAA1(1.0),A,NR,D_GE4,TOTAL,T,TOTAL,MAT_1500,EU_V,2005,9020,
dataflow,ESTAT:HSW_AW_MAA1(1.0),A,NR,D_GE4,TOTAL,T,TOTAL,MAT_1600,EU_V,2005,2518,
dataflow,ESTAT:HSW_AW_MAA1(1.0),A,NR,D_GE4,TOTAL,T,TOTAL,MAT_1700,EU_V,2005,39666,
dataflow,ESTAT:HSW_AW_MAA1(1.0),A,NR,D_GE4,TOTAL,T,TOTAL,MAT_1800,EU_V,2005,47262,
dataflow,ESTAT:HSW_AW_MAA1(1.0),A,NR,D_GE4,TOTAL,T,TOTAL,MAT_1900,EU_V,2005,4398,
dataflow,ESTAT:HSW_AW_MAA1(1.0),A,NR,D_GE4,TOTAL,T,TOTAL,MAT_2000,EU_V,2005,3478,
dataflow,ESTAT:HSW_AW_MAA1(1.0),A,NR,D_GE4,TOTAL,T,TOTAL,MAT_9900,EU_V,2005,30143,
dataflow,ESTAT:HSW_AW_MAA1(1.0),A,NR,D_GE4,TOTAL,T,TOTAL,TOTAL,EU_V,2005,1421649,
dataflow,ESTAT:HSW_AW_MAA1(1.0),A,NR,D_GE4,TOTAL,T,UNK,MAT_0100,EU_V,2005,583,
dataflow,ESTAT:HSW_AW_MAA1(1.0),A,NR,D_GE4,TOTAL,T,UNK,MAT_0200,EU_V,2005,218,
dataflow,ESTAT:HSW_AW_MAA1(1.0),A,NR,D_GE4,TOTAL,T,UNK,MAT_0400,EU_V,2005,50,
dataflow,ESTAT:HSW_AW_MAA1(1.0),A,NR,D_GE4,TOTAL,T,UNK,MAT_0500,EU_V,2005,60,
dataflow,ESTAT:HSW_AW_MAA1(1.0),A,NR,D_GE4,TOTAL,T,UNK,MAT_0600,EU_V,2005,518,
dataflow,ESTAT:HSW_AW_MAA1(1.0),A,NR,D_GE4,TOTAL,T,UNK,MAT_0700,EU_V,2005,100,
dataflow,ESTAT:HSW_AW_MAA1(1.0),A,NR,D_GE4,TOTAL,T,UNK,MAT_0800,EU_V,2005,16,
dataflow,ESTAT:HSW_AW_MAA1(1.0),A,NR,D_GE4,TOTAL,T,UNK,MAT_0900,EU_V,2005,51,
dataflow,ESTAT:HSW_AW_MAA1(1.0),A,NR,D_GE4,TOTAL,T,UNK,MAT_1000,EU_V,2005,144,
dataflow,ESTAT:HSW_AW_MAA1(1.0),A,NR,D_GE4,TOTAL,T,UNK,MAT_1100,EU_V,2005,431,
dataflow,ESTAT:HSW_AW_MAA1(1.0),A,NR,D_GE4,TOTAL,T,UNK,MAT_1200,EU_V,2005,533,
dataflow,ESTAT:HSW_AW_MAA1(1.0),A,NR,D_GE4,TOTAL,T,UNK,MAT_1300,EU_V,2005,9,
dataflow,ESTAT:HSW_AW_MAA1(1.0),A,NR,D_GE4,TOTAL,T,UNK,MAT_1400,EU_V,2005,1086,
dataflow,ESTAT:HSW_AW_MAA1(1.0),A,NR,D_GE4,TOTAL,T,UNK,MAT_1500,EU_V,2005,29,
dataflow,ESTAT:HSW_AW_MAA1(1.0),A,NR,D_GE4,TOTAL,T,UNK,MAT_1600,EU_V,2005,16,
dataflow,ESTAT:HSW_AW_MAA1(1.0),A,NR,D_GE4,TOTAL,T,UNK,MAT_1700,EU_V,2005,159,
dataflow,ESTAT:HSW_AW_MAA1(1.0),A,NR,D_GE4,TOTAL,T,UNK,MAT_1800,EU_V,2005,97,
dataflow,ESTAT:HSW_AW_MAA1(1.0),A,NR,D_GE4,TOTAL,T,UNK,MAT_1900,EU_V,2005,15,
dataflow,ESTAT:HSW_AW_MAA1(1.0),A,NR,D_GE4,TOTAL,T,UNK,MAT_9900,EU_V,2005,26,
dataflow,ESTAT:HSW_AW_MAA1(1.0),A,NR,D_GE4,TOTAL,T,UNK,TOTAL,EU_V,2005,4140,
dataflow,ESTAT:HSW_AW_MAA1(1.0),A,NR,D_GE4,TOTAL,UNK,TOTAL,MAT_1800,EU_V,2005,11,
dataflow,ESTAT:HSW_AW_MAA1(1.0),A,NR,D_GE4,TOTAL,UNK,TOTAL,TOTAL,EU_V,2005,12,
dataflow,ESTAT:HSW_AW_MAA1(1.0),A,NR,D_GE4,UNK,T,TOTAL,MAT_0100,EU_V,2005,247,
dataflow,ESTAT:HSW_AW_MAA1(1.0),A,NR,D_GE4,UNK,T,TOTAL,MAT_0200,EU_V,2005,100,
dataflow,ESTAT:HSW_AW_MAA1(1.0),A,NR,D_GE4,UNK,T,TOTAL,MAT_0400,EU_V,2005,20,
dataflow,ESTAT:HSW_AW_MAA1(1.0),A,NR,D_GE4,UNK,T,TOTAL,MAT_0500,EU_V,2005,6,
dataflow,ESTAT:HSW_AW_MAA1(1.0),A,NR,D_GE4,UNK,T,TOTAL,MAT_0600,EU_V,2005,177,
dataflow,ESTAT:HSW_AW_MAA1(1.0),A,NR,D_GE4,UNK,T,TOTAL,MAT_0700,EU_V,2005,26,
dataflow,ESTAT:HSW_AW_MAA1(1.0),A,NR,D_GE4,UNK,T,TOTAL,MAT_0800,EU_V,2005,15,
dataflow,ESTAT:HSW_AW_MAA1(1.0),A,NR,D_GE4,UNK,T,TOTAL,MAT_0900,EU_V,2005,221,
dataflow,ESTAT:HSW_AW_MAA1(1.0),A,NR,D_GE4,UNK,T,TOTAL,MAT_1000,EU_V,2005,19,
dataflow,ESTAT:HSW_AW_MAA1(1.0),A,NR,D_GE4,UNK,T,TOTAL,MAT_1100,EU_V,2005,44,
dataflow,ESTAT:HSW_AW_MAA1(1.0),A,NR,D_GE4,UNK,T,TOTAL,MAT_1200,EU_V,2005,83,
dataflow,ESTAT:HSW_AW_MAA1(1.0),A,NR,D_GE4,UNK,T,TOTAL,MAT_1300,EU_V,2005,4,
dataflow,ESTAT:HSW_AW_MAA1(1.0),A,NR,D_GE4,UNK,T,TOTAL,MAT_1400,EU_V,2005,261,
dataflow,ESTAT:HSW_AW_MAA1(1.0),A,NR,D_GE4,UNK,T,TOTAL,MAT_1500,EU_V,2005,5,
dataflow,ESTAT:HSW_AW_MAA1(1.0),A,NR,D_GE4,UNK,T,TOTAL,MAT_1700,EU_V,2005,46,
dataflow,ESTAT:HSW_AW_MAA1(1.0),A,NR,D_GE4,UNK,T,TOTAL,MAT_1800,EU_V,2005,163,
dataflow,ESTAT:HSW_AW_MAA1(1.0),A,NR,D_GE4,UNK,T,TOTAL,MAT_1900,EU_V,2005,5,
dataflow,ESTAT:HSW_AW_MAA1(1.0),A,NR,D_GE4,UNK,T,TOTAL,MAT_9900,EU_V,2005,12,
dataflow,ESTAT:HSW_AW_MAA1(1.0),A,NR,D_GE4,UNK,T,TOTAL,TOTAL,EU_V,2005,1455,
dataflow,ESTAT:HSW_AW_MAA1(1.0),A,NR,D_GE4,Y15-17,T,TOTAL,MAT_0100,EU_V,2005,1537,
dataflow,ESTAT:HSW_AW_MAA1(1.0),A,NR,D_GE4,Y15-17,T,TOTAL,MAT_0200,EU_V,2005,714,
dataflow,ESTAT:HSW_AW_MAA1(1.0),A,NR,D_GE4,Y15-17,T,TOTAL,MAT_0300,EU_V,2005,27,
dataflow,ESTAT:HSW_AW_MAA1(1.0),A,NR,D_GE4,Y15-17,T,TOTAL,MAT_0400,EU_V,2005,134,
dataflow,ESTAT:HSW_AW_MAA1(1.0),A,NR,D_GE4,Y15-17,T,TOTAL,MAT_0500,EU_V,2005,89,
dataflow,ESTAT:HSW_AW_MAA1(1.0),A,NR,D_GE4,Y15-17,T,TOTAL,MAT_0600,EU_V,2005,1505,
dataflow,ESTAT:HSW_AW_MAA1(1.0),A,NR,D_GE4,Y15-17,T,TOTAL,MAT_0700,EU_V,2005,392,
dataflow,ESTAT:HSW_AW_MAA1(1.0),A,NR,D_GE4,Y15-17,T,TOTAL,MAT_0800,EU_V,2005,158,
dataflow,ESTAT:HSW_AW_MAA1(1.0),A,NR,D_GE4,Y15-17,T,TOTAL,MAT_0900,EU_V,2005,183,
dataflow,ESTAT:HSW_AW_MAA1(1.0),A,NR,D_GE4,Y15-17,T,TOTAL,MAT_1000,EU_V,2005,556,
dataflow,ESTAT:HSW_AW_MAA1(1.0),A,NR,D_GE4,Y15-17,T,TOTAL,MAT_1100,EU_V,2005,910,
dataflow,ESTAT:HSW_AW_MAA1(1.0),A,NR,D_GE4,Y15-17,T,TOTAL,MAT_1200,EU_V,2005,981,
dataflow,ESTAT:HSW_AW_MAA1(1.0),A,NR,D_GE4,Y15-17,T,TOTAL,MAT_1300,EU_V,2005,41,
dataflow,ESTAT:HSW_AW_MAA1(1.0),A,NR,D_GE4,Y15-17,T,TOTAL,MAT_1400,EU_V,2005,3051,
dataflow,ESTAT:HSW_AW_MAA1(1.0),A,NR,D_GE4,Y15-17,T,TOTAL,MAT_1500,EU_V,2005,70,
dataflow,ESTAT:HSW_AW_MAA1(1.0),A,NR,D_GE4,Y15-17,T,TOTAL,MAT_1600,EU_V,2005,6,
dataflow,ESTAT:HSW_AW_MAA1(1.0),A,NR,D_GE4,Y15-17,T,TOTAL,MAT_1700,EU_V,2005,213,
dataflow,ESTAT:HSW_AW_MAA1(1.0),A,NR,D_GE4,Y15-17,T,TOTAL,MAT_1800,EU_V,2005,153,
dataflow,ESTAT:HSW_AW_MAA1(1.0),A,NR,D_GE4,Y15-17,T,TOTAL,MAT_1900,EU_V,2005,16,
dataflow,ESTAT:HSW_AW_MAA1(1.0),A,NR,D_GE4,Y15-17,T,TOTAL,MAT_2000,EU_V,2005,19,
dataflow,ESTAT:HSW_AW_MAA1(1.0),A,NR,D_GE4,Y15-17,T,TOTAL,MAT_9900,EU_V,2005,241,
dataflow,ESTAT:HSW_AW_MAA1(1.0),A,NR,D_GE4,Y15-17,T,TOTAL,TOTAL,EU_V,2005,10997,
dataflow,ESTAT:HSW_AW_MAA1(1.0),A,NR,D_GE4,Y18-24,T,TOTAL,MAT_0100,EU_V,2005,26849,
dataflow,ESTAT:HSW_AW_MAA1(1.0),A,NR,D_GE4,Y18-24,T,TOTAL,MAT_0200,EU_V,2005,14050,
dataflow,ESTAT:HSW_AW_MAA1(1.0),A,NR,D_GE4,Y18-24,T,TOTAL,MAT_0300,EU_V,2005,563,
dataflow,ESTAT:HSW_AW_MAA1(1.0),A,NR,D_GE4,Y18-24,T,TOTAL,MAT_0400,EU_V,2005,2139,
dataflow,ESTAT:HSW_AW_MAA1(1.0),A,NR,D_GE4,Y18-24,T,TOTAL,MAT_0500,EU_V,2005,1941,
dataflow,ESTAT:HSW_AW_MAA1(1.0),A,NR,D_GE4,Y18-24,T,TOTAL,MAT_0600,EU_V,2005,23524,
dataflow,ESTAT:HSW_AW_MAA1(1.0),A,NR,D_GE4,Y18-24,T,TOTAL,MAT_0700,EU_V,2005,7291,
dataflow,ESTAT:HSW_AW_MAA1(1.0),A,NR,D_GE4,Y18-24,T,TOTAL,MAT_0800,EU_V,2005,2592,
dataflow,ESTAT:HSW_AW_MAA1(1.0),A,NR,D_GE4,Y18-24,T,TOTAL,MAT_0900,EU_V,2005,3755,
dataflow,ESTAT:HSW_AW_MAA1(1.0),A,NR,D_GE4,Y18-24,T,TOTAL,MAT_1000,EU_V,2005,13137,
dataflow,ESTAT:HSW_AW_MAA1(1.0),A,NR,D_GE4,Y18-24,T,TOTAL,MAT_1100,EU_V,2005,18808,
dataflow,ESTAT:HSW_AW_MAA1(1.0),A,NR,D_GE4,Y18-24,T,TOTAL,MAT_1200,EU_V,2005,14579,
dataflow,ESTAT:HSW_AW_MAA1(1.0),A,NR,D_GE4,Y18-24,T,TOTAL,MAT_1300,EU_V,2005,805,
dataflow,ESTAT:HSW_AW_MAA1(1.0),A,NR,D_GE4,Y18-24,T,TOTAL,MAT_1400,EU_V,2005,55880,
dataflow,ESTAT:HSW_AW_MAA1(1.0),A,NR,D_GE4,Y18-24,T,TOTAL,MAT_1500,EU_V,2005,1277,
dataflow,ESTAT:HSW_AW_MAA1(1.0),A,NR,D_GE4,Y18-24,T,TOTAL,MAT_1600,EU_V,2005,264,
dataflow,ESTAT:HSW_AW_MAA1(1.0),A,NR,D_GE4,Y18-24,T,TOTAL,MAT_1700,EU_V,2005,4349,
dataflow,ESTAT:HSW_AW_MAA1(1.0),A,NR,D_GE4,Y18-24,T,TOTAL,MAT_1800,EU_V,2005,3855,
dataflow,ESTAT:HSW_AW_MAA1(1.0),A,NR,D_GE4,Y18-24,T,TOTAL,MAT_1900,EU_V,2005,518,
dataflow,ESTAT:HSW_AW_MAA1(1.0),A,NR,D_GE4,Y18-24,T,TOTAL,MAT_2000,EU_V,2005,369,
dataflow,ESTAT:HSW_AW_MAA1(1.0),A,NR,D_GE4,Y18-24,T,TOTAL,MAT_9900,EU_V,2005,4479,
dataflow,ESTAT:HSW_AW_MAA1(1.0),A,NR,D_GE4,Y18-24,T,TOTAL,TOTAL,EU_V,2005,201024,
dataflow,ESTAT:HSW_AW_MAA1(1.0),A,NR,D_GE4,Y25-34,T,TOTAL,MAT_0100,EU_V,2005,62461,
dataflow,ESTAT:HSW_AW_MAA1(1.0),A,NR,D_GE4,Y25-34,T,TOTAL,MAT_0200,EU_V,2005,32812,
dataflow,ESTAT:HSW_AW_MAA1(1.0),A,NR,D_GE4,Y25-34,T,TOTAL,MAT_0300,EU_V,2005,1607,
dataflow,ESTAT:HSW_AW_MAA1(1.0),A,NR,D_GE4,Y25-34,T,TOTAL,MAT_0400,EU_V,2005,4740,
dataflow,ESTAT:HSW_AW_MAA1(1.0),A,NR,D_GE4,Y25-34,T,TOTAL,MAT_0500,EU_V,2005,4048,
dataflow,ESTAT:HSW_AW_MAA1(1.0),A,NR,D_GE4,Y25-34,T,TOTAL,MAT_0600,EU_V,2005,43990,
dataflow,ESTAT:HSW_AW_MAA1(1.0),A,NR,D_GE4,Y25-34,T,TOTAL,MAT_0700,EU_V,2005,12822,
dataflow,ESTAT:HSW_AW_MAA1(1.0),A,NR,D_GE4,Y25-34,T,TOTAL,MAT_0800,EU_V,2005,4866,
dataflow,ESTAT:HSW_AW_MAA1(1.0),A,NR,D_GE4,Y25-34,T,TOTAL,MAT_0900,EU_V,2005,8643,
dataflow,ESTAT:HSW_AW_MAA1(1.0),A,NR,D_GE4,Y25-34,T,TOTAL,MAT_1000,EU_V,2005,25053,
dataflow,ESTAT:HSW_AW_MAA1(1.0),A,NR,D_GE4,Y25-34,T,TOTAL,MAT_1100,EU_V,2005,37848,
dataflow,ESTAT:HSW_AW_MAA1(1.0),A,NR,D_GE4,Y25-34,T,TOTAL,MAT_1200,EU_V,2005,40275,
dataflow,ESTAT:HSW_AW_MAA1(1.0),A,NR,D_GE4,Y25-34,T,TOTAL,MAT_1300,EU_V,2005,2423,
dataflow,ESTAT:HSW_AW_MAA1(1.0),A,NR,D_GE4,Y25-34,T,TOTAL,MAT_1400,EU_V,2005,109412,
dataflow,ESTAT:HSW_AW_MAA1(1.0),A,NR,D_GE4,Y25-34,T,TOTAL,MAT_1500,EU_V,2005,2729,
dataflow,ESTAT:HSW_AW_MAA1(1.0),A,NR,D_GE4,Y25-34,T,TOTAL,MAT_1600,EU_V,2005,809,
dataflow,ESTAT:HSW_AW_MAA1(1.0),A,NR,D_GE4,Y25-34,T,TOTAL,MAT_1700,EU_V,2005,10881,
dataflow,ESTAT:HSW_AW_MAA1(1.0),A,NR,D_GE4,Y25-34,T,TOTAL,MAT_1800,EU_V,2005,12597,
dataflow,ESTAT:HSW_AW_MAA1(1.0),A,NR,D_GE4,Y25-34,T,TOTAL,MAT_1900,EU_V,2005,1142,
dataflow,ESTAT:HSW_AW_MAA1(1.0),A,NR,D_GE4,Y25-34,T,TOTAL,MAT_2000,EU_V,2005,987,
dataflow,ESTAT:HSW_AW_MAA1(1.0),A,NR,D_GE4,Y25-34,T,TOTAL,MAT_9900,EU_V,2005,9223,
dataflow,ESTAT:HSW_AW_MAA1(1.0),A,NR,D_GE4,Y25-34,T,TOTAL,TOTAL,EU_V,2005,429368,
dataflow,ESTAT:HSW_AW_MAA1(1.0),A,NR,D_GE4,Y35-44,T,TOTAL,MAT_0100,EU_V,2005,60114,
dataflow,ESTAT:HSW_AW_MAA1(1.0),A,NR,D_GE4,Y35-44,T,TOTAL,MAT_0200,EU_V,2005,31140,
dataflow,ESTAT:HSW_AW_MAA1(1.0),A,NR,D_GE4,Y35-44,T,TOTAL,MAT_0300,EU_V,2005,1894,
dataflow,ESTAT:HSW_AW_MAA1(1.0),A,NR,D_GE4,Y35-44,T,TOTAL,MAT_0400,EU_V,2005,4436,
dataflow,ESTAT:HSW_AW_MAA1(1.0),A,NR,D_GE4,Y35-44,T,TOTAL,MAT_0500,EU_V,2005,3722,
dataflow,ESTAT:HSW_AW_MAA1(1.0),A,NR,D_GE4,Y35-44,T,TOTAL,MAT_0600,EU_V,2005,36651,
dataflow,ESTAT:HSW_AW_MAA1(1.0),A,NR,D_GE4,Y35-44,T,TOTAL,MAT_0700,EU_V,2005,10615,
dataflow,ESTAT:HSW_AW_MAA1(1.0),A,NR,D_GE4,Y35-44,T,TOTAL,MAT_0800,EU_V,2005,3897,
dataflow,ESTAT:HSW_AW_MAA1(1.0),A,NR,D_GE4,Y35-44,T,TOTAL,MAT_0900,EU_V,2005,8633,
dataflow,ESTAT:HSW_AW_MAA1(1.0),A,NR,D_GE4,Y35-44,T,TOTAL,MAT_1000,EU_V,2005,19373,
dataflow,ESTAT:HSW_AW_MAA1(1.0),A,NR,D_GE4,Y35-44,T,TOTAL,MAT_1100,EU_V,2005,30851,
dataflow,ESTAT:HSW_AW_MAA1(1.0),A,NR,D_GE4,Y35-44,T,TOTAL,MAT_1200,EU_V,2005,36789,
dataflow,ESTAT:HSW_AW_MAA1(1.0),A,NR,D_GE4,Y35-44,T,TOTAL,MAT_1300,EU_V,2005,2498,
dataflow,ESTAT:HSW_AW_MAA1(1.0),A,NR,D_GE4,Y35-44,T,TOTAL,MAT_1400,EU_V,2005,87859,
dataflow,ESTAT:HSW_AW_MAA1(1.0),A,NR,D_GE4,Y35-44,T,TOTAL,MAT_1500,EU_V,2005,2485,
dataflow,ESTAT:HSW_AW_MAA1(1.0),A,NR,D_GE4,Y35-44,T,TOTAL,MAT_1600,EU_V,2005,726,
dataflow,ESTAT:HSW_AW_MAA1(1.0),A,NR,D_GE4,Y35-44,T,TOTAL,MAT_1700,EU_V,2005,11263,
dataflow,ESTAT:HSW_AW_MAA1(1.0),A,NR,D_GE4,Y35-44,T,TOTAL,MAT_1800,EU_V,2005,13882,
dataflow,ESTAT:HSW_AW_MAA1(1.0),A,NR,D_GE4,Y35-44,T,TOTAL,MAT_1900,EU_V,2005,1253,
dataflow,ESTAT:HSW_AW_MAA1(1.0),A,NR,D_GE4,Y35-44,T,TOTAL,MAT_2000,EU_V,2005,1001,
dataflow,ESTAT:HSW_AW_MAA1(1.0),A,NR,D_GE4,Y35-44,T,TOTAL,MAT_9900,EU_V,2005,7979,
dataflow,ESTAT:HSW_AW_MAA1(1.0),A,NR,D_GE4,Y35-44,T,TOTAL,TOTAL,EU_V,2005,377059,
dataflow,ESTAT:HSW_AW_MAA1(1.0),A,NR,D_GE4,Y45-54,T,TOTAL,MAT_0100,EU_V,2005,50692,
dataflow,ESTAT:HSW_AW_MAA1(1.0),A,NR,D_GE4,Y45-54,T,TOTAL,MAT_0200,EU_V,2005,24610,
dataflow,ESTAT:HSW_AW_MAA1(1.0),A,NR,D_GE4,Y45-54,T,TOTAL,MAT_0300,EU_V,2005,1183,
dataflow,ESTAT:HSW_AW_MAA1(1.0),A,NR,D_GE4,Y45-54,T,TOTAL,MAT_0400,EU_V,2005,3180,
dataflow,ESTAT:HSW_AW_MAA1(1.0),A,NR,D_GE4,Y45-54,T,TOTAL,MAT_0500,EU_V,2005,2750,
dataflow,ESTAT:HSW_AW_MAA1(1.0),A,NR,D_GE4,Y45-54,T,TOTAL,MAT_0600,EU_V,2005,24627,
dataflow,ESTAT:HSW_AW_MAA1(1.0),A,NR,D_GE4,Y45-54,T,TOTAL,MAT_0700,EU_V,2005,7440,
dataflow,ESTAT:HSW_AW_MAA1(1.0),A,NR,D_GE4,Y45-54,T,TOTAL,MAT_0800,EU_V,2005,2575,
dataflow,ESTAT:HSW_AW_MAA1(1.0),A,NR,D_GE4,Y45-54,T,TOTAL,MAT_0900,EU_V,2005,6209,
dataflow,ESTAT:HSW_AW_MAA1(1.0),A,NR,D_GE4,Y45-54,T,TOTAL,MAT_1000,EU_V,2005,15200,
dataflow,ESTAT:HSW_AW_MAA1(1.0),A,NR,D_GE4,Y45-54,T,TOTAL,MAT_1100,EU_V,2005,20556,
dataflow,ESTAT:HSW_AW_MAA1(1.0),A,NR,D_GE4,Y45-54,T,TOTAL,MAT_1200,EU_V,2005,25516,
dataflow,ESTAT:HSW_AW_MAA1(1.0),A,NR,D_GE4,Y45-54,T,TOTAL,MAT_1300,EU_V,2005,2199,
dataflow,ESTAT:HSW_AW_MAA1(1.0),A,NR,D_GE4,Y45-54,T,TOTAL,MAT_1400,EU_V,2005,59041,
dataflow,ESTAT:HSW_AW_MAA1(1.0),A,NR,D_GE4,Y45-54,T,TOTAL,MAT_1500,EU_V,2005,1729,
dataflow,ESTAT:HSW_AW_MAA1(1.0),A,NR,D_GE4,Y45-54,T,TOTAL,MAT_1600,EU_V,2005,518,
dataflow,ESTAT:HSW_AW_MAA1(1.0),A,NR,D_GE4,Y45-54,T,TOTAL,MAT_1700,EU_V,2005,8920,
dataflow,ESTAT:HSW_AW_MAA1(1.0),A,NR,D_GE4,Y45-54,T,TOTAL,MAT_1800,EU_V,2005,11281,
dataflow,ESTAT:HSW_AW_MAA1(1.0),A,NR,D_GE4,Y45-54,T,TOTAL,MAT_1900,EU_V,2005,1084,
dataflow,ESTAT:HSW_AW_MAA1(1.0),A,NR,D_GE4,Y45-54,T,TOTAL,MAT_2000,EU_V,2005,789,
dataflow,ESTAT:HSW_AW_MAA1(1.0),A,NR,D_GE4,Y45-54,T,TOTAL,MAT_9900,EU_V,2005,5861,
dataflow,ESTAT:HSW_AW_MAA1(1.0),A,NR,D_GE4,Y45-54,T,TOTAL,TOTAL,EU_V,2005,275958,
dataflow,ESTAT:HSW_AW_MAA1(1.0),A,NR,D_GE4,Y55-64,T,TOTAL,MAT_0100,EU_V,2005,23945,
dataflow,ESTAT:HSW_AW_MAA1(1.0),A,NR,D_GE4,Y55-64,T,TOTAL,MAT_0200,EU_V,2005,11132,
dataflow,ESTAT:HSW_AW_MAA1(1.0),A,NR,D_GE4,Y55-64,T,TOTAL,MAT_0300,EU_V,2005,391,
dataflow,ESTAT:HSW_AW_MAA1(1.0),A,NR,D_GE4,Y55-64,T,TOTAL,MAT_0400,EU_V,2005,1252,
dataflow,ESTAT:HSW_AW_MAA1(1.0),A,NR,D_GE4,Y55-64,T,TOTAL,MAT_0500,EU_V,2005,1032,
dataflow,ESTAT:HSW_AW_MAA1(1.0),A,NR,D_GE4,Y55-64,T,TOTAL,MAT_0600,EU_V,2005,10246,
dataflow,ESTAT:HSW_AW_MAA1(1.0),A,NR,D_GE4,Y55-64,T,TOTAL,MAT_0700,EU_V,2005,2869,
dataflow,ESTAT:HSW_AW_MAA1(1.0),A,NR,D_GE4,Y55-64,T,TOTAL,MAT_0800,EU_V,2005,1226,
dataflow,ESTAT:HSW_AW_MAA1(1.0),A,NR,D_GE4,Y55-64,T,TOTAL,MAT_0900,EU_V,2005,3476,
dataflow,ESTAT:HSW_AW_MAA1(1.0),A,NR,D_GE4,Y55-64,T,TOTAL,MAT_1000,EU_V,2005,5767,
dataflow,ESTAT:HSW_AW_MAA1(1.0),A,NR,D_GE4,Y55-64,T,TOTAL,MAT_1100,EU_V,2005,7918,
dataflow,ESTAT:HSW_AW_MAA1(1.0),A,NR,D_GE4,Y55-64,T,TOTAL,MAT_1200,EU_V,2005,9912,
dataflow,ESTAT:HSW_AW_MAA1(1.0),A,NR,D_GE4,Y55-64,T,TOTAL,MAT_1300,EU_V,2005,672,
dataflow,ESTAT:HSW_AW_MAA1(1.0),A,NR,D_GE4,Y55-64,T,TOTAL,MAT_1400,EU_V,2005,24645,
dataflow,ESTAT:HSW_AW_MAA1(1.0),A,NR,D_GE4,Y55-64,T,TOTAL,MAT_1500,EU_V,2005,668,
dataflow,ESTAT:HSW_AW_MAA1(1.0),A,NR,D_GE4,Y55-64,T,TOTAL,MAT_1600,EU_V,2005,188,
dataflow,ESTAT:HSW_AW_MAA1(1.0),A,NR,D_GE4,Y55-64,T,TOTAL,MAT_1700,EU_V,2005,3647,
dataflow,ESTAT:HSW_AW_MAA1(1.0),A,NR,D_GE4,Y55-64,T,TOTAL,MAT_1800,EU_V,2005,4569,
dataflow,ESTAT:HSW_AW_MAA1(1.0),A,NR,D_GE4,Y55-64,T,TOTAL,MAT_1900,EU_V,2005,343,
dataflow,ESTAT:HSW_AW_MAA1(1.0),A,NR,D_GE4,Y55-64,T,TOTAL,MAT_2000,EU_V,2005,299,
dataflow,ESTAT:HSW_AW_MAA1(1.0),A,NR,D_GE4,Y55-64,T,TOTAL,MAT_9900,EU_V,2005,2271,
dataflow,ESTAT:HSW_AW_MAA1(1.0),A,NR,D_GE4,Y55-64,T,TOTAL,TOTAL,EU_V,2005,116471,
dataflow,ESTAT:HSW_AW_MAA1(1.0),A,NR,D_GE4,Y_GE65,T,TOTAL,MAT_0100,EU_V,2005,1870,
dataflow,ESTAT:HSW_AW_MAA1(1.0),A,NR,D_GE4,Y_GE65,T,TOTAL,MAT_0200,EU_V,2005,672,
dataflow,ESTAT:HSW_AW_MAA1(1.0),A,NR,D_GE4,Y_GE65,T,TOTAL,MAT_0300,EU_V,2005,14,
dataflow,ESTAT:HSW_AW_MAA1(1.0),A,NR,D_GE4,Y_GE65,T,TOTAL,MAT_0400,EU_V,2005,122,
dataflow,ESTAT:HSW_AW_MAA1(1.0),A,NR,D_GE4,Y_GE65,T,TOTAL,MAT_0500,EU_V,2005,54,
dataflow,ESTAT:HSW_AW_MAA1(1.0),A,NR,D_GE4,Y_GE65,T,TOTAL,MAT_0600,EU_V,2005,1011,
dataflow,ESTAT:HSW_AW_MAA1(1.0),A,NR,D_GE4,Y_GE65,T,TOTAL,MAT_0700,EU_V,2005,179,
dataflow,ESTAT:HSW_AW_MAA1(1.0),A,NR,D_GE4,Y_GE65,T,TOTAL,MAT_0800,EU_V,2005,79,
dataflow,ESTAT:HSW_AW_MAA1(1.0),A,NR,D_GE4,Y_GE65,T,TOTAL,MAT_0900,EU_V,2005,902,
dataflow,ESTAT:HSW_AW_MAA1(1.0),A,NR,D_GE4,Y_GE65,T,TOTAL,MAT_1000,EU_V,2005,243,
dataflow,ESTAT:HSW_AW_MAA1(1.0),A,NR,D_GE4,Y_GE65,T,TOTAL,MAT_1100,EU_V,2005,402,
dataflow,ESTAT:HSW_AW_MAA1(1.0),A,NR,D_GE4,Y_GE65,T,TOTAL,MAT_1200,EU_V,2005,765,
dataflow,ESTAT:HSW_AW_MAA1(1.0),A,NR,D_GE4,Y_GE65,T,TOTAL,MAT_1300,EU_V,2005,22,
dataflow,ESTAT:HSW_AW_MAA1(1.0),A,NR,D_GE4,Y_GE65,T,TOTAL,MAT_1400,EU_V,2005,1489,
dataflow,ESTAT:HSW_AW_MAA1(1.0),A,NR,D_GE4,Y_GE65,T,TOTAL,MAT_1500,EU_V,2005,55,
dataflow,ESTAT:HSW_AW_MAA1(1.0),A,NR,D_GE4,Y_GE65,T,TOTAL,MAT_1600,EU_V,2005,6,
dataflow,ESTAT:HSW_AW_MAA1(1.0),A,NR,D_GE4,Y_GE65,T,TOTAL,MAT_1700,EU_V,2005,347,
dataflow,ESTAT:HSW_AW_MAA1(1.0),A,NR,D_GE4,Y_GE65,T,TOTAL,MAT_1800,EU_V,2005,753,
dataflow,ESTAT:HSW_AW_MAA1(1.0),A,NR,D_GE4,Y_GE65,T,TOTAL,MAT_1900,EU_V,2005,38,
dataflow,ESTAT:HSW_AW_MAA1(1.0),A,NR,D_GE4,Y_GE65,T,TOTAL,MAT_2000,EU_V,2005,13,
dataflow,ESTAT:HSW_AW_MAA1(1.0),A,NR,D_GE4,Y_GE65,T,TOTAL,MAT_9900,EU_V,2005,78,
dataflow,ESTAT:HSW_AW_MAA1(1.0),A,NR,D_GE4,Y_GE65,T,TOTAL,TOTAL,EU_V,2005,9114,
dataflow,ESTAT:HSW_AW_MAA1(1.0),A,NR,FAT,TOTAL,F,TOTAL,MAT_0100,EU_V,2005,7,
dataflow,ESTAT:HSW_AW_MAA1(1.0),A,NR,FAT,TOTAL,F,TOTAL,MAT_0200,EU_V,2005,6,
dataflow,ESTAT:HSW_AW_MAA1(1.0),A,NR,FAT,TOTAL,F,TOTAL,MAT_0600,EU_V,2005,6,
dataflow,ESTAT:HSW_AW_MAA1(1.0),A,NR,FAT,TOTAL,F,TOTAL,MAT_1000,EU_V,2005,4,
dataflow,ESTAT:HSW_AW_MAA1(1.0),A,NR,FAT,TOTAL,F,TOTAL,MAT_1100,EU_V,2005,4,
dataflow,ESTAT:HSW_AW_MAA1(1.0),A,NR,FAT,TOTAL,F,TOTAL,MAT_1200,EU_V,2005,70,
dataflow,ESTAT:HSW_AW_MAA1(1.0),A,NR,FAT,TOTAL,F,TOTAL,MAT_2000,EU_V,2005,4,
dataflow,ESTAT:HSW_AW_MAA1(1.0),A,NR,FAT,TOTAL,F,TOTAL,TOTAL,EU_V,2005,119,
dataflow,ESTAT:HSW_AW_MAA1(1.0),A,NR,FAT,TOTAL,M,TOTAL,MAT_0100,EU_V,2005,196,
dataflow,ESTAT:HSW_AW_MAA1(1.0),A,NR,FAT,TOTAL,M,TOTAL,MAT_0200,EU_V,2005,312,
dataflow,ESTAT:HSW_AW_MAA1(1.0),A,NR,FAT,TOTAL,M,TOTAL,MAT_0300,EU_V,2005,57,
dataflow,ESTAT:HSW_AW_MAA1(1.0),A,NR,FAT,TOTAL,M,TOTAL,MAT_0400,EU_V,2005,22,
dataflow,ESTAT:HSW_AW_MAA1(1.0),A,NR,FAT,TOTAL,M,TOTAL,MAT_0500,EU_V,2005,68,
dataflow,ESTAT:HSW_AW_MAA1(1.0),A,NR,FAT,TOTAL,M,TOTAL,MAT_0600,EU_V,2005,132,
dataflow,ESTAT:HSW_AW_MAA1(1.0),A,NR,FAT,TOTAL,M,TOTAL,MAT_0700,EU_V,2005,35,
dataflow,ESTAT:HSW_AW_MAA1(1.0),A,NR,FAT,TOTAL,M,TOTAL,MAT_0800,EU_V,2005,13,
dataflow,ESTAT:HSW_AW_MAA1(1.0),A,NR,FAT,TOTAL,M,TOTAL,MAT_0900,EU_V,2005,120,
dataflow,ESTAT:HSW_AW_MAA1(1.0),A,NR,FAT,TOTAL,M,TOTAL,MAT_1000,EU_V,2005,107,
dataflow,ESTAT:HSW_AW_MAA1(1.0),A,NR,FAT,TOTAL,M,TOTAL,MAT_1100,EU_V,2005,179,
dataflow,ESTAT:HSW_AW_MAA1(1.0),A,NR,FAT,TOTAL,M,TOTAL,MAT_1200,EU_V,2005,902,
dataflow,ESTAT:HSW_AW_MAA1(1.0),A,NR,FAT,TOTAL,M,TOTAL,MAT_1300,EU_V,2005,71,
dataflow,ESTAT:HSW_AW_MAA1(1.0),A,NR,FAT,TOTAL,M,TOTAL,MAT_1400,EU_V,2005,204,
dataflow,ESTAT:HSW_AW_MAA1(1.0),A,NR,FAT,TOTAL,M,TOTAL,MAT_1500,EU_V,2005,37,
dataflow,ESTAT:HSW_AW_MAA1(1.0),A,NR,FAT,TOTAL,M,TOTAL,MAT_1600,EU_V,2005,6,
dataflow,ESTAT:HSW_AW_MAA1(1.0),A,NR,FAT,TOTAL,M,TOTAL,MAT_1700,EU_V,2005,13,
dataflow,ESTAT:HSW_AW_MAA1(1.0),A,NR,FAT,TOTAL,M,TOTAL,MAT_1800,EU_V,2005,51,
dataflow,ESTAT:HSW_AW_MAA1(1.0),A,NR,FAT,TOTAL,M,TOTAL,MAT_1900,EU_V,2005,5,
dataflow,ESTAT:HSW_AW_MAA1(1.0),A,NR,FAT,TOTAL,M,TOTAL,MAT_2000,EU_V,2005,15,
dataflow,ESTAT:HSW_AW_MAA1(1.0),A,NR,FAT,TOTAL,M,TOTAL,MAT_9900,EU_V,2005,40,
dataflow,ESTAT:HSW_AW_MAA1(1.0),A,NR,FAT,TOTAL,M,TOTAL,TOTAL,EU_V,2005,2585,
dataflow,ESTAT:HSW_AW_MAA1(1.0),A,NR,FAT,TOTAL,T,A,MAT_0100,EU_V,2005,26,
dataflow,ESTAT:HSW_AW_MAA1(1.0),A,NR,FAT,TOTAL,T,A,MAT_0200,EU_V,2005,11,
dataflow,ESTAT:HSW_AW_MAA1(1.0),A,NR,FAT,TOTAL,T,A,MAT_0600,EU_V,2005,16,
dataflow,ESTAT:HSW_AW_MAA1(1.0),A,NR,FAT,TOTAL,T,A,MAT_0700,EU_V,2005,9,
dataflow,ESTAT:HSW_AW_MAA1(1.0),A,NR,FAT,TOTAL,T,A,MAT_0900,EU_V,2005,42,
dataflow,ESTAT:HSW_AW_MAA1(1.0),A,NR,FAT,TOTAL,T,A,MAT_1000,EU_V,2005,6,
dataflow,ESTAT:HSW_AW_MAA1(1.0),A,NR,FAT,TOTAL,T,A,MAT_1100,EU_V,2005,12,
dataflow,ESTAT:HSW_AW_MAA1(1.0),A,NR,FAT,TOTAL,T,A,MAT_1200,EU_V,2005,52,
dataflow,ESTAT:HSW_AW_MAA1(1.0),A,NR,FAT,TOTAL,T,A,MAT_1400,EU_V,2005,24,
dataflow,ESTAT:HSW_AW_MAA1(1.0),A,NR,FAT,TOTAL,T,A,MAT_1700,EU_V,2005,6,
dataflow,ESTAT:HSW_AW_MAA1(1.0),A,NR,FAT,TOTAL,T,A,MAT_1800,EU_V,2005,30,
dataflow,ESTAT:HSW_AW_MAA1(1.0),A,NR,FAT,TOTAL,T,A,MAT_9900,EU_V,2005,6,
dataflow,ESTAT:HSW_AW_MAA1(1.0),A,NR,FAT,TOTAL,T,A,TOTAL,EU_V,2005,251,
dataflow,ESTAT:HSW_AW_MAA1(1.0),A,NR,FAT,TOTAL,T,B,MAT_1300,EU_V,2005,5,
dataflow,ESTAT:HSW_AW_MAA1(1.0),A,NR,FAT,TOTAL,T,B,TOTAL,EU_V,2005,12,
dataflow,ESTAT:HSW_AW_MAA1(1.0),A,NR,FAT,TOTAL,T,C,MAT_0200,EU_V,2005,6,
dataflow,ESTAT:HSW_AW_MAA1(1.0),A,NR,FAT,TOTAL,T,C,MAT_0300,EU_V,2005,13,
dataflow,ESTAT:HSW_AW_MAA1(1.0),A,NR,FAT,TOTAL,T,C,MAT_0500,EU_V,2005,4,
dataflow,ESTAT:HSW_AW_MAA1(1.0),A,NR,FAT,TOTAL,T,C,MAT_0900,EU_V,2005,8,
dataflow,ESTAT:HSW_AW_MAA1(1.0),A,NR,FAT,TOTAL,T,C,MAT_1000,EU_V,2005,6,
dataflow,ESTAT:HSW_AW_MAA1(1.0),A,NR,FAT,TOTAL,T,C,MAT_1100,EU_V,2005,12,
dataflow,ESTAT:HSW_AW_MAA1(1.0),A,NR,FAT,TOTAL,T,C,MAT_1200,EU_V,2005,7,
dataflow,ESTAT:HSW_AW_MAA1(1.0),A,NR,FAT,TOTAL,T,C,MAT_1400,EU_V,2005,7,
dataflow,ESTAT:HSW_AW_MAA1(1.0),A,NR,FAT,TOTAL,T,C,TOTAL,EU_V,2005,77,
dataflow,ESTAT:HSW_AW_MAA1(1.0),A,NR,FAT,TOTAL,T,D,MAT_0100,EU_V,2005,37,
dataflow,ESTAT:HSW_AW_MAA1(1.0),A,NR,FAT,TOTAL,T,D,MAT_0200,EU_V,2005,63,
dataflow,ESTAT:HSW_AW_MAA1(1.0),A,NR,FAT,TOTAL,T,D,MAT_0400,EU_V,2005,5,
dataflow,ESTAT:HSW_AW_MAA1(1.0),A,NR,FAT,TOTAL,T,D,MAT_0500,EU_V,2005,15,
dataflow,ESTAT:HSW_AW_MAA1(1.0),A,NR,FAT,TOTAL,T,D,MAT_0600,EU_V,2005,27,
dataflow,ESTAT:HSW_AW_MAA1(1.0),A,NR,FAT,TOTAL,T,D,MAT_0700,EU_V,2005,12,
dataflow,ESTAT:HSW_AW_MAA1(1.0),A,NR,FAT,TOTAL,T,D,MAT_0900,EU_V,2005,6,
dataflow,ESTAT:HSW_AW_MAA1(1.0),A,NR,FAT,TOTAL,T,D,MAT_1000,EU_V,2005,62,
dataflow,ESTAT:HSW_AW_MAA1(1.0),A,NR,FAT,TOTAL,T,D,MAT_1100,EU_V,2005,72,
dataflow,ESTAT:HSW_AW_MAA1(1.0),A,NR,FAT,TOTAL,T,D,MAT_1200,EU_V,2005,170,
dataflow,ESTAT:HSW_AW_MAA1(1.0),A,NR,FAT,TOTAL,T,D,MAT_1300,EU_V,2005,15,
dataflow,ESTAT:HSW_AW_MAA1(1.0),A,NR,FAT,TOTAL,T,D,MAT_1400,EU_V,2005,61,
dataflow,ESTAT:HSW_AW_MAA1(1.0),A,NR,FAT,TOTAL,T,D,MAT_1500,EU_V,2005,13,
dataflow,ESTAT:HSW_AW_MAA1(1.0),A,NR,FAT,TOTAL,T,D,MAT_1800,EU_V,2005,6,
dataflow,ESTAT:HSW_AW_MAA1(1.0),A,NR,FAT,TOTAL,T,D,MAT_2000,EU_V,2005,4,
dataflow,ESTAT:HSW_AW_MAA1(1.0),A,NR,FAT,TOTAL,T,D,MAT_9900,EU_V,2005,11,
dataflow,ESTAT:HSW_AW_MAA1(1.0),A,NR,FAT,TOTAL,T,D,TOTAL,EU_V,2005,590,
dataflow,ESTAT:HSW_AW_MAA1(1.0),A,NR,FAT,TOTAL,T,E,MAT_0200,EU_V,2005,6,
dataflow,ESTAT:HSW_AW_MAA1(1.0),A,NR,FAT,TOTAL,T,E,MAT_0500,EU_V,2005,9,
dataflow,ESTAT:HSW_AW_MAA1(1.0),A,NR,FAT,TOTAL,T,E,MAT_1200,EU_V,2005,12,
dataflow,ESTAT:HSW_AW_MAA1(1.0),A,NR,FAT,TOTAL,T,E,TOTAL,EU_V,2005,47,
dataflow,ESTAT:HSW_AW_MAA1(1.0),A,NR,FAT,TOTAL,T,F,MAT_0100,EU_V,2005,71,
dataflow,ESTAT:HSW_AW_MAA1(1.0),A,NR,FAT,TOTAL,T,F,MAT_0200,EU_V,2005,174,
dataflow,ESTAT:HSW_AW_MAA1(1.0),A,NR,FAT,TOTAL,T,F,MAT_0300,EU_V,2005,29,
dataflow,ESTAT:HSW_AW_MAA1(1.0),A,NR,FAT,TOTAL,T,F,MAT_0400,EU_V,2005,10,
dataflow,ESTAT:HSW_AW_MAA1(1.0),A,NR,FAT,TOTAL,T,F,MAT_0500,EU_V,2005,25,
dataflow,ESTAT:HSW_AW_MAA1(1.0),A,NR,FAT,TOTAL,T,F,MAT_0600,EU_V,2005,60,
dataflow,ESTAT:HSW_AW_MAA1(1.0),A,NR,FAT,TOTAL,T,F,MAT_0700,EU_V,2005,6,
dataflow,ESTAT:HSW_AW_MAA1(1.0),A,NR,FAT,TOTAL,T,F,MAT_0800,EU_V,2005,6,
dataflow,ESTAT:HSW_AW_MAA1(1.0),A,NR,FAT,TOTAL,T,F,MAT_0900,EU_V,2005,45,
dataflow,ESTAT:HSW_AW_MAA1(1.0),A,NR,FAT,TOTAL,T,F,MAT_1000,EU_V,2005,16,
dataflow,ESTAT:HSW_AW_MAA1(1.0),A,NR,FAT,TOTAL,T,F,MAT_1100,EU_V,2005,43,
dataflow,ESTAT:HSW_AW_MAA1(1.0),A,NR,FAT,TOTAL,T,F,MAT_1200,EU_V,2005,144,
dataflow,ESTAT:HSW_AW_MAA1(1.0),A,NR,FAT,TOTAL,T,F,MAT_1300,EU_V,2005,14,
dataflow,ESTAT:HSW_AW_MAA1(1.0),A,NR,FAT,TOTAL,T,F,MAT_1400,EU_V,2005,66,
dataflow,ESTAT:HSW_AW_MAA1(1.0),A,NR,FAT,TOTAL,T,F,MAT_1500,EU_V,2005,5,
dataflow,ESTAT:HSW_AW_MAA1(1.0),A,NR,FAT,TOTAL,T,F,MAT_9900,EU_V,2005,9,
dataflow,ESTAT:HSW_AW_MAA1(1.0),A,NR,FAT,TOTAL,T,F,TOTAL,EU_V,2005,734,
dataflow,ESTAT:HSW_AW_MAA1(1.0),A,NR,FAT,TOTAL,T,G,MAT_0100,EU_V,2005,12,
dataflow,ESTAT:HSW_AW_MAA1(1.0),A,NR,FAT,TOTAL,T,G,MAT_0200,EU_V,2005,13,
dataflow,ESTAT:HSW_AW_MAA1(1.0),A,NR,FAT,TOTAL,T,G,MAT_0600,EU_V,2005,7,
dataflow,ESTAT:HSW_AW_MAA1(1.0),A,NR,FAT,TOTAL,T,G,MAT_0900,EU_V,2005,7,
dataflow,ESTAT:HSW_AW_MAA1(1.0),A,NR,FAT,TOTAL,T,G,MAT_1000,EU_V,2005,7,
dataflow,ESTAT:HSW_AW_MAA1(1.0),A,NR,FAT,TOTAL,T,G,MAT_1100,EU_V,2005,15,
dataflow,ESTAT:HSW_AW_MAA1(1.0),A,NR,FAT,TOTAL,T,G,MAT_1200,EU_V,2005,141,
dataflow,ESTAT:HSW_AW_MAA1(1.0),A,NR,FAT,TOTAL,T,G,MAT_1400,EU_V,2005,14,
dataflow,ESTAT:HSW_AW_MAA1(1.0),A,NR,FAT,TOTAL,T,G,TOTAL,EU_V,2005,235,
dataflow,ESTAT:HSW_AW_MAA1(1.0),A,NR,FAT,TOTAL,T,H,MAT_1200,EU_V,2005,16,
dataflow,ESTAT:HSW_AW_MAA1(1.0),A,NR,FAT,TOTAL,T,H,TOTAL,EU_V,2005,30,
dataflow,ESTAT:HSW_AW_MAA1(1.0),A,NR,FAT,TOTAL,T,I,MAT_0100,EU_V,2005,24,
dataflow,ESTAT:HSW_AW_MAA1(1.0),A,NR,FAT,TOTAL,T,I,MAT_0200,EU_V,2005,17,
dataflow,ESTAT:HSW_AW_MAA1(1.0),A,NR,FAT,TOTAL,T,I,MAT_0600,EU_V,2005,10,
dataflow,ESTAT:HSW_AW_MAA1(1.0),A,NR,FAT,TOTAL,T,I,MAT_1000,EU_V,2005,5,
dataflow,ESTAT:HSW_AW_MAA1(1.0),A,NR,FAT,TOTAL,T,I,MAT_1100,EU_V,2005,18,
dataflow,ESTAT:HSW_AW_MAA1(1.0),A,NR,FAT,TOTAL,T,I,MAT_1200,EU_V,2005,279,
dataflow,ESTAT:HSW_AW_MAA1(1.0),A,NR,FAT,TOTAL,T,I,MAT_1300,EU_V,2005,24,
dataflow,ESTAT:HSW_AW_MAA1(1.0),A,NR,FAT,TOTAL,T,I,MAT_1400,EU_V,2005,14,
dataflow,ESTAT:HSW_AW_MAA1(1.0),A,NR,FAT,TOTAL,T,I,MAT_1500,EU_V,2005,9,
dataflow,ESTAT:HSW_AW_MAA1(1.0),A,NR,FAT,TOTAL,T,I,MAT_1800,EU_V,2005,4,
dataflow,ESTAT:HSW_AW_MAA1(1.0),A,NR,FAT,TOTAL,T,I,MAT_9900,EU_V,2005,7,
dataflow,ESTAT:HSW_AW_MAA1(1.0),A,NR,FAT,TOTAL,T,I,TOTAL,EU_V,2005,421,
dataflow,ESTAT:HSW_AW_MAA1(1.0),A,NR,FAT,TOTAL,T,J,MAT_1200,EU_V,2005,15,
dataflow,ESTAT:HSW_AW_MAA1(1.0),A,NR,FAT,TOTAL,T,J,TOTAL,EU_V,2005,18,
dataflow,ESTAT:HSW_AW_MAA1(1.0),A,NR,FAT,TOTAL,T,K,MAT_0100,EU_V,2005,10,
dataflow,ESTAT:HSW_AW_MAA1(1.0),A,NR,FAT,TOTAL,T,K,MAT_0200,EU_V,2005,11,
dataflow,ESTAT:HSW_AW_MAA1(1.0),A,NR,FAT,TOTAL,T,K,MAT_0500,EU_V,2005,5,
dataflow,ESTAT:HSW_AW_MAA1(1.0),A,NR,FAT,TOTAL,T,K,MAT_0600,EU_V,2005,5,
dataflow,ESTAT:HSW_AW_MAA1(1.0),A,NR,FAT,TOTAL,T,K,MAT_1100,EU_V,2005,4,
dataflow,ESTAT:HSW_AW_MAA1(1.0),A,NR,FAT,TOTAL,T,K,MAT_1200,EU_V,2005,51,
dataflow,ESTAT:HSW_AW_MAA1(1.0),A,NR,FAT,TOTAL,T,K,MAT_1300,EU_V,2005,5,
dataflow,ESTAT:HSW_AW_MAA1(1.0),A,NR,FAT,TOTAL,T,K,MAT_1500,EU_V,2005,4,
dataflow,ESTAT:HSW_AW_MAA1(1.0),A,NR,FAT,TOTAL,T,K,TOTAL,EU_V,2005,116,
dataflow,ESTAT:HSW_AW_MAA1(1.0),A,NR,FAT,TOTAL,T,L,MAT_1200,EU_V,2005,28,
dataflow,ESTAT:HSW_AW_MAA1(1.0),A,NR,FAT,TOTAL,T,L,TOTAL,EU_V,2005,48,
dataflow,ESTAT:HSW_AW_MAA1(1.0),A,NR,FAT,TOTAL,T,M,MAT_1200,EU_V,2005,12,
dataflow,ESTAT:HSW_AW_MAA1(1.0),A,NR,FAT,TOTAL,T,M,TOTAL,EU_V,2005,22,
dataflow,ESTAT:HSW_AW_MAA1(1.0),A,NR,FAT,TOTAL,T,N,MAT_1200,EU_V,2005,11,
dataflow,ESTAT:HSW_AW_MAA1(1.0),A,NR,FAT,TOTAL,T,N,TOTAL,EU_V,2005,17,
dataflow,ESTAT:HSW_AW_MAA1(1.0),A,NR,FAT,TOTAL,T,O,MAT_0100,EU_V,2005,5,
dataflow,ESTAT:HSW_AW_MAA1(1.0),A,NR,FAT,TOTAL,T,O,MAT_0200,EU_V,2005,5,
dataflow,ESTAT:HSW_AW_MAA1(1.0),A,NR,FAT,TOTAL,T,O,MAT_0900,EU_V,2005,4,
dataflow,ESTAT:HSW_AW_MAA1(1.0),A,NR,FAT,TOTAL,T,O,MAT_1200,EU_V,2005,27,
dataflow,ESTAT:HSW_AW_MAA1(1.0),A,NR,FAT,TOTAL,T,O,MAT_1500,EU_V,2005,4,
dataflow,ESTAT:HSW_AW_MAA1(1.0),A,NR,FAT,TOTAL,T,O,TOTAL,EU_V,2005,61,
dataflow,ESTAT:HSW_AW_MAA1(1.0),A,NR,FAT,TOTAL,T,TOTAL,MAT_0100,EU_V,2005,203,
dataflow,ESTAT:HSW_AW_MAA1(1.0),A,NR,FAT,TOTAL,T,TOTAL,MAT_0200,EU_V,2005,318,
dataflow,ESTAT:HSW_AW_MAA1(1.0),A,NR,FAT,TOTAL,T,TOTAL,MAT_0300,EU_V,2005,57,
dataflow,ESTAT:HSW_AW_MAA1(1.0),A,NR,FAT,TOTAL,T,TOTAL,MAT_0400,EU_V,2005,22,
dataflow,ESTAT:HSW_AW_MAA1(1.0),A,NR,FAT,TOTAL,T,TOTAL,MAT_0500,EU_V,2005,70,
dataflow,ESTAT:HSW_AW_MAA1(1.0),A,NR,FAT,TOTAL,T,TOTAL,MAT_0600,EU_V,2005,138,
dataflow,ESTAT:HSW_AW_MAA1(1.0),A,NR,FAT,TOTAL,T,TOTAL,MAT_0700,EU_V,2005,36,
dataflow,ESTAT:HSW_AW_MAA1(1.0),A,NR,FAT,TOTAL,T,TOTAL,MAT_0800,EU_V,2005,13,
dataflow,ESTAT:HSW_AW_MAA1(1.0),A,NR,FAT,TOTAL,T,TOTAL,MAT_0900,EU_V,2005,121,
dataflow,ESTAT:HSW_AW_MAA1(1.0),A,NR,FAT,TOTAL,T,TOTAL,MAT_1000,EU_V,2005,111,
dataflow,ESTAT:HSW_AW_MAA1(1.0),A,NR,FAT,TOTAL,T,TOTAL,MAT_1100,EU_V,2005,183,
dataflow,ESTAT:HSW_AW_MAA1(1.0),A,NR,FAT,TOTAL,T,TOTAL,MAT_1200,EU_V,2005,972,
dataflow,ESTAT:HSW_AW_MAA1(1.0),A,NR,FAT,TOTAL,T,TOTAL,MAT_1300,EU_V,2005,74,
dataflow,ESTAT:HSW_AW_MAA1(1.0),A,NR,FAT,TOTAL,T,TOTAL,MAT_1400,EU_V,2005,206,
dataflow,ESTAT:HSW_AW_MAA1(1.0),A,NR,FAT,TOTAL,T,TOTAL,MAT_1500,EU_V,2005,39,
dataflow,ESTAT:HSW_AW_MAA1(1.0),A,NR,FAT,TOTAL,T,TOTAL,MAT_1600,EU_V,2005,6,
dataflow,ESTAT:HSW_AW_MAA1(1.0),A,NR,FAT,TOTAL,T,TOTAL,MAT_1700,EU_V,2005,16,
dataflow,ESTAT:HSW_AW_MAA1(1.0),A,NR,FAT,TOTAL,T,TOTAL,MAT_1800,EU_V,2005,52,
dataflow,ESTAT:HSW_AW_MAA1(1.0),A,NR,FAT,TOTAL,T,TOTAL,MAT_1900,EU_V,2005,5,
dataflow,ESTAT:HSW_AW_MAA1(1.0),A,NR,FAT,TOTAL,T,TOTAL,MAT_2000,EU_V,2005,19,
dataflow,ESTAT:HSW_AW_MAA1(1.0),A,NR,FAT,TOTAL,T,TOTAL,MAT_9900,EU_V,2005,42,
dataflow,ESTAT:HSW_AW_MAA1(1.0),A,NR,FAT,TOTAL,T,TOTAL,TOTAL,EU_V,2005,2704,
dataflow,ESTAT:HSW_AW_MAA1(1.0),A,NR,FAT,TOTAL,T,UNK,MAT_0100,EU_V,2005,4,
dataflow,ESTAT:HSW_AW_MAA1(1.0),A,NR,FAT,TOTAL,T,UNK,MAT_0200,EU_V,2005,5,
dataflow,ESTAT:HSW_AW_MAA1(1.0),A,NR,FAT,TOTAL,T,UNK,MAT_1200,EU_V,2005,5,
dataflow,ESTAT:HSW_AW_MAA1(1.0),A,NR,FAT,TOTAL,T,UNK,TOTAL,EU_V,2005,22,
dataflow,ESTAT:HSW_AW_MAA1(1.0),A,NR,FAT,UNK,T,TOTAL,TOTAL,EU_V,2005,5,
dataflow,ESTAT:HSW_AW_MAA1(1.0),A,NR,FAT,Y15-17,T,TOTAL,TOTAL,EU_V,2005,9,
dataflow,ESTAT:HSW_AW_MAA1(1.0),A,NR,FAT,Y18-24,T,TOTAL,MAT_0100,EU_V,2005,14,
dataflow,ESTAT:HSW_AW_MAA1(1.0),A,NR,FAT,Y18-24,T,TOTAL,MAT_0200,EU_V,2005,27,
dataflow,ESTAT:HSW_AW_MAA1(1.0),A,NR,FAT,Y18-24,T,TOTAL,MAT_0500,EU_V,2005,7,
dataflow,ESTAT:HSW_AW_MAA1(1.0),A,NR,FAT,Y18-24,T,TOTAL,MAT_0600,EU_V,2005,19,
dataflow,ESTAT:HSW_AW_MAA1(1.0),A,NR,FAT,Y18-24,T,TOTAL,MAT_0900,EU_V,2005,8,
dataflow,ESTAT:HSW_AW_MAA1(1.0),A,NR,FAT,Y18-24,T,TOTAL,MAT_1000,EU_V,2005,14,
dataflow,ESTAT:HSW_AW_MAA1(1.0),A,NR,FAT,Y18-24,T,TOTAL,MAT_1100,EU_V,2005,17,
dataflow,ESTAT:HSW_AW_MAA1(1.0),A,NR,FAT,Y18-24,T,TOTAL,MAT_1200,EU_V,2005,65,
dataflow,ESTAT:HSW_AW_MAA1(1.0),A,NR,FAT,Y18-24,T,TOTAL,MAT_1400,EU_V,2005,23,
dataflow,ESTAT:HSW_AW_MAA1(1.0),A,NR,FAT,Y18-24,T,TOTAL,TOTAL,EU_V,2005,215,
dataflow,ESTAT:HSW_AW_MAA1(1.0),A,NR,FAT,Y25-34,T,TOTAL,MAT_0100,EU_V,2005,38,
dataflow,ESTAT:HSW_AW_MAA1(1.0),A,NR,FAT,Y25-34,T,TOTAL,MAT_0200,EU_V,2005,57,
dataflow,ESTAT:HSW_AW_MAA1(1.0),A,NR,FAT,Y25-34,T,TOTAL,MAT_0300,EU_V,2005,8,
dataflow,ESTAT:HSW_AW_MAA1(1.0),A,NR,FAT,Y25-34,T,TOTAL,MAT_0500,EU_V,2005,16,
dataflow,ESTAT:HSW_AW_MAA1(1.0),A,NR,FAT,Y25-34,T,TOTAL,MAT_0600,EU_V,2005,30,
dataflow,ESTAT:HSW_AW_MAA1(1.0),A,NR,FAT,Y25-34,T,TOTAL,MAT_0700,EU_V,2005,13,
dataflow,ESTAT:HSW_AW_MAA1(1.0),A,NR,FAT,Y25-34,T,TOTAL,MAT_0900,EU_V,2005,16,
dataflow,ESTAT:HSW_AW_MAA1(1.0),A,NR,FAT,Y25-34,T,TOTAL,MAT_1000,EU_V,2005,28,
dataflow,ESTAT:HSW_AW_MAA1(1.0),A,NR,FAT,Y25-34,T,TOTAL,MAT_1100,EU_V,2005,48,
dataflow,ESTAT:HSW_AW_MAA1(1.0),A,NR,FAT,Y25-34,T,TOTAL,MAT_1200,EU_V,2005,246,
dataflow,ESTAT:HSW_AW_MAA1(1.0),A,NR,FAT,Y25-34,T,TOTAL,MAT_1300,EU_V,2005,14,
dataflow,ESTAT:HSW_AW_MAA1(1.0),A,NR,FAT,Y25-34,T,TOTAL,MAT_1400,EU_V,2005,45,
dataflow,ESTAT:HSW_AW_MAA1(1.0),A,NR,FAT,Y25-34,T,TOTAL,MAT_1500,EU_V,2005,9,
dataflow,ESTAT:HSW_AW_MAA1(1.0),A,NR,FAT,Y25-34,T,TOTAL,MAT_1700,EU_V,2005,4,
dataflow,ESTAT:HSW_AW_MAA1(1.0),A,NR,FAT,Y25-34,T,TOTAL,MAT_1800,EU_V,2005,10,
dataflow,ESTAT:HSW_AW_MAA1(1.0),A,NR,FAT,Y25-34,T,TOTAL,MAT_2000,EU_V,2005,6,
dataflow,ESTAT:HSW_AW_MAA1(1.0),A,NR,FAT,Y25-34,T,TOTAL,MAT_9900,EU_V,2005,14,
dataflow,ESTAT:HSW_AW_MAA1(1.0),A,NR,FAT,Y25-34,T,TOTAL,TOTAL,EU_V,2005,608,
dataflow,ESTAT:HSW_AW_MAA1(1.0),A,NR,FAT,Y35-44,T,TOTAL,MAT_0100,EU_V,2005,41,
dataflow,ESTAT:HSW_AW_MAA1(1.0),A,NR,FAT,Y35-44,T,TOTAL,MAT_0200,EU_V,2005,77,
dataflow,ESTAT:HSW_AW_MAA1(1.0),A,NR,FAT,Y35-44,T,TOTAL,MAT_0300,EU_V,2005,12,
dataflow,ESTAT:HSW_AW_MAA1(1.0),A,NR,FAT,Y35-44,T,TOTAL,MAT_0400,EU_V,2005,4,
dataflow,ESTAT:HSW_AW_MAA1(1.0),A,NR,FAT,Y35-44,T,TOTAL,MAT_0500,EU_V,2005,12,
dataflow,ESTAT:HSW_AW_MAA1(1.0),A,NR,FAT,Y35-44,T,TOTAL,MAT_0600,EU_V,2005,33,
dataflow,ESTAT:HSW_AW_MAA1(1.0),A,NR,FAT,Y35-44,T,TOTAL,MAT_0700,EU_V,2005,9,
dataflow,ESTAT:HSW_AW_MAA1(1.0),A,NR,FAT,Y35-44,T,TOTAL,MAT_0800,EU_V,2005,5,
dataflow,ESTAT:HSW_AW_MAA1(1.0),A,NR,FAT,Y35-44,T,TOTAL,MAT_0900,EU_V,2005,31,
dataflow,ESTAT:HSW_AW_MAA1(1.0),A,NR,FAT,Y35-44,T,TOTAL,MAT_1000,EU_V,2005,23,
dataflow,ESTAT:HSW_AW_MAA1(1.0),A,NR,FAT,Y35-44,T,TOTAL,MAT_1100,EU_V,2005,47,
dataflow,ESTAT:HSW_AW_MAA1(1.0),A,NR,FAT,Y35-44,T,TOTAL,MAT_1200,EU_V,2005,261,
dataflow,ESTAT:HSW_AW_MAA1(1.0),A,NR,FAT,Y35-44,T,TOTAL,MAT_1300,EU_V,2005,24,
dataflow,ESTAT:HSW_AW_MAA1(1.0),A,NR,FAT,Y35-44,T,TOTAL,MAT_1400,EU_V,2005,47,
dataflow,ESTAT:HSW_AW_MAA1(1.0),A,NR,FAT,Y35-44,T,TOTAL,MAT_1500,EU_V,2005,12,
dataflow,ESTAT:HSW_AW_MAA1(1.0),A,NR,FAT,Y35-44,T,TOTAL,MAT_1700,EU_V,2005,6,
dataflow,ESTAT:HSW_AW_MAA1(1.0),A,NR,FAT,Y35-44,T,TOTAL,MAT_1800,EU_V,2005,15,
dataflow,ESTAT:HSW_AW_MAA1(1.0),A,NR,FAT,Y35-44,T,TOTAL,MAT_2000,EU_V,2005,5,
dataflow,ESTAT:HSW_AW_MAA1(1.0),A,NR,FAT,Y35-44,T,TOTAL,MAT_9900,EU_V,2005,7,
dataflow,ESTAT:HSW_AW_MAA1(1.0),A,NR,FAT,Y35-44,T,TOTAL,TOTAL,EU_V,2005,673,
dataflow,ESTAT:HSW_AW_MAA1(1.0),A,NR,FAT,Y45-54,T,TOTAL,MAT_0100,EU_V,2005,64,
dataflow,ESTAT:HSW_AW_MAA1(1.0),A,NR,FAT,Y45-54,T,TOTAL,MAT_0200,EU_V,2005,95,
dataflow,ESTAT:HSW_AW_MAA1(1.0),A,NR,FAT,Y45-54,T,TOTAL,MAT_0300,EU_V,2005,27,
dataflow,ESTAT:HSW_AW_MAA1(1.0),A,NR,FAT,Y45-54,T,TOTAL,MAT_0400,EU_V,2005,10,
dataflow,ESTAT:HSW_AW_MAA1(1.0),A,NR,FAT,Y45-54,T,TOTAL,MAT_0500,EU_V,2005,28,
dataflow,ESTAT:HSW_AW_MAA1(1.0),A,NR,FAT,Y45-54,T,TOTAL,MAT_0600,EU_V,2005,34,
dataflow,ESTAT:HSW_AW_MAA1(1.0),A,NR,FAT,Y45-54,T,TOTAL,MAT_0700,EU_V,2005,8,
dataflow,ESTAT:HSW_AW_MAA1(1.0),A,NR,FAT,Y45-54,T,TOTAL,MAT_0900,EU_V,2005,35,
dataflow,ESTAT:HSW_AW_MAA1(1.0),A,NR,FAT,Y45-54,T,TOTAL,MAT_1000,EU_V,2005,32,
dataflow,ESTAT:HSW_AW_MAA1(1.0),A,NR,FAT,Y45-54,T,TOTAL,MAT_1100,EU_V,2005,55,
dataflow,ESTAT:HSW_AW_MAA1(1.0),A,NR,FAT,Y45-54,T,TOTAL,MAT_1200,EU_V,2005,240,
dataflow,ESTAT:HSW_AW_MAA1(1.0),A,NR,FAT,Y45-54,T,TOTAL,MAT_1300,EU_V,2005,26,
dataflow,ESTAT:HSW_AW_MAA1(1.0),A,NR,FAT,Y45-54,T,TOTAL,MAT_1400,EU_V,2005,48,
dataflow,ESTAT:HSW_AW_MAA1(1.0),A,NR,FAT,Y45-54,T,TOTAL,MAT_1500,EU_V,2005,12,
dataflow,ESTAT:HSW_AW_MAA1(1.0),A,NR,FAT,Y45-54,T,TOTAL,MAT_1800,EU_V,2005,18,
dataflow,ESTAT:HSW_AW_MAA1(1.0),A,NR,FAT,Y45-54,T,TOTAL,MAT_2000,EU_V,2005,5,
dataflow,ESTAT:HSW_AW_MAA1(1.0),A,NR,FAT,Y45-54,T,TOTAL,MAT_9900,EU_V,2005,12,
dataflow,ESTAT:HSW_AW_MAA1(1.0),A,NR,FAT,Y45-54,T,TOTAL,TOTAL,EU_V,2005,757,
dataflow,ESTAT:HSW_AW_MAA1(1.0),A,NR,FAT,Y55-64,T,TOTAL,MAT_0100,EU_V,2005,39,
dataflow,ESTAT:HSW_AW_MAA1(1.0),A,NR,FAT,Y55-64,T,TOTAL,MAT_0200,EU_V,2005,49,
dataflow,ESTAT:HSW_AW_MAA1(1.0),A,NR,FAT,Y55-64,T,TOTAL,MAT_0300,EU_V,2005,5,
dataflow,ESTAT:HSW_AW_MAA1(1.0),A,NR,FAT,Y55-64,T,TOTAL,MAT_0500,EU_V,2005,6,
dataflow,ESTAT:HSW_AW_MAA1(1.0),A,NR,FAT,Y55-64,T,TOTAL,MAT_0600,EU_V,2005,18,
dataflow,ESTAT:HSW_AW_MAA1(1.0),A,NR,FAT,Y55-64,T,TOTAL,MAT_0700,EU_V,2005,4,
dataflow,ESTAT:HSW_AW_MAA1(1.0),A,NR,FAT,Y55-64,T,TOTAL,MAT_0900,EU_V,2005,22,
dataflow,ESTAT:HSW_AW_MAA1(1.0),A,NR,FAT,Y55-64,T,TOTAL,MAT_1000,EU_V,2005,13,
dataflow,ESTAT:HSW_AW_MAA1(1.0),A,NR,FAT,Y55-64,T,TOTAL,MAT_1100,EU_V,2005,14,
dataflow,ESTAT:HSW_AW_MAA1(1.0),A,NR,FAT,Y55-64,T,TOTAL,MAT_1200,EU_V,2005,140,
dataflow,ESTAT:HSW_AW_MAA1(1.0),A,NR,FAT,Y55-64,T,TOTAL,MAT_1300,EU_V,2005,7,
dataflow,ESTAT:HSW_AW_MAA1(1.0),A,NR,FAT,Y55-64,T,TOTAL,MAT_1400,EU_V,2005,35,
dataflow,ESTAT:HSW_AW_MAA1(1.0),A,NR,FAT,Y55-64,T,TOTAL,MAT_1800,EU_V,2005,5,
dataflow,ESTAT:HSW_AW_MAA1(1.0),A,NR,FAT,Y55-64,T,TOTAL,MAT_9900,EU_V,2005,7,
dataflow,ESTAT:HSW_AW_MAA1(1.0),A,NR,FAT,Y55-64,T,TOTAL,TOTAL,EU_V,2005,378,
dataflow,ESTAT:HSW_AW_MAA1(1.0),A,NR,FAT,Y_GE65,T,TOTAL,MAT_0100,EU_V,2005,5,
dataflow,ESTAT:HSW_AW_MAA1(1.0),A,NR,FAT,Y_GE65,T,TOTAL,MAT_0200,EU_V,2005,12,
dataflow,ESTAT:HSW_AW_MAA1(1.0),A,NR,FAT,Y_GE65,T,TOTAL,MAT_0900,EU_V,2005,6,
dataflow,ESTAT:HSW_AW_MAA1(1.0),A,NR,FAT,Y_GE65,T,TOTAL,MAT_1200,EU_V,2005,16,
dataflow,ESTAT:HSW_AW_MAA1(1.0),A,NR,FAT,Y_GE65,T,TOTAL,MAT_1400,EU_V,2005,6,
dataflow,ESTAT:HSW_AW_MAA1(1.0),A,NR,FAT,Y_GE65,T,TOTAL,TOTAL,EU_V,2005,59,
