STRUCTURE,STRUCTURE_ID,freq,unit,med_spec,geo,TIME_PERIOD,OBS_VALUE,OBS_FLAG
dataflow,ESTAT:HLTH_HC_PHYS(1.0),A,NR_HAB,GEN_SPEC,AL,1980,2.90,
dataflow,ESTAT:HLTH_HC_PHYS(1.0),A,NR_HAB,GEN_SPEC,AL,1985,3.20,
dataflow,ESTAT:HLTH_HC_PHYS(1.0),A,NR_HAB,GEN_SPEC,AL,1986,3.50,
dataflow,ESTAT:HLTH_HC_PHYS(1.0),A,NR_HAB,GEN_SPEC,AL,1987,3.40,
dataflow,ESTAT:HLTH_HC_PHYS(1.0),A,NR_HAB,GEN_SPEC,AL,1988,3.50,
dataflow,ESTAT:HLTH_HC_PHYS(1.0),A,NR_HAB,GEN_SPEC,AL,1989,3.90,
dataflow,ESTAT:HLTH_HC_PHYS(1.0),A,NR_HAB,GEN_SPEC,AL,1990,3.30,
dataflow,ESTAT:HLTH_HC_PHYS(1.0),A,NR_HAB,GEN_SPEC,AL,1991,2.30,
dataflow,ESTAT:HLTH_HC_PHYS(1.0),A,NR_HAB,GEN_SPEC,AL,1992,1.80,
dataflow,ESTAT:HLTH_HC_PHYS(1.0),A,NR_HAB,GEN_SPEC,AL,1993,1.80,
dataflow,ESTAT:HLTH_HC_PHYS(1.0),A,NR_HAB,GEN_SPEC,AL,1994,1.60,
dataflow,ESTAT:HLTH_HC_PHYS(1.0),A,NR_HAB,GEN_SPEC,AL,1995,1.77,
dataflow,ESTAT:HLTH_HC_PHYS(1.0),A,NR_HAB,GEN_SPEC,AL,1996,1.76,
dataflow,ESTAT:HLTH_HC_PHYS(1.0),A,NR_HAB,GEN_SPEC,AL,1997,1.66,
dataflow,ESTAT:HLTH_HC_PHYS(1.0),A,NR_HAB,GEN_SPEC,AL,1998,1.60,
dataflow,ESTAT:HLTH_HC_PHYS(1.0),A,NR_HAB,GEN_SPEC,AL,1999,1.70,
dataflow,ESTAT:HLTH_HC_PHYS(1.0),A,NR_HAB,GEN_SPEC,AL,2000,1.60,
dataflow,ESTAT:HLTH_HC_PHYS(1.0),A,NR_HAB,GEN_SPEC,AL,2001,1.60,
dataflow,ESTAT:HLTH_HC_PHYS(1.0),A,NR_HAB,GEN_SPEC,AL,2002,1.80,
dataflow,ESTAT:HLTH_HC_PHYS(1.0),A,NR_HAB,GEN_SPEC,AL,2003,1.90,
dataflow,ESTAT:HLTH_HC_PHYS(1.0),A,NR_HAB,GEN_SPEC,AL,2004,1.90,
dataflow,ESTAT:HLTH_HC_PHYS(1.0),A,NR_HAB,GEN_SPEC,AL,2005,1.50,
dataflow,ESTAT:HLTH_HC_PHYS(1.0),A,NR_HAB,GEN_SPEC,AL,2006,1.48,
dataflow,ESTAT:HLTH_HC_PHYS(1.0),A,NR_HAB,GEN_SPEC,AL,2007,1.43,
dataflow,ESTAT:HLTH_HC_PHYS(1.0),A,NR_HAB,GEN_SPEC,AL,2008,1.75,
dataflow,ESTAT:HLTH_HC_PHYS(1.0),A,NR_HAB,GEN_SPEC,AL,2009,1.95,
dataflow,ESTAT:HLTH_HC_PHYS(1.0),A,NR_HAB,GEN_SPEC,AL,2010,2.20,
dataflow,ESTAT:HLTH_HC_PHYS(1.0),A,NR_HAB,GEN_SPEC,AL,2011,2.38,
dataflow,ESTAT:HLTH_HC_PHYS(1.0),A,NR_HAB,GEN_SPEC,AL,2012,2.40,
dataflow,ESTAT:HLTH_HC_PHYS(1.0),A,NR_HAB,GEN_SPEC,AL,2013,2.20,
dataflow,ESTAT:HLTH_HC_PHYS(1.0),A,NR_HAB,GEN_SPEC,AT,1960,4.30,
dataflow,ESTAT:HLTH_HC_PHYS(1.0),A,NR_HAB,GEN_SPEC,AT,1961,4.50,
dataflow,ESTAT:HLTH_HC_PHYS(1.0),A,NR_HAB,GEN_SPEC,AT,1962,4.40,
dataflow,ESTAT:HLTH_HC_PHYS(1.0),A,NR_HAB,GEN_SPEC,AT,1963,4.70,
dataflow,ESTAT:HLTH_HC_PHYS(1.0),A,NR_HAB,GEN_SPEC,AT,1964,4.80,
dataflow,ESTAT:HLTH_HC_PHYS(1.0),A,NR_HAB,GEN_SPEC,AT,1965,4.90,
dataflow,ESTAT:HLTH_HC_PHYS(1.0),A,NR_HAB,GEN_SPEC,AT,1966,4.90,
dataflow,ESTAT:HLTH_HC_PHYS(1.0),A,NR_HAB,GEN_SPEC,AT,1967,5.00,
dataflow,ESTAT:HLTH_HC_PHYS(1.0),A,NR_HAB,GEN_SPEC,AT,1968,5.00,
dataflow,ESTAT:HLTH_HC_PHYS(1.0),A,NR_HAB,GEN_SPEC,AT,1969,5.20,
dataflow,ESTAT:HLTH_HC_PHYS(1.0),A,NR_HAB,GEN_SPEC,AT,1970,5.20,
dataflow,ESTAT:HLTH_HC_PHYS(1.0),A,NR_HAB,GEN_SPEC,AT,1971,5.20,
dataflow,ESTAT:HLTH_HC_PHYS(1.0),A,NR_HAB,GEN_SPEC,AT,1972,5.20,
dataflow,ESTAT:HLTH_HC_PHYS(1.0),A,NR_HAB,GEN_SPEC,AT,1973,5.10,
dataflow,ESTAT:HLTH_HC_PHYS(1.0),A,NR_HAB,GEN_SPEC,AT,1974,5.20,
dataflow,ESTAT:HLTH_HC_PHYS(1.0),A,NR_HAB,GEN_SPEC,AT,1975,5.30,
dataflow,ESTAT:HLTH_HC_PHYS(1.0),A,NR_HAB,GEN_SPEC,AT,1976,5.40,
dataflow,ESTAT:HLTH_HC_PHYS(1.0),A,NR_HAB,GEN_SPEC,AT,1977,5.30,
dataflow,ESTAT:HLTH_HC_PHYS(1.0),A,NR_HAB,GEN_SPEC,AT,1978,5.30,
dataflow,ESTAT:HLTH_HC_PHYS(1.0),A,NR_HAB,GEN_SPEC,AT,1979,5.30,
dataflow,ESTAT:HLTH_HC_PHYS(1.0),A,NR_HAB,GEN_SPEC,AT,1980,5.40,
dataflow,ESTAT:HLTH_HC_PHYS(1.0),A,NR_HAB,GEN_SPEC,AT,1981,5.40,
dataflow,ESTAT:HLTH_HC_PHYS(1.0),A,NR_HAB,GEN_SPEC,AT,1982,5.30,
dataflow,ESTAT:HLTH_HC_PHYS(1.0),A,NR_HAB,GEN_SPEC,AT,1983,5.40,
dataflow,ESTAT:HLTH_HC_PHYS(1.0),A,NR_HAB,GEN_SPEC,AT,1984,5.40,
dataflow,ESTAT:HLTH_HC_PHYS(1.0),A,NR_HAB,GEN_SPEC,AT,1985,5.50,
dataflow,ESTAT:HLTH_HC_PHYS(1.0),A,NR_HAB,GEN_SPEC,AT,1986,5.50,
dataflow,ESTAT:HLTH_HC_PHYS(1.0),A,NR_HAB,GEN_SPEC,AT,1987,5.60,
dataflow,ESTAT:HLTH_HC_PHYS(1.0),A,NR_HAB,GEN_SPEC,AT,1988,5.80,
dataflow,ESTAT:HLTH_HC_PHYS(1.0),A,NR_HAB,GEN_SPEC,AT,1989,5.80,
dataflow,ESTAT:HLTH_HC_PHYS(1.0),A,NR_HAB,GEN_SPEC,AT,1990,5.90,
dataflow,ESTAT:HLTH_HC_PHYS(1.0),A,NR_HAB,GEN_SPEC,AT,1991,5.90,
dataflow,ESTAT:HLTH_HC_PHYS(1.0),A,NR_HAB,GEN_SPEC,AT,1992,6.00,
dataflow,ESTAT:HLTH_HC_PHYS(1.0),A,NR_HAB,GEN_SPEC,AT,1993,6.10,
dataflow,ESTAT:HLTH_HC_PHYS(1.0),A,NR_HAB,GEN_SPEC,AT,1994,6.20,
dataflow,ESTAT:HLTH_HC_PHYS(1.0),A,NR_HAB,GEN_SPEC,AT,1995,6.30,
dataflow,ESTAT:HLTH_HC_PHYS(1.0),A,NR_HAB,GEN_SPEC,AT,1996,6.30,
dataflow,ESTAT:HLTH_HC_PHYS(1.0),A,NR_HAB,GEN_SPEC,AT,1997,6.20,
dataflow,ESTAT:HLTH_HC_PHYS(1.0),A,NR_HAB,GEN_SPEC,AT,1998,6.50,
dataflow,ESTAT:HLTH_HC_PHYS(1.0),A,NR_HAB,GEN_SPEC,AT,1999,6.70,
dataflow,ESTAT:HLTH_HC_PHYS(1.0),A,NR_HAB,GEN_SPEC,AT,2000,6.70,
dataflow,ESTAT:HLTH_HC_PHYS(1.0),A,NR_HAB,GEN_SPEC,AT,2001,6.70,
dataflow,ESTAT:HLTH_HC_PHYS(1.0),A,NR_HAB,GEN_SPEC,AT,2002,6.70,
dataflow,ESTAT:HLTH_HC_PHYS(1.0),A,NR_HAB,GEN_SPEC,AT,2003,6.70,
dataflow,ESTAT:HLTH_HC_PHYS(1.0),A,NR_HAB,GEN_SPEC,AT,2004,6.70,
dataflow,ESTAT:HLTH_HC_PHYS(1.0),A,NR_HAB,GEN_SPEC,AT,2005,6.70,
dataflow,ESTAT:HLTH_HC_PHYS(1.0),A,NR_HAB,GEN_SPEC,AT,2006,6.70,
dataflow,ESTAT:HLTH_HC_PHYS(1.0),A,NR_HAB,GEN_SPEC,AT,2007,6.80,
dataflow,ESTAT:HLTH_HC_PHYS(1.0),A,NR_HAB,GEN_SPEC,AT,2008,6.90,
dataflow,ESTAT:HLTH_HC_PHYS(1.0),A,NR_HAB,GEN_SPEC,AT,2009,6.90,
dataflow,ESTAT:HLTH_HC_PHYS(1.0),A,NR_HAB,GEN_SPEC,AT,2010,6.90,
dataflow,ESTAT:HLTH_HC_PHYS(1.0),A,NR_HAB,GEN_SPEC,AT,2011,6.90,
dataflow,ESTAT:HLTH_HC_PHYS(1.0),A,NR_HAB,GEN_SPEC,AT,2012,6.82,
dataflow,ESTAT:HLTH_HC_PHYS(1.0),A,NR_HAB,GEN_SPEC,AT,2013,6.82,
dataflow,ESTAT:HLTH_HC_PHYS(1.0),A,NR_HAB,GEN_SPEC,AT,2014,6.77,
dataflow,ESTAT:HLTH_HC_PHYS(1.0),A,NR_HAB,GEN_SPEC,AT,2015,6.62,
dataflow,ESTAT:HLTH_HC_PHYS(1.0),A,NR_HAB,GEN_SPEC,AT,2016,6.59,
dataflow,ESTAT:HLTH_HC_PHYS(1.0),A,NR_HAB,GEN_SPEC,AT,2017,6.53,
dataflow,ESTAT:HLTH_HC_PHYS(1.0),A,NR_HAB,GEN_SPEC,AT,2018,6.55,
dataflow,ESTAT:HLTH_HC_PHYS(1.0),A,NR_HAB,GEN_SPEC,AT,2019,6.55,
dataflow,ESTAT:HLTH_HC_PHYS(1.0),A,NR_HAB,GEN_SPEC,AT,2020,5.80,
dataflow,ESTAT:HLTH_HC_PHYS(1.0),A,NR_HAB,GEN_SPEC,BE,2006,6.49,
dataflow,ESTAT:HLTH_HC_PHYS(1.0),A,NR_HAB,GEN_SPEC,BE,2007,6.47,
dataflow,ESTAT:HLTH_HC_PHYS(1.0),A,NR_HAB,GEN_SPEC,BE,2008,6.75,
dataflow,ESTAT:HLTH_HC_PHYS(1.0),A,NR_HAB,GEN_SPEC,BE,2009,6.85,
dataflow,ESTAT:HLTH_HC_PHYS(1.0),A,NR_HAB,GEN_SPEC,BE,2010,6.62,
dataflow,ESTAT:HLTH_HC_PHYS(1.0),A,NR_HAB,GEN_SPEC,BE,2011,6.68,
dataflow,ESTAT:HLTH_HC_PHYS(1.0),A,NR_HAB,GEN_SPEC,BE,2012,6.71,
dataflow,ESTAT:HLTH_HC_PHYS(1.0),A,NR_HAB,GEN_SPEC,BE,2013,6.67,
dataflow,ESTAT:HLTH_HC_PHYS(1.0),A,NR_HAB,GEN_SPEC,BE,2014,6.67,
dataflow,ESTAT:HLTH_HC_PHYS(1.0),A,NR_HAB,GEN_SPEC,BE,2015,6.76,
dataflow,ESTAT:HLTH_HC_PHYS(1.0),A,NR_HAB,GEN_SPEC,BE,2016,6.89,
dataflow,ESTAT:HLTH_HC_PHYS(1.0),A,NR_HAB,GEN_SPEC,BE,2017,6.96,
dataflow,ESTAT:HLTH_HC_PHYS(1.0),A,NR_HAB,GEN_SPEC,BE,2018,7.19,
dataflow,ESTAT:HLTH_HC_PHYS(1.0),A,NR_HAB,GEN_SPEC,BE,2019,7.30,
dataflow,ESTAT:HLTH_HC_PHYS(1.0),A,NR_HAB,GEN_SPEC,BE,2020,6.17,
dataflow,ESTAT:HLTH_HC_PHYS(1.0),A,NR_HAB,GEN_SPEC,BG,1980,6.50,
dataflow,ESTAT:HLTH_HC_PHYS(1.0),A,NR_HAB,GEN_SPEC,BG,1981,6.50,
dataflow,ESTAT:HLTH_HC_PHYS(1.0),A,NR_HAB,GEN_SPEC,BG,1982,6.80,
dataflow,ESTAT:HLTH_HC_PHYS(1.0),A,NR_HAB,GEN_SPEC,BG,1983,7.00,
dataflow,ESTAT:HLTH_HC_PHYS(1.0),A,NR_HAB,GEN_SPEC,BG,1984,7.20,
dataflow,ESTAT:HLTH_HC_PHYS(1.0),A,NR_HAB,GEN_SPEC,BG,1985,7.30,
dataflow,ESTAT:HLTH_HC_PHYS(1.0),A,NR_HAB,GEN_SPEC,BG,1986,7.60,
dataflow,ESTAT:HLTH_HC_PHYS(1.0),A,NR_HAB,GEN_SPEC,BG,1987,7.50,
dataflow,ESTAT:HLTH_HC_PHYS(1.0),A,NR_HAB,GEN_SPEC,BG,1988,7.40,
dataflow,ESTAT:HLTH_HC_PHYS(1.0),A,NR_HAB,GEN_SPEC,BG,1989,7.20,
dataflow,ESTAT:HLTH_HC_PHYS(1.0),A,NR_HAB,GEN_SPEC,BG,1990,6.60,
dataflow,ESTAT:HLTH_HC_PHYS(1.0),A,NR_HAB,GEN_SPEC,BG,1991,5.60,
dataflow,ESTAT:HLTH_HC_PHYS(1.0),A,NR_HAB,GEN_SPEC,BG,1992,5.80,
dataflow,ESTAT:HLTH_HC_PHYS(1.0),A,NR_HAB,GEN_SPEC,BG,1993,5.50,
dataflow,ESTAT:HLTH_HC_PHYS(1.0),A,NR_HAB,GEN_SPEC,BG,1994,5.50,
dataflow,ESTAT:HLTH_HC_PHYS(1.0),A,NR_HAB,GEN_SPEC,BG,1995,5.50,
dataflow,ESTAT:HLTH_HC_PHYS(1.0),A,NR_HAB,GEN_SPEC,BG,1996,5.90,
dataflow,ESTAT:HLTH_HC_PHYS(1.0),A,NR_HAB,GEN_SPEC,BG,1997,5.70,
dataflow,ESTAT:HLTH_HC_PHYS(1.0),A,NR_HAB,GEN_SPEC,BG,1998,5.50,
dataflow,ESTAT:HLTH_HC_PHYS(1.0),A,NR_HAB,GEN_SPEC,BG,1999,5.40,
dataflow,ESTAT:HLTH_HC_PHYS(1.0),A,NR_HAB,GEN_SPEC,BG,2014,5.90,
dataflow,ESTAT:HLTH_HC_PHYS(1.0),A,NR_HAB,GEN_SPEC,BG,2015,5.90,
dataflow,ESTAT:HLTH_HC_PHYS(1.0),A,NR_HAB,GEN_SPEC,BG,2016,6.10,
dataflow,ESTAT:HLTH_HC_PHYS(1.0),A,NR_HAB,GEN_SPEC,BG,2017,6.00,
dataflow,ESTAT:HLTH_HC_PHYS(1.0),A,NR_HAB,GEN_SPEC,BG,2018,6.30,
dataflow,ESTAT:HLTH_HC_PHYS(1.0),A,NR_HAB,GEN_SPEC,BG,2019,6.30,
dataflow,ESTAT:HLTH_HC_PHYS(1.0),A,NR_HAB,GEN_SPEC,BG,2020,5.40,
dataflow,ESTAT:HLTH_HC_PHYS(1.0),A,NR_HAB,GEN_SPEC,CH,2002,3.37,
dataflow,ESTAT:HLTH_HC_PHYS(1.0),A,NR_HAB,GEN_SPEC,CH,2007,4.08,
dataflow,ESTAT:HLTH_HC_PHYS(1.0),A,NR_HAB,GEN_SPEC,CH,2012,3.85,
dataflow,ESTAT:HLTH_HC_PHYS(1.0),A,NR_HAB,GEN_SPEC,CH,2017,4.32,
dataflow,ESTAT:HLTH_HC_PHYS(1.0),A,NR_HAB,GEN_SPEC,CY,1980,1.67,d
dataflow,ESTAT:HLTH_HC_PHYS(1.0),A,NR_HAB,GEN_SPEC,CY,1981,1.99,d
dataflow,ESTAT:HLTH_HC_PHYS(1.0),A,NR_HAB,GEN_SPEC,CY,1982,2.09,d
dataflow,ESTAT:HLTH_HC_PHYS(1.0),A,NR_HAB,GEN_SPEC,CY,1983,2.14,d
dataflow,ESTAT:HLTH_HC_PHYS(1.0),A,NR_HAB,GEN_SPEC,CY,1984,2.07,d
dataflow,ESTAT:HLTH_HC_PHYS(1.0),A,NR_HAB,GEN_SPEC,CY,1985,1.77,d
dataflow,ESTAT:HLTH_HC_PHYS(1.0),A,NR_HAB,GEN_SPEC,CY,1986,1.86,d
dataflow,ESTAT:HLTH_HC_PHYS(1.0),A,NR_HAB,GEN_SPEC,CY,1987,1.88,d
dataflow,ESTAT:HLTH_HC_PHYS(1.0),A,NR_HAB,GEN_SPEC,CY,1988,1.84,d
dataflow,ESTAT:HLTH_HC_PHYS(1.0),A,NR_HAB,GEN_SPEC,CY,1989,1.86,d
dataflow,ESTAT:HLTH_HC_PHYS(1.0),A,NR_HAB,GEN_SPEC,CY,1990,1.89,d
dataflow,ESTAT:HLTH_HC_PHYS(1.0),A,NR_HAB,GEN_SPEC,CY,1991,1.88,d
dataflow,ESTAT:HLTH_HC_PHYS(1.0),A,NR_HAB,GEN_SPEC,CY,1992,1.88,d
dataflow,ESTAT:HLTH_HC_PHYS(1.0),A,NR_HAB,GEN_SPEC,CY,1993,1.86,d
dataflow,ESTAT:HLTH_HC_PHYS(1.0),A,NR_HAB,GEN_SPEC,CY,1994,1.89,d
dataflow,ESTAT:HLTH_HC_PHYS(1.0),A,NR_HAB,GEN_SPEC,CY,1995,1.90,d
dataflow,ESTAT:HLTH_HC_PHYS(1.0),A,NR_HAB,GEN_SPEC,CY,1996,1.89,d
dataflow,ESTAT:HLTH_HC_PHYS(1.0),A,NR_HAB,GEN_SPEC,CY,1997,1.90,d
dataflow,ESTAT:HLTH_HC_PHYS(1.0),A,NR_HAB,GEN_SPEC,CY,1998,1.97,d
dataflow,ESTAT:HLTH_HC_PHYS(1.0),A,NR_HAB,GEN_SPEC,CY,1999,1.94,d
dataflow,ESTAT:HLTH_HC_PHYS(1.0),A,NR_HAB,GEN_SPEC,CY,2000,1.99,d
dataflow,ESTAT:HLTH_HC_PHYS(1.0),A,NR_HAB,GEN_SPEC,CY,2001,1.80,d
dataflow,ESTAT:HLTH_HC_PHYS(1.0),A,NR_HAB,GEN_SPEC,CY,2002,1.84,d
dataflow,ESTAT:HLTH_HC_PHYS(1.0),A,NR_HAB,GEN_SPEC,CY,2003,1.92,d
dataflow,ESTAT:HLTH_HC_PHYS(1.0),A,NR_HAB,GEN_SPEC,CY,2004,2.05,d
dataflow,ESTAT:HLTH_HC_PHYS(1.0),A,NR_HAB,GEN_SPEC,CY,2005,2.09,d
dataflow,ESTAT:HLTH_HC_PHYS(1.0),A,NR_HAB,GEN_SPEC,CY,2006,2.04,d
dataflow,ESTAT:HLTH_HC_PHYS(1.0),A,NR_HAB,GEN_SPEC,CY,2007,2.08,d
dataflow,ESTAT:HLTH_HC_PHYS(1.0),A,NR_HAB,GEN_SPEC,CY,2008,2.13,d
dataflow,ESTAT:HLTH_HC_PHYS(1.0),A,NR_HAB,GEN_SPEC,CY,2009,2.26,d
dataflow,ESTAT:HLTH_HC_PHYS(1.0),A,NR_HAB,GEN_SPEC,CY,2010,2.31,d
dataflow,ESTAT:HLTH_HC_PHYS(1.0),A,NR_HAB,GEN_SPEC,CY,2011,2.34,d
dataflow,ESTAT:HLTH_HC_PHYS(1.0),A,NR_HAB,GEN_SPEC,CY,2012,2.44,d
dataflow,ESTAT:HLTH_HC_PHYS(1.0),A,NR_HAB,GEN_SPEC,CY,2013,2.36,d
dataflow,ESTAT:HLTH_HC_PHYS(1.0),A,NR_HAB,GEN_SPEC,CY,2014,2.16,d
dataflow,ESTAT:HLTH_HC_PHYS(1.0),A,NR_HAB,GEN_SPEC,CY,2015,2.18,d
dataflow,ESTAT:HLTH_HC_PHYS(1.0),A,NR_HAB,GEN_SPEC,CY,2016,2.11,d
dataflow,ESTAT:HLTH_HC_PHYS(1.0),A,NR_HAB,GEN_SPEC,CY,2017,2.09,d
dataflow,ESTAT:HLTH_HC_PHYS(1.0),A,NR_HAB,GEN_SPEC,CY,2018,2.06,d
dataflow,ESTAT:HLTH_HC_PHYS(1.0),A,NR_HAB,GEN_SPEC,CZ,2010,7.09,
dataflow,ESTAT:HLTH_HC_PHYS(1.0),A,NR_HAB,GEN_SPEC,CZ,2011,7.10,
dataflow,ESTAT:HLTH_HC_PHYS(1.0),A,NR_HAB,GEN_SPEC,CZ,2012,7.27,
dataflow,ESTAT:HLTH_HC_PHYS(1.0),A,NR_HAB,GEN_SPEC,CZ,2013,7.39,
dataflow,ESTAT:HLTH_HC_PHYS(1.0),A,NR_HAB,GEN_SPEC,CZ,2014,7.40,
dataflow,ESTAT:HLTH_HC_PHYS(1.0),A,NR_HAB,GEN_SPEC,CZ,2015,7.72,e
dataflow,ESTAT:HLTH_HC_PHYS(1.0),A,NR_HAB,GEN_SPEC,CZ,2016,7.73,e
dataflow,ESTAT:HLTH_HC_PHYS(1.0),A,NR_HAB,GEN_SPEC,CZ,2017,7.71,e
dataflow,ESTAT:HLTH_HC_PHYS(1.0),A,NR_HAB,GEN_SPEC,CZ,2018,7.91,e
dataflow,ESTAT:HLTH_HC_PHYS(1.0),A,NR_HAB,GEN_SPEC,CZ,2019,7.91,e
dataflow,ESTAT:HLTH_HC_PHYS(1.0),A,NR_HAB,GEN_SPEC,CZ,2020,7.32,e
dataflow,ESTAT:HLTH_HC_PHYS(1.0),A,NR_HAB,GEN_SPEC,DE,1991,5.30,d
dataflow,ESTAT:HLTH_HC_PHYS(1.0),A,NR_HAB,GEN_SPEC,DE,1992,5.70,d
dataflow,ESTAT:HLTH_HC_PHYS(1.0),A,NR_HAB,GEN_SPEC,DE,1993,6.20,d
dataflow,ESTAT:HLTH_HC_PHYS(1.0),A,NR_HAB,GEN_SPEC,DE,1994,6.50,d
dataflow,ESTAT:HLTH_HC_PHYS(1.0),A,NR_HAB,GEN_SPEC,DE,1995,6.80,d
dataflow,ESTAT:HLTH_HC_PHYS(1.0),A,NR_HAB,GEN_SPEC,DE,1996,7.00,d
dataflow,ESTAT:HLTH_HC_PHYS(1.0),A,NR_HAB,GEN_SPEC,DE,1997,7.30,d
dataflow,ESTAT:HLTH_HC_PHYS(1.0),A,NR_HAB,GEN_SPEC,DE,1998,7.40,d
dataflow,ESTAT:HLTH_HC_PHYS(1.0),A,NR_HAB,GEN_SPEC,DE,1999,7.60,d
dataflow,ESTAT:HLTH_HC_PHYS(1.0),A,NR_HAB,GEN_SPEC,DE,2000,7.70,d
dataflow,ESTAT:HLTH_HC_PHYS(1.0),A,NR_HAB,GEN_SPEC,DE,2001,7.90,d
dataflow,ESTAT:HLTH_HC_PHYS(1.0),A,NR_HAB,GEN_SPEC,DE,2002,8.00,d
dataflow,ESTAT:HLTH_HC_PHYS(1.0),A,NR_HAB,GEN_SPEC,DE,2003,8.00,d
dataflow,ESTAT:HLTH_HC_PHYS(1.0),A,NR_HAB,GEN_SPEC,DE,2004,7.40,d
dataflow,ESTAT:HLTH_HC_PHYS(1.0),A,NR_HAB,GEN_SPEC,DE,2005,8.10,d
dataflow,ESTAT:HLTH_HC_PHYS(1.0),A,NR_HAB,GEN_SPEC,DE,2006,7.90,d
dataflow,ESTAT:HLTH_HC_PHYS(1.0),A,NR_HAB,GEN_SPEC,DE,2007,8.10,d
dataflow,ESTAT:HLTH_HC_PHYS(1.0),A,NR_HAB,GEN_SPEC,DE,2008,8.60,d
dataflow,ESTAT:HLTH_HC_PHYS(1.0),A,NR_HAB,GEN_SPEC,DE,2009,9.20,d
dataflow,ESTAT:HLTH_HC_PHYS(1.0),A,NR_HAB,GEN_SPEC,DE,2010,9.90,d
dataflow,ESTAT:HLTH_HC_PHYS(1.0),A,NR_HAB,GEN_SPEC,DE,2011,9.70,d
dataflow,ESTAT:HLTH_HC_PHYS(1.0),A,NR_HAB,GEN_SPEC,DE,2012,9.70,d
dataflow,ESTAT:HLTH_HC_PHYS(1.0),A,NR_HAB,GEN_SPEC,DE,2013,9.90,d
dataflow,ESTAT:HLTH_HC_PHYS(1.0),A,NR_HAB,GEN_SPEC,DE,2014,9.90,d
dataflow,ESTAT:HLTH_HC_PHYS(1.0),A,NR_HAB,GEN_SPEC,DE,2015,10.00,d
dataflow,ESTAT:HLTH_HC_PHYS(1.0),A,NR_HAB,GEN_SPEC,DE,2016,10.00,d
dataflow,ESTAT:HLTH_HC_PHYS(1.0),A,NR_HAB,GEN_SPEC,DE,2017,9.90,d
dataflow,ESTAT:HLTH_HC_PHYS(1.0),A,NR_HAB,GEN_SPEC,DE,2018,9.90,d
dataflow,ESTAT:HLTH_HC_PHYS(1.0),A,NR_HAB,GEN_SPEC,DE,2019,9.80,d
dataflow,ESTAT:HLTH_HC_PHYS(1.0),A,NR_HAB,GEN_SPEC,DE,2020,9.50,d
dataflow,ESTAT:HLTH_HC_PHYS(1.0),A,NR_HAB,GEN_SPEC,DK,1990,3.70,
dataflow,ESTAT:HLTH_HC_PHYS(1.0),A,NR_HAB,GEN_SPEC,DK,1991,3.80,
dataflow,ESTAT:HLTH_HC_PHYS(1.0),A,NR_HAB,GEN_SPEC,DK,1992,4.00,
dataflow,ESTAT:HLTH_HC_PHYS(1.0),A,NR_HAB,GEN_SPEC,DK,1993,3.90,
dataflow,ESTAT:HLTH_HC_PHYS(1.0),A,NR_HAB,GEN_SPEC,DK,1994,4.00,
dataflow,ESTAT:HLTH_HC_PHYS(1.0),A,NR_HAB,GEN_SPEC,DK,1995,4.10,
dataflow,ESTAT:HLTH_HC_PHYS(1.0),A,NR_HAB,GEN_SPEC,DK,1996,4.00,
dataflow,ESTAT:HLTH_HC_PHYS(1.0),A,NR_HAB,GEN_SPEC,DK,1997,4.10,
dataflow,ESTAT:HLTH_HC_PHYS(1.0),A,NR_HAB,GEN_SPEC,DK,1998,4.20,
dataflow,ESTAT:HLTH_HC_PHYS(1.0),A,NR_HAB,GEN_SPEC,DK,1999,4.10,
dataflow,ESTAT:HLTH_HC_PHYS(1.0),A,NR_HAB,GEN_SPEC,DK,2000,4.20,
dataflow,ESTAT:HLTH_HC_PHYS(1.0),A,NR_HAB,GEN_SPEC,DK,2001,4.20,
dataflow,ESTAT:HLTH_HC_PHYS(1.0),A,NR_HAB,GEN_SPEC,DK,2002,4.30,
dataflow,ESTAT:HLTH_HC_PHYS(1.0),A,NR_HAB,GEN_SPEC,DK,2003,4.30,
dataflow,ESTAT:HLTH_HC_PHYS(1.0),A,NR_HAB,GEN_SPEC,DK,2004,4.40,
dataflow,ESTAT:HLTH_HC_PHYS(1.0),A,NR_HAB,GEN_SPEC,DK,2005,4.50,
dataflow,ESTAT:HLTH_HC_PHYS(1.0),A,NR_HAB,GEN_SPEC,DK,2006,4.50,
dataflow,ESTAT:HLTH_HC_PHYS(1.0),A,NR_HAB,GEN_SPEC,DK,2007,4.50,
dataflow,ESTAT:HLTH_HC_PHYS(1.0),A,NR_HAB,GEN_SPEC,DK,2008,4.60,
dataflow,ESTAT:HLTH_HC_PHYS(1.0),A,NR_HAB,GEN_SPEC,DK,2009,4.60,
dataflow,ESTAT:HLTH_HC_PHYS(1.0),A,NR_HAB,GEN_SPEC,DK,2010,4.60,
dataflow,ESTAT:HLTH_HC_PHYS(1.0),A,NR_HAB,GEN_SPEC,DK,2011,4.80,
dataflow,ESTAT:HLTH_HC_PHYS(1.0),A,NR_HAB,GEN_SPEC,DK,2012,4.70,
dataflow,ESTAT:HLTH_HC_PHYS(1.0),A,NR_HAB,GEN_SPEC,DK,2013,4.70,
dataflow,ESTAT:HLTH_HC_PHYS(1.0),A,NR_HAB,GEN_SPEC,DK,2014,4.10,
dataflow,ESTAT:HLTH_HC_PHYS(1.0),A,NR_HAB,GEN_SPEC,DK,2015,4.10,
dataflow,ESTAT:HLTH_HC_PHYS(1.0),A,NR_HAB,GEN_SPEC,DK,2016,4.10,
dataflow,ESTAT:HLTH_HC_PHYS(1.0),A,NR_HAB,GEN_SPEC,DK,2017,4.10,
dataflow,ESTAT:HLTH_HC_PHYS(1.0),A,NR_HAB,GEN_SPEC,DK,2018,4.10,
dataflow,ESTAT:HLTH_HC_PHYS(1.0),A,NR_HAB,GEN_SPEC,DK,2019,3.90,
dataflow,ESTAT:HLTH_HC_PHYS(1.0),A,NR_HAB,GEN_SPEC,DK,2020,4.00,
dataflow,ESTAT:HLTH_HC_PHYS(1.0),A,NR_HAB,GEN_SPEC,DK,2021,3.80,
dataflow,ESTAT:HLTH_HC_PHYS(1.0),A,NR_HAB,GEN_SPEC,EE,1970,6.16,
dataflow,ESTAT:HLTH_HC_PHYS(1.0),A,NR_HAB,GEN_SPEC,EE,1971,6.31,
dataflow,ESTAT:HLTH_HC_PHYS(1.0),A,NR_HAB,GEN_SPEC,EE,1972,6.14,
dataflow,ESTAT:HLTH_HC_PHYS(1.0),A,NR_HAB,GEN_SPEC,EE,1973,6.49,
dataflow,ESTAT:HLTH_HC_PHYS(1.0),A,NR_HAB,GEN_SPEC,EE,1974,6.82,
dataflow,ESTAT:HLTH_HC_PHYS(1.0),A,NR_HAB,GEN_SPEC,EE,1975,7.03,
dataflow,ESTAT:HLTH_HC_PHYS(1.0),A,NR_HAB,GEN_SPEC,EE,1976,7.32,
dataflow,ESTAT:HLTH_HC_PHYS(1.0),A,NR_HAB,GEN_SPEC,EE,1977,7.45,
dataflow,ESTAT:HLTH_HC_PHYS(1.0),A,NR_HAB,GEN_SPEC,EE,1978,7.59,
dataflow,ESTAT:HLTH_HC_PHYS(1.0),A,NR_HAB,GEN_SPEC,EE,1979,7.76,
dataflow,ESTAT:HLTH_HC_PHYS(1.0),A,NR_HAB,GEN_SPEC,EE,1980,8.04,
dataflow,ESTAT:HLTH_HC_PHYS(1.0),A,NR_HAB,GEN_SPEC,EE,1981,8.23,
dataflow,ESTAT:HLTH_HC_PHYS(1.0),A,NR_HAB,GEN_SPEC,EE,1982,8.32,
dataflow,ESTAT:HLTH_HC_PHYS(1.0),A,NR_HAB,GEN_SPEC,EE,1983,8.71,
dataflow,ESTAT:HLTH_HC_PHYS(1.0),A,NR_HAB,GEN_SPEC,EE,1984,8.61,
dataflow,ESTAT:HLTH_HC_PHYS(1.0),A,NR_HAB,GEN_SPEC,EE,1985,8.81,
dataflow,ESTAT:HLTH_HC_PHYS(1.0),A,NR_HAB,GEN_SPEC,EE,1986,9.12,
dataflow,ESTAT:HLTH_HC_PHYS(1.0),A,NR_HAB,GEN_SPEC,EE,1987,8.97,
dataflow,ESTAT:HLTH_HC_PHYS(1.0),A,NR_HAB,GEN_SPEC,EE,1988,8.47,
dataflow,ESTAT:HLTH_HC_PHYS(1.0),A,NR_HAB,GEN_SPEC,EE,1989,7.70,b
dataflow,ESTAT:HLTH_HC_PHYS(1.0),A,NR_HAB,GEN_SPEC,EE,1990,7.74,
dataflow,ESTAT:HLTH_HC_PHYS(1.0),A,NR_HAB,GEN_SPEC,EE,1991,7.16,b
dataflow,ESTAT:HLTH_HC_PHYS(1.0),A,NR_HAB,GEN_SPEC,EE,1992,5.30,
dataflow,ESTAT:HLTH_HC_PHYS(1.0),A,NR_HAB,GEN_SPEC,EE,1993,5.78,
dataflow,ESTAT:HLTH_HC_PHYS(1.0),A,NR_HAB,GEN_SPEC,EE,1994,5.95,
dataflow,ESTAT:HLTH_HC_PHYS(1.0),A,NR_HAB,GEN_SPEC,EE,1995,6.03,
dataflow,ESTAT:HLTH_HC_PHYS(1.0),A,NR_HAB,GEN_SPEC,EE,1996,6.06,
dataflow,ESTAT:HLTH_HC_PHYS(1.0),A,NR_HAB,GEN_SPEC,EE,1997,6.13,
dataflow,ESTAT:HLTH_HC_PHYS(1.0),A,NR_HAB,GEN_SPEC,EE,1998,6.34,
dataflow,ESTAT:HLTH_HC_PHYS(1.0),A,NR_HAB,GEN_SPEC,EE,1999,6.25,
dataflow,ESTAT:HLTH_HC_PHYS(1.0),A,NR_HAB,GEN_SPEC,EE,2000,6.19,
dataflow,ESTAT:HLTH_HC_PHYS(1.0),A,NR_HAB,GEN_SPEC,EE,2001,6.06,
dataflow,ESTAT:HLTH_HC_PHYS(1.0),A,NR_HAB,GEN_SPEC,EE,2002,5.98,
dataflow,ESTAT:HLTH_HC_PHYS(1.0),A,NR_HAB,GEN_SPEC,EE,2003,6.08,
dataflow,ESTAT:HLTH_HC_PHYS(1.0),A,NR_HAB,GEN_SPEC,EE,2004,6.22,
dataflow,ESTAT:HLTH_HC_PHYS(1.0),A,NR_HAB,GEN_SPEC,EE,2005,6.32,
dataflow,ESTAT:HLTH_HC_PHYS(1.0),A,NR_HAB,GEN_SPEC,EE,2006,6.41,
dataflow,ESTAT:HLTH_HC_PHYS(1.0),A,NR_HAB,GEN_SPEC,EE,2007,6.63,
dataflow,ESTAT:HLTH_HC_PHYS(1.0),A,NR_HAB,GEN_SPEC,EE,2008,6.55,
dataflow,ESTAT:HLTH_HC_PHYS(1.0),A,NR_HAB,GEN_SPEC,EE,2009,6.32,
dataflow,ESTAT:HLTH_HC_PHYS(1.0),A,NR_HAB,GEN_SPEC,EE,2010,6.06,
dataflow,ESTAT:HLTH_HC_PHYS(1.0),A,NR_HAB,GEN_SPEC,EE,2011,6.35,
dataflow,ESTAT:HLTH_HC_PHYS(1.0),A,NR_HAB,GEN_SPEC,EE,2012,6.27,
dataflow,ESTAT:HLTH_HC_PHYS(1.0),A,NR_HAB,GEN_SPEC,EE,2013,6.35,
dataflow,ESTAT:HLTH_HC_PHYS(1.0),A,NR_HAB,GEN_SPEC,EE,2014,6.32,
dataflow,ESTAT:HLTH_HC_PHYS(1.0),A,NR_HAB,GEN_SPEC,EE,2015,6.40,
dataflow,ESTAT:HLTH_HC_PHYS(1.0),A,NR_HAB,GEN_SPEC,EE,2016,6.29,
dataflow,ESTAT:HLTH_HC_PHYS(1.0),A,NR_HAB,GEN_SPEC,EE,2017,5.87,
dataflow,ESTAT:HLTH_HC_PHYS(1.0),A,NR_HAB,GEN_SPEC,EE,2018,5.63,
dataflow,ESTAT:HLTH_HC_PHYS(1.0),A,NR_HAB,GEN_SPEC,EE,2019,5.45,
dataflow,ESTAT:HLTH_HC_PHYS(1.0),A,NR_HAB,GEN_SPEC,EE,2020,4.10,
dataflow,ESTAT:HLTH_HC_PHYS(1.0),A,NR_HAB,GEN_SPEC,EL,1960,5.20,
dataflow,ESTAT:HLTH_HC_PHYS(1.0),A,NR_HAB,GEN_SPEC,EL,1961,5.28,
dataflow,ESTAT:HLTH_HC_PHYS(1.0),A,NR_HAB,GEN_SPEC,EL,1962,5.83,
dataflow,ESTAT:HLTH_HC_PHYS(1.0),A,NR_HAB,GEN_SPEC,EL,1963,5.86,
dataflow,ESTAT:HLTH_HC_PHYS(1.0),A,NR_HAB,GEN_SPEC,EL,1964,6.40,
dataflow,ESTAT:HLTH_HC_PHYS(1.0),A,NR_HAB,GEN_SPEC,EL,1965,6.59,
dataflow,ESTAT:HLTH_HC_PHYS(1.0),A,NR_HAB,GEN_SPEC,EL,1966,6.47,
dataflow,ESTAT:HLTH_HC_PHYS(1.0),A,NR_HAB,GEN_SPEC,EL,1967,6.43,
dataflow,ESTAT:HLTH_HC_PHYS(1.0),A,NR_HAB,GEN_SPEC,EL,1968,6.25,
dataflow,ESTAT:HLTH_HC_PHYS(1.0),A,NR_HAB,GEN_SPEC,EL,1969,6.17,
dataflow,ESTAT:HLTH_HC_PHYS(1.0),A,NR_HAB,GEN_SPEC,EL,1970,6.08,
dataflow,ESTAT:HLTH_HC_PHYS(1.0),A,NR_HAB,GEN_SPEC,EL,1971,6.33,
dataflow,ESTAT:HLTH_HC_PHYS(1.0),A,NR_HAB,GEN_SPEC,EL,1972,6.38,
dataflow,ESTAT:HLTH_HC_PHYS(1.0),A,NR_HAB,GEN_SPEC,EL,1973,6.39,
dataflow,ESTAT:HLTH_HC_PHYS(1.0),A,NR_HAB,GEN_SPEC,EL,1974,6.39,
dataflow,ESTAT:HLTH_HC_PHYS(1.0),A,NR_HAB,GEN_SPEC,EL,1975,6.66,
dataflow,ESTAT:HLTH_HC_PHYS(1.0),A,NR_HAB,GEN_SPEC,EL,1976,6.41,
dataflow,ESTAT:HLTH_HC_PHYS(1.0),A,NR_HAB,GEN_SPEC,EL,1977,6.22,
dataflow,ESTAT:HLTH_HC_PHYS(1.0),A,NR_HAB,GEN_SPEC,EL,1978,6.24,
dataflow,ESTAT:HLTH_HC_PHYS(1.0),A,NR_HAB,GEN_SPEC,EL,1979,6.02,
dataflow,ESTAT:HLTH_HC_PHYS(1.0),A,NR_HAB,GEN_SPEC,EL,1980,5.62,
dataflow,ESTAT:HLTH_HC_PHYS(1.0),A,NR_HAB,GEN_SPEC,EL,1981,5.84,
dataflow,ESTAT:HLTH_HC_PHYS(1.0),A,NR_HAB,GEN_SPEC,EL,1982,5.68,
dataflow,ESTAT:HLTH_HC_PHYS(1.0),A,NR_HAB,GEN_SPEC,EL,1983,5.72,
dataflow,ESTAT:HLTH_HC_PHYS(1.0),A,NR_HAB,GEN_SPEC,EL,1984,5.85,
dataflow,ESTAT:HLTH_HC_PHYS(1.0),A,NR_HAB,GEN_SPEC,EL,1985,5.76,
dataflow,ESTAT:HLTH_HC_PHYS(1.0),A,NR_HAB,GEN_SPEC,EL,1986,5.14,
dataflow,ESTAT:HLTH_HC_PHYS(1.0),A,NR_HAB,GEN_SPEC,EL,1987,4.81,
dataflow,ESTAT:HLTH_HC_PHYS(1.0),A,NR_HAB,GEN_SPEC,EL,1988,4.73,
dataflow,ESTAT:HLTH_HC_PHYS(1.0),A,NR_HAB,GEN_SPEC,EL,1989,4.36,
dataflow,ESTAT:HLTH_HC_PHYS(1.0),A,NR_HAB,GEN_SPEC,EL,1990,4.32,
dataflow,ESTAT:HLTH_HC_PHYS(1.0),A,NR_HAB,GEN_SPEC,EL,1991,4.31,
dataflow,ESTAT:HLTH_HC_PHYS(1.0),A,NR_HAB,GEN_SPEC,EL,1992,4.33,
dataflow,ESTAT:HLTH_HC_PHYS(1.0),A,NR_HAB,GEN_SPEC,EL,1993,4.37,
dataflow,ESTAT:HLTH_HC_PHYS(1.0),A,NR_HAB,GEN_SPEC,EL,1994,4.40,
dataflow,ESTAT:HLTH_HC_PHYS(1.0),A,NR_HAB,GEN_SPEC,EL,1995,4.28,
dataflow,ESTAT:HLTH_HC_PHYS(1.0),A,NR_HAB,GEN_SPEC,EL,1996,4.60,
dataflow,ESTAT:HLTH_HC_PHYS(1.0),A,NR_HAB,GEN_SPEC,EL,1997,4.44,
dataflow,ESTAT:HLTH_HC_PHYS(1.0),A,NR_HAB,GEN_SPEC,EL,1998,4.26,
dataflow,ESTAT:HLTH_HC_PHYS(1.0),A,NR_HAB,GEN_SPEC,EL,1999,4.15,
dataflow,ESTAT:HLTH_HC_PHYS(1.0),A,NR_HAB,GEN_SPEC,EL,2000,4.29,
dataflow,ESTAT:HLTH_HC_PHYS(1.0),A,NR_HAB,GEN_SPEC,EL,2001,4.02,
dataflow,ESTAT:HLTH_HC_PHYS(1.0),A,NR_HAB,GEN_SPEC,EL,2002,4.04,
dataflow,ESTAT:HLTH_HC_PHYS(1.0),A,NR_HAB,GEN_SPEC,EL,2003,4.18,
dataflow,ESTAT:HLTH_HC_PHYS(1.0),A,NR_HAB,GEN_SPEC,EL,2004,4.20,
dataflow,ESTAT:HLTH_HC_PHYS(1.0),A,NR_HAB,GEN_SPEC,EL,2005,3.94,
dataflow,ESTAT:HLTH_HC_PHYS(1.0),A,NR_HAB,GEN_SPEC,EL,2006,3.95,
dataflow,ESTAT:HLTH_HC_PHYS(1.0),A,NR_HAB,GEN_SPEC,EL,2017,3.46,b
dataflow,ESTAT:HLTH_HC_PHYS(1.0),A,NR_HAB,GEN_SPEC,EL,2018,3.34,
dataflow,ESTAT:HLTH_HC_PHYS(1.0),A,NR_HAB,GEN_SPEC,EL,2019,3.46,
dataflow,ESTAT:HLTH_HC_PHYS(1.0),A,NR_HAB,GEN_SPEC,EL,2020,2.74,
dataflow,ESTAT:HLTH_HC_PHYS(1.0),A,NR_HAB,GEN_SPEC,EL,2021,2.69,
dataflow,ESTAT:HLTH_HC_PHYS(1.0),A,NR_HAB,GEN_SPEC,ES,1987,6.50,
dataflow,ESTAT:HLTH_HC_PHYS(1.0),A,NR_HAB,GEN_SPEC,ES,1993,8.30,
dataflow,ESTAT:HLTH_HC_PHYS(1.0),A,NR_HAB,GEN_SPEC,ES,1995,7.80,
dataflow,ESTAT:HLTH_HC_PHYS(1.0),A,NR_HAB,GEN_SPEC,ES,1997,8.20,
dataflow,ESTAT:HLTH_HC_PHYS(1.0),A,NR_HAB,GEN_SPEC,ES,2001,8.70,
dataflow,ESTAT:HLTH_HC_PHYS(1.0),A,NR_HAB,GEN_SPEC,ES,2003,9.50,
dataflow,ESTAT:HLTH_HC_PHYS(1.0),A,NR_HAB,GEN_SPEC,ES,2006,8.10,
dataflow,ESTAT:HLTH_HC_PHYS(1.0),A,NR_HAB,GEN_SPEC,ES,2009,7.50,b
dataflow,ESTAT:HLTH_HC_PHYS(1.0),A,NR_HAB,GEN_SPEC,ES,2011,7.36,
dataflow,ESTAT:HLTH_HC_PHYS(1.0),A,NR_HAB,GEN_SPEC,ES,2014,7.60,
dataflow,ESTAT:HLTH_HC_PHYS(1.0),A,NR_HAB,GEN_SPEC,ES,2017,7.26,
dataflow,ESTAT:HLTH_HC_PHYS(1.0),A,NR_HAB,GEN_SPEC,ES,2020,5.29,
dataflow,ESTAT:HLTH_HC_PHYS(1.0),A,NR_HAB,GEN_SPEC,FI,1964,1.60,
dataflow,ESTAT:HLTH_HC_PHYS(1.0),A,NR_HAB,GEN_SPEC,FI,1965,1.70,
dataflow,ESTAT:HLTH_HC_PHYS(1.0),A,NR_HAB,GEN_SPEC,FI,1966,1.70,
dataflow,ESTAT:HLTH_HC_PHYS(1.0),A,NR_HAB,GEN_SPEC,FI,1967,1.80,
dataflow,ESTAT:HLTH_HC_PHYS(1.0),A,NR_HAB,GEN_SPEC,FI,1968,2.00,
dataflow,ESTAT:HLTH_HC_PHYS(1.0),A,NR_HAB,GEN_SPEC,FI,1969,2.20,
dataflow,ESTAT:HLTH_HC_PHYS(1.0),A,NR_HAB,GEN_SPEC,FI,1970,2.40,
dataflow,ESTAT:HLTH_HC_PHYS(1.0),A,NR_HAB,GEN_SPEC,FI,1971,2.70,
dataflow,ESTAT:HLTH_HC_PHYS(1.0),A,NR_HAB,GEN_SPEC,FI,1972,2.80,
dataflow,ESTAT:HLTH_HC_PHYS(1.0),A,NR_HAB,GEN_SPEC,FI,1973,2.80,
dataflow,ESTAT:HLTH_HC_PHYS(1.0),A,NR_HAB,GEN_SPEC,FI,1974,3.00,
dataflow,ESTAT:HLTH_HC_PHYS(1.0),A,NR_HAB,GEN_SPEC,FI,1975,3.00,
dataflow,ESTAT:HLTH_HC_PHYS(1.0),A,NR_HAB,GEN_SPEC,FI,1976,3.00,
dataflow,ESTAT:HLTH_HC_PHYS(1.0),A,NR_HAB,GEN_SPEC,FI,1977,3.00,
dataflow,ESTAT:HLTH_HC_PHYS(1.0),A,NR_HAB,GEN_SPEC,FI,1978,3.00,
dataflow,ESTAT:HLTH_HC_PHYS(1.0),A,NR_HAB,GEN_SPEC,FI,1979,3.10,
dataflow,ESTAT:HLTH_HC_PHYS(1.0),A,NR_HAB,GEN_SPEC,FI,1980,3.20,
dataflow,ESTAT:HLTH_HC_PHYS(1.0),A,NR_HAB,GEN_SPEC,FI,1981,3.30,
dataflow,ESTAT:HLTH_HC_PHYS(1.0),A,NR_HAB,GEN_SPEC,FI,1982,3.30,
dataflow,ESTAT:HLTH_HC_PHYS(1.0),A,NR_HAB,GEN_SPEC,FI,1983,3.40,
dataflow,ESTAT:HLTH_HC_PHYS(1.0),A,NR_HAB,GEN_SPEC,FI,1984,3.40,
dataflow,ESTAT:HLTH_HC_PHYS(1.0),A,NR_HAB,GEN_SPEC,FI,1985,3.60,
dataflow,ESTAT:HLTH_HC_PHYS(1.0),A,NR_HAB,GEN_SPEC,FI,1986,3.60,
dataflow,ESTAT:HLTH_HC_PHYS(1.0),A,NR_HAB,GEN_SPEC,FI,1987,3.60,
dataflow,ESTAT:HLTH_HC_PHYS(1.0),A,NR_HAB,GEN_SPEC,FI,1988,3.70,
dataflow,ESTAT:HLTH_HC_PHYS(1.0),A,NR_HAB,GEN_SPEC,FI,1989,3.90,
dataflow,ESTAT:HLTH_HC_PHYS(1.0),A,NR_HAB,GEN_SPEC,FI,1990,3.90,
dataflow,ESTAT:HLTH_HC_PHYS(1.0),A,NR_HAB,GEN_SPEC,FI,1991,4.00,
dataflow,ESTAT:HLTH_HC_PHYS(1.0),A,NR_HAB,GEN_SPEC,FI,1992,3.90,
dataflow,ESTAT:HLTH_HC_PHYS(1.0),A,NR_HAB,GEN_SPEC,FI,1993,3.90,
dataflow,ESTAT:HLTH_HC_PHYS(1.0),A,NR_HAB,GEN_SPEC,FI,1994,4.00,
dataflow,ESTAT:HLTH_HC_PHYS(1.0),A,NR_HAB,GEN_SPEC,FI,1995,4.10,
dataflow,ESTAT:HLTH_HC_PHYS(1.0),A,NR_HAB,GEN_SPEC,FI,1996,4.30,
dataflow,ESTAT:HLTH_HC_PHYS(1.0),A,NR_HAB,GEN_SPEC,FI,1997,4.20,
dataflow,ESTAT:HLTH_HC_PHYS(1.0),A,NR_HAB,GEN_SPEC,FI,1998,4.20,
dataflow,ESTAT:HLTH_HC_PHYS(1.0),A,NR_HAB,GEN_SPEC,FI,1999,4.30,
dataflow,ESTAT:HLTH_HC_PHYS(1.0),A,NR_HAB,GEN_SPEC,FI,2000,4.30,
dataflow,ESTAT:HLTH_HC_PHYS(1.0),A,NR_HAB,GEN_SPEC,FI,2001,4.30,
dataflow,ESTAT:HLTH_HC_PHYS(1.0),A,NR_HAB,GEN_SPEC,FI,2002,4.20,
dataflow,ESTAT:HLTH_HC_PHYS(1.0),A,NR_HAB,GEN_SPEC,FI,2003,4.20,
dataflow,ESTAT:HLTH_HC_PHYS(1.0),A,NR_HAB,GEN_SPEC,FI,2004,4.20,
dataflow,ESTAT:HLTH_HC_PHYS(1.0),A,NR_HAB,GEN_SPEC,FI,2005,4.30,
dataflow,ESTAT:HLTH_HC_PHYS(1.0),A,NR_HAB,GEN_SPEC,FI,2006,4.30,
dataflow,ESTAT:HLTH_HC_PHYS(1.0),A,NR_HAB,GEN_SPEC,FI,2007,4.20,
dataflow,ESTAT:HLTH_HC_PHYS(1.0),A,NR_HAB,GEN_SPEC,FI,2008,4.30,
dataflow,ESTAT:HLTH_HC_PHYS(1.0),A,NR_HAB,GEN_SPEC,FI,2009,4.20,
dataflow,ESTAT:HLTH_HC_PHYS(1.0),A,NR_HAB,GEN_SPEC,FI,2010,4.30,
dataflow,ESTAT:HLTH_HC_PHYS(1.0),A,NR_HAB,GEN_SPEC,FI,2011,4.20,b
dataflow,ESTAT:HLTH_HC_PHYS(1.0),A,NR_HAB,GEN_SPEC,FI,2012,4.20,
dataflow,ESTAT:HLTH_HC_PHYS(1.0),A,NR_HAB,GEN_SPEC,FI,2013,4.20,
dataflow,ESTAT:HLTH_HC_PHYS(1.0),A,NR_HAB,GEN_SPEC,FI,2014,4.20,
dataflow,ESTAT:HLTH_HC_PHYS(1.0),A,NR_HAB,GEN_SPEC,FI,2015,4.30,
dataflow,ESTAT:HLTH_HC_PHYS(1.0),A,NR_HAB,GEN_SPEC,FI,2016,4.30,
dataflow,ESTAT:HLTH_HC_PHYS(1.0),A,NR_HAB,GEN_SPEC,FI,2017,4.40,
dataflow,ESTAT:HLTH_HC_PHYS(1.0),A,NR_HAB,GEN_SPEC,FI,2018,4.40,
dataflow,ESTAT:HLTH_HC_PHYS(1.0),A,NR_HAB,GEN_SPEC,FI,2019,4.40,
dataflow,ESTAT:HLTH_HC_PHYS(1.0),A,NR_HAB,GEN_SPEC,FI,2020,4.20,
dataflow,ESTAT:HLTH_HC_PHYS(1.0),A,NR_HAB,GEN_SPEC,FR,1980,4.20,
dataflow,ESTAT:HLTH_HC_PHYS(1.0),A,NR_HAB,GEN_SPEC,FR,1981,4.40,
dataflow,ESTAT:HLTH_HC_PHYS(1.0),A,NR_HAB,GEN_SPEC,FR,1982,4.60,
dataflow,ESTAT:HLTH_HC_PHYS(1.0),A,NR_HAB,GEN_SPEC,FR,1983,4.80,
dataflow,ESTAT:HLTH_HC_PHYS(1.0),A,NR_HAB,GEN_SPEC,FR,1984,4.80,
dataflow,ESTAT:HLTH_HC_PHYS(1.0),A,NR_HAB,GEN_SPEC,FR,1985,5.20,
dataflow,ESTAT:HLTH_HC_PHYS(1.0),A,NR_HAB,GEN_SPEC,FR,1986,5.40,
dataflow,ESTAT:HLTH_HC_PHYS(1.0),A,NR_HAB,GEN_SPEC,FR,1987,5.40,
dataflow,ESTAT:HLTH_HC_PHYS(1.0),A,NR_HAB,GEN_SPEC,FR,1988,5.60,
dataflow,ESTAT:HLTH_HC_PHYS(1.0),A,NR_HAB,GEN_SPEC,FR,1989,5.70,
dataflow,ESTAT:HLTH_HC_PHYS(1.0),A,NR_HAB,GEN_SPEC,FR,1990,5.90,
dataflow,ESTAT:HLTH_HC_PHYS(1.0),A,NR_HAB,GEN_SPEC,FR,1991,6.10,
dataflow,ESTAT:HLTH_HC_PHYS(1.0),A,NR_HAB,GEN_SPEC,FR,1992,6.20,
dataflow,ESTAT:HLTH_HC_PHYS(1.0),A,NR_HAB,GEN_SPEC,FR,1993,6.30,
dataflow,ESTAT:HLTH_HC_PHYS(1.0),A,NR_HAB,GEN_SPEC,FR,1994,6.40,
dataflow,ESTAT:HLTH_HC_PHYS(1.0),A,NR_HAB,GEN_SPEC,FR,1995,6.40,
dataflow,ESTAT:HLTH_HC_PHYS(1.0),A,NR_HAB,GEN_SPEC,FR,1996,6.50,
dataflow,ESTAT:HLTH_HC_PHYS(1.0),A,NR_HAB,GEN_SPEC,FR,1997,6.50,
dataflow,ESTAT:HLTH_HC_PHYS(1.0),A,NR_HAB,GEN_SPEC,FR,1998,6.60,
dataflow,ESTAT:HLTH_HC_PHYS(1.0),A,NR_HAB,GEN_SPEC,FR,1999,6.60,
dataflow,ESTAT:HLTH_HC_PHYS(1.0),A,NR_HAB,GEN_SPEC,FR,2000,6.90,b
dataflow,ESTAT:HLTH_HC_PHYS(1.0),A,NR_HAB,GEN_SPEC,FR,2001,7.40,b
dataflow,ESTAT:HLTH_HC_PHYS(1.0),A,NR_HAB,GEN_SPEC,FR,2002,7.30,
dataflow,ESTAT:HLTH_HC_PHYS(1.0),A,NR_HAB,GEN_SPEC,FR,2003,7.20,
dataflow,ESTAT:HLTH_HC_PHYS(1.0),A,NR_HAB,GEN_SPEC,FR,2004,7.00,
dataflow,ESTAT:HLTH_HC_PHYS(1.0),A,NR_HAB,GEN_SPEC,FR,2005,7.00,
dataflow,ESTAT:HLTH_HC_PHYS(1.0),A,NR_HAB,GEN_SPEC,FR,2006,6.80,
dataflow,ESTAT:HLTH_HC_PHYS(1.0),A,NR_HAB,GEN_SPEC,FR,2007,6.80,
dataflow,ESTAT:HLTH_HC_PHYS(1.0),A,NR_HAB,GEN_SPEC,FR,2008,6.70,
dataflow,ESTAT:HLTH_HC_PHYS(1.0),A,NR_HAB,GEN_SPEC,FR,2009,6.70,
dataflow,ESTAT:HLTH_HC_PHYS(1.0),A,NR_HAB,GEN_SPEC,FR,2010,6.70,
dataflow,ESTAT:HLTH_HC_PHYS(1.0),A,NR_HAB,GEN_SPEC,FR,2011,6.80,
dataflow,ESTAT:HLTH_HC_PHYS(1.0),A,NR_HAB,GEN_SPEC,FR,2012,6.70,
dataflow,ESTAT:HLTH_HC_PHYS(1.0),A,NR_HAB,GEN_SPEC,FR,2013,6.40,b
dataflow,ESTAT:HLTH_HC_PHYS(1.0),A,NR_HAB,GEN_SPEC,FR,2014,6.30,
dataflow,ESTAT:HLTH_HC_PHYS(1.0),A,NR_HAB,GEN_SPEC,FR,2015,6.20,
dataflow,ESTAT:HLTH_HC_PHYS(1.0),A,NR_HAB,GEN_SPEC,FR,2016,6.10,
dataflow,ESTAT:HLTH_HC_PHYS(1.0),A,NR_HAB,GEN_SPEC,FR,2017,5.90,
dataflow,ESTAT:HLTH_HC_PHYS(1.0),A,NR_HAB,GEN_SPEC,FR,2018,5.90,
dataflow,ESTAT:HLTH_HC_PHYS(1.0),A,NR_HAB,GEN_SPEC,FR,2019,5.75,
dataflow,ESTAT:HLTH_HC_PHYS(1.0),A,NR_HAB,GEN_SPEC,FR,2020,4.95,
dataflow,ESTAT:HLTH_HC_PHYS(1.0),A,NR_HAB,GEN_SPEC,HR,1980,6.89,
dataflow,ESTAT:HLTH_HC_PHYS(1.0),A,NR_HAB,GEN_SPEC,HR,1985,7.90,
dataflow,ESTAT:HLTH_HC_PHYS(1.0),A,NR_HAB,GEN_SPEC,HR,1986,8.05,
dataflow,ESTAT:HLTH_HC_PHYS(1.0),A,NR_HAB,GEN_SPEC,HR,1987,6.43,
dataflow,ESTAT:HLTH_HC_PHYS(1.0),A,NR_HAB,GEN_SPEC,HR,1988,8.15,
dataflow,ESTAT:HLTH_HC_PHYS(1.0),A,NR_HAB,GEN_SPEC,HR,1989,8.12,
dataflow,ESTAT:HLTH_HC_PHYS(1.0),A,NR_HAB,GEN_SPEC,HR,1990,8.24,
dataflow,ESTAT:HLTH_HC_PHYS(1.0),A,NR_HAB,GEN_SPEC,HR,1991,5.77,
dataflow,ESTAT:HLTH_HC_PHYS(1.0),A,NR_HAB,GEN_SPEC,HR,1992,4.44,
dataflow,ESTAT:HLTH_HC_PHYS(1.0),A,NR_HAB,GEN_SPEC,HR,1993,5.75,
dataflow,ESTAT:HLTH_HC_PHYS(1.0),A,NR_HAB,GEN_SPEC,HR,1994,5.82,
dataflow,ESTAT:HLTH_HC_PHYS(1.0),A,NR_HAB,GEN_SPEC,HR,1995,4.80,
dataflow,ESTAT:HLTH_HC_PHYS(1.0),A,NR_HAB,GEN_SPEC,HR,1996,5.76,
dataflow,ESTAT:HLTH_HC_PHYS(1.0),A,NR_HAB,GEN_SPEC,HR,1997,6.08,
dataflow,ESTAT:HLTH_HC_PHYS(1.0),A,NR_HAB,GEN_SPEC,HR,1998,6.51,
dataflow,ESTAT:HLTH_HC_PHYS(1.0),A,NR_HAB,GEN_SPEC,HR,1999,6.61,
dataflow,ESTAT:HLTH_HC_PHYS(1.0),A,NR_HAB,GEN_SPEC,HR,2000,7.00,
dataflow,ESTAT:HLTH_HC_PHYS(1.0),A,NR_HAB,GEN_SPEC,HR,2001,7.46,
dataflow,ESTAT:HLTH_HC_PHYS(1.0),A,NR_HAB,GEN_SPEC,HR,2002,7.49,
dataflow,ESTAT:HLTH_HC_PHYS(1.0),A,NR_HAB,GEN_SPEC,HR,2003,7.58,
dataflow,ESTAT:HLTH_HC_PHYS(1.0),A,NR_HAB,GEN_SPEC,HR,2004,7.59,
dataflow,ESTAT:HLTH_HC_PHYS(1.0),A,NR_HAB,GEN_SPEC,HR,2005,6.92,
dataflow,ESTAT:HLTH_HC_PHYS(1.0),A,NR_HAB,GEN_SPEC,HR,2006,6.43,
dataflow,ESTAT:HLTH_HC_PHYS(1.0),A,NR_HAB,GEN_SPEC,HR,2007,6.37,
dataflow,ESTAT:HLTH_HC_PHYS(1.0),A,NR_HAB,GEN_SPEC,HR,2008,5.95,
dataflow,ESTAT:HLTH_HC_PHYS(1.0),A,NR_HAB,GEN_SPEC,HR,2009,6.36,
dataflow,ESTAT:HLTH_HC_PHYS(1.0),A,NR_HAB,GEN_SPEC,HR,2010,6.07,
dataflow,ESTAT:HLTH_HC_PHYS(1.0),A,NR_HAB,GEN_SPEC,HR,2011,6.01,
dataflow,ESTAT:HLTH_HC_PHYS(1.0),A,NR_HAB,GEN_SPEC,HR,2012,6.85,
dataflow,ESTAT:HLTH_HC_PHYS(1.0),A,NR_HAB,GEN_SPEC,HR,2013,6.08,
dataflow,ESTAT:HLTH_HC_PHYS(1.0),A,NR_HAB,GEN_SPEC,HR,2014,6.26,
dataflow,ESTAT:HLTH_HC_PHYS(1.0),A,NR_HAB,GEN_SPEC,HR,2015,6.80,
dataflow,ESTAT:HLTH_HC_PHYS(1.0),A,NR_HAB,GEN_SPEC,HR,2016,6.35,
dataflow,ESTAT:HLTH_HC_PHYS(1.0),A,NR_HAB,GEN_SPEC,HR,2017,6.47,
dataflow,ESTAT:HLTH_HC_PHYS(1.0),A,NR_HAB,GEN_SPEC,HR,2018,6.73,
dataflow,ESTAT:HLTH_HC_PHYS(1.0),A,NR_HAB,GEN_SPEC,HR,2019,6.50,
dataflow,ESTAT:HLTH_HC_PHYS(1.0),A,NR_HAB,GEN_SPEC,HR,2020,5.07,
dataflow,ESTAT:HLTH_HC_PHYS(1.0),A,NR_HAB,GEN_SPEC,HU,1975,11.10,
dataflow,ESTAT:HLTH_HC_PHYS(1.0),A,NR_HAB,GEN_SPEC,HU,1976,10.60,
dataflow,ESTAT:HLTH_HC_PHYS(1.0),A,NR_HAB,GEN_SPEC,HU,1977,10.30,
dataflow,ESTAT:HLTH_HC_PHYS(1.0),A,NR_HAB,GEN_SPEC,HU,1978,10.30,
dataflow,ESTAT:HLTH_HC_PHYS(1.0),A,NR_HAB,GEN_SPEC,HU,1979,10.40,
dataflow,ESTAT:HLTH_HC_PHYS(1.0),A,NR_HAB,GEN_SPEC,HU,1980,10.50,
dataflow,ESTAT:HLTH_HC_PHYS(1.0),A,NR_HAB,GEN_SPEC,HU,1981,10.60,
dataflow,ESTAT:HLTH_HC_PHYS(1.0),A,NR_HAB,GEN_SPEC,HU,1982,10.60,
dataflow,ESTAT:HLTH_HC_PHYS(1.0),A,NR_HAB,GEN_SPEC,HU,1983,10.80,
dataflow,ESTAT:HLTH_HC_PHYS(1.0),A,NR_HAB,GEN_SPEC,HU,1984,10.90,
dataflow,ESTAT:HLTH_HC_PHYS(1.0),A,NR_HAB,GEN_SPEC,HU,1985,11.00,
dataflow,ESTAT:HLTH_HC_PHYS(1.0),A,NR_HAB,GEN_SPEC,HU,1986,11.40,
dataflow,ESTAT:HLTH_HC_PHYS(1.0),A,NR_HAB,GEN_SPEC,HU,1987,11.10,
dataflow,ESTAT:HLTH_HC_PHYS(1.0),A,NR_HAB,GEN_SPEC,HU,1988,11.50,
dataflow,ESTAT:HLTH_HC_PHYS(1.0),A,NR_HAB,GEN_SPEC,HU,1989,11.70,
dataflow,ESTAT:HLTH_HC_PHYS(1.0),A,NR_HAB,GEN_SPEC,HU,1990,13.17,
dataflow,ESTAT:HLTH_HC_PHYS(1.0),A,NR_HAB,GEN_SPEC,HU,1991,13.27,
dataflow,ESTAT:HLTH_HC_PHYS(1.0),A,NR_HAB,GEN_SPEC,HU,1992,13.75,
dataflow,ESTAT:HLTH_HC_PHYS(1.0),A,NR_HAB,GEN_SPEC,HU,1993,13.44,
dataflow,ESTAT:HLTH_HC_PHYS(1.0),A,NR_HAB,GEN_SPEC,HU,1994,9.80,b
dataflow,ESTAT:HLTH_HC_PHYS(1.0),A,NR_HAB,GEN_SPEC,HU,1995,9.87,
dataflow,ESTAT:HLTH_HC_PHYS(1.0),A,NR_HAB,GEN_SPEC,HU,1996,9.85,
dataflow,ESTAT:HLTH_HC_PHYS(1.0),A,NR_HAB,GEN_SPEC,HU,1997,10.50,
dataflow,ESTAT:HLTH_HC_PHYS(1.0),A,NR_HAB,GEN_SPEC,HU,1998,9.93,
dataflow,ESTAT:HLTH_HC_PHYS(1.0),A,NR_HAB,GEN_SPEC,HU,1999,10.24,
dataflow,ESTAT:HLTH_HC_PHYS(1.0),A,NR_HAB,GEN_SPEC,HU,2000,10.45,
dataflow,ESTAT:HLTH_HC_PHYS(1.0),A,NR_HAB,GEN_SPEC,HU,2001,10.46,
dataflow,ESTAT:HLTH_HC_PHYS(1.0),A,NR_HAB,GEN_SPEC,HU,2002,10.96,
dataflow,ESTAT:HLTH_HC_PHYS(1.0),A,NR_HAB,GEN_SPEC,HU,2003,11.25,
dataflow,ESTAT:HLTH_HC_PHYS(1.0),A,NR_HAB,GEN_SPEC,HU,2004,11.55,
dataflow,ESTAT:HLTH_HC_PHYS(1.0),A,NR_HAB,GEN_SPEC,HU,2005,11.84,
dataflow,ESTAT:HLTH_HC_PHYS(1.0),A,NR_HAB,GEN_SPEC,HU,2006,11.85,
dataflow,ESTAT:HLTH_HC_PHYS(1.0),A,NR_HAB,GEN_SPEC,HU,2007,9.96,b
dataflow,ESTAT:HLTH_HC_PHYS(1.0),A,NR_HAB,GEN_SPEC,HU,2008,10.38,
dataflow,ESTAT:HLTH_HC_PHYS(1.0),A,NR_HAB,GEN_SPEC,HU,2009,10.98,
dataflow,ESTAT:HLTH_HC_PHYS(1.0),A,NR_HAB,GEN_SPEC,HU,2010,10.98,
dataflow,ESTAT:HLTH_HC_PHYS(1.0),A,NR_HAB,GEN_SPEC,HU,2011,11.14,
dataflow,ESTAT:HLTH_HC_PHYS(1.0),A,NR_HAB,GEN_SPEC,HU,2012,11.08,
dataflow,ESTAT:HLTH_HC_PHYS(1.0),A,NR_HAB,GEN_SPEC,HU,2013,11.05,
dataflow,ESTAT:HLTH_HC_PHYS(1.0),A,NR_HAB,GEN_SPEC,HU,2014,11.09,
dataflow,ESTAT:HLTH_HC_PHYS(1.0),A,NR_HAB,GEN_SPEC,HU,2015,11.07,
dataflow,ESTAT:HLTH_HC_PHYS(1.0),A,NR_HAB,GEN_SPEC,HU,2016,11.06,
dataflow,ESTAT:HLTH_HC_PHYS(1.0),A,NR_HAB,GEN_SPEC,HU,2017,10.90,
dataflow,ESTAT:HLTH_HC_PHYS(1.0),A,NR_HAB,GEN_SPEC,HU,2018,10.66,
dataflow,ESTAT:HLTH_HC_PHYS(1.0),A,NR_HAB,GEN_SPEC,HU,2019,10.73,
dataflow,ESTAT:HLTH_HC_PHYS(1.0),A,NR_HAB,GEN_SPEC,HU,2020,9.66,
dataflow,ESTAT:HLTH_HC_PHYS(1.0),A,NR_HAB,GEN_SPEC,IE,2007,3.28,
dataflow,ESTAT:HLTH_HC_PHYS(1.0),A,NR_HAB,GEN_SPEC,IE,2010,3.80,
dataflow,ESTAT:HLTH_HC_PHYS(1.0),A,NR_HAB,GEN_SPEC,IE,2015,5.70,bd
dataflow,ESTAT:HLTH_HC_PHYS(1.0),A,NR_HAB,GEN_SPEC,IE,2016,5.70,d
dataflow,ESTAT:HLTH_HC_PHYS(1.0),A,NR_HAB,GEN_SPEC,IE,2017,5.72,de
dataflow,ESTAT:HLTH_HC_PHYS(1.0),A,NR_HAB,GEN_SPEC,IE,2018,5.04,de
dataflow,ESTAT:HLTH_HC_PHYS(1.0),A,NR_HAB,GEN_SPEC,IE,2019,5.76,de
dataflow,ESTAT:HLTH_HC_PHYS(1.0),A,NR_HAB,GEN_SPEC,IS,1989,5.10,
dataflow,ESTAT:HLTH_HC_PHYS(1.0),A,NR_HAB,GEN_SPEC,IS,1990,5.10,
dataflow,ESTAT:HLTH_HC_PHYS(1.0),A,NR_HAB,GEN_SPEC,IS,1991,5.20,
dataflow,ESTAT:HLTH_HC_PHYS(1.0),A,NR_HAB,GEN_SPEC,IS,1992,4.90,
dataflow,ESTAT:HLTH_HC_PHYS(1.0),A,NR_HAB,GEN_SPEC,IS,1993,4.90,
dataflow,ESTAT:HLTH_HC_PHYS(1.0),A,NR_HAB,GEN_SPEC,IS,1994,4.90,
dataflow,ESTAT:HLTH_HC_PHYS(1.0),A,NR_HAB,GEN_SPEC,IS,1995,5.10,
dataflow,ESTAT:HLTH_HC_PHYS(1.0),A,NR_HAB,GEN_SPEC,IS,1996,5.20,
dataflow,ESTAT:HLTH_HC_PHYS(1.0),A,NR_HAB,GEN_SPEC,IS,1997,5.20,
dataflow,ESTAT:HLTH_HC_PHYS(1.0),A,NR_HAB,GEN_SPEC,IS,1998,5.10,
dataflow,ESTAT:HLTH_HC_PHYS(1.0),A,NR_HAB,GEN_SPEC,IS,1999,5.60,
dataflow,ESTAT:HLTH_HC_PHYS(1.0),A,NR_HAB,GEN_SPEC,IS,2000,5.80,
dataflow,ESTAT:HLTH_HC_PHYS(1.0),A,NR_HAB,GEN_SPEC,IS,2001,5.90,
dataflow,ESTAT:HLTH_HC_PHYS(1.0),A,NR_HAB,GEN_SPEC,IS,2002,6.10,
dataflow,ESTAT:HLTH_HC_PHYS(1.0),A,NR_HAB,GEN_SPEC,IS,2003,6.20,
dataflow,ESTAT:HLTH_HC_PHYS(1.0),A,NR_HAB,GEN_SPEC,IS,2004,6.30,
dataflow,ESTAT:HLTH_HC_PHYS(1.0),A,NR_HAB,GEN_SPEC,IS,2005,6.50,
dataflow,ESTAT:HLTH_HC_PHYS(1.0),A,NR_HAB,GEN_SPEC,IS,2006,6.30,
dataflow,ESTAT:HLTH_HC_PHYS(1.0),A,NR_HAB,GEN_SPEC,IS,2007,6.50,
dataflow,ESTAT:HLTH_HC_PHYS(1.0),A,NR_HAB,GEN_SPEC,IS,2008,6.40,b
dataflow,ESTAT:HLTH_HC_PHYS(1.0),A,NR_HAB,GEN_SPEC,IS,2009,6.40,
dataflow,ESTAT:HLTH_HC_PHYS(1.0),A,NR_HAB,GEN_SPEC,IS,2010,6.10,
dataflow,ESTAT:HLTH_HC_PHYS(1.0),A,NR_HAB,GEN_SPEC,IS,2011,6.10,
dataflow,ESTAT:HLTH_HC_PHYS(1.0),A,NR_HAB,GEN_SPEC,IS,2012,5.90,
dataflow,ESTAT:HLTH_HC_PHYS(1.0),A,NR_HAB,GEN_SPEC,IS,2013,6.00,
dataflow,ESTAT:HLTH_HC_PHYS(1.0),A,NR_HAB,GEN_SPEC,IS,2014,5.90,
dataflow,ESTAT:HLTH_HC_PHYS(1.0),A,NR_HAB,GEN_SPEC,IT,1991,6.80,
dataflow,ESTAT:HLTH_HC_PHYS(1.0),A,NR_HAB,GEN_SPEC,IT,1994,6.60,
dataflow,ESTAT:HLTH_HC_PHYS(1.0),A,NR_HAB,GEN_SPEC,IT,1999,6.00,
dataflow,ESTAT:HLTH_HC_PHYS(1.0),A,NR_HAB,GEN_SPEC,IT,2000,6.10,
dataflow,ESTAT:HLTH_HC_PHYS(1.0),A,NR_HAB,GEN_SPEC,IT,2005,6.10,
dataflow,ESTAT:HLTH_HC_PHYS(1.0),A,NR_HAB,GEN_SPEC,IT,2013,6.80,
dataflow,ESTAT:HLTH_HC_PHYS(1.0),A,NR_HAB,GEN_SPEC,IT,2014,9.82,be
dataflow,ESTAT:HLTH_HC_PHYS(1.0),A,NR_HAB,GEN_SPEC,IT,2015,9.64,e
dataflow,ESTAT:HLTH_HC_PHYS(1.0),A,NR_HAB,GEN_SPEC,IT,2016,9.86,e
dataflow,ESTAT:HLTH_HC_PHYS(1.0),A,NR_HAB,GEN_SPEC,IT,2017,10.14,e
dataflow,ESTAT:HLTH_HC_PHYS(1.0),A,NR_HAB,GEN_SPEC,IT,2018,10.34,e
dataflow,ESTAT:HLTH_HC_PHYS(1.0),A,NR_HAB,GEN_SPEC,IT,2019,10.42,e
dataflow,ESTAT:HLTH_HC_PHYS(1.0),A,NR_HAB,GEN_SPEC,IT,2020,5.25,e
dataflow,ESTAT:HLTH_HC_PHYS(1.0),A,NR_HAB,GEN_SPEC,LI,2009,9.00,d
dataflow,ESTAT:HLTH_HC_PHYS(1.0),A,NR_HAB,GEN_SPEC,LI,2010,9.10,d
dataflow,ESTAT:HLTH_HC_PHYS(1.0),A,NR_HAB,GEN_SPEC,LI,2011,9.30,d
dataflow,ESTAT:HLTH_HC_PHYS(1.0),A,NR_HAB,GEN_SPEC,LI,2012,9.20,d
dataflow,ESTAT:HLTH_HC_PHYS(1.0),A,NR_HAB,GEN_SPEC,LI,2014,8.20,d
dataflow,ESTAT:HLTH_HC_PHYS(1.0),A,NR_HAB,GEN_SPEC,LI,2015,8.10,d
dataflow,ESTAT:HLTH_HC_PHYS(1.0),A,NR_HAB,GEN_SPEC,LI,2016,8.00,d
dataflow,ESTAT:HLTH_HC_PHYS(1.0),A,NR_HAB,GEN_SPEC,LI,2017,9.00,d
dataflow,ESTAT:HLTH_HC_PHYS(1.0),A,NR_HAB,GEN_SPEC,LI,2018,10.30,d
dataflow,ESTAT:HLTH_HC_PHYS(1.0),A,NR_HAB,GEN_SPEC,LI,2019,10.50,d
dataflow,ESTAT:HLTH_HC_PHYS(1.0),A,NR_HAB,GEN_SPEC,LI,2020,8.50,d
dataflow,ESTAT:HLTH_HC_PHYS(1.0),A,NR_HAB,GEN_SPEC,LT,1980,9.10,
dataflow,ESTAT:HLTH_HC_PHYS(1.0),A,NR_HAB,GEN_SPEC,LT,1985,13.20,
dataflow,ESTAT:HLTH_HC_PHYS(1.0),A,NR_HAB,GEN_SPEC,LT,1986,10.70,
dataflow,ESTAT:HLTH_HC_PHYS(1.0),A,NR_HAB,GEN_SPEC,LT,1987,9.90,
dataflow,ESTAT:HLTH_HC_PHYS(1.0),A,NR_HAB,GEN_SPEC,LT,1988,9.50,
dataflow,ESTAT:HLTH_HC_PHYS(1.0),A,NR_HAB,GEN_SPEC,LT,1989,8.50,
dataflow,ESTAT:HLTH_HC_PHYS(1.0),A,NR_HAB,GEN_SPEC,LT,1990,9.60,
dataflow,ESTAT:HLTH_HC_PHYS(1.0),A,NR_HAB,GEN_SPEC,LT,1991,9.50,
dataflow,ESTAT:HLTH_HC_PHYS(1.0),A,NR_HAB,GEN_SPEC,LT,1992,8.70,
dataflow,ESTAT:HLTH_HC_PHYS(1.0),A,NR_HAB,GEN_SPEC,LT,1993,8.20,
dataflow,ESTAT:HLTH_HC_PHYS(1.0),A,NR_HAB,GEN_SPEC,LT,1994,7.70,
dataflow,ESTAT:HLTH_HC_PHYS(1.0),A,NR_HAB,GEN_SPEC,LT,1995,7.10,
dataflow,ESTAT:HLTH_HC_PHYS(1.0),A,NR_HAB,GEN_SPEC,LT,1996,7.10,
dataflow,ESTAT:HLTH_HC_PHYS(1.0),A,NR_HAB,GEN_SPEC,LT,1997,7.30,
dataflow,ESTAT:HLTH_HC_PHYS(1.0),A,NR_HAB,GEN_SPEC,LT,1998,7.00,
dataflow,ESTAT:HLTH_HC_PHYS(1.0),A,NR_HAB,GEN_SPEC,LT,1999,6.80,
dataflow,ESTAT:HLTH_HC_PHYS(1.0),A,NR_HAB,GEN_SPEC,LT,2000,6.40,
dataflow,ESTAT:HLTH_HC_PHYS(1.0),A,NR_HAB,GEN_SPEC,LT,2001,6.63,
dataflow,ESTAT:HLTH_HC_PHYS(1.0),A,NR_HAB,GEN_SPEC,LT,2002,6.48,
dataflow,ESTAT:HLTH_HC_PHYS(1.0),A,NR_HAB,GEN_SPEC,LT,2003,6.56,
dataflow,ESTAT:HLTH_HC_PHYS(1.0),A,NR_HAB,GEN_SPEC,LT,2004,6.73,
dataflow,ESTAT:HLTH_HC_PHYS(1.0),A,NR_HAB,GEN_SPEC,LT,2005,6.96,
dataflow,ESTAT:HLTH_HC_PHYS(1.0),A,NR_HAB,GEN_SPEC,LT,2006,6.83,
dataflow,ESTAT:HLTH_HC_PHYS(1.0),A,NR_HAB,GEN_SPEC,LT,2007,7.15,
dataflow,ESTAT:HLTH_HC_PHYS(1.0),A,NR_HAB,GEN_SPEC,LT,2008,7.31,
dataflow,ESTAT:HLTH_HC_PHYS(1.0),A,NR_HAB,GEN_SPEC,LT,2009,7.23,
dataflow,ESTAT:HLTH_HC_PHYS(1.0),A,NR_HAB,GEN_SPEC,LT,2010,7.30,
dataflow,ESTAT:HLTH_HC_PHYS(1.0),A,NR_HAB,GEN_SPEC,LT,2011,7.65,
dataflow,ESTAT:HLTH_HC_PHYS(1.0),A,NR_HAB,GEN_SPEC,LT,2012,7.98,
dataflow,ESTAT:HLTH_HC_PHYS(1.0),A,NR_HAB,GEN_SPEC,LT,2013,8.11,
dataflow,ESTAT:HLTH_HC_PHYS(1.0),A,NR_HAB,GEN_SPEC,LT,2014,8.63,
dataflow,ESTAT:HLTH_HC_PHYS(1.0),A,NR_HAB,GEN_SPEC,LT,2015,8.82,
dataflow,ESTAT:HLTH_HC_PHYS(1.0),A,NR_HAB,GEN_SPEC,LT,2016,9.20,
dataflow,ESTAT:HLTH_HC_PHYS(1.0),A,NR_HAB,GEN_SPEC,LT,2017,9.50,
dataflow,ESTAT:HLTH_HC_PHYS(1.0),A,NR_HAB,GEN_SPEC,LT,2018,9.85,
dataflow,ESTAT:HLTH_HC_PHYS(1.0),A,NR_HAB,GEN_SPEC,LT,2019,9.54,
dataflow,ESTAT:HLTH_HC_PHYS(1.0),A,NR_HAB,GEN_SPEC,LT,2020,6.26,
dataflow,ESTAT:HLTH_HC_PHYS(1.0),A,NR_HAB,GEN_SPEC,LU,2003,6.12,
dataflow,ESTAT:HLTH_HC_PHYS(1.0),A,NR_HAB,GEN_SPEC,LU,2004,5.95,
dataflow,ESTAT:HLTH_HC_PHYS(1.0),A,NR_HAB,GEN_SPEC,LU,2005,6.01,
dataflow,ESTAT:HLTH_HC_PHYS(1.0),A,NR_HAB,GEN_SPEC,LU,2006,5.91,
dataflow,ESTAT:HLTH_HC_PHYS(1.0),A,NR_HAB,GEN_SPEC,LU,2007,5.96,
dataflow,ESTAT:HLTH_HC_PHYS(1.0),A,NR_HAB,GEN_SPEC,LU,2008,6.03,
dataflow,ESTAT:HLTH_HC_PHYS(1.0),A,NR_HAB,GEN_SPEC,LU,2009,6.09,
dataflow,ESTAT:HLTH_HC_PHYS(1.0),A,NR_HAB,GEN_SPEC,LU,2010,5.84,
dataflow,ESTAT:HLTH_HC_PHYS(1.0),A,NR_HAB,GEN_SPEC,LU,2011,5.98,
dataflow,ESTAT:HLTH_HC_PHYS(1.0),A,NR_HAB,GEN_SPEC,LU,2012,5.97,
dataflow,ESTAT:HLTH_HC_PHYS(1.0),A,NR_HAB,GEN_SPEC,LU,2013,5.94,
dataflow,ESTAT:HLTH_HC_PHYS(1.0),A,NR_HAB,GEN_SPEC,LU,2014,5.90,
dataflow,ESTAT:HLTH_HC_PHYS(1.0),A,NR_HAB,GEN_SPEC,LU,2015,5.87,
dataflow,ESTAT:HLTH_HC_PHYS(1.0),A,NR_HAB,GEN_SPEC,LU,2016,5.95,
dataflow,ESTAT:HLTH_HC_PHYS(1.0),A,NR_HAB,GEN_SPEC,LU,2017,5.73,
dataflow,ESTAT:HLTH_HC_PHYS(1.0),A,NR_HAB,GEN_SPEC,LU,2018,5.78,
dataflow,ESTAT:HLTH_HC_PHYS(1.0),A,NR_HAB,GEN_SPEC,LU,2019,5.55,
dataflow,ESTAT:HLTH_HC_PHYS(1.0),A,NR_HAB,GEN_SPEC,LU,2020,4.37,p
dataflow,ESTAT:HLTH_HC_PHYS(1.0),A,NR_HAB,GEN_SPEC,LV,1980,9.80,
dataflow,ESTAT:HLTH_HC_PHYS(1.0),A,NR_HAB,GEN_SPEC,LV,1981,9.80,
dataflow,ESTAT:HLTH_HC_PHYS(1.0),A,NR_HAB,GEN_SPEC,LV,1982,10.10,
dataflow,ESTAT:HLTH_HC_PHYS(1.0),A,NR_HAB,GEN_SPEC,LV,1983,10.30,
dataflow,ESTAT:HLTH_HC_PHYS(1.0),A,NR_HAB,GEN_SPEC,LV,1984,10.40,
dataflow,ESTAT:HLTH_HC_PHYS(1.0),A,NR_HAB,GEN_SPEC,LV,1985,10.40,
dataflow,ESTAT:HLTH_HC_PHYS(1.0),A,NR_HAB,GEN_SPEC,LV,1986,10.60,
dataflow,ESTAT:HLTH_HC_PHYS(1.0),A,NR_HAB,GEN_SPEC,LV,1987,10.00,
dataflow,ESTAT:HLTH_HC_PHYS(1.0),A,NR_HAB,GEN_SPEC,LV,1988,9.40,
dataflow,ESTAT:HLTH_HC_PHYS(1.0),A,NR_HAB,GEN_SPEC,LV,1989,8.50,
dataflow,ESTAT:HLTH_HC_PHYS(1.0),A,NR_HAB,GEN_SPEC,LV,1990,8.10,
dataflow,ESTAT:HLTH_HC_PHYS(1.0),A,NR_HAB,GEN_SPEC,LV,1991,7.40,
dataflow,ESTAT:HLTH_HC_PHYS(1.0),A,NR_HAB,GEN_SPEC,LV,1992,6.10,
dataflow,ESTAT:HLTH_HC_PHYS(1.0),A,NR_HAB,GEN_SPEC,LV,1993,5.20,
dataflow,ESTAT:HLTH_HC_PHYS(1.0),A,NR_HAB,GEN_SPEC,LV,1994,5.10,
dataflow,ESTAT:HLTH_HC_PHYS(1.0),A,NR_HAB,GEN_SPEC,LV,1995,4.80,
dataflow,ESTAT:HLTH_HC_PHYS(1.0),A,NR_HAB,GEN_SPEC,LV,1996,4.30,
dataflow,ESTAT:HLTH_HC_PHYS(1.0),A,NR_HAB,GEN_SPEC,LV,1997,4.50,
dataflow,ESTAT:HLTH_HC_PHYS(1.0),A,NR_HAB,GEN_SPEC,LV,1998,4.60,
dataflow,ESTAT:HLTH_HC_PHYS(1.0),A,NR_HAB,GEN_SPEC,LV,1999,4.90,
dataflow,ESTAT:HLTH_HC_PHYS(1.0),A,NR_HAB,GEN_SPEC,LV,2000,4.80,
dataflow,ESTAT:HLTH_HC_PHYS(1.0),A,NR_HAB,GEN_SPEC,LV,2001,4.80,
dataflow,ESTAT:HLTH_HC_PHYS(1.0),A,NR_HAB,GEN_SPEC,LV,2002,4.60,
dataflow,ESTAT:HLTH_HC_PHYS(1.0),A,NR_HAB,GEN_SPEC,LV,2003,4.80,
dataflow,ESTAT:HLTH_HC_PHYS(1.0),A,NR_HAB,GEN_SPEC,LV,2004,5.10,
dataflow,ESTAT:HLTH_HC_PHYS(1.0),A,NR_HAB,GEN_SPEC,LV,2005,5.30,
dataflow,ESTAT:HLTH_HC_PHYS(1.0),A,NR_HAB,GEN_SPEC,LV,2006,5.60,
dataflow,ESTAT:HLTH_HC_PHYS(1.0),A,NR_HAB,GEN_SPEC,LV,2007,6.00,
dataflow,ESTAT:HLTH_HC_PHYS(1.0),A,NR_HAB,GEN_SPEC,LV,2008,6.20,
dataflow,ESTAT:HLTH_HC_PHYS(1.0),A,NR_HAB,GEN_SPEC,LV,2009,5.90,
dataflow,ESTAT:HLTH_HC_PHYS(1.0),A,NR_HAB,GEN_SPEC,LV,2010,5.90,
dataflow,ESTAT:HLTH_HC_PHYS(1.0),A,NR_HAB,GEN_SPEC,LV,2011,6.30,
dataflow,ESTAT:HLTH_HC_PHYS(1.0),A,NR_HAB,GEN_SPEC,LV,2012,7.00,
dataflow,ESTAT:HLTH_HC_PHYS(1.0),A,NR_HAB,GEN_SPEC,LV,2013,6.20,
dataflow,ESTAT:HLTH_HC_PHYS(1.0),A,NR_HAB,GEN_SPEC,LV,2014,5.80,
dataflow,ESTAT:HLTH_HC_PHYS(1.0),A,NR_HAB,GEN_SPEC,LV,2015,5.90,
dataflow,ESTAT:HLTH_HC_PHYS(1.0),A,NR_HAB,GEN_SPEC,LV,2016,5.90,
dataflow,ESTAT:HLTH_HC_PHYS(1.0),A,NR_HAB,GEN_SPEC,LV,2017,6.10,
dataflow,ESTAT:HLTH_HC_PHYS(1.0),A,NR_HAB,GEN_SPEC,LV,2018,6.00,
dataflow,ESTAT:HLTH_HC_PHYS(1.0),A,NR_HAB,GEN_SPEC,LV,2019,6.10,
dataflow,ESTAT:HLTH_HC_PHYS(1.0),A,NR_HAB,GEN_SPEC,LV,2020,5.10,
dataflow,ESTAT:HLTH_HC_PHYS(1.0),A,NR_HAB,GEN_SPEC,ME,2005,5.29,d
dataflow,ESTAT:HLTH_HC_PHYS(1.0),A,NR_HAB,GEN_SPEC,ME,2006,5.53,
dataflow,ESTAT:HLTH_HC_PHYS(1.0),A,NR_HAB,GEN_SPEC,ME,2007,5.63,
dataflow,ESTAT:HLTH_HC_PHYS(1.0),A,NR_HAB,GEN_SPEC,ME,2008,6.50,
dataflow,ESTAT:HLTH_HC_PHYS(1.0),A,NR_HAB,GEN_SPEC,ME,2009,5.95,
dataflow,ESTAT:HLTH_HC_PHYS(1.0),A,NR_HAB,GEN_SPEC,ME,2010,6.46,
dataflow,ESTAT:HLTH_HC_PHYS(1.0),A,NR_HAB,GEN_SPEC,ME,2011,6.88,
dataflow,ESTAT:HLTH_HC_PHYS(1.0),A,NR_HAB,GEN_SPEC,ME,2012,6.90,
dataflow,ESTAT:HLTH_HC_PHYS(1.0),A,NR_HAB,GEN_SPEC,ME,2013,7.07,
dataflow,ESTAT:HLTH_HC_PHYS(1.0),A,NR_HAB,GEN_SPEC,ME,2014,7.08,
dataflow,ESTAT:HLTH_HC_PHYS(1.0),A,NR_HAB,GEN_SPEC,ME,2015,7.25,
dataflow,ESTAT:HLTH_HC_PHYS(1.0),A,NR_HAB,GEN_SPEC,ME,2016,7.03,
dataflow,ESTAT:HLTH_HC_PHYS(1.0),A,NR_HAB,GEN_SPEC,ME,2017,7.31,d
dataflow,ESTAT:HLTH_HC_PHYS(1.0),A,NR_HAB,GEN_SPEC,ME,2018,7.98,b
dataflow,ESTAT:HLTH_HC_PHYS(1.0),A,NR_HAB,GEN_SPEC,ME,2019,8.37,
dataflow,ESTAT:HLTH_HC_PHYS(1.0),A,NR_HAB,GEN_SPEC,ME,2020,7.24,
dataflow,ESTAT:HLTH_HC_PHYS(1.0),A,NR_HAB,GEN_SPEC,MK,2014,7.50,
dataflow,ESTAT:HLTH_HC_PHYS(1.0),A,NR_HAB,GEN_SPEC,MK,2015,7.50,
dataflow,ESTAT:HLTH_HC_PHYS(1.0),A,NR_HAB,GEN_SPEC,MK,2016,8.90,
dataflow,ESTAT:HLTH_HC_PHYS(1.0),A,NR_HAB,GEN_SPEC,MK,2017,8.80,
dataflow,ESTAT:HLTH_HC_PHYS(1.0),A,NR_HAB,GEN_SPEC,MK,2018,9.50,
dataflow,ESTAT:HLTH_HC_PHYS(1.0),A,NR_HAB,GEN_SPEC,MK,2019,9.30,
dataflow,ESTAT:HLTH_HC_PHYS(1.0),A,NR_HAB,GEN_SPEC,MK,2020,9.10,
dataflow,ESTAT:HLTH_HC_PHYS(1.0),A,NR_HAB,GEN_SPEC,NL,1966,4.20,
dataflow,ESTAT:HLTH_HC_PHYS(1.0),A,NR_HAB,GEN_SPEC,NL,1967,4.20,
dataflow,ESTAT:HLTH_HC_PHYS(1.0),A,NR_HAB,GEN_SPEC,NL,1968,4.20,
dataflow,ESTAT:HLTH_HC_PHYS(1.0),A,NR_HAB,GEN_SPEC,NL,1980,4.90,
dataflow,ESTAT:HLTH_HC_PHYS(1.0),A,NR_HAB,GEN_SPEC,NL,1981,5.30,
dataflow,ESTAT:HLTH_HC_PHYS(1.0),A,NR_HAB,GEN_SPEC,NL,1982,5.00,
dataflow,ESTAT:HLTH_HC_PHYS(1.0),A,NR_HAB,GEN_SPEC,NL,1983,5.20,
dataflow,ESTAT:HLTH_HC_PHYS(1.0),A,NR_HAB,GEN_SPEC,NL,1984,5.10,
dataflow,ESTAT:HLTH_HC_PHYS(1.0),A,NR_HAB,GEN_SPEC,NL,1985,5.20,
dataflow,ESTAT:HLTH_HC_PHYS(1.0),A,NR_HAB,GEN_SPEC,NL,1986,5.10,
dataflow,ESTAT:HLTH_HC_PHYS(1.0),A,NR_HAB,GEN_SPEC,NL,1987,5.50,
dataflow,ESTAT:HLTH_HC_PHYS(1.0),A,NR_HAB,GEN_SPEC,NL,1988,5.20,
dataflow,ESTAT:HLTH_HC_PHYS(1.0),A,NR_HAB,GEN_SPEC,NL,1989,5.50,
dataflow,ESTAT:HLTH_HC_PHYS(1.0),A,NR_HAB,GEN_SPEC,NL,1990,5.50,
dataflow,ESTAT:HLTH_HC_PHYS(1.0),A,NR_HAB,GEN_SPEC,NL,1991,5.40,
dataflow,ESTAT:HLTH_HC_PHYS(1.0),A,NR_HAB,GEN_SPEC,NL,1992,5.90,
dataflow,ESTAT:HLTH_HC_PHYS(1.0),A,NR_HAB,GEN_SPEC,NL,1993,5.70,
dataflow,ESTAT:HLTH_HC_PHYS(1.0),A,NR_HAB,GEN_SPEC,NL,1994,5.70,
dataflow,ESTAT:HLTH_HC_PHYS(1.0),A,NR_HAB,GEN_SPEC,NL,1995,5.70,
dataflow,ESTAT:HLTH_HC_PHYS(1.0),A,NR_HAB,GEN_SPEC,NL,1996,5.40,
dataflow,ESTAT:HLTH_HC_PHYS(1.0),A,NR_HAB,GEN_SPEC,NL,1997,5.90,
dataflow,ESTAT:HLTH_HC_PHYS(1.0),A,NR_HAB,GEN_SPEC,NL,1998,5.60,
dataflow,ESTAT:HLTH_HC_PHYS(1.0),A,NR_HAB,GEN_SPEC,NL,1999,5.80,
dataflow,ESTAT:HLTH_HC_PHYS(1.0),A,NR_HAB,GEN_SPEC,NL,2000,5.90,
dataflow,ESTAT:HLTH_HC_PHYS(1.0),A,NR_HAB,GEN_SPEC,NL,2001,5.80,
dataflow,ESTAT:HLTH_HC_PHYS(1.0),A,NR_HAB,GEN_SPEC,NL,2002,5.60,
dataflow,ESTAT:HLTH_HC_PHYS(1.0),A,NR_HAB,GEN_SPEC,NL,2003,5.50,
dataflow,ESTAT:HLTH_HC_PHYS(1.0),A,NR_HAB,GEN_SPEC,NL,2004,5.30,
dataflow,ESTAT:HLTH_HC_PHYS(1.0),A,NR_HAB,GEN_SPEC,NL,2005,5.40,
dataflow,ESTAT:HLTH_HC_PHYS(1.0),A,NR_HAB,GEN_SPEC,NL,2006,5.60,
dataflow,ESTAT:HLTH_HC_PHYS(1.0),A,NR_HAB,GEN_SPEC,NL,2007,5.70,
dataflow,ESTAT:HLTH_HC_PHYS(1.0),A,NR_HAB,GEN_SPEC,NL,2008,5.90,
dataflow,ESTAT:HLTH_HC_PHYS(1.0),A,NR_HAB,GEN_SPEC,NL,2009,5.70,
dataflow,ESTAT:HLTH_HC_PHYS(1.0),A,NR_HAB,GEN_SPEC,NL,2010,6.60,bd
dataflow,ESTAT:HLTH_HC_PHYS(1.0),A,NR_HAB,GEN_SPEC,NL,2011,6.60,d
dataflow,ESTAT:HLTH_HC_PHYS(1.0),A,NR_HAB,GEN_SPEC,NL,2012,6.20,d
dataflow,ESTAT:HLTH_HC_PHYS(1.0),A,NR_HAB,GEN_SPEC,NL,2013,6.20,d
dataflow,ESTAT:HLTH_HC_PHYS(1.0),A,NR_HAB,GEN_SPEC,NL,2014,8.00,bd
dataflow,ESTAT:HLTH_HC_PHYS(1.0),A,NR_HAB,GEN_SPEC,NL,2015,8.20,d
dataflow,ESTAT:HLTH_HC_PHYS(1.0),A,NR_HAB,GEN_SPEC,NL,2016,8.80,d
dataflow,ESTAT:HLTH_HC_PHYS(1.0),A,NR_HAB,GEN_SPEC,NL,2017,8.30,d
dataflow,ESTAT:HLTH_HC_PHYS(1.0),A,NR_HAB,GEN_SPEC,NL,2018,9.00,d
dataflow,ESTAT:HLTH_HC_PHYS(1.0),A,NR_HAB,GEN_SPEC,NL,2019,8.80,d
dataflow,ESTAT:HLTH_HC_PHYS(1.0),A,NR_HAB,GEN_SPEC,NL,2020,8.40,d
dataflow,ESTAT:HLTH_HC_PHYS(1.0),A,NR_HAB,GEN_SPEC,NO,1975,4.50,
dataflow,ESTAT:HLTH_HC_PHYS(1.0),A,NR_HAB,GEN_SPEC,NO,1985,5.70,
dataflow,ESTAT:HLTH_HC_PHYS(1.0),A,NR_HAB,GEN_SPEC,NO,1991,3.80,
dataflow,ESTAT:HLTH_HC_PHYS(1.0),A,NR_HAB,GEN_SPEC,NO,2006,3.70,e
dataflow,ESTAT:HLTH_HC_PHYS(1.0),A,NR_HAB,GEN_SPEC,NO,2007,3.80,e
dataflow,ESTAT:HLTH_HC_PHYS(1.0),A,NR_HAB,GEN_SPEC,NO,2008,3.90,e
dataflow,ESTAT:HLTH_HC_PHYS(1.0),A,NR_HAB,GEN_SPEC,NO,2009,4.00,e
dataflow,ESTAT:HLTH_HC_PHYS(1.0),A,NR_HAB,GEN_SPEC,NO,2010,4.10,e
dataflow,ESTAT:HLTH_HC_PHYS(1.0),A,NR_HAB,GEN_SPEC,NO,2011,4.40,b
dataflow,ESTAT:HLTH_HC_PHYS(1.0),A,NR_HAB,GEN_SPEC,NO,2012,4.40,
dataflow,ESTAT:HLTH_HC_PHYS(1.0),A,NR_HAB,GEN_SPEC,NO,2013,4.20,
dataflow,ESTAT:HLTH_HC_PHYS(1.0),A,NR_HAB,GEN_SPEC,NO,2014,4.30,
dataflow,ESTAT:HLTH_HC_PHYS(1.0),A,NR_HAB,GEN_SPEC,NO,2015,4.30,
dataflow,ESTAT:HLTH_HC_PHYS(1.0),A,NR_HAB,GEN_SPEC,NO,2016,4.40,
dataflow,ESTAT:HLTH_HC_PHYS(1.0),A,NR_HAB,GEN_SPEC,NO,2017,4.50,
dataflow,ESTAT:HLTH_HC_PHYS(1.0),A,NR_HAB,GEN_SPEC,NO,2018,4.50,
dataflow,ESTAT:HLTH_HC_PHYS(1.0),A,NR_HAB,GEN_SPEC,NO,2019,4.40,
dataflow,ESTAT:HLTH_HC_PHYS(1.0),A,NR_HAB,GEN_SPEC,NO,2020,3.70,
dataflow,ESTAT:HLTH_HC_PHYS(1.0),A,NR_HAB,GEN_SPEC,NO,2021,3.90,d
dataflow,ESTAT:HLTH_HC_PHYS(1.0),A,NR_HAB,GEN_SPEC,PL,1960,3.30,
dataflow,ESTAT:HLTH_HC_PHYS(1.0),A,NR_HAB,GEN_SPEC,PL,1965,3.70,
dataflow,ESTAT:HLTH_HC_PHYS(1.0),A,NR_HAB,GEN_SPEC,PL,1966,4.00,
dataflow,ESTAT:HLTH_HC_PHYS(1.0),A,NR_HAB,GEN_SPEC,PL,1967,4.10,
dataflow,ESTAT:HLTH_HC_PHYS(1.0),A,NR_HAB,GEN_SPEC,PL,1968,4.10,
dataflow,ESTAT:HLTH_HC_PHYS(1.0),A,NR_HAB,GEN_SPEC,PL,1969,4.50,
dataflow,ESTAT:HLTH_HC_PHYS(1.0),A,NR_HAB,GEN_SPEC,PL,1970,4.90,
dataflow,ESTAT:HLTH_HC_PHYS(1.0),A,NR_HAB,GEN_SPEC,PL,1971,5.40,
dataflow,ESTAT:HLTH_HC_PHYS(1.0),A,NR_HAB,GEN_SPEC,PL,1972,5.70,
dataflow,ESTAT:HLTH_HC_PHYS(1.0),A,NR_HAB,GEN_SPEC,PL,1973,6.00,
dataflow,ESTAT:HLTH_HC_PHYS(1.0),A,NR_HAB,GEN_SPEC,PL,1974,6.10,
dataflow,ESTAT:HLTH_HC_PHYS(1.0),A,NR_HAB,GEN_SPEC,PL,1975,6.20,
dataflow,ESTAT:HLTH_HC_PHYS(1.0),A,NR_HAB,GEN_SPEC,PL,1976,6.10,
dataflow,ESTAT:HLTH_HC_PHYS(1.0),A,NR_HAB,GEN_SPEC,PL,1977,6.30,
dataflow,ESTAT:HLTH_HC_PHYS(1.0),A,NR_HAB,GEN_SPEC,PL,1978,6.40,
dataflow,ESTAT:HLTH_HC_PHYS(1.0),A,NR_HAB,GEN_SPEC,PL,1979,6.20,
dataflow,ESTAT:HLTH_HC_PHYS(1.0),A,NR_HAB,GEN_SPEC,PL,1980,6.50,
dataflow,ESTAT:HLTH_HC_PHYS(1.0),A,NR_HAB,GEN_SPEC,PL,1981,5.90,
dataflow,ESTAT:HLTH_HC_PHYS(1.0),A,NR_HAB,GEN_SPEC,PL,1982,6.00,
dataflow,ESTAT:HLTH_HC_PHYS(1.0),A,NR_HAB,GEN_SPEC,PL,1983,6.10,
dataflow,ESTAT:HLTH_HC_PHYS(1.0),A,NR_HAB,GEN_SPEC,PL,1984,6.30,
dataflow,ESTAT:HLTH_HC_PHYS(1.0),A,NR_HAB,GEN_SPEC,PL,1985,6.40,
dataflow,ESTAT:HLTH_HC_PHYS(1.0),A,NR_HAB,GEN_SPEC,PL,1986,6.40,
dataflow,ESTAT:HLTH_HC_PHYS(1.0),A,NR_HAB,GEN_SPEC,PL,1987,6.30,
dataflow,ESTAT:HLTH_HC_PHYS(1.0),A,NR_HAB,GEN_SPEC,PL,1988,6.20,
dataflow,ESTAT:HLTH_HC_PHYS(1.0),A,NR_HAB,GEN_SPEC,PL,1989,6.00,
dataflow,ESTAT:HLTH_HC_PHYS(1.0),A,NR_HAB,GEN_SPEC,PL,1990,5.80,
dataflow,ESTAT:HLTH_HC_PHYS(1.0),A,NR_HAB,GEN_SPEC,PL,1991,5.80,b
dataflow,ESTAT:HLTH_HC_PHYS(1.0),A,NR_HAB,GEN_SPEC,PL,1992,5.40,
dataflow,ESTAT:HLTH_HC_PHYS(1.0),A,NR_HAB,GEN_SPEC,PL,1993,5.30,
dataflow,ESTAT:HLTH_HC_PHYS(1.0),A,NR_HAB,GEN_SPEC,PL,1994,5.40,
dataflow,ESTAT:HLTH_HC_PHYS(1.0),A,NR_HAB,GEN_SPEC,PL,1995,5.40,
dataflow,ESTAT:HLTH_HC_PHYS(1.0),A,NR_HAB,GEN_SPEC,PL,1996,5.20,
dataflow,ESTAT:HLTH_HC_PHYS(1.0),A,NR_HAB,GEN_SPEC,PL,1997,5.30,
dataflow,ESTAT:HLTH_HC_PHYS(1.0),A,NR_HAB,GEN_SPEC,PL,1998,5.40,b
dataflow,ESTAT:HLTH_HC_PHYS(1.0),A,NR_HAB,GEN_SPEC,PL,1999,5.30,
dataflow,ESTAT:HLTH_HC_PHYS(1.0),A,NR_HAB,GEN_SPEC,PL,2000,5.40,
dataflow,ESTAT:HLTH_HC_PHYS(1.0),A,NR_HAB,GEN_SPEC,PL,2001,5.50,
dataflow,ESTAT:HLTH_HC_PHYS(1.0),A,NR_HAB,GEN_SPEC,PL,2002,5.60,
dataflow,ESTAT:HLTH_HC_PHYS(1.0),A,NR_HAB,GEN_SPEC,PL,2003,6.10,b
dataflow,ESTAT:HLTH_HC_PHYS(1.0),A,NR_HAB,GEN_SPEC,PL,2004,6.20,
dataflow,ESTAT:HLTH_HC_PHYS(1.0),A,NR_HAB,GEN_SPEC,PL,2005,6.30,
dataflow,ESTAT:HLTH_HC_PHYS(1.0),A,NR_HAB,GEN_SPEC,PL,2006,6.60,
dataflow,ESTAT:HLTH_HC_PHYS(1.0),A,NR_HAB,GEN_SPEC,PL,2007,6.80,
dataflow,ESTAT:HLTH_HC_PHYS(1.0),A,NR_HAB,GEN_SPEC,PL,2008,6.80,
dataflow,ESTAT:HLTH_HC_PHYS(1.0),A,NR_HAB,GEN_SPEC,PL,2009,6.80,
dataflow,ESTAT:HLTH_HC_PHYS(1.0),A,NR_HAB,GEN_SPEC,PL,2010,6.60,
dataflow,ESTAT:HLTH_HC_PHYS(1.0),A,NR_HAB,GEN_SPEC,PL,2011,6.80,
dataflow,ESTAT:HLTH_HC_PHYS(1.0),A,NR_HAB,GEN_SPEC,PL,2012,7.00,
dataflow,ESTAT:HLTH_HC_PHYS(1.0),A,NR_HAB,GEN_SPEC,PL,2013,7.10,
dataflow,ESTAT:HLTH_HC_PHYS(1.0),A,NR_HAB,GEN_SPEC,PL,2014,7.20,
dataflow,ESTAT:HLTH_HC_PHYS(1.0),A,NR_HAB,GEN_SPEC,PL,2015,7.40,
dataflow,ESTAT:HLTH_HC_PHYS(1.0),A,NR_HAB,GEN_SPEC,PL,2016,7.50,
dataflow,ESTAT:HLTH_HC_PHYS(1.0),A,NR_HAB,GEN_SPEC,PL,2017,7.60,
dataflow,ESTAT:HLTH_HC_PHYS(1.0),A,NR_HAB,GEN_SPEC,PL,2018,7.60,
dataflow,ESTAT:HLTH_HC_PHYS(1.0),A,NR_HAB,GEN_SPEC,PL,2019,7.70,
dataflow,ESTAT:HLTH_HC_PHYS(1.0),A,NR_HAB,GEN_SPEC,PL,2020,6.80,
dataflow,ESTAT:HLTH_HC_PHYS(1.0),A,NR_HAB,GEN_SPEC,PT,1985,2.20,
dataflow,ESTAT:HLTH_HC_PHYS(1.0),A,NR_HAB,GEN_SPEC,PT,1986,2.40,
dataflow,ESTAT:HLTH_HC_PHYS(1.0),A,NR_HAB,GEN_SPEC,PT,1987,2.40,
dataflow,ESTAT:HLTH_HC_PHYS(1.0),A,NR_HAB,GEN_SPEC,PT,1988,2.80,
dataflow,ESTAT:HLTH_HC_PHYS(1.0),A,NR_HAB,GEN_SPEC,PT,1989,2.90,
dataflow,ESTAT:HLTH_HC_PHYS(1.0),A,NR_HAB,GEN_SPEC,PT,1990,3.00,
dataflow,ESTAT:HLTH_HC_PHYS(1.0),A,NR_HAB,GEN_SPEC,PT,1991,3.00,
dataflow,ESTAT:HLTH_HC_PHYS(1.0),A,NR_HAB,GEN_SPEC,PT,1992,3.10,
dataflow,ESTAT:HLTH_HC_PHYS(1.0),A,NR_HAB,GEN_SPEC,PT,1993,3.10,
dataflow,ESTAT:HLTH_HC_PHYS(1.0),A,NR_HAB,GEN_SPEC,PT,1994,3.10,
dataflow,ESTAT:HLTH_HC_PHYS(1.0),A,NR_HAB,GEN_SPEC,PT,1995,3.20,
dataflow,ESTAT:HLTH_HC_PHYS(1.0),A,NR_HAB,GEN_SPEC,PT,1996,3.20,
dataflow,ESTAT:HLTH_HC_PHYS(1.0),A,NR_HAB,GEN_SPEC,PT,1997,3.30,
dataflow,ESTAT:HLTH_HC_PHYS(1.0),A,NR_HAB,GEN_SPEC,PT,1998,3.40,
dataflow,ESTAT:HLTH_HC_PHYS(1.0),A,NR_HAB,GEN_SPEC,PT,1999,3.50,
dataflow,ESTAT:HLTH_HC_PHYS(1.0),A,NR_HAB,GEN_SPEC,PT,2000,3.50,
dataflow,ESTAT:HLTH_HC_PHYS(1.0),A,NR_HAB,GEN_SPEC,PT,2001,3.60,
dataflow,ESTAT:HLTH_HC_PHYS(1.0),A,NR_HAB,GEN_SPEC,PT,2002,3.70,
dataflow,ESTAT:HLTH_HC_PHYS(1.0),A,NR_HAB,GEN_SPEC,PT,2003,3.70,
dataflow,ESTAT:HLTH_HC_PHYS(1.0),A,NR_HAB,GEN_SPEC,PT,2004,3.80,
dataflow,ESTAT:HLTH_HC_PHYS(1.0),A,NR_HAB,GEN_SPEC,PT,2005,3.90,
dataflow,ESTAT:HLTH_HC_PHYS(1.0),A,NR_HAB,GEN_SPEC,PT,2006,3.90,
dataflow,ESTAT:HLTH_HC_PHYS(1.0),A,NR_HAB,GEN_SPEC,PT,2007,4.10,
dataflow,ESTAT:HLTH_HC_PHYS(1.0),A,NR_HAB,GEN_SPEC,PT,2008,4.50,
dataflow,ESTAT:HLTH_HC_PHYS(1.0),A,NR_HAB,GEN_SPEC,PT,2009,4.00,
dataflow,ESTAT:HLTH_HC_PHYS(1.0),A,NR_HAB,GEN_SPEC,PT,2010,4.10,
dataflow,ESTAT:HLTH_HC_PHYS(1.0),A,NR_HAB,GEN_SPEC,PT,2011,4.20,
dataflow,ESTAT:HLTH_HC_PHYS(1.0),A,NR_HAB,GEN_SPEC,PT,2012,4.10,
dataflow,ESTAT:HLTH_HC_PHYS(1.0),A,NR_HAB,GEN_SPEC,RO,1980,4.90,
dataflow,ESTAT:HLTH_HC_PHYS(1.0),A,NR_HAB,GEN_SPEC,RO,1985,5.00,
dataflow,ESTAT:HLTH_HC_PHYS(1.0),A,NR_HAB,GEN_SPEC,RO,1986,5.40,
dataflow,ESTAT:HLTH_HC_PHYS(1.0),A,NR_HAB,GEN_SPEC,RO,1987,5.40,
dataflow,ESTAT:HLTH_HC_PHYS(1.0),A,NR_HAB,GEN_SPEC,RO,1988,5.50,
dataflow,ESTAT:HLTH_HC_PHYS(1.0),A,NR_HAB,GEN_SPEC,RO,1989,5.40,
dataflow,ESTAT:HLTH_HC_PHYS(1.0),A,NR_HAB,GEN_SPEC,RO,1990,4.60,
dataflow,ESTAT:HLTH_HC_PHYS(1.0),A,NR_HAB,GEN_SPEC,RO,1991,4.10,
dataflow,ESTAT:HLTH_HC_PHYS(1.0),A,NR_HAB,GEN_SPEC,RO,1992,4.40,
dataflow,ESTAT:HLTH_HC_PHYS(1.0),A,NR_HAB,GEN_SPEC,RO,1993,4.50,
dataflow,ESTAT:HLTH_HC_PHYS(1.0),A,NR_HAB,GEN_SPEC,RO,1994,4.50,
dataflow,ESTAT:HLTH_HC_PHYS(1.0),A,NR_HAB,GEN_SPEC,RO,1995,4.50,
dataflow,ESTAT:HLTH_HC_PHYS(1.0),A,NR_HAB,GEN_SPEC,RO,1996,4.50,
dataflow,ESTAT:HLTH_HC_PHYS(1.0),A,NR_HAB,GEN_SPEC,RO,1997,4.20,
dataflow,ESTAT:HLTH_HC_PHYS(1.0),A,NR_HAB,GEN_SPEC,RO,1998,4.00,
dataflow,ESTAT:HLTH_HC_PHYS(1.0),A,NR_HAB,GEN_SPEC,RO,1999,3.80,
dataflow,ESTAT:HLTH_HC_PHYS(1.0),A,NR_HAB,GEN_SPEC,RO,2000,3.60,
dataflow,ESTAT:HLTH_HC_PHYS(1.0),A,NR_HAB,GEN_SPEC,RO,2001,3.80,
dataflow,ESTAT:HLTH_HC_PHYS(1.0),A,NR_HAB,GEN_SPEC,RO,2002,4.20,
dataflow,ESTAT:HLTH_HC_PHYS(1.0),A,NR_HAB,GEN_SPEC,RO,2003,4.10,
dataflow,ESTAT:HLTH_HC_PHYS(1.0),A,NR_HAB,GEN_SPEC,RO,2004,4.50,
dataflow,ESTAT:HLTH_HC_PHYS(1.0),A,NR_HAB,GEN_SPEC,RO,2005,4.80,
dataflow,ESTAT:HLTH_HC_PHYS(1.0),A,NR_HAB,GEN_SPEC,RO,2006,5.00,
dataflow,ESTAT:HLTH_HC_PHYS(1.0),A,NR_HAB,GEN_SPEC,RO,2007,4.90,
dataflow,ESTAT:HLTH_HC_PHYS(1.0),A,NR_HAB,GEN_SPEC,RO,2008,5.10,
dataflow,ESTAT:HLTH_HC_PHYS(1.0),A,NR_HAB,GEN_SPEC,RO,2009,5.20,
dataflow,ESTAT:HLTH_HC_PHYS(1.0),A,NR_HAB,GEN_SPEC,RO,2010,5.00,
dataflow,ESTAT:HLTH_HC_PHYS(1.0),A,NR_HAB,GEN_SPEC,RO,2011,4.80,
dataflow,ESTAT:HLTH_HC_PHYS(1.0),A,NR_HAB,GEN_SPEC,RO,2012,4.90,
dataflow,ESTAT:HLTH_HC_PHYS(1.0),A,NR_HAB,GEN_SPEC,RO,2013,4.80,
dataflow,ESTAT:HLTH_HC_PHYS(1.0),A,NR_HAB,GEN_SPEC,RO,2014,5.30,
dataflow,ESTAT:HLTH_HC_PHYS(1.0),A,NR_HAB,GEN_SPEC,RO,2015,5.40,
dataflow,ESTAT:HLTH_HC_PHYS(1.0),A,NR_HAB,GEN_SPEC,RO,2016,5.00,
dataflow,ESTAT:HLTH_HC_PHYS(1.0),A,NR_HAB,GEN_SPEC,RO,2017,5.00,
dataflow,ESTAT:HLTH_HC_PHYS(1.0),A,NR_HAB,GEN_SPEC,RO,2018,5.20,
dataflow,ESTAT:HLTH_HC_PHYS(1.0),A,NR_HAB,GEN_SPEC,RO,2019,5.30,
dataflow,ESTAT:HLTH_HC_PHYS(1.0),A,NR_HAB,GEN_SPEC,RO,2020,4.60,
dataflow,ESTAT:HLTH_HC_PHYS(1.0),A,NR_HAB,GEN_SPEC,RS,2006,6.90,
dataflow,ESTAT:HLTH_HC_PHYS(1.0),A,NR_HAB,GEN_SPEC,RS,2007,7.10,
dataflow,ESTAT:HLTH_HC_PHYS(1.0),A,NR_HAB,GEN_SPEC,RS,2008,7.40,
dataflow,ESTAT:HLTH_HC_PHYS(1.0),A,NR_HAB,GEN_SPEC,RS,2009,7.70,
dataflow,ESTAT:HLTH_HC_PHYS(1.0),A,NR_HAB,GEN_SPEC,RS,2010,7.70,
dataflow,ESTAT:HLTH_HC_PHYS(1.0),A,NR_HAB,GEN_SPEC,RS,2011,7.60,
dataflow,ESTAT:HLTH_HC_PHYS(1.0),A,NR_HAB,GEN_SPEC,RS,2012,7.50,
dataflow,ESTAT:HLTH_HC_PHYS(1.0),A,NR_HAB,GEN_SPEC,RS,2013,7.60,
dataflow,ESTAT:HLTH_HC_PHYS(1.0),A,NR_HAB,GEN_SPEC,RS,2014,7.80,
dataflow,ESTAT:HLTH_HC_PHYS(1.0),A,NR_HAB,GEN_SPEC,RS,2015,7.70,
dataflow,ESTAT:HLTH_HC_PHYS(1.0),A,NR_HAB,GEN_SPEC,RS,2016,7.70,
dataflow,ESTAT:HLTH_HC_PHYS(1.0),A,NR_HAB,GEN_SPEC,RS,2017,7.70,
dataflow,ESTAT:HLTH_HC_PHYS(1.0),A,NR_HAB,GEN_SPEC,RS,2018,7.50,
dataflow,ESTAT:HLTH_HC_PHYS(1.0),A,NR_HAB,GEN_SPEC,RS,2019,7.40,
dataflow,ESTAT:HLTH_HC_PHYS(1.0),A,NR_HAB,GEN_SPEC,RS,2020,5.50,
dataflow,ESTAT:HLTH_HC_PHYS(1.0),A,NR_HAB,GEN_SPEC,SE,2001,2.95,
dataflow,ESTAT:HLTH_HC_PHYS(1.0),A,NR_HAB,GEN_SPEC,SE,2002,2.96,
dataflow,ESTAT:HLTH_HC_PHYS(1.0),A,NR_HAB,GEN_SPEC,SE,2003,2.82,
dataflow,ESTAT:HLTH_HC_PHYS(1.0),A,NR_HAB,GEN_SPEC,SE,2004,2.79,
dataflow,ESTAT:HLTH_HC_PHYS(1.0),A,NR_HAB,GEN_SPEC,SE,2005,2.81,
dataflow,ESTAT:HLTH_HC_PHYS(1.0),A,NR_HAB,GEN_SPEC,SE,2006,2.84,
dataflow,ESTAT:HLTH_HC_PHYS(1.0),A,NR_HAB,GEN_SPEC,SE,2007,2.82,
dataflow,ESTAT:HLTH_HC_PHYS(1.0),A,NR_HAB,GEN_SPEC,SE,2008,2.86,
dataflow,ESTAT:HLTH_HC_PHYS(1.0),A,NR_HAB,GEN_SPEC,SE,2009,2.88,
dataflow,ESTAT:HLTH_HC_PHYS(1.0),A,NR_HAB,GEN_SPEC,SE,2010,2.91,
dataflow,ESTAT:HLTH_HC_PHYS(1.0),A,NR_HAB,GEN_SPEC,SE,2011,2.95,
dataflow,ESTAT:HLTH_HC_PHYS(1.0),A,NR_HAB,GEN_SPEC,SE,2012,2.94,
dataflow,ESTAT:HLTH_HC_PHYS(1.0),A,NR_HAB,GEN_SPEC,SE,2013,2.93,
dataflow,ESTAT:HLTH_HC_PHYS(1.0),A,NR_HAB,GEN_SPEC,SE,2014,2.91,
dataflow,ESTAT:HLTH_HC_PHYS(1.0),A,NR_HAB,GEN_SPEC,SE,2015,2.87,
dataflow,ESTAT:HLTH_HC_PHYS(1.0),A,NR_HAB,GEN_SPEC,SE,2016,2.84,
dataflow,ESTAT:HLTH_HC_PHYS(1.0),A,NR_HAB,GEN_SPEC,SE,2017,2.77,
dataflow,ESTAT:HLTH_HC_PHYS(1.0),A,NR_HAB,GEN_SPEC,SE,2018,2.67,
dataflow,ESTAT:HLTH_HC_PHYS(1.0),A,NR_HAB,GEN_SPEC,SE,2019,2.63,
dataflow,ESTAT:HLTH_HC_PHYS(1.0),A,NR_HAB,GEN_SPEC,SE,2020,2.19,
dataflow,ESTAT:HLTH_HC_PHYS(1.0),A,NR_HAB,GEN_SPEC,SI,2006,6.60,
dataflow,ESTAT:HLTH_HC_PHYS(1.0),A,NR_HAB,GEN_SPEC,SI,2007,6.70,
dataflow,ESTAT:HLTH_HC_PHYS(1.0),A,NR_HAB,GEN_SPEC,SI,2008,6.70,
dataflow,ESTAT:HLTH_HC_PHYS(1.0),A,NR_HAB,GEN_SPEC,SI,2009,6.60,
dataflow,ESTAT:HLTH_HC_PHYS(1.0),A,NR_HAB,GEN_SPEC,SI,2010,6.40,
dataflow,ESTAT:HLTH_HC_PHYS(1.0),A,NR_HAB,GEN_SPEC,SI,2011,6.50,
dataflow,ESTAT:HLTH_HC_PHYS(1.0),A,NR_HAB,GEN_SPEC,SI,2012,6.30,
dataflow,ESTAT:HLTH_HC_PHYS(1.0),A,NR_HAB,GEN_SPEC,SI,2013,6.50,
dataflow,ESTAT:HLTH_HC_PHYS(1.0),A,NR_HAB,GEN_SPEC,SI,2014,6.60,
dataflow,ESTAT:HLTH_HC_PHYS(1.0),A,NR_HAB,GEN_SPEC,SI,2015,6.80,
dataflow,ESTAT:HLTH_HC_PHYS(1.0),A,NR_HAB,GEN_SPEC,SI,2016,6.70,
dataflow,ESTAT:HLTH_HC_PHYS(1.0),A,NR_HAB,GEN_SPEC,SI,2017,6.60,
dataflow,ESTAT:HLTH_HC_PHYS(1.0),A,NR_HAB,GEN_SPEC,SI,2018,6.60,
dataflow,ESTAT:HLTH_HC_PHYS(1.0),A,NR_HAB,GEN_SPEC,SI,2019,6.70,
dataflow,ESTAT:HLTH_HC_PHYS(1.0),A,NR_HAB,GEN_SPEC,SI,2020,5.20,
dataflow,ESTAT:HLTH_HC_PHYS(1.0),A,NR_HAB,GEN_SPEC,SK,2007,11.11,
dataflow,ESTAT:HLTH_HC_PHYS(1.0),A,NR_HAB,GEN_SPEC,SK,2008,11.98,
dataflow,ESTAT:HLTH_HC_PHYS(1.0),A,NR_HAB,GEN_SPEC,SK,2009,11.47,
dataflow,ESTAT:HLTH_HC_PHYS(1.0),A,NR_HAB,GEN_SPEC,SK,2010,11.47,
dataflow,ESTAT:HLTH_HC_PHYS(1.0),A,NR_HAB,GEN_SPEC,SK,2011,10.93,
dataflow,ESTAT:HLTH_HC_PHYS(1.0),A,NR_HAB,GEN_SPEC,SK,2012,11.06,
dataflow,ESTAT:HLTH_HC_PHYS(1.0),A,NR_HAB,GEN_SPEC,SK,2013,10.95,
dataflow,ESTAT:HLTH_HC_PHYS(1.0),A,NR_HAB,GEN_SPEC,SK,2014,11.19,
dataflow,ESTAT:HLTH_HC_PHYS(1.0),A,NR_HAB,GEN_SPEC,SK,2015,11.31,
dataflow,ESTAT:HLTH_HC_PHYS(1.0),A,NR_HAB,GEN_SPEC,SK,2016,11.35,
dataflow,ESTAT:HLTH_HC_PHYS(1.0),A,NR_HAB,GEN_SPEC,SK,2017,10.90,
dataflow,ESTAT:HLTH_HC_PHYS(1.0),A,NR_HAB,GEN_SPEC,SK,2018,10.88,
dataflow,ESTAT:HLTH_HC_PHYS(1.0),A,NR_HAB,GEN_SPEC,SK,2019,11.12,
dataflow,ESTAT:HLTH_HC_PHYS(1.0),A,NR_HAB,GEN_SPEC,SK,2020,10.06,
dataflow,ESTAT:HLTH_HC_PHYS(1.0),A,NR_HAB,GEN_SPEC,TR,1960,0.70,
dataflow,ESTAT:HLTH_HC_PHYS(1.0),A,NR_HAB,GEN_SPEC,TR,1961,0.70,
dataflow,ESTAT:HLTH_HC_PHYS(1.0),A,NR_HAB,GEN_SPEC,TR,1962,0.70,
dataflow,ESTAT:HLTH_HC_PHYS(1.0),A,NR_HAB,GEN_SPEC,TR,1963,0.70,
dataflow,ESTAT:HLTH_HC_PHYS(1.0),A,NR_HAB,GEN_SPEC,TR,1964,0.80,
dataflow,ESTAT:HLTH_HC_PHYS(1.0),A,NR_HAB,GEN_SPEC,TR,1965,0.80,
dataflow,ESTAT:HLTH_HC_PHYS(1.0),A,NR_HAB,GEN_SPEC,TR,1966,0.80,
dataflow,ESTAT:HLTH_HC_PHYS(1.0),A,NR_HAB,GEN_SPEC,TR,1967,0.80,
dataflow,ESTAT:HLTH_HC_PHYS(1.0),A,NR_HAB,GEN_SPEC,TR,1968,0.80,
dataflow,ESTAT:HLTH_HC_PHYS(1.0),A,NR_HAB,GEN_SPEC,TR,1969,0.80,
dataflow,ESTAT:HLTH_HC_PHYS(1.0),A,NR_HAB,GEN_SPEC,TR,1970,0.80,
dataflow,ESTAT:HLTH_HC_PHYS(1.0),A,NR_HAB,GEN_SPEC,TR,1971,0.90,
dataflow,ESTAT:HLTH_HC_PHYS(1.0),A,NR_HAB,GEN_SPEC,TR,1972,0.90,
dataflow,ESTAT:HLTH_HC_PHYS(1.0),A,NR_HAB,GEN_SPEC,TR,1973,0.90,
dataflow,ESTAT:HLTH_HC_PHYS(1.0),A,NR_HAB,GEN_SPEC,TR,1974,0.90,
dataflow,ESTAT:HLTH_HC_PHYS(1.0),A,NR_HAB,GEN_SPEC,TR,1975,0.90,
dataflow,ESTAT:HLTH_HC_PHYS(1.0),A,NR_HAB,GEN_SPEC,TR,1976,0.90,
dataflow,ESTAT:HLTH_HC_PHYS(1.0),A,NR_HAB,GEN_SPEC,TR,1977,0.90,
dataflow,ESTAT:HLTH_HC_PHYS(1.0),A,NR_HAB,GEN_SPEC,TR,1978,0.90,
dataflow,ESTAT:HLTH_HC_PHYS(1.0),A,NR_HAB,GEN_SPEC,TR,1979,1.00,
dataflow,ESTAT:HLTH_HC_PHYS(1.0),A,NR_HAB,GEN_SPEC,TR,1980,1.00,
dataflow,ESTAT:HLTH_HC_PHYS(1.0),A,NR_HAB,GEN_SPEC,TR,1981,1.00,
dataflow,ESTAT:HLTH_HC_PHYS(1.0),A,NR_HAB,GEN_SPEC,TR,1982,1.00,
dataflow,ESTAT:HLTH_HC_PHYS(1.0),A,NR_HAB,GEN_SPEC,TR,1983,1.00,
dataflow,ESTAT:HLTH_HC_PHYS(1.0),A,NR_HAB,GEN_SPEC,TR,1984,1.10,
dataflow,ESTAT:HLTH_HC_PHYS(1.0),A,NR_HAB,GEN_SPEC,TR,1985,1.10,
dataflow,ESTAT:HLTH_HC_PHYS(1.0),A,NR_HAB,GEN_SPEC,TR,1986,1.10,
dataflow,ESTAT:HLTH_HC_PHYS(1.0),A,NR_HAB,GEN_SPEC,TR,1987,1.10,
dataflow,ESTAT:HLTH_HC_PHYS(1.0),A,NR_HAB,GEN_SPEC,TR,1988,1.20,
dataflow,ESTAT:HLTH_HC_PHYS(1.0),A,NR_HAB,GEN_SPEC,TR,1989,1.30,
dataflow,ESTAT:HLTH_HC_PHYS(1.0),A,NR_HAB,GEN_SPEC,TR,1990,1.30,
dataflow,ESTAT:HLTH_HC_PHYS(1.0),A,NR_HAB,GEN_SPEC,TR,1991,1.30,
dataflow,ESTAT:HLTH_HC_PHYS(1.0),A,NR_HAB,GEN_SPEC,TR,1992,1.30,
dataflow,ESTAT:HLTH_HC_PHYS(1.0),A,NR_HAB,GEN_SPEC,TR,1993,1.60,
dataflow,ESTAT:HLTH_HC_PHYS(1.0),A,NR_HAB,GEN_SPEC,TR,1994,1.70,
dataflow,ESTAT:HLTH_HC_PHYS(1.0),A,NR_HAB,GEN_SPEC,TR,1995,1.80,
dataflow,ESTAT:HLTH_HC_PHYS(1.0),A,NR_HAB,GEN_SPEC,TR,1996,2.00,
dataflow,ESTAT:HLTH_HC_PHYS(1.0),A,NR_HAB,GEN_SPEC,TR,1997,2.20,
dataflow,ESTAT:HLTH_HC_PHYS(1.0),A,NR_HAB,GEN_SPEC,TR,1998,2.40,
dataflow,ESTAT:HLTH_HC_PHYS(1.0),A,NR_HAB,GEN_SPEC,TR,1999,2.60,
dataflow,ESTAT:HLTH_HC_PHYS(1.0),A,NR_HAB,GEN_SPEC,TR,2000,2.80,
dataflow,ESTAT:HLTH_HC_PHYS(1.0),A,NR_HAB,GEN_SPEC,TR,2001,3.00,
dataflow,ESTAT:HLTH_HC_PHYS(1.0),A,NR_HAB,GEN_SPEC,TR,2002,3.10,
dataflow,ESTAT:HLTH_HC_PHYS(1.0),A,NR_HAB,GEN_SPEC,TR,2003,3.40,
dataflow,ESTAT:HLTH_HC_PHYS(1.0),A,NR_HAB,GEN_SPEC,TR,2004,3.70,
dataflow,ESTAT:HLTH_HC_PHYS(1.0),A,NR_HAB,GEN_SPEC,TR,2005,4.60,
dataflow,ESTAT:HLTH_HC_PHYS(1.0),A,NR_HAB,GEN_SPEC,TR,2006,5.30,
dataflow,ESTAT:HLTH_HC_PHYS(1.0),A,NR_HAB,GEN_SPEC,TR,2007,6.10,
dataflow,ESTAT:HLTH_HC_PHYS(1.0),A,NR_HAB,GEN_SPEC,TR,2008,6.70,
dataflow,ESTAT:HLTH_HC_PHYS(1.0),A,NR_HAB,GEN_SPEC,TR,2009,7.30,
dataflow,ESTAT:HLTH_HC_PHYS(1.0),A,NR_HAB,GEN_SPEC,TR,2010,7.30,
dataflow,ESTAT:HLTH_HC_PHYS(1.0),A,NR_HAB,GEN_SPEC,TR,2011,8.20,
dataflow,ESTAT:HLTH_HC_PHYS(1.0),A,NR_HAB,GEN_SPEC,TR,2012,8.20,
dataflow,ESTAT:HLTH_HC_PHYS(1.0),A,NR_HAB,GEN_SPEC,TR,2013,8.20,
dataflow,ESTAT:HLTH_HC_PHYS(1.0),A,NR_HAB,GEN_SPEC,TR,2014,8.30,
dataflow,ESTAT:HLTH_HC_PHYS(1.0),A,NR_HAB,GEN_SPEC,TR,2015,8.40,
dataflow,ESTAT:HLTH_HC_PHYS(1.0),A,NR_HAB,GEN_SPEC,TR,2016,8.60,
dataflow,ESTAT:HLTH_HC_PHYS(1.0),A,NR_HAB,GEN_SPEC,TR,2017,8.90,
dataflow,ESTAT:HLTH_HC_PHYS(1.0),A,NR_HAB,GEN_SPEC,TR,2018,9.50,
dataflow,ESTAT:HLTH_HC_PHYS(1.0),A,NR_HAB,GEN_SPEC,TR,2019,9.80,
dataflow,ESTAT:HLTH_HC_PHYS(1.0),A,NR_HAB,GEN_SPEC,TR,2020,7.20,
dataflow,ESTAT:HLTH_HC_PHYS(1.0),A,NR_HAB,GEN_SPEC,UK,1972,5.00,
dataflow,ESTAT:HLTH_HC_PHYS(1.0),A,NR_HAB,GEN_SPEC,UK,1973,4.50,
dataflow,ESTAT:HLTH_HC_PHYS(1.0),A,NR_HAB,GEN_SPEC,UK,1974,4.60,
dataflow,ESTAT:HLTH_HC_PHYS(1.0),A,NR_HAB,GEN_SPEC,UK,1975,4.50,
dataflow,ESTAT:HLTH_HC_PHYS(1.0),A,NR_HAB,GEN_SPEC,UK,1976,4.30,
dataflow,ESTAT:HLTH_HC_PHYS(1.0),A,NR_HAB,GEN_SPEC,UK,1977,4.70,
dataflow,ESTAT:HLTH_HC_PHYS(1.0),A,NR_HAB,GEN_SPEC,UK,1978,5.00,
dataflow,ESTAT:HLTH_HC_PHYS(1.0),A,NR_HAB,GEN_SPEC,UK,1979,5.00,
dataflow,ESTAT:HLTH_HC_PHYS(1.0),A,NR_HAB,GEN_SPEC,UK,1980,5.20,
dataflow,ESTAT:HLTH_HC_PHYS(1.0),A,NR_HAB,GEN_SPEC,UK,1981,4.80,
dataflow,ESTAT:HLTH_HC_PHYS(1.0),A,NR_HAB,GEN_SPEC,UK,1982,5.30,
dataflow,ESTAT:HLTH_HC_PHYS(1.0),A,NR_HAB,GEN_SPEC,UK,1983,5.60,
dataflow,ESTAT:HLTH_HC_PHYS(1.0),A,NR_HAB,GEN_SPEC,UK,1984,5.10,
dataflow,ESTAT:HLTH_HC_PHYS(1.0),A,NR_HAB,GEN_SPEC,UK,1985,5.10,
dataflow,ESTAT:HLTH_HC_PHYS(1.0),A,NR_HAB,GEN_SPEC,UK,1986,6.10,
dataflow,ESTAT:HLTH_HC_PHYS(1.0),A,NR_HAB,GEN_SPEC,UK,1987,6.60,
dataflow,ESTAT:HLTH_HC_PHYS(1.0),A,NR_HAB,GEN_SPEC,UK,1988,5.10,
dataflow,ESTAT:HLTH_HC_PHYS(1.0),A,NR_HAB,GEN_SPEC,UK,1989,5.60,
dataflow,ESTAT:HLTH_HC_PHYS(1.0),A,NR_HAB,GEN_SPEC,UK,1990,6.10,
dataflow,ESTAT:HLTH_HC_PHYS(1.0),A,NR_HAB,GEN_SPEC,UK,1991,5.60,
dataflow,ESTAT:HLTH_HC_PHYS(1.0),A,NR_HAB,GEN_SPEC,UK,1992,6.10,
dataflow,ESTAT:HLTH_HC_PHYS(1.0),A,NR_HAB,GEN_SPEC,UK,1993,6.60,
dataflow,ESTAT:HLTH_HC_PHYS(1.0),A,NR_HAB,GEN_SPEC,UK,1994,6.10,
dataflow,ESTAT:HLTH_HC_PHYS(1.0),A,NR_HAB,GEN_SPEC,UK,1995,6.10,
dataflow,ESTAT:HLTH_HC_PHYS(1.0),A,NR_HAB,GEN_SPEC,UK,1996,6.10,
dataflow,ESTAT:HLTH_HC_PHYS(1.0),A,NR_HAB,GEN_SPEC,UK,1998,5.40,
dataflow,ESTAT:HLTH_HC_PHYS(1.0),A,NR_HAB,GEN_SPEC,UK,2000,5.30,
dataflow,ESTAT:HLTH_HC_PHYS(1.0),A,NR_HAB,GEN_SPEC,UK,2001,5.10,
dataflow,ESTAT:HLTH_HC_PHYS(1.0),A,NR_HAB,GEN_SPEC,UK,2002,5.70,
dataflow,ESTAT:HLTH_HC_PHYS(1.0),A,NR_HAB,GEN_SPEC,UK,2003,5.20,
dataflow,ESTAT:HLTH_HC_PHYS(1.0),A,NR_HAB,GEN_SPEC,UK,2004,5.30,
dataflow,ESTAT:HLTH_HC_PHYS(1.0),A,NR_HAB,GEN_SPEC,UK,2005,5.00,
dataflow,ESTAT:HLTH_HC_PHYS(1.0),A,NR_HAB,GEN_SPEC,UK,2006,5.10,
dataflow,ESTAT:HLTH_HC_PHYS(1.0),A,NR_HAB,GEN_SPEC,UK,2007,5.00,
dataflow,ESTAT:HLTH_HC_PHYS(1.0),A,NR_HAB,GEN_SPEC,UK,2008,5.90,
dataflow,ESTAT:HLTH_HC_PHYS(1.0),A,NR_HAB,GEN_SPEC,UK,2009,5.00,
dataflow,ESTAT:HLTH_HC_PHYS(1.0),A,NR_HAB,GEN_SPEC_HOSP,CH,2013,1.95,
dataflow,ESTAT:HLTH_HC_PHYS(1.0),A,NR_HAB,GEN_SPEC_HOSP,CY,2000,1.52,
dataflow,ESTAT:HLTH_HC_PHYS(1.0),A,NR_HAB,GEN_SPEC_HOSP,CY,2001,1.39,
dataflow,ESTAT:HLTH_HC_PHYS(1.0),A,NR_HAB,GEN_SPEC_HOSP,CY,2002,1.42,
dataflow,ESTAT:HLTH_HC_PHYS(1.0),A,NR_HAB,GEN_SPEC_HOSP,CY,2003,1.44,
dataflow,ESTAT:HLTH_HC_PHYS(1.0),A,NR_HAB,GEN_SPEC_HOSP,CY,2004,1.51,
dataflow,ESTAT:HLTH_HC_PHYS(1.0),A,NR_HAB,GEN_SPEC_HOSP,CY,2005,1.51,
dataflow,ESTAT:HLTH_HC_PHYS(1.0),A,NR_HAB,GEN_SPEC_HOSP,CY,2006,1.43,
dataflow,ESTAT:HLTH_HC_PHYS(1.0),A,NR_HAB,GEN_SPEC_HOSP,CY,2007,1.41,
dataflow,ESTAT:HLTH_HC_PHYS(1.0),A,NR_HAB,GEN_SPEC_HOSP,CY,2008,1.49,
dataflow,ESTAT:HLTH_HC_PHYS(1.0),A,NR_HAB,GEN_SPEC_HOSP,CY,2009,1.16,b
dataflow,ESTAT:HLTH_HC_PHYS(1.0),A,NR_HAB,GEN_SPEC_HOSP,CY,2010,1.17,
dataflow,ESTAT:HLTH_HC_PHYS(1.0),A,NR_HAB,GEN_SPEC_HOSP,CY,2011,1.19,
dataflow,ESTAT:HLTH_HC_PHYS(1.0),A,NR_HAB,GEN_SPEC_HOSP,CY,2012,1.23,
dataflow,ESTAT:HLTH_HC_PHYS(1.0),A,NR_HAB,GEN_SPEC_HOSP,CY,2013,1.25,
dataflow,ESTAT:HLTH_HC_PHYS(1.0),A,NR_HAB,GEN_SPEC_HOSP,CZ,2004,2.50,
dataflow,ESTAT:HLTH_HC_PHYS(1.0),A,NR_HAB,GEN_SPEC_HOSP,CZ,2005,2.55,
dataflow,ESTAT:HLTH_HC_PHYS(1.0),A,NR_HAB,GEN_SPEC_HOSP,CZ,2006,2.54,
dataflow,ESTAT:HLTH_HC_PHYS(1.0),A,NR_HAB,GEN_SPEC_HOSP,CZ,2007,2.51,
dataflow,ESTAT:HLTH_HC_PHYS(1.0),A,NR_HAB,GEN_SPEC_HOSP,CZ,2008,2.39,
dataflow,ESTAT:HLTH_HC_PHYS(1.0),A,NR_HAB,GEN_SPEC_HOSP,CZ,2009,2.40,
dataflow,ESTAT:HLTH_HC_PHYS(1.0),A,NR_HAB,GEN_SPEC_HOSP,CZ,2010,2.38,
dataflow,ESTAT:HLTH_HC_PHYS(1.0),A,NR_HAB,GEN_SPEC_HOSP,CZ,2011,2.38,
dataflow,ESTAT:HLTH_HC_PHYS(1.0),A,NR_HAB,GEN_SPEC_HOSP,CZ,2012,2.37,
dataflow,ESTAT:HLTH_HC_PHYS(1.0),A,NR_HAB,GEN_SPEC_HOSP,CZ,2013,2.42,
dataflow,ESTAT:HLTH_HC_PHYS(1.0),A,NR_HAB,GEN_SPEC_HOSP,EE,2000,2.75,
dataflow,ESTAT:HLTH_HC_PHYS(1.0),A,NR_HAB,GEN_SPEC_HOSP,EE,2001,2.47,
dataflow,ESTAT:HLTH_HC_PHYS(1.0),A,NR_HAB,GEN_SPEC_HOSP,EE,2002,2.38,
dataflow,ESTAT:HLTH_HC_PHYS(1.0),A,NR_HAB,GEN_SPEC_HOSP,EE,2003,2.21,
dataflow,ESTAT:HLTH_HC_PHYS(1.0),A,NR_HAB,GEN_SPEC_HOSP,EE,2004,2.26,
dataflow,ESTAT:HLTH_HC_PHYS(1.0),A,NR_HAB,GEN_SPEC_HOSP,EE,2005,2.28,
dataflow,ESTAT:HLTH_HC_PHYS(1.0),A,NR_HAB,GEN_SPEC_HOSP,EE,2006,2.23,
dataflow,ESTAT:HLTH_HC_PHYS(1.0),A,NR_HAB,GEN_SPEC_HOSP,EE,2007,2.29,
dataflow,ESTAT:HLTH_HC_PHYS(1.0),A,NR_HAB,GEN_SPEC_HOSP,EE,2008,2.28,
dataflow,ESTAT:HLTH_HC_PHYS(1.0),A,NR_HAB,GEN_SPEC_HOSP,EE,2009,2.21,
dataflow,ESTAT:HLTH_HC_PHYS(1.0),A,NR_HAB,GEN_SPEC_HOSP,EE,2010,2.18,
dataflow,ESTAT:HLTH_HC_PHYS(1.0),A,NR_HAB,GEN_SPEC_HOSP,EE,2011,2.23,
dataflow,ESTAT:HLTH_HC_PHYS(1.0),A,NR_HAB,GEN_SPEC_HOSP,EE,2012,2.21,
dataflow,ESTAT:HLTH_HC_PHYS(1.0),A,NR_HAB,GEN_SPEC_HOSP,EE,2013,2.19,
dataflow,ESTAT:HLTH_HC_PHYS(1.0),A,NR_HAB,GEN_SPEC_HOSP,ES,2000,1.57,
dataflow,ESTAT:HLTH_HC_PHYS(1.0),A,NR_HAB,GEN_SPEC_HOSP,ES,2001,1.59,
dataflow,ESTAT:HLTH_HC_PHYS(1.0),A,NR_HAB,GEN_SPEC_HOSP,ES,2002,1.61,
dataflow,ESTAT:HLTH_HC_PHYS(1.0),A,NR_HAB,GEN_SPEC_HOSP,ES,2003,1.62,
dataflow,ESTAT:HLTH_HC_PHYS(1.0),A,NR_HAB,GEN_SPEC_HOSP,ES,2004,1.66,
dataflow,ESTAT:HLTH_HC_PHYS(1.0),A,NR_HAB,GEN_SPEC_HOSP,ES,2005,1.65,
dataflow,ESTAT:HLTH_HC_PHYS(1.0),A,NR_HAB,GEN_SPEC_HOSP,ES,2006,1.67,
dataflow,ESTAT:HLTH_HC_PHYS(1.0),A,NR_HAB,GEN_SPEC_HOSP,ES,2007,1.72,
dataflow,ESTAT:HLTH_HC_PHYS(1.0),A,NR_HAB,GEN_SPEC_HOSP,ES,2008,1.74,
dataflow,ESTAT:HLTH_HC_PHYS(1.0),A,NR_HAB,GEN_SPEC_HOSP,ES,2009,1.79,
dataflow,ESTAT:HLTH_HC_PHYS(1.0),A,NR_HAB,GEN_SPEC_HOSP,ES,2010,1.86,
dataflow,ESTAT:HLTH_HC_PHYS(1.0),A,NR_HAB,GEN_SPEC_HOSP,ES,2011,1.90,
dataflow,ESTAT:HLTH_HC_PHYS(1.0),A,NR_HAB,GEN_SPEC_HOSP,ES,2012,1.90,
dataflow,ESTAT:HLTH_HC_PHYS(1.0),A,NR_HAB,GEN_SPEC_HOSP,ES,2013,1.98,
dataflow,ESTAT:HLTH_HC_PHYS(1.0),A,NR_HAB,GEN_SPEC_HOSP,FI,1998,1.14,
dataflow,ESTAT:HLTH_HC_PHYS(1.0),A,NR_HAB,GEN_SPEC_HOSP,FI,1999,1.11,
dataflow,ESTAT:HLTH_HC_PHYS(1.0),A,NR_HAB,GEN_SPEC_HOSP,FI,2000,1.10,
dataflow,ESTAT:HLTH_HC_PHYS(1.0),A,NR_HAB,GEN_SPEC_HOSP,FI,2001,1.08,
dataflow,ESTAT:HLTH_HC_PHYS(1.0),A,NR_HAB,GEN_SPEC_HOSP,FI,2002,1.12,
dataflow,ESTAT:HLTH_HC_PHYS(1.0),A,NR_HAB,GEN_SPEC_HOSP,FI,2003,1.15,
dataflow,ESTAT:HLTH_HC_PHYS(1.0),A,NR_HAB,GEN_SPEC_HOSP,FI,2004,1.19,
dataflow,ESTAT:HLTH_HC_PHYS(1.0),A,NR_HAB,GEN_SPEC_HOSP,FI,2005,1.20,
dataflow,ESTAT:HLTH_HC_PHYS(1.0),A,NR_HAB,GEN_SPEC_HOSP,FI,2006,1.29,
dataflow,ESTAT:HLTH_HC_PHYS(1.0),A,NR_HAB,GEN_SPEC_HOSP,FI,2007,1.32,
dataflow,ESTAT:HLTH_HC_PHYS(1.0),A,NR_HAB,GEN_SPEC_HOSP,FI,2008,1.40,
dataflow,ESTAT:HLTH_HC_PHYS(1.0),A,NR_HAB,GEN_SPEC_HOSP,FI,2009,1.40,
dataflow,ESTAT:HLTH_HC_PHYS(1.0),A,NR_HAB,GEN_SPEC_HOSP,FI,2010,1.47,
dataflow,ESTAT:HLTH_HC_PHYS(1.0),A,NR_HAB,GEN_SPEC_HOSP,FI,2011,1.53,
dataflow,ESTAT:HLTH_HC_PHYS(1.0),A,NR_HAB,GEN_SPEC_HOSP,FI,2012,1.54,
dataflow,ESTAT:HLTH_HC_PHYS(1.0),A,NR_HAB,GEN_SPEC_HOSP,FI,2013,1.57,
dataflow,ESTAT:HLTH_HC_PHYS(1.0),A,NR_HAB,GEN_SPEC_HOSP,FR,2004,0.70,
dataflow,ESTAT:HLTH_HC_PHYS(1.0),A,NR_HAB,GEN_SPEC_HOSP,FR,2005,0.69,
dataflow,ESTAT:HLTH_HC_PHYS(1.0),A,NR_HAB,GEN_SPEC_HOSP,FR,2006,0.68,
dataflow,ESTAT:HLTH_HC_PHYS(1.0),A,NR_HAB,GEN_SPEC_HOSP,FR,2007,0.68,
dataflow,ESTAT:HLTH_HC_PHYS(1.0),A,NR_HAB,GEN_SPEC_HOSP,FR,2008,0.71,
dataflow,ESTAT:HLTH_HC_PHYS(1.0),A,NR_HAB,GEN_SPEC_HOSP,FR,2009,0.74,
dataflow,ESTAT:HLTH_HC_PHYS(1.0),A,NR_HAB,GEN_SPEC_HOSP,FR,2010,0.74,
dataflow,ESTAT:HLTH_HC_PHYS(1.0),A,NR_HAB,GEN_SPEC_HOSP,FR,2011,0.80,
dataflow,ESTAT:HLTH_HC_PHYS(1.0),A,NR_HAB,GEN_SPEC_HOSP,FR,2012,0.81,
dataflow,ESTAT:HLTH_HC_PHYS(1.0),A,NR_HAB,GEN_SPEC_HOSP,FR,2013,0.61,b
dataflow,ESTAT:HLTH_HC_PHYS(1.0),A,NR_HAB,GEN_SPEC_HOSP,HR,2000,1.29,
dataflow,ESTAT:HLTH_HC_PHYS(1.0),A,NR_HAB,GEN_SPEC_HOSP,HR,2001,1.34,
dataflow,ESTAT:HLTH_HC_PHYS(1.0),A,NR_HAB,GEN_SPEC_HOSP,HR,2002,1.40,
dataflow,ESTAT:HLTH_HC_PHYS(1.0),A,NR_HAB,GEN_SPEC_HOSP,HR,2003,1.41,
dataflow,ESTAT:HLTH_HC_PHYS(1.0),A,NR_HAB,GEN_SPEC_HOSP,HR,2004,1.55,
dataflow,ESTAT:HLTH_HC_PHYS(1.0),A,NR_HAB,GEN_SPEC_HOSP,HR,2005,1.54,
dataflow,ESTAT:HLTH_HC_PHYS(1.0),A,NR_HAB,GEN_SPEC_HOSP,HR,2006,1.55,
dataflow,ESTAT:HLTH_HC_PHYS(1.0),A,NR_HAB,GEN_SPEC_HOSP,HR,2007,1.55,
dataflow,ESTAT:HLTH_HC_PHYS(1.0),A,NR_HAB,GEN_SPEC_HOSP,HR,2008,1.58,
dataflow,ESTAT:HLTH_HC_PHYS(1.0),A,NR_HAB,GEN_SPEC_HOSP,HR,2009,1.60,
dataflow,ESTAT:HLTH_HC_PHYS(1.0),A,NR_HAB,GEN_SPEC_HOSP,HR,2010,1.58,
dataflow,ESTAT:HLTH_HC_PHYS(1.0),A,NR_HAB,GEN_SPEC_HOSP,HR,2011,1.38,
dataflow,ESTAT:HLTH_HC_PHYS(1.0),A,NR_HAB,GEN_SPEC_HOSP,HR,2012,1.60,e
dataflow,ESTAT:HLTH_HC_PHYS(1.0),A,NR_HAB,GEN_SPEC_HOSP,HR,2013,1.79,e
dataflow,ESTAT:HLTH_HC_PHYS(1.0),A,NR_HAB,GEN_SPEC_HOSP,IE,2013,0.67,
dataflow,ESTAT:HLTH_HC_PHYS(1.0),A,NR_HAB,GEN_SPEC_HOSP,LI,2009,0.77,
dataflow,ESTAT:HLTH_HC_PHYS(1.0),A,NR_HAB,GEN_SPEC_HOSP,LI,2010,0.80,
dataflow,ESTAT:HLTH_HC_PHYS(1.0),A,NR_HAB,GEN_SPEC_HOSP,LI,2011,0.93,
dataflow,ESTAT:HLTH_HC_PHYS(1.0),A,NR_HAB,GEN_SPEC_HOSP,LI,2012,0.98,
dataflow,ESTAT:HLTH_HC_PHYS(1.0),A,NR_HAB,GEN_SPEC_HOSP,LT,2000,1.71,
dataflow,ESTAT:HLTH_HC_PHYS(1.0),A,NR_HAB,GEN_SPEC_HOSP,LT,2001,1.83,
dataflow,ESTAT:HLTH_HC_PHYS(1.0),A,NR_HAB,GEN_SPEC_HOSP,LT,2002,1.49,
dataflow,ESTAT:HLTH_HC_PHYS(1.0),A,NR_HAB,GEN_SPEC_HOSP,LT,2003,1.47,
dataflow,ESTAT:HLTH_HC_PHYS(1.0),A,NR_HAB,GEN_SPEC_HOSP,LT,2004,1.51,
dataflow,ESTAT:HLTH_HC_PHYS(1.0),A,NR_HAB,GEN_SPEC_HOSP,LT,2005,1.52,
dataflow,ESTAT:HLTH_HC_PHYS(1.0),A,NR_HAB,GEN_SPEC_HOSP,LT,2006,1.40,
dataflow,ESTAT:HLTH_HC_PHYS(1.0),A,NR_HAB,GEN_SPEC_HOSP,LT,2007,1.46,
dataflow,ESTAT:HLTH_HC_PHYS(1.0),A,NR_HAB,GEN_SPEC_HOSP,LT,2008,1.51,
dataflow,ESTAT:HLTH_HC_PHYS(1.0),A,NR_HAB,GEN_SPEC_HOSP,LT,2009,1.52,
dataflow,ESTAT:HLTH_HC_PHYS(1.0),A,NR_HAB,GEN_SPEC_HOSP,LT,2010,1.63,
dataflow,ESTAT:HLTH_HC_PHYS(1.0),A,NR_HAB,GEN_SPEC_HOSP,LT,2011,1.78,
dataflow,ESTAT:HLTH_HC_PHYS(1.0),A,NR_HAB,GEN_SPEC_HOSP,LT,2012,1.83,
dataflow,ESTAT:HLTH_HC_PHYS(1.0),A,NR_HAB,GEN_SPEC_HOSP,LT,2013,1.86,
dataflow,ESTAT:HLTH_HC_PHYS(1.0),A,NR_HAB,GEN_SPEC_HOSP,LV,2000,1.47,
dataflow,ESTAT:HLTH_HC_PHYS(1.0),A,NR_HAB,GEN_SPEC_HOSP,LV,2001,1.07,
dataflow,ESTAT:HLTH_HC_PHYS(1.0),A,NR_HAB,GEN_SPEC_HOSP,LV,2002,1.04,
dataflow,ESTAT:HLTH_HC_PHYS(1.0),A,NR_HAB,GEN_SPEC_HOSP,LV,2003,1.06,
dataflow,ESTAT:HLTH_HC_PHYS(1.0),A,NR_HAB,GEN_SPEC_HOSP,LV,2004,1.03,
dataflow,ESTAT:HLTH_HC_PHYS(1.0),A,NR_HAB,GEN_SPEC_HOSP,LV,2005,1.04,
dataflow,ESTAT:HLTH_HC_PHYS(1.0),A,NR_HAB,GEN_SPEC_HOSP,LV,2006,1.05,
dataflow,ESTAT:HLTH_HC_PHYS(1.0),A,NR_HAB,GEN_SPEC_HOSP,LV,2007,1.14,
dataflow,ESTAT:HLTH_HC_PHYS(1.0),A,NR_HAB,GEN_SPEC_HOSP,LV,2008,1.14,
dataflow,ESTAT:HLTH_HC_PHYS(1.0),A,NR_HAB,GEN_SPEC_HOSP,LV,2009,1.07,
dataflow,ESTAT:HLTH_HC_PHYS(1.0),A,NR_HAB,GEN_SPEC_HOSP,LV,2010,1.10,
dataflow,ESTAT:HLTH_HC_PHYS(1.0),A,NR_HAB,GEN_SPEC_HOSP,LV,2011,1.19,
dataflow,ESTAT:HLTH_HC_PHYS(1.0),A,NR_HAB,GEN_SPEC_HOSP,LV,2012,1.27,
dataflow,ESTAT:HLTH_HC_PHYS(1.0),A,NR_HAB,GEN_SPEC_HOSP,LV,2013,1.24,
dataflow,ESTAT:HLTH_HC_PHYS(1.0),A,NR_HAB,GEN_SPEC_HOSP,MK,2012,1.57,
dataflow,ESTAT:HLTH_HC_PHYS(1.0),A,NR_HAB,GEN_SPEC_HOSP,MK,2013,1.69,
dataflow,ESTAT:HLTH_HC_PHYS(1.0),A,NR_HAB,GEN_SPEC_HOSP,MT,2004,0.84,
dataflow,ESTAT:HLTH_HC_PHYS(1.0),A,NR_HAB,GEN_SPEC_HOSP,MT,2005,0.87,
dataflow,ESTAT:HLTH_HC_PHYS(1.0),A,NR_HAB,GEN_SPEC_HOSP,MT,2006,0.89,
dataflow,ESTAT:HLTH_HC_PHYS(1.0),A,NR_HAB,GEN_SPEC_HOSP,MT,2007,0.88,
dataflow,ESTAT:HLTH_HC_PHYS(1.0),A,NR_HAB,GEN_SPEC_HOSP,MT,2008,0.95,
dataflow,ESTAT:HLTH_HC_PHYS(1.0),A,NR_HAB,GEN_SPEC_HOSP,MT,2009,1.29,
dataflow,ESTAT:HLTH_HC_PHYS(1.0),A,NR_HAB,GEN_SPEC_HOSP,MT,2010,1.64,b
dataflow,ESTAT:HLTH_HC_PHYS(1.0),A,NR_HAB,GEN_SPEC_HOSP,MT,2011,1.63,
dataflow,ESTAT:HLTH_HC_PHYS(1.0),A,NR_HAB,GEN_SPEC_HOSP,MT,2012,1.72,
dataflow,ESTAT:HLTH_HC_PHYS(1.0),A,NR_HAB,GEN_SPEC_HOSP,MT,2013,1.88,
dataflow,ESTAT:HLTH_HC_PHYS(1.0),A,NR_HAB,GEN_SPEC_HOSP,NL,2000,1.43,
dataflow,ESTAT:HLTH_HC_PHYS(1.0),A,NR_HAB,GEN_SPEC_HOSP,NL,2001,1.42,
dataflow,ESTAT:HLTH_HC_PHYS(1.0),A,NR_HAB,GEN_SPEC_HOSP,NL,2002,1.43,
dataflow,ESTAT:HLTH_HC_PHYS(1.0),A,NR_HAB,GEN_SPEC_HOSP,NL,2003,1.42,
dataflow,ESTAT:HLTH_HC_PHYS(1.0),A,NR_HAB,GEN_SPEC_HOSP,NL,2004,1.49,
dataflow,ESTAT:HLTH_HC_PHYS(1.0),A,NR_HAB,GEN_SPEC_HOSP,NL,2005,1.52,
dataflow,ESTAT:HLTH_HC_PHYS(1.0),A,NR_HAB,GEN_SPEC_HOSP,NL,2006,1.50,
dataflow,ESTAT:HLTH_HC_PHYS(1.0),A,NR_HAB,GEN_SPEC_HOSP,NL,2007,1.56,
dataflow,ESTAT:HLTH_HC_PHYS(1.0),A,NR_HAB,GEN_SPEC_HOSP,NL,2008,1.66,
dataflow,ESTAT:HLTH_HC_PHYS(1.0),A,NR_HAB,GEN_SPEC_HOSP,NL,2009,1.80,
dataflow,ESTAT:HLTH_HC_PHYS(1.0),A,NR_HAB,GEN_SPEC_HOSP,NO,2000,0.80,
dataflow,ESTAT:HLTH_HC_PHYS(1.0),A,NR_HAB,GEN_SPEC_HOSP,NO,2001,0.79,
dataflow,ESTAT:HLTH_HC_PHYS(1.0),A,NR_HAB,GEN_SPEC_HOSP,NO,2002,0.68,b
dataflow,ESTAT:HLTH_HC_PHYS(1.0),A,NR_HAB,GEN_SPEC_HOSP,NO,2003,0.73,
dataflow,ESTAT:HLTH_HC_PHYS(1.0),A,NR_HAB,GEN_SPEC_HOSP,NO,2004,0.73,
dataflow,ESTAT:HLTH_HC_PHYS(1.0),A,NR_HAB,GEN_SPEC_HOSP,NO,2005,0.75,
dataflow,ESTAT:HLTH_HC_PHYS(1.0),A,NR_HAB,GEN_SPEC_HOSP,NO,2006,0.63,be
dataflow,ESTAT:HLTH_HC_PHYS(1.0),A,NR_HAB,GEN_SPEC_HOSP,NO,2007,0.66,e
dataflow,ESTAT:HLTH_HC_PHYS(1.0),A,NR_HAB,GEN_SPEC_HOSP,NO,2008,0.69,e
dataflow,ESTAT:HLTH_HC_PHYS(1.0),A,NR_HAB,GEN_SPEC_HOSP,NO,2009,0.74,e
dataflow,ESTAT:HLTH_HC_PHYS(1.0),A,NR_HAB,GEN_SPEC_HOSP,NO,2010,0.81,e
dataflow,ESTAT:HLTH_HC_PHYS(1.0),A,NR_HAB,GEN_SPEC_HOSP,NO,2011,0.83,b
dataflow,ESTAT:HLTH_HC_PHYS(1.0),A,NR_HAB,GEN_SPEC_HOSP,NO,2012,0.83,
dataflow,ESTAT:HLTH_HC_PHYS(1.0),A,NR_HAB,GEN_SPEC_HOSP,NO,2013,0.84,
dataflow,ESTAT:HLTH_HC_PHYS(1.0),A,NR_HAB,GEN_SPEC_HOSP,PL,2000,0.09,
dataflow,ESTAT:HLTH_HC_PHYS(1.0),A,NR_HAB,GEN_SPEC_HOSP,PL,2001,0.09,
dataflow,ESTAT:HLTH_HC_PHYS(1.0),A,NR_HAB,GEN_SPEC_HOSP,PL,2002,0.11,
dataflow,ESTAT:HLTH_HC_PHYS(1.0),A,NR_HAB,GEN_SPEC_HOSP,PL,2003,0.12,
dataflow,ESTAT:HLTH_HC_PHYS(1.0),A,NR_HAB,GEN_SPEC_HOSP,PL,2004,0.13,
dataflow,ESTAT:HLTH_HC_PHYS(1.0),A,NR_HAB,GEN_SPEC_HOSP,PL,2005,0.14,
dataflow,ESTAT:HLTH_HC_PHYS(1.0),A,NR_HAB,GEN_SPEC_HOSP,PL,2006,0.15,
dataflow,ESTAT:HLTH_HC_PHYS(1.0),A,NR_HAB,GEN_SPEC_HOSP,PL,2007,0.15,
dataflow,ESTAT:HLTH_HC_PHYS(1.0),A,NR_HAB,GEN_SPEC_HOSP,PL,2008,0.15,
dataflow,ESTAT:HLTH_HC_PHYS(1.0),A,NR_HAB,GEN_SPEC_HOSP,PL,2009,0.16,
dataflow,ESTAT:HLTH_HC_PHYS(1.0),A,NR_HAB,GEN_SPEC_HOSP,PL,2010,0.15,
dataflow,ESTAT:HLTH_HC_PHYS(1.0),A,NR_HAB,GEN_SPEC_HOSP,PL,2011,0.15,
dataflow,ESTAT:HLTH_HC_PHYS(1.0),A,NR_HAB,GEN_SPEC_HOSP,PL,2012,0.16,
dataflow,ESTAT:HLTH_HC_PHYS(1.0),A,NR_HAB,GEN_SPEC_HOSP,PL,2013,0.16,
dataflow,ESTAT:HLTH_HC_PHYS(1.0),A,NR_HAB,GEN_SPEC_HOSP,PT,1993,0.63,
dataflow,ESTAT:HLTH_HC_PHYS(1.0),A,NR_HAB,GEN_SPEC_HOSP,PT,1994,0.67,
dataflow,ESTAT:HLTH_HC_PHYS(1.0),A,NR_HAB,GEN_SPEC_HOSP,PT,1995,0.69,
dataflow,ESTAT:HLTH_HC_PHYS(1.0),A,NR_HAB,GEN_SPEC_HOSP,PT,1996,0.72,
dataflow,ESTAT:HLTH_HC_PHYS(1.0),A,NR_HAB,GEN_SPEC_HOSP,PT,1997,0.75,
dataflow,ESTAT:HLTH_HC_PHYS(1.0),A,NR_HAB,GEN_SPEC_HOSP,PT,1998,0.76,
dataflow,ESTAT:HLTH_HC_PHYS(1.0),A,NR_HAB,GEN_SPEC_HOSP,PT,1999,0.82,
dataflow,ESTAT:HLTH_HC_PHYS(1.0),A,NR_HAB,GEN_SPEC_HOSP,PT,2000,0.86,
dataflow,ESTAT:HLTH_HC_PHYS(1.0),A,NR_HAB,GEN_SPEC_HOSP,PT,2001,0.91,
dataflow,ESTAT:HLTH_HC_PHYS(1.0),A,NR_HAB,GEN_SPEC_HOSP,PT,2002,0.95,
dataflow,ESTAT:HLTH_HC_PHYS(1.0),A,NR_HAB,GEN_SPEC_HOSP,PT,2003,1.02,
dataflow,ESTAT:HLTH_HC_PHYS(1.0),A,NR_HAB,GEN_SPEC_HOSP,PT,2004,1.08,
dataflow,ESTAT:HLTH_HC_PHYS(1.0),A,NR_HAB,GEN_SPEC_HOSP,PT,2005,1.13,
dataflow,ESTAT:HLTH_HC_PHYS(1.0),A,NR_HAB,GEN_SPEC_HOSP,PT,2006,1.19,
dataflow,ESTAT:HLTH_HC_PHYS(1.0),A,NR_HAB,GEN_SPEC_HOSP,PT,2007,1.26,
dataflow,ESTAT:HLTH_HC_PHYS(1.0),A,NR_HAB,GEN_SPEC_HOSP,PT,2008,1.47,
dataflow,ESTAT:HLTH_HC_PHYS(1.0),A,NR_HAB,GEN_SPEC_HOSP,PT,2009,1.42,
dataflow,ESTAT:HLTH_HC_PHYS(1.0),A,NR_HAB,GEN_SPEC_HOSP,PT,2010,1.49,
dataflow,ESTAT:HLTH_HC_PHYS(1.0),A,NR_HAB,GEN_SPEC_HOSP,PT,2011,1.52,
dataflow,ESTAT:HLTH_HC_PHYS(1.0),A,NR_HAB,GEN_SPEC_HOSP,PT,2012,1.59,
dataflow,ESTAT:HLTH_HC_PHYS(1.0),A,NR_HAB,GEN_SPEC_HOSP,PT,2013,1.68,e
dataflow,ESTAT:HLTH_HC_PHYS(1.0),A,NR_HAB,GEN_SPEC_HOSP,RO,2005,0.98,
dataflow,ESTAT:HLTH_HC_PHYS(1.0),A,NR_HAB,GEN_SPEC_HOSP,RO,2006,1.01,
dataflow,ESTAT:HLTH_HC_PHYS(1.0),A,NR_HAB,GEN_SPEC_HOSP,RO,2007,0.92,
dataflow,ESTAT:HLTH_HC_PHYS(1.0),A,NR_HAB,GEN_SPEC_HOSP,RO,2008,1.07,
dataflow,ESTAT:HLTH_HC_PHYS(1.0),A,NR_HAB,GEN_SPEC_HOSP,RO,2009,1.16,
dataflow,ESTAT:HLTH_HC_PHYS(1.0),A,NR_HAB,GEN_SPEC_HOSP,RO,2010,1.04,
dataflow,ESTAT:HLTH_HC_PHYS(1.0),A,NR_HAB,GEN_SPEC_HOSP,RO,2011,1.00,
dataflow,ESTAT:HLTH_HC_PHYS(1.0),A,NR_HAB,GEN_SPEC_HOSP,RO,2012,1.08,
dataflow,ESTAT:HLTH_HC_PHYS(1.0),A,NR_HAB,GEN_SPEC_HOSP,RO,2013,1.09,
dataflow,ESTAT:HLTH_HC_PHYS(1.0),A,NR_HAB,GEN_SPEC_HOSP,SE,2001,0.85,
dataflow,ESTAT:HLTH_HC_PHYS(1.0),A,NR_HAB,GEN_SPEC_HOSP,SE,2002,1.01,
dataflow,ESTAT:HLTH_HC_PHYS(1.0),A,NR_HAB,GEN_SPEC_HOSP,SE,2003,0.95,
dataflow,ESTAT:HLTH_HC_PHYS(1.0),A,NR_HAB,GEN_SPEC_HOSP,SE,2004,0.95,
dataflow,ESTAT:HLTH_HC_PHYS(1.0),A,NR_HAB,GEN_SPEC_HOSP,SE,2005,0.98,
dataflow,ESTAT:HLTH_HC_PHYS(1.0),A,NR_HAB,GEN_SPEC_HOSP,SE,2006,0.97,
dataflow,ESTAT:HLTH_HC_PHYS(1.0),A,NR_HAB,GEN_SPEC_HOSP,SE,2007,0.95,
dataflow,ESTAT:HLTH_HC_PHYS(1.0),A,NR_HAB,GEN_SPEC_HOSP,SE,2008,0.97,
dataflow,ESTAT:HLTH_HC_PHYS(1.0),A,NR_HAB,GEN_SPEC_HOSP,SE,2009,0.97,
dataflow,ESTAT:HLTH_HC_PHYS(1.0),A,NR_HAB,GEN_SPEC_HOSP,SE,2010,1.00,
dataflow,ESTAT:HLTH_HC_PHYS(1.0),A,NR_HAB,GEN_SPEC_HOSP,SE,2011,1.02,
dataflow,ESTAT:HLTH_HC_PHYS(1.0),A,NR_HAB,GEN_SPEC_HOSP,SE,2012,1.02,
dataflow,ESTAT:HLTH_HC_PHYS(1.0),A,NR_HAB,GEN_SPEC_HOSP,TR,2000,1.57,
dataflow,ESTAT:HLTH_HC_PHYS(1.0),A,NR_HAB,GEN_SPEC_HOSP,TR,2001,1.76,
dataflow,ESTAT:HLTH_HC_PHYS(1.0),A,NR_HAB,GEN_SPEC_HOSP,TR,2002,1.79,
dataflow,ESTAT:HLTH_HC_PHYS(1.0),A,NR_HAB,GEN_SPEC_HOSP,TR,2003,1.85,
dataflow,ESTAT:HLTH_HC_PHYS(1.0),A,NR_HAB,GEN_SPEC_HOSP,TR,2004,2.15,
dataflow,ESTAT:HLTH_HC_PHYS(1.0),A,NR_HAB,GEN_SPEC_HOSP,TR,2005,2.60,
dataflow,ESTAT:HLTH_HC_PHYS(1.0),A,NR_HAB,GEN_SPEC_HOSP,TR,2006,3.06,
dataflow,ESTAT:HLTH_HC_PHYS(1.0),A,NR_HAB,GEN_SPEC_HOSP,TR,2007,3.55,
dataflow,ESTAT:HLTH_HC_PHYS(1.0),A,NR_HAB,GEN_SPEC_HOSP,TR,2008,3.85,
dataflow,ESTAT:HLTH_HC_PHYS(1.0),A,NR_HAB,GEN_SPEC_HOSP,TR,2009,4.10,
dataflow,ESTAT:HLTH_HC_PHYS(1.0),A,NR_HAB,GEN_SPEC_HOSP,TR,2010,4.14,
dataflow,ESTAT:HLTH_HC_PHYS(1.0),A,NR_HAB,GEN_SPEC_HOSP,TR,2011,4.55,
dataflow,ESTAT:HLTH_HC_PHYS(1.0),A,NR_HAB,GEN_SPEC_HOSP,TR,2012,4.72,
dataflow,ESTAT:HLTH_HC_PHYS(1.0),A,NR_HAB,GEN_SPEC_HOSP,TR,2013,4.97,
