STRUCTURE,STRUCTURE_ID,freq,unit,severity,age,sex,nace_r1,modinj,geo,TIME_PERIOD,OBS_VALUE,OBS_FLAG
dataflow,ESTAT:HSW_AW_CO1(1.0),A,NR,D_GE4,TOTAL,F,TOTAL,CMI10,EU_V,2005,24572,
dataflow,ESTAT:HSW_AW_CO1(1.0),A,NR,D_GE4,TOTAL,F,TOTAL,CMI20,EU_V,2005,546,
dataflow,ESTAT:HSW_AW_CO1(1.0),A,NR,D_GE4,TOTAL,F,TOTAL,CMI30,EU_V,2005,227913,
dataflow,ESTAT:HSW_AW_CO1(1.0),A,NR,D_GE4,TOTAL,F,TOTAL,CMI40,EU_V,2005,94030,
dataflow,ESTAT:HSW_AW_CO1(1.0),A,NR,D_GE4,TOTAL,F,TOTAL,CMI50,EU_V,2005,118043,
dataflow,ESTAT:HSW_AW_CO1(1.0),A,NR,D_GE4,TOTAL,F,TOTAL,CMI60,EU_V,2005,38900,
dataflow,ESTAT:HSW_AW_CO1(1.0),A,NR,D_GE4,TOTAL,F,TOTAL,CMI70,EU_V,2005,173130,
dataflow,ESTAT:HSW_AW_CO1(1.0),A,NR,D_GE4,TOTAL,F,TOTAL,CMI80,EU_V,2005,29791,
dataflow,ESTAT:HSW_AW_CO1(1.0),A,NR,D_GE4,TOTAL,F,TOTAL,CMI90,EU_V,2005,24401,
dataflow,ESTAT:HSW_AW_CO1(1.0),A,NR,D_GE4,TOTAL,F,TOTAL,TOTAL,EU_V,2005,731326,
dataflow,ESTAT:HSW_AW_CO1(1.0),A,NR,D_GE4,TOTAL,M,TOTAL,CMI10,EU_V,2005,79269,
dataflow,ESTAT:HSW_AW_CO1(1.0),A,NR,D_GE4,TOTAL,M,TOTAL,CMI20,EU_V,2005,2987,
dataflow,ESTAT:HSW_AW_CO1(1.0),A,NR,D_GE4,TOTAL,M,TOTAL,CMI30,EU_V,2005,598727,
dataflow,ESTAT:HSW_AW_CO1(1.0),A,NR,D_GE4,TOTAL,M,TOTAL,CMI40,EU_V,2005,471369,
dataflow,ESTAT:HSW_AW_CO1(1.0),A,NR,D_GE4,TOTAL,M,TOTAL,CMI50,EU_V,2005,500962,
dataflow,ESTAT:HSW_AW_CO1(1.0),A,NR,D_GE4,TOTAL,M,TOTAL,CMI60,EU_V,2005,171896,
dataflow,ESTAT:HSW_AW_CO1(1.0),A,NR,D_GE4,TOTAL,M,TOTAL,CMI70,EU_V,2005,466147,
dataflow,ESTAT:HSW_AW_CO1(1.0),A,NR,D_GE4,TOTAL,M,TOTAL,CMI80,EU_V,2005,47127,
dataflow,ESTAT:HSW_AW_CO1(1.0),A,NR,D_GE4,TOTAL,M,TOTAL,CMI90,EU_V,2005,67528,
dataflow,ESTAT:HSW_AW_CO1(1.0),A,NR,D_GE4,TOTAL,M,TOTAL,TOTAL,EU_V,2005,2406007,
dataflow,ESTAT:HSW_AW_CO1(1.0),A,NR,D_GE4,TOTAL,T,A,CMI10,EU_V,2005,3616,
dataflow,ESTAT:HSW_AW_CO1(1.0),A,NR,D_GE4,TOTAL,T,A,CMI20,EU_V,2005,119,
dataflow,ESTAT:HSW_AW_CO1(1.0),A,NR,D_GE4,TOTAL,T,A,CMI30,EU_V,2005,49200,
dataflow,ESTAT:HSW_AW_CO1(1.0),A,NR,D_GE4,TOTAL,T,A,CMI40,EU_V,2005,21085,
dataflow,ESTAT:HSW_AW_CO1(1.0),A,NR,D_GE4,TOTAL,T,A,CMI50,EU_V,2005,33905,
dataflow,ESTAT:HSW_AW_CO1(1.0),A,NR,D_GE4,TOTAL,T,A,CMI60,EU_V,2005,13725,
dataflow,ESTAT:HSW_AW_CO1(1.0),A,NR,D_GE4,TOTAL,T,A,CMI70,EU_V,2005,24409,
dataflow,ESTAT:HSW_AW_CO1(1.0),A,NR,D_GE4,TOTAL,T,A,CMI80,EU_V,2005,19075,
dataflow,ESTAT:HSW_AW_CO1(1.0),A,NR,D_GE4,TOTAL,T,A,CMI90,EU_V,2005,27538,
dataflow,ESTAT:HSW_AW_CO1(1.0),A,NR,D_GE4,TOTAL,T,A,TOTAL,EU_V,2005,192673,
dataflow,ESTAT:HSW_AW_CO1(1.0),A,NR,D_GE4,TOTAL,T,B,CMI10,EU_V,2005,64,
dataflow,ESTAT:HSW_AW_CO1(1.0),A,NR,D_GE4,TOTAL,T,B,CMI20,EU_V,2005,17,
dataflow,ESTAT:HSW_AW_CO1(1.0),A,NR,D_GE4,TOTAL,T,B,CMI30,EU_V,2005,1042,
dataflow,ESTAT:HSW_AW_CO1(1.0),A,NR,D_GE4,TOTAL,T,B,CMI40,EU_V,2005,1012,
dataflow,ESTAT:HSW_AW_CO1(1.0),A,NR,D_GE4,TOTAL,T,B,CMI50,EU_V,2005,606,
dataflow,ESTAT:HSW_AW_CO1(1.0),A,NR,D_GE4,TOTAL,T,B,CMI60,EU_V,2005,243,
dataflow,ESTAT:HSW_AW_CO1(1.0),A,NR,D_GE4,TOTAL,T,B,CMI70,EU_V,2005,1202,
dataflow,ESTAT:HSW_AW_CO1(1.0),A,NR,D_GE4,TOTAL,T,B,CMI80,EU_V,2005,95,
dataflow,ESTAT:HSW_AW_CO1(1.0),A,NR,D_GE4,TOTAL,T,B,CMI90,EU_V,2005,420,
dataflow,ESTAT:HSW_AW_CO1(1.0),A,NR,D_GE4,TOTAL,T,B,TOTAL,EU_V,2005,4704,
dataflow,ESTAT:HSW_AW_CO1(1.0),A,NR,D_GE4,TOTAL,T,C,CMI10,EU_V,2005,466,
dataflow,ESTAT:HSW_AW_CO1(1.0),A,NR,D_GE4,TOTAL,T,C,CMI20,EU_V,2005,45,
dataflow,ESTAT:HSW_AW_CO1(1.0),A,NR,D_GE4,TOTAL,T,C,CMI30,EU_V,2005,5087,
dataflow,ESTAT:HSW_AW_CO1(1.0),A,NR,D_GE4,TOTAL,T,C,CMI40,EU_V,2005,6577,
dataflow,ESTAT:HSW_AW_CO1(1.0),A,NR,D_GE4,TOTAL,T,C,CMI50,EU_V,2005,3213,
dataflow,ESTAT:HSW_AW_CO1(1.0),A,NR,D_GE4,TOTAL,T,C,CMI60,EU_V,2005,1628,
dataflow,ESTAT:HSW_AW_CO1(1.0),A,NR,D_GE4,TOTAL,T,C,CMI70,EU_V,2005,4123,
dataflow,ESTAT:HSW_AW_CO1(1.0),A,NR,D_GE4,TOTAL,T,C,CMI80,EU_V,2005,84,
dataflow,ESTAT:HSW_AW_CO1(1.0),A,NR,D_GE4,TOTAL,T,C,CMI90,EU_V,2005,719,
dataflow,ESTAT:HSW_AW_CO1(1.0),A,NR,D_GE4,TOTAL,T,C,TOTAL,EU_V,2005,21942,
dataflow,ESTAT:HSW_AW_CO1(1.0),A,NR,D_GE4,TOTAL,T,D,CMI10,EU_V,2005,35519,
dataflow,ESTAT:HSW_AW_CO1(1.0),A,NR,D_GE4,TOTAL,T,D,CMI20,EU_V,2005,824,
dataflow,ESTAT:HSW_AW_CO1(1.0),A,NR,D_GE4,TOTAL,T,D,CMI30,EU_V,2005,175168,
dataflow,ESTAT:HSW_AW_CO1(1.0),A,NR,D_GE4,TOTAL,T,D,CMI40,EU_V,2005,163599,
dataflow,ESTAT:HSW_AW_CO1(1.0),A,NR,D_GE4,TOTAL,T,D,CMI50,EU_V,2005,219974,
dataflow,ESTAT:HSW_AW_CO1(1.0),A,NR,D_GE4,TOTAL,T,D,CMI60,EU_V,2005,87848,
dataflow,ESTAT:HSW_AW_CO1(1.0),A,NR,D_GE4,TOTAL,T,D,CMI70,EU_V,2005,144897,
dataflow,ESTAT:HSW_AW_CO1(1.0),A,NR,D_GE4,TOTAL,T,D,CMI80,EU_V,2005,3485,
dataflow,ESTAT:HSW_AW_CO1(1.0),A,NR,D_GE4,TOTAL,T,D,CMI90,EU_V,2005,14831,
dataflow,ESTAT:HSW_AW_CO1(1.0),A,NR,D_GE4,TOTAL,T,D,TOTAL,EU_V,2005,846147,
dataflow,ESTAT:HSW_AW_CO1(1.0),A,NR,D_GE4,TOTAL,T,E,CMI10,EU_V,2005,918,
dataflow,ESTAT:HSW_AW_CO1(1.0),A,NR,D_GE4,TOTAL,T,E,CMI20,EU_V,2005,52,
dataflow,ESTAT:HSW_AW_CO1(1.0),A,NR,D_GE4,TOTAL,T,E,CMI30,EU_V,2005,5553,
dataflow,ESTAT:HSW_AW_CO1(1.0),A,NR,D_GE4,TOTAL,T,E,CMI40,EU_V,2005,3448,
dataflow,ESTAT:HSW_AW_CO1(1.0),A,NR,D_GE4,TOTAL,T,E,CMI50,EU_V,2005,2724,
dataflow,ESTAT:HSW_AW_CO1(1.0),A,NR,D_GE4,TOTAL,T,E,CMI60,EU_V,2005,1378,
dataflow,ESTAT:HSW_AW_CO1(1.0),A,NR,D_GE4,TOTAL,T,E,CMI70,EU_V,2005,4773,
dataflow,ESTAT:HSW_AW_CO1(1.0),A,NR,D_GE4,TOTAL,T,E,CMI80,EU_V,2005,339,
dataflow,ESTAT:HSW_AW_CO1(1.0),A,NR,D_GE4,TOTAL,T,E,CMI90,EU_V,2005,506,
dataflow,ESTAT:HSW_AW_CO1(1.0),A,NR,D_GE4,TOTAL,T,E,TOTAL,EU_V,2005,19688,
dataflow,ESTAT:HSW_AW_CO1(1.0),A,NR,D_GE4,TOTAL,T,F,CMI10,EU_V,2005,14834,
dataflow,ESTAT:HSW_AW_CO1(1.0),A,NR,D_GE4,TOTAL,T,F,CMI20,EU_V,2005,1094,
dataflow,ESTAT:HSW_AW_CO1(1.0),A,NR,D_GE4,TOTAL,T,F,CMI30,EU_V,2005,157969,
dataflow,ESTAT:HSW_AW_CO1(1.0),A,NR,D_GE4,TOTAL,T,F,CMI40,EU_V,2005,112740,
dataflow,ESTAT:HSW_AW_CO1(1.0),A,NR,D_GE4,TOTAL,T,F,CMI50,EU_V,2005,111091,
dataflow,ESTAT:HSW_AW_CO1(1.0),A,NR,D_GE4,TOTAL,T,F,CMI60,EU_V,2005,28253,
dataflow,ESTAT:HSW_AW_CO1(1.0),A,NR,D_GE4,TOTAL,T,F,CMI70,EU_V,2005,113198,
dataflow,ESTAT:HSW_AW_CO1(1.0),A,NR,D_GE4,TOTAL,T,F,CMI80,EU_V,2005,2763,
dataflow,ESTAT:HSW_AW_CO1(1.0),A,NR,D_GE4,TOTAL,T,F,CMI90,EU_V,2005,12696,
dataflow,ESTAT:HSW_AW_CO1(1.0),A,NR,D_GE4,TOTAL,T,F,TOTAL,EU_V,2005,554640,
dataflow,ESTAT:HSW_AW_CO1(1.0),A,NR,D_GE4,TOTAL,T,G,CMI10,EU_V,2005,7930,
dataflow,ESTAT:HSW_AW_CO1(1.0),A,NR,D_GE4,TOTAL,T,G,CMI20,EU_V,2005,254,
dataflow,ESTAT:HSW_AW_CO1(1.0),A,NR,D_GE4,TOTAL,T,G,CMI30,EU_V,2005,88041,
dataflow,ESTAT:HSW_AW_CO1(1.0),A,NR,D_GE4,TOTAL,T,G,CMI40,EU_V,2005,71401,
dataflow,ESTAT:HSW_AW_CO1(1.0),A,NR,D_GE4,TOTAL,T,G,CMI50,EU_V,2005,73201,
dataflow,ESTAT:HSW_AW_CO1(1.0),A,NR,D_GE4,TOTAL,T,G,CMI60,EU_V,2005,22694,
dataflow,ESTAT:HSW_AW_CO1(1.0),A,NR,D_GE4,TOTAL,T,G,CMI70,EU_V,2005,83881,
dataflow,ESTAT:HSW_AW_CO1(1.0),A,NR,D_GE4,TOTAL,T,G,CMI80,EU_V,2005,3611,
dataflow,ESTAT:HSW_AW_CO1(1.0),A,NR,D_GE4,TOTAL,T,G,CMI90,EU_V,2005,7189,
dataflow,ESTAT:HSW_AW_CO1(1.0),A,NR,D_GE4,TOTAL,T,G,TOTAL,EU_V,2005,358199,
dataflow,ESTAT:HSW_AW_CO1(1.0),A,NR,D_GE4,TOTAL,T,H,CMI10,EU_V,2005,13384,
dataflow,ESTAT:HSW_AW_CO1(1.0),A,NR,D_GE4,TOTAL,T,H,CMI20,EU_V,2005,180,
dataflow,ESTAT:HSW_AW_CO1(1.0),A,NR,D_GE4,TOTAL,T,H,CMI30,EU_V,2005,41471,
dataflow,ESTAT:HSW_AW_CO1(1.0),A,NR,D_GE4,TOTAL,T,H,CMI40,EU_V,2005,18778,
dataflow,ESTAT:HSW_AW_CO1(1.0),A,NR,D_GE4,TOTAL,T,H,CMI50,EU_V,2005,41276,
dataflow,ESTAT:HSW_AW_CO1(1.0),A,NR,D_GE4,TOTAL,T,H,CMI60,EU_V,2005,4139,
dataflow,ESTAT:HSW_AW_CO1(1.0),A,NR,D_GE4,TOTAL,T,H,CMI70,EU_V,2005,23177,
dataflow,ESTAT:HSW_AW_CO1(1.0),A,NR,D_GE4,TOTAL,T,H,CMI80,EU_V,2005,2420,
dataflow,ESTAT:HSW_AW_CO1(1.0),A,NR,D_GE4,TOTAL,T,H,CMI90,EU_V,2005,2790,
dataflow,ESTAT:HSW_AW_CO1(1.0),A,NR,D_GE4,TOTAL,T,H,TOTAL,EU_V,2005,147615,
dataflow,ESTAT:HSW_AW_CO1(1.0),A,NR,D_GE4,TOTAL,T,I,CMI10,EU_V,2005,4239,
dataflow,ESTAT:HSW_AW_CO1(1.0),A,NR,D_GE4,TOTAL,T,I,CMI20,EU_V,2005,289,
dataflow,ESTAT:HSW_AW_CO1(1.0),A,NR,D_GE4,TOTAL,T,I,CMI30,EU_V,2005,78057,
dataflow,ESTAT:HSW_AW_CO1(1.0),A,NR,D_GE4,TOTAL,T,I,CMI40,EU_V,2005,54580,
dataflow,ESTAT:HSW_AW_CO1(1.0),A,NR,D_GE4,TOTAL,T,I,CMI50,EU_V,2005,25411,
dataflow,ESTAT:HSW_AW_CO1(1.0),A,NR,D_GE4,TOTAL,T,I,CMI60,EU_V,2005,15048,
dataflow,ESTAT:HSW_AW_CO1(1.0),A,NR,D_GE4,TOTAL,T,I,CMI70,EU_V,2005,56314,
dataflow,ESTAT:HSW_AW_CO1(1.0),A,NR,D_GE4,TOTAL,T,I,CMI80,EU_V,2005,6053,
dataflow,ESTAT:HSW_AW_CO1(1.0),A,NR,D_GE4,TOTAL,T,I,CMI90,EU_V,2005,5277,
dataflow,ESTAT:HSW_AW_CO1(1.0),A,NR,D_GE4,TOTAL,T,I,TOTAL,EU_V,2005,245272,
dataflow,ESTAT:HSW_AW_CO1(1.0),A,NR,D_GE4,TOTAL,T,J,CMI10,EU_V,2005,255,
dataflow,ESTAT:HSW_AW_CO1(1.0),A,NR,D_GE4,TOTAL,T,J,CMI20,EU_V,2005,32,
dataflow,ESTAT:HSW_AW_CO1(1.0),A,NR,D_GE4,TOTAL,T,J,CMI30,EU_V,2005,5924,
dataflow,ESTAT:HSW_AW_CO1(1.0),A,NR,D_GE4,TOTAL,T,J,CMI40,EU_V,2005,2488,
dataflow,ESTAT:HSW_AW_CO1(1.0),A,NR,D_GE4,TOTAL,T,J,CMI50,EU_V,2005,1402,
dataflow,ESTAT:HSW_AW_CO1(1.0),A,NR,D_GE4,TOTAL,T,J,CMI60,EU_V,2005,567,
dataflow,ESTAT:HSW_AW_CO1(1.0),A,NR,D_GE4,TOTAL,T,J,CMI70,EU_V,2005,3724,
dataflow,ESTAT:HSW_AW_CO1(1.0),A,NR,D_GE4,TOTAL,T,J,CMI80,EU_V,2005,347,
dataflow,ESTAT:HSW_AW_CO1(1.0),A,NR,D_GE4,TOTAL,T,J,CMI90,EU_V,2005,408,
dataflow,ESTAT:HSW_AW_CO1(1.0),A,NR,D_GE4,TOTAL,T,J,TOTAL,EU_V,2005,15148,
dataflow,ESTAT:HSW_AW_CO1(1.0),A,NR,D_GE4,TOTAL,T,K,CMI10,EU_V,2005,6253,
dataflow,ESTAT:HSW_AW_CO1(1.0),A,NR,D_GE4,TOTAL,T,K,CMI20,EU_V,2005,175,
dataflow,ESTAT:HSW_AW_CO1(1.0),A,NR,D_GE4,TOTAL,T,K,CMI30,EU_V,2005,58515,
dataflow,ESTAT:HSW_AW_CO1(1.0),A,NR,D_GE4,TOTAL,T,K,CMI40,EU_V,2005,36392,
dataflow,ESTAT:HSW_AW_CO1(1.0),A,NR,D_GE4,TOTAL,T,K,CMI50,EU_V,2005,33336,
dataflow,ESTAT:HSW_AW_CO1(1.0),A,NR,D_GE4,TOTAL,T,K,CMI60,EU_V,2005,12400,
dataflow,ESTAT:HSW_AW_CO1(1.0),A,NR,D_GE4,TOTAL,T,K,CMI70,EU_V,2005,35435,
dataflow,ESTAT:HSW_AW_CO1(1.0),A,NR,D_GE4,TOTAL,T,K,CMI80,EU_V,2005,4252,
dataflow,ESTAT:HSW_AW_CO1(1.0),A,NR,D_GE4,TOTAL,T,K,CMI90,EU_V,2005,4361,
dataflow,ESTAT:HSW_AW_CO1(1.0),A,NR,D_GE4,TOTAL,T,K,TOTAL,EU_V,2005,191116,
dataflow,ESTAT:HSW_AW_CO1(1.0),A,NR,D_GE4,TOTAL,T,L,CMI10,EU_V,2005,2791,
dataflow,ESTAT:HSW_AW_CO1(1.0),A,NR,D_GE4,TOTAL,T,L,CMI20,EU_V,2005,99,
dataflow,ESTAT:HSW_AW_CO1(1.0),A,NR,D_GE4,TOTAL,T,L,CMI30,EU_V,2005,41947,
dataflow,ESTAT:HSW_AW_CO1(1.0),A,NR,D_GE4,TOTAL,T,L,CMI40,EU_V,2005,18882,
dataflow,ESTAT:HSW_AW_CO1(1.0),A,NR,D_GE4,TOTAL,T,L,CMI50,EU_V,2005,12298,
dataflow,ESTAT:HSW_AW_CO1(1.0),A,NR,D_GE4,TOTAL,T,L,CMI60,EU_V,2005,4760,
dataflow,ESTAT:HSW_AW_CO1(1.0),A,NR,D_GE4,TOTAL,T,L,CMI70,EU_V,2005,35927,
dataflow,ESTAT:HSW_AW_CO1(1.0),A,NR,D_GE4,TOTAL,T,L,CMI80,EU_V,2005,8472,
dataflow,ESTAT:HSW_AW_CO1(1.0),A,NR,D_GE4,TOTAL,T,L,CMI90,EU_V,2005,4332,
dataflow,ESTAT:HSW_AW_CO1(1.0),A,NR,D_GE4,TOTAL,T,L,TOTAL,EU_V,2005,129508,
dataflow,ESTAT:HSW_AW_CO1(1.0),A,NR,D_GE4,TOTAL,T,M,CMI10,EU_V,2005,2076,
dataflow,ESTAT:HSW_AW_CO1(1.0),A,NR,D_GE4,TOTAL,T,M,CMI20,EU_V,2005,38,
dataflow,ESTAT:HSW_AW_CO1(1.0),A,NR,D_GE4,TOTAL,T,M,CMI30,EU_V,2005,23361,
dataflow,ESTAT:HSW_AW_CO1(1.0),A,NR,D_GE4,TOTAL,T,M,CMI40,EU_V,2005,9304,
dataflow,ESTAT:HSW_AW_CO1(1.0),A,NR,D_GE4,TOTAL,T,M,CMI50,EU_V,2005,8886,
dataflow,ESTAT:HSW_AW_CO1(1.0),A,NR,D_GE4,TOTAL,T,M,CMI60,EU_V,2005,2166,
dataflow,ESTAT:HSW_AW_CO1(1.0),A,NR,D_GE4,TOTAL,T,M,CMI70,EU_V,2005,13523,
dataflow,ESTAT:HSW_AW_CO1(1.0),A,NR,D_GE4,TOTAL,T,M,CMI80,EU_V,2005,3576,
dataflow,ESTAT:HSW_AW_CO1(1.0),A,NR,D_GE4,TOTAL,T,M,CMI90,EU_V,2005,1933,
dataflow,ESTAT:HSW_AW_CO1(1.0),A,NR,D_GE4,TOTAL,T,M,TOTAL,EU_V,2005,64865,
dataflow,ESTAT:HSW_AW_CO1(1.0),A,NR,D_GE4,TOTAL,T,N,CMI10,EU_V,2005,6445,
dataflow,ESTAT:HSW_AW_CO1(1.0),A,NR,D_GE4,TOTAL,T,N,CMI20,EU_V,2005,132,
dataflow,ESTAT:HSW_AW_CO1(1.0),A,NR,D_GE4,TOTAL,T,N,CMI30,EU_V,2005,50354,
dataflow,ESTAT:HSW_AW_CO1(1.0),A,NR,D_GE4,TOTAL,T,N,CMI40,EU_V,2005,18591,
dataflow,ESTAT:HSW_AW_CO1(1.0),A,NR,D_GE4,TOTAL,T,N,CMI50,EU_V,2005,27430,
dataflow,ESTAT:HSW_AW_CO1(1.0),A,NR,D_GE4,TOTAL,T,N,CMI60,EU_V,2005,7284,
dataflow,ESTAT:HSW_AW_CO1(1.0),A,NR,D_GE4,TOTAL,T,N,CMI70,EU_V,2005,61672,
dataflow,ESTAT:HSW_AW_CO1(1.0),A,NR,D_GE4,TOTAL,T,N,CMI80,EU_V,2005,15261,
dataflow,ESTAT:HSW_AW_CO1(1.0),A,NR,D_GE4,TOTAL,T,N,CMI90,EU_V,2005,5270,
dataflow,ESTAT:HSW_AW_CO1(1.0),A,NR,D_GE4,TOTAL,T,N,TOTAL,EU_V,2005,192441,
dataflow,ESTAT:HSW_AW_CO1(1.0),A,NR,D_GE4,TOTAL,T,O,CMI10,EU_V,2005,3399,
dataflow,ESTAT:HSW_AW_CO1(1.0),A,NR,D_GE4,TOTAL,T,O,CMI20,EU_V,2005,145,
dataflow,ESTAT:HSW_AW_CO1(1.0),A,NR,D_GE4,TOTAL,T,O,CMI30,EU_V,2005,35753,
dataflow,ESTAT:HSW_AW_CO1(1.0),A,NR,D_GE4,TOTAL,T,O,CMI40,EU_V,2005,19489,
dataflow,ESTAT:HSW_AW_CO1(1.0),A,NR,D_GE4,TOTAL,T,O,CMI50,EU_V,2005,15236,
dataflow,ESTAT:HSW_AW_CO1(1.0),A,NR,D_GE4,TOTAL,T,O,CMI60,EU_V,2005,5728,
dataflow,ESTAT:HSW_AW_CO1(1.0),A,NR,D_GE4,TOTAL,T,O,CMI70,EU_V,2005,28718,
dataflow,ESTAT:HSW_AW_CO1(1.0),A,NR,D_GE4,TOTAL,T,O,CMI80,EU_V,2005,6587,
dataflow,ESTAT:HSW_AW_CO1(1.0),A,NR,D_GE4,TOTAL,T,O,CMI90,EU_V,2005,2877,
dataflow,ESTAT:HSW_AW_CO1(1.0),A,NR,D_GE4,TOTAL,T,O,TOTAL,EU_V,2005,117931,
dataflow,ESTAT:HSW_AW_CO1(1.0),A,NR,D_GE4,TOTAL,T,P,CMI10,EU_V,2005,101,
dataflow,ESTAT:HSW_AW_CO1(1.0),A,NR,D_GE4,TOTAL,T,P,CMI30,EU_V,2005,1582,
dataflow,ESTAT:HSW_AW_CO1(1.0),A,NR,D_GE4,TOTAL,T,P,CMI40,EU_V,2005,500,
dataflow,ESTAT:HSW_AW_CO1(1.0),A,NR,D_GE4,TOTAL,T,P,CMI50,EU_V,2005,635,
dataflow,ESTAT:HSW_AW_CO1(1.0),A,NR,D_GE4,TOTAL,T,P,CMI60,EU_V,2005,86,
dataflow,ESTAT:HSW_AW_CO1(1.0),A,NR,D_GE4,TOTAL,T,P,CMI70,EU_V,2005,597,
dataflow,ESTAT:HSW_AW_CO1(1.0),A,NR,D_GE4,TOTAL,T,P,CMI80,EU_V,2005,61,
dataflow,ESTAT:HSW_AW_CO1(1.0),A,NR,D_GE4,TOTAL,T,P,CMI90,EU_V,2005,76,
dataflow,ESTAT:HSW_AW_CO1(1.0),A,NR,D_GE4,TOTAL,T,P,TOTAL,EU_V,2005,3640,
dataflow,ESTAT:HSW_AW_CO1(1.0),A,NR,D_GE4,TOTAL,T,Q,CMI10,EU_V,2005,13,
dataflow,ESTAT:HSW_AW_CO1(1.0),A,NR,D_GE4,TOTAL,T,Q,CMI30,EU_V,2005,108,
dataflow,ESTAT:HSW_AW_CO1(1.0),A,NR,D_GE4,TOTAL,T,Q,CMI40,EU_V,2005,64,
dataflow,ESTAT:HSW_AW_CO1(1.0),A,NR,D_GE4,TOTAL,T,Q,CMI50,EU_V,2005,97,
dataflow,ESTAT:HSW_AW_CO1(1.0),A,NR,D_GE4,TOTAL,T,Q,CMI60,EU_V,2005,24,
dataflow,ESTAT:HSW_AW_CO1(1.0),A,NR,D_GE4,TOTAL,T,Q,CMI70,EU_V,2005,90,
dataflow,ESTAT:HSW_AW_CO1(1.0),A,NR,D_GE4,TOTAL,T,Q,CMI80,EU_V,2005,12,
dataflow,ESTAT:HSW_AW_CO1(1.0),A,NR,D_GE4,TOTAL,T,Q,CMI90,EU_V,2005,12,
dataflow,ESTAT:HSW_AW_CO1(1.0),A,NR,D_GE4,TOTAL,T,Q,TOTAL,EU_V,2005,419,
dataflow,ESTAT:HSW_AW_CO1(1.0),A,NR,D_GE4,TOTAL,T,TOTAL,CMI10,EU_V,2005,103857,
dataflow,ESTAT:HSW_AW_CO1(1.0),A,NR,D_GE4,TOTAL,T,TOTAL,CMI20,EU_V,2005,3532,
dataflow,ESTAT:HSW_AW_CO1(1.0),A,NR,D_GE4,TOTAL,T,TOTAL,CMI30,EU_V,2005,826917,
dataflow,ESTAT:HSW_AW_CO1(1.0),A,NR,D_GE4,TOTAL,T,TOTAL,CMI40,EU_V,2005,565669,
dataflow,ESTAT:HSW_AW_CO1(1.0),A,NR,D_GE4,TOTAL,T,TOTAL,CMI50,EU_V,2005,619237,
dataflow,ESTAT:HSW_AW_CO1(1.0),A,NR,D_GE4,TOTAL,T,TOTAL,CMI60,EU_V,2005,210912,
dataflow,ESTAT:HSW_AW_CO1(1.0),A,NR,D_GE4,TOTAL,T,TOTAL,CMI70,EU_V,2005,639479,
dataflow,ESTAT:HSW_AW_CO1(1.0),A,NR,D_GE4,TOTAL,T,TOTAL,CMI80,EU_V,2005,76928,
dataflow,ESTAT:HSW_AW_CO1(1.0),A,NR,D_GE4,TOTAL,T,TOTAL,CMI90,EU_V,2005,91938,
dataflow,ESTAT:HSW_AW_CO1(1.0),A,NR,D_GE4,TOTAL,T,TOTAL,TOTAL,EU_V,2005,3138467,
dataflow,ESTAT:HSW_AW_CO1(1.0),A,NR,D_GE4,TOTAL,T,UNK,CMI10,EU_V,2005,1552,
dataflow,ESTAT:HSW_AW_CO1(1.0),A,NR,D_GE4,TOTAL,T,UNK,CMI20,EU_V,2005,32,
dataflow,ESTAT:HSW_AW_CO1(1.0),A,NR,D_GE4,TOTAL,T,UNK,CMI30,EU_V,2005,7786,
dataflow,ESTAT:HSW_AW_CO1(1.0),A,NR,D_GE4,TOTAL,T,UNK,CMI40,EU_V,2005,6739,
dataflow,ESTAT:HSW_AW_CO1(1.0),A,NR,D_GE4,TOTAL,T,UNK,CMI50,EU_V,2005,8514,
dataflow,ESTAT:HSW_AW_CO1(1.0),A,NR,D_GE4,TOTAL,T,UNK,CMI60,EU_V,2005,2942,
dataflow,ESTAT:HSW_AW_CO1(1.0),A,NR,D_GE4,TOTAL,T,UNK,CMI70,EU_V,2005,3822,
dataflow,ESTAT:HSW_AW_CO1(1.0),A,NR,D_GE4,TOTAL,T,UNK,CMI80,EU_V,2005,434,
dataflow,ESTAT:HSW_AW_CO1(1.0),A,NR,D_GE4,TOTAL,T,UNK,CMI90,EU_V,2005,699,
dataflow,ESTAT:HSW_AW_CO1(1.0),A,NR,D_GE4,TOTAL,T,UNK,TOTAL,EU_V,2005,32521,
dataflow,ESTAT:HSW_AW_CO1(1.0),A,NR,D_GE4,TOTAL,UNK,TOTAL,CMI10,EU_V,2005,19,
dataflow,ESTAT:HSW_AW_CO1(1.0),A,NR,D_GE4,TOTAL,UNK,TOTAL,CMI30,EU_V,2005,277,
dataflow,ESTAT:HSW_AW_CO1(1.0),A,NR,D_GE4,TOTAL,UNK,TOTAL,CMI40,EU_V,2005,269,
dataflow,ESTAT:HSW_AW_CO1(1.0),A,NR,D_GE4,TOTAL,UNK,TOTAL,CMI50,EU_V,2005,230,
dataflow,ESTAT:HSW_AW_CO1(1.0),A,NR,D_GE4,TOTAL,UNK,TOTAL,CMI60,EU_V,2005,117,
dataflow,ESTAT:HSW_AW_CO1(1.0),A,NR,D_GE4,TOTAL,UNK,TOTAL,CMI70,EU_V,2005,201,
dataflow,ESTAT:HSW_AW_CO1(1.0),A,NR,D_GE4,TOTAL,UNK,TOTAL,CMI80,EU_V,2005,9,
dataflow,ESTAT:HSW_AW_CO1(1.0),A,NR,D_GE4,TOTAL,UNK,TOTAL,CMI90,EU_V,2005,10,
dataflow,ESTAT:HSW_AW_CO1(1.0),A,NR,D_GE4,TOTAL,UNK,TOTAL,TOTAL,EU_V,2005,1133,
dataflow,ESTAT:HSW_AW_CO1(1.0),A,NR,D_GE4,UNK,T,TOTAL,CMI10,EU_V,2005,1948,
dataflow,ESTAT:HSW_AW_CO1(1.0),A,NR,D_GE4,UNK,T,TOTAL,CMI20,EU_V,2005,6,
dataflow,ESTAT:HSW_AW_CO1(1.0),A,NR,D_GE4,UNK,T,TOTAL,CMI30,EU_V,2005,18765,
dataflow,ESTAT:HSW_AW_CO1(1.0),A,NR,D_GE4,UNK,T,TOTAL,CMI40,EU_V,2005,6482,
dataflow,ESTAT:HSW_AW_CO1(1.0),A,NR,D_GE4,UNK,T,TOTAL,CMI50,EU_V,2005,4925,
dataflow,ESTAT:HSW_AW_CO1(1.0),A,NR,D_GE4,UNK,T,TOTAL,CMI60,EU_V,2005,380,
dataflow,ESTAT:HSW_AW_CO1(1.0),A,NR,D_GE4,UNK,T,TOTAL,CMI70,EU_V,2005,10891,
dataflow,ESTAT:HSW_AW_CO1(1.0),A,NR,D_GE4,UNK,T,TOTAL,CMI80,EU_V,2005,2647,
dataflow,ESTAT:HSW_AW_CO1(1.0),A,NR,D_GE4,UNK,T,TOTAL,CMI90,EU_V,2005,1224,
dataflow,ESTAT:HSW_AW_CO1(1.0),A,NR,D_GE4,UNK,T,TOTAL,TOTAL,EU_V,2005,47266,
dataflow,ESTAT:HSW_AW_CO1(1.0),A,NR,D_GE4,Y15-17,T,TOTAL,CMI10,EU_V,2005,1800,
dataflow,ESTAT:HSW_AW_CO1(1.0),A,NR,D_GE4,Y15-17,T,TOTAL,CMI20,EU_V,2005,39,
dataflow,ESTAT:HSW_AW_CO1(1.0),A,NR,D_GE4,Y15-17,T,TOTAL,CMI30,EU_V,2005,7006,
dataflow,ESTAT:HSW_AW_CO1(1.0),A,NR,D_GE4,Y15-17,T,TOTAL,CMI40,EU_V,2005,6725,
dataflow,ESTAT:HSW_AW_CO1(1.0),A,NR,D_GE4,Y15-17,T,TOTAL,CMI50,EU_V,2005,11060,
dataflow,ESTAT:HSW_AW_CO1(1.0),A,NR,D_GE4,Y15-17,T,TOTAL,CMI60,EU_V,2005,2807,
dataflow,ESTAT:HSW_AW_CO1(1.0),A,NR,D_GE4,Y15-17,T,TOTAL,CMI70,EU_V,2005,4581,
dataflow,ESTAT:HSW_AW_CO1(1.0),A,NR,D_GE4,Y15-17,T,TOTAL,CMI80,EU_V,2005,724,
dataflow,ESTAT:HSW_AW_CO1(1.0),A,NR,D_GE4,Y15-17,T,TOTAL,CMI90,EU_V,2005,861,
dataflow,ESTAT:HSW_AW_CO1(1.0),A,NR,D_GE4,Y15-17,T,TOTAL,TOTAL,EU_V,2005,35599,
dataflow,ESTAT:HSW_AW_CO1(1.0),A,NR,D_GE4,Y18-24,T,TOTAL,CMI10,EU_V,2005,17849,
dataflow,ESTAT:HSW_AW_CO1(1.0),A,NR,D_GE4,Y18-24,T,TOTAL,CMI20,EU_V,2005,515,
dataflow,ESTAT:HSW_AW_CO1(1.0),A,NR,D_GE4,Y18-24,T,TOTAL,CMI30,EU_V,2005,91646,
dataflow,ESTAT:HSW_AW_CO1(1.0),A,NR,D_GE4,Y18-24,T,TOTAL,CMI40,EU_V,2005,89505,
dataflow,ESTAT:HSW_AW_CO1(1.0),A,NR,D_GE4,Y18-24,T,TOTAL,CMI50,EU_V,2005,116945,
dataflow,ESTAT:HSW_AW_CO1(1.0),A,NR,D_GE4,Y18-24,T,TOTAL,CMI60,EU_V,2005,34850,
dataflow,ESTAT:HSW_AW_CO1(1.0),A,NR,D_GE4,Y18-24,T,TOTAL,CMI70,EU_V,2005,79661,
dataflow,ESTAT:HSW_AW_CO1(1.0),A,NR,D_GE4,Y18-24,T,TOTAL,CMI80,EU_V,2005,9610,
dataflow,ESTAT:HSW_AW_CO1(1.0),A,NR,D_GE4,Y18-24,T,TOTAL,CMI90,EU_V,2005,10806,
dataflow,ESTAT:HSW_AW_CO1(1.0),A,NR,D_GE4,Y18-24,T,TOTAL,TOTAL,EU_V,2005,451385,
dataflow,ESTAT:HSW_AW_CO1(1.0),A,NR,D_GE4,Y25-34,T,TOTAL,CMI10,EU_V,2005,27843,
dataflow,ESTAT:HSW_AW_CO1(1.0),A,NR,D_GE4,Y25-34,T,TOTAL,CMI20,EU_V,2005,1034,
dataflow,ESTAT:HSW_AW_CO1(1.0),A,NR,D_GE4,Y25-34,T,TOTAL,CMI30,EU_V,2005,183394,
dataflow,ESTAT:HSW_AW_CO1(1.0),A,NR,D_GE4,Y25-34,T,TOTAL,CMI40,EU_V,2005,153350,
dataflow,ESTAT:HSW_AW_CO1(1.0),A,NR,D_GE4,Y25-34,T,TOTAL,CMI50,EU_V,2005,165908,
dataflow,ESTAT:HSW_AW_CO1(1.0),A,NR,D_GE4,Y25-34,T,TOTAL,CMI60,EU_V,2005,53410,
dataflow,ESTAT:HSW_AW_CO1(1.0),A,NR,D_GE4,Y25-34,T,TOTAL,CMI70,EU_V,2005,176828,
dataflow,ESTAT:HSW_AW_CO1(1.0),A,NR,D_GE4,Y25-34,T,TOTAL,CMI80,EU_V,2005,18773,
dataflow,ESTAT:HSW_AW_CO1(1.0),A,NR,D_GE4,Y25-34,T,TOTAL,CMI90,EU_V,2005,21197,
dataflow,ESTAT:HSW_AW_CO1(1.0),A,NR,D_GE4,Y25-34,T,TOTAL,TOTAL,EU_V,2005,801738,
dataflow,ESTAT:HSW_AW_CO1(1.0),A,NR,D_GE4,Y35-44,T,TOTAL,CMI10,EU_V,2005,26797,
dataflow,ESTAT:HSW_AW_CO1(1.0),A,NR,D_GE4,Y35-44,T,TOTAL,CMI20,EU_V,2005,1005,
dataflow,ESTAT:HSW_AW_CO1(1.0),A,NR,D_GE4,Y35-44,T,TOTAL,CMI30,EU_V,2005,213271,
dataflow,ESTAT:HSW_AW_CO1(1.0),A,NR,D_GE4,Y35-44,T,TOTAL,CMI40,EU_V,2005,149450,
dataflow,ESTAT:HSW_AW_CO1(1.0),A,NR,D_GE4,Y35-44,T,TOTAL,CMI50,EU_V,2005,156780,
dataflow,ESTAT:HSW_AW_CO1(1.0),A,NR,D_GE4,Y35-44,T,TOTAL,CMI60,EU_V,2005,55669,
dataflow,ESTAT:HSW_AW_CO1(1.0),A,NR,D_GE4,Y35-44,T,TOTAL,CMI70,EU_V,2005,180483,
dataflow,ESTAT:HSW_AW_CO1(1.0),A,NR,D_GE4,Y35-44,T,TOTAL,CMI80,EU_V,2005,20252,
dataflow,ESTAT:HSW_AW_CO1(1.0),A,NR,D_GE4,Y35-44,T,TOTAL,CMI90,EU_V,2005,24395,
dataflow,ESTAT:HSW_AW_CO1(1.0),A,NR,D_GE4,Y35-44,T,TOTAL,TOTAL,EU_V,2005,828105,
dataflow,ESTAT:HSW_AW_CO1(1.0),A,NR,D_GE4,Y45-54,T,TOTAL,CMI10,EU_V,2005,19362,
dataflow,ESTAT:HSW_AW_CO1(1.0),A,NR,D_GE4,Y45-54,T,TOTAL,CMI20,EU_V,2005,692,
dataflow,ESTAT:HSW_AW_CO1(1.0),A,NR,D_GE4,Y45-54,T,TOTAL,CMI30,EU_V,2005,192738,
dataflow,ESTAT:HSW_AW_CO1(1.0),A,NR,D_GE4,Y45-54,T,TOTAL,CMI40,EU_V,2005,108859,
dataflow,ESTAT:HSW_AW_CO1(1.0),A,NR,D_GE4,Y45-54,T,TOTAL,CMI50,EU_V,2005,112242,
dataflow,ESTAT:HSW_AW_CO1(1.0),A,NR,D_GE4,Y45-54,T,TOTAL,CMI60,EU_V,2005,44087,
dataflow,ESTAT:HSW_AW_CO1(1.0),A,NR,D_GE4,Y45-54,T,TOTAL,CMI70,EU_V,2005,129530,
dataflow,ESTAT:HSW_AW_CO1(1.0),A,NR,D_GE4,Y45-54,T,TOTAL,CMI80,EU_V,2005,16589,
dataflow,ESTAT:HSW_AW_CO1(1.0),A,NR,D_GE4,Y45-54,T,TOTAL,CMI90,EU_V,2005,21252,
dataflow,ESTAT:HSW_AW_CO1(1.0),A,NR,D_GE4,Y45-54,T,TOTAL,TOTAL,EU_V,2005,645355,
dataflow,ESTAT:HSW_AW_CO1(1.0),A,NR,D_GE4,Y55-64,T,TOTAL,CMI10,EU_V,2005,7750,
dataflow,ESTAT:HSW_AW_CO1(1.0),A,NR,D_GE4,Y55-64,T,TOTAL,CMI20,EU_V,2005,213,
dataflow,ESTAT:HSW_AW_CO1(1.0),A,NR,D_GE4,Y55-64,T,TOTAL,CMI30,EU_V,2005,108654,
dataflow,ESTAT:HSW_AW_CO1(1.0),A,NR,D_GE4,Y55-64,T,TOTAL,CMI40,EU_V,2005,47645,
dataflow,ESTAT:HSW_AW_CO1(1.0),A,NR,D_GE4,Y55-64,T,TOTAL,CMI50,EU_V,2005,47287,
dataflow,ESTAT:HSW_AW_CO1(1.0),A,NR,D_GE4,Y55-64,T,TOTAL,CMI60,EU_V,2005,18218,
dataflow,ESTAT:HSW_AW_CO1(1.0),A,NR,D_GE4,Y55-64,T,TOTAL,CMI70,EU_V,2005,55083,
dataflow,ESTAT:HSW_AW_CO1(1.0),A,NR,D_GE4,Y55-64,T,TOTAL,CMI80,EU_V,2005,7468,
dataflow,ESTAT:HSW_AW_CO1(1.0),A,NR,D_GE4,Y55-64,T,TOTAL,CMI90,EU_V,2005,10855,
dataflow,ESTAT:HSW_AW_CO1(1.0),A,NR,D_GE4,Y55-64,T,TOTAL,TOTAL,EU_V,2005,303177,
dataflow,ESTAT:HSW_AW_CO1(1.0),A,NR,D_GE4,Y_GE65,T,TOTAL,CMI10,EU_V,2005,499,
dataflow,ESTAT:HSW_AW_CO1(1.0),A,NR,D_GE4,Y_GE65,T,TOTAL,CMI20,EU_V,2005,25,
dataflow,ESTAT:HSW_AW_CO1(1.0),A,NR,D_GE4,Y_GE65,T,TOTAL,CMI30,EU_V,2005,11382,
dataflow,ESTAT:HSW_AW_CO1(1.0),A,NR,D_GE4,Y_GE65,T,TOTAL,CMI40,EU_V,2005,3558,
dataflow,ESTAT:HSW_AW_CO1(1.0),A,NR,D_GE4,Y_GE65,T,TOTAL,CMI50,EU_V,2005,4071,
dataflow,ESTAT:HSW_AW_CO1(1.0),A,NR,D_GE4,Y_GE65,T,TOTAL,CMI60,EU_V,2005,1442,
dataflow,ESTAT:HSW_AW_CO1(1.0),A,NR,D_GE4,Y_GE65,T,TOTAL,CMI70,EU_V,2005,2402,
dataflow,ESTAT:HSW_AW_CO1(1.0),A,NR,D_GE4,Y_GE65,T,TOTAL,CMI80,EU_V,2005,847,
dataflow,ESTAT:HSW_AW_CO1(1.0),A,NR,D_GE4,Y_GE65,T,TOTAL,CMI90,EU_V,2005,1340,
dataflow,ESTAT:HSW_AW_CO1(1.0),A,NR,D_GE4,Y_GE65,T,TOTAL,TOTAL,EU_V,2005,25568,
dataflow,ESTAT:HSW_AW_CO1(1.0),A,NR,FAT,TOTAL,F,TOTAL,CMI10,EU_V,2005,10,
dataflow,ESTAT:HSW_AW_CO1(1.0),A,NR,FAT,TOTAL,F,TOTAL,CMI30,EU_V,2005,65,
dataflow,ESTAT:HSW_AW_CO1(1.0),A,NR,FAT,TOTAL,F,TOTAL,CMI40,EU_V,2005,116,
dataflow,ESTAT:HSW_AW_CO1(1.0),A,NR,FAT,TOTAL,F,TOTAL,CMI50,EU_V,2005,12,
dataflow,ESTAT:HSW_AW_CO1(1.0),A,NR,FAT,TOTAL,F,TOTAL,CMI60,EU_V,2005,16,
dataflow,ESTAT:HSW_AW_CO1(1.0),A,NR,FAT,TOTAL,F,TOTAL,CMI70,EU_V,2005,6,
dataflow,ESTAT:HSW_AW_CO1(1.0),A,NR,FAT,TOTAL,F,TOTAL,CMI80,EU_V,2005,9,
dataflow,ESTAT:HSW_AW_CO1(1.0),A,NR,FAT,TOTAL,F,TOTAL,CMI90,EU_V,2005,9,
dataflow,ESTAT:HSW_AW_CO1(1.0),A,NR,FAT,TOTAL,F,TOTAL,TOTAL,EU_V,2005,246,
dataflow,ESTAT:HSW_AW_CO1(1.0),A,NR,FAT,TOTAL,M,TOTAL,CMI10,EU_V,2005,322,
dataflow,ESTAT:HSW_AW_CO1(1.0),A,NR,FAT,TOTAL,M,TOTAL,CMI20,EU_V,2005,175,
dataflow,ESTAT:HSW_AW_CO1(1.0),A,NR,FAT,TOTAL,M,TOTAL,CMI30,EU_V,2005,1143,
dataflow,ESTAT:HSW_AW_CO1(1.0),A,NR,FAT,TOTAL,M,TOTAL,CMI40,EU_V,2005,1399,
dataflow,ESTAT:HSW_AW_CO1(1.0),A,NR,FAT,TOTAL,M,TOTAL,CMI50,EU_V,2005,238,
dataflow,ESTAT:HSW_AW_CO1(1.0),A,NR,FAT,TOTAL,M,TOTAL,CMI60,EU_V,2005,591,
dataflow,ESTAT:HSW_AW_CO1(1.0),A,NR,FAT,TOTAL,M,TOTAL,CMI70,EU_V,2005,121,
dataflow,ESTAT:HSW_AW_CO1(1.0),A,NR,FAT,TOTAL,M,TOTAL,CMI80,EU_V,2005,65,
dataflow,ESTAT:HSW_AW_CO1(1.0),A,NR,FAT,TOTAL,M,TOTAL,CMI90,EU_V,2005,116,
dataflow,ESTAT:HSW_AW_CO1(1.0),A,NR,FAT,TOTAL,M,TOTAL,TOTAL,EU_V,2005,4170,
dataflow,ESTAT:HSW_AW_CO1(1.0),A,NR,FAT,TOTAL,T,A,CMI10,EU_V,2005,24,
dataflow,ESTAT:HSW_AW_CO1(1.0),A,NR,FAT,TOTAL,T,A,CMI20,EU_V,2005,12,
dataflow,ESTAT:HSW_AW_CO1(1.0),A,NR,FAT,TOTAL,T,A,CMI30,EU_V,2005,98,
dataflow,ESTAT:HSW_AW_CO1(1.0),A,NR,FAT,TOTAL,T,A,CMI40,EU_V,2005,115,
dataflow,ESTAT:HSW_AW_CO1(1.0),A,NR,FAT,TOTAL,T,A,CMI50,EU_V,2005,44,
dataflow,ESTAT:HSW_AW_CO1(1.0),A,NR,FAT,TOTAL,T,A,CMI60,EU_V,2005,89,
dataflow,ESTAT:HSW_AW_CO1(1.0),A,NR,FAT,TOTAL,T,A,CMI70,EU_V,2005,15,
dataflow,ESTAT:HSW_AW_CO1(1.0),A,NR,FAT,TOTAL,T,A,CMI80,EU_V,2005,35,
dataflow,ESTAT:HSW_AW_CO1(1.0),A,NR,FAT,TOTAL,T,A,CMI90,EU_V,2005,30,
dataflow,ESTAT:HSW_AW_CO1(1.0),A,NR,FAT,TOTAL,T,A,TOTAL,EU_V,2005,462,
dataflow,ESTAT:HSW_AW_CO1(1.0),A,NR,FAT,TOTAL,T,B,CMI20,EU_V,2005,15,
dataflow,ESTAT:HSW_AW_CO1(1.0),A,NR,FAT,TOTAL,T,B,CMI40,EU_V,2005,4,
dataflow,ESTAT:HSW_AW_CO1(1.0),A,NR,FAT,TOTAL,T,B,TOTAL,EU_V,2005,23,
dataflow,ESTAT:HSW_AW_CO1(1.0),A,NR,FAT,TOTAL,T,C,CMI10,EU_V,2005,5,
dataflow,ESTAT:HSW_AW_CO1(1.0),A,NR,FAT,TOTAL,T,C,CMI20,EU_V,2005,17,
dataflow,ESTAT:HSW_AW_CO1(1.0),A,NR,FAT,TOTAL,T,C,CMI30,EU_V,2005,19,
dataflow,ESTAT:HSW_AW_CO1(1.0),A,NR,FAT,TOTAL,T,C,CMI40,EU_V,2005,35,
dataflow,ESTAT:HSW_AW_CO1(1.0),A,NR,FAT,TOTAL,T,C,CMI60,EU_V,2005,20,
dataflow,ESTAT:HSW_AW_CO1(1.0),A,NR,FAT,TOTAL,T,C,CMI70,EU_V,2005,4,
dataflow,ESTAT:HSW_AW_CO1(1.0),A,NR,FAT,TOTAL,T,C,TOTAL,EU_V,2005,106,
dataflow,ESTAT:HSW_AW_CO1(1.0),A,NR,FAT,TOTAL,T,D,CMI10,EU_V,2005,99,
dataflow,ESTAT:HSW_AW_CO1(1.0),A,NR,FAT,TOTAL,T,D,CMI20,EU_V,2005,29,
dataflow,ESTAT:HSW_AW_CO1(1.0),A,NR,FAT,TOTAL,T,D,CMI30,EU_V,2005,202,
dataflow,ESTAT:HSW_AW_CO1(1.0),A,NR,FAT,TOTAL,T,D,CMI40,EU_V,2005,336,
dataflow,ESTAT:HSW_AW_CO1(1.0),A,NR,FAT,TOTAL,T,D,CMI50,EU_V,2005,64,
dataflow,ESTAT:HSW_AW_CO1(1.0),A,NR,FAT,TOTAL,T,D,CMI60,EU_V,2005,143,
dataflow,ESTAT:HSW_AW_CO1(1.0),A,NR,FAT,TOTAL,T,D,CMI70,EU_V,2005,31,
dataflow,ESTAT:HSW_AW_CO1(1.0),A,NR,FAT,TOTAL,T,D,CMI80,EU_V,2005,5,
dataflow,ESTAT:HSW_AW_CO1(1.0),A,NR,FAT,TOTAL,T,D,CMI90,EU_V,2005,23,
dataflow,ESTAT:HSW_AW_CO1(1.0),A,NR,FAT,TOTAL,T,D,TOTAL,EU_V,2005,932,
dataflow,ESTAT:HSW_AW_CO1(1.0),A,NR,FAT,TOTAL,T,E,CMI10,EU_V,2005,19,
dataflow,ESTAT:HSW_AW_CO1(1.0),A,NR,FAT,TOTAL,T,E,CMI20,EU_V,2005,6,
dataflow,ESTAT:HSW_AW_CO1(1.0),A,NR,FAT,TOTAL,T,E,CMI30,EU_V,2005,9,
dataflow,ESTAT:HSW_AW_CO1(1.0),A,NR,FAT,TOTAL,T,E,CMI40,EU_V,2005,17,
dataflow,ESTAT:HSW_AW_CO1(1.0),A,NR,FAT,TOTAL,T,E,CMI60,EU_V,2005,5,
dataflow,ESTAT:HSW_AW_CO1(1.0),A,NR,FAT,TOTAL,T,E,TOTAL,EU_V,2005,63,
dataflow,ESTAT:HSW_AW_CO1(1.0),A,NR,FAT,TOTAL,T,F,CMI10,EU_V,2005,79,
dataflow,ESTAT:HSW_AW_CO1(1.0),A,NR,FAT,TOTAL,T,F,CMI20,EU_V,2005,63,
dataflow,ESTAT:HSW_AW_CO1(1.0),A,NR,FAT,TOTAL,T,F,CMI30,EU_V,2005,478,
dataflow,ESTAT:HSW_AW_CO1(1.0),A,NR,FAT,TOTAL,T,F,CMI40,EU_V,2005,290,
dataflow,ESTAT:HSW_AW_CO1(1.0),A,NR,FAT,TOTAL,T,F,CMI50,EU_V,2005,46,
dataflow,ESTAT:HSW_AW_CO1(1.0),A,NR,FAT,TOTAL,T,F,CMI60,EU_V,2005,144,
dataflow,ESTAT:HSW_AW_CO1(1.0),A,NR,FAT,TOTAL,T,F,CMI70,EU_V,2005,22,
dataflow,ESTAT:HSW_AW_CO1(1.0),A,NR,FAT,TOTAL,T,F,CMI80,EU_V,2005,4,
dataflow,ESTAT:HSW_AW_CO1(1.0),A,NR,FAT,TOTAL,T,F,CMI90,EU_V,2005,27,
dataflow,ESTAT:HSW_AW_CO1(1.0),A,NR,FAT,TOTAL,T,F,TOTAL,EU_V,2005,1153,
dataflow,ESTAT:HSW_AW_CO1(1.0),A,NR,FAT,TOTAL,T,G,CMI10,EU_V,2005,26,
dataflow,ESTAT:HSW_AW_CO1(1.0),A,NR,FAT,TOTAL,T,G,CMI20,EU_V,2005,9,
dataflow,ESTAT:HSW_AW_CO1(1.0),A,NR,FAT,TOTAL,T,G,CMI30,EU_V,2005,86,
dataflow,ESTAT:HSW_AW_CO1(1.0),A,NR,FAT,TOTAL,T,G,CMI40,EU_V,2005,158,
dataflow,ESTAT:HSW_AW_CO1(1.0),A,NR,FAT,TOTAL,T,G,CMI50,EU_V,2005,24,
dataflow,ESTAT:HSW_AW_CO1(1.0),A,NR,FAT,TOTAL,T,G,CMI60,EU_V,2005,40,
dataflow,ESTAT:HSW_AW_CO1(1.0),A,NR,FAT,TOTAL,T,G,CMI70,EU_V,2005,6,
dataflow,ESTAT:HSW_AW_CO1(1.0),A,NR,FAT,TOTAL,T,G,CMI80,EU_V,2005,5,
dataflow,ESTAT:HSW_AW_CO1(1.0),A,NR,FAT,TOTAL,T,G,CMI90,EU_V,2005,8,
dataflow,ESTAT:HSW_AW_CO1(1.0),A,NR,FAT,TOTAL,T,G,TOTAL,EU_V,2005,361,
dataflow,ESTAT:HSW_AW_CO1(1.0),A,NR,FAT,TOTAL,T,H,CMI30,EU_V,2005,16,
dataflow,ESTAT:HSW_AW_CO1(1.0),A,NR,FAT,TOTAL,T,H,CMI40,EU_V,2005,18,
dataflow,ESTAT:HSW_AW_CO1(1.0),A,NR,FAT,TOTAL,T,H,CMI80,EU_V,2005,4,
dataflow,ESTAT:HSW_AW_CO1(1.0),A,NR,FAT,TOTAL,T,H,TOTAL,EU_V,2005,48,
dataflow,ESTAT:HSW_AW_CO1(1.0),A,NR,FAT,TOTAL,T,I,CMI10,EU_V,2005,43,
dataflow,ESTAT:HSW_AW_CO1(1.0),A,NR,FAT,TOTAL,T,I,CMI20,EU_V,2005,13,
dataflow,ESTAT:HSW_AW_CO1(1.0),A,NR,FAT,TOTAL,T,I,CMI30,EU_V,2005,143,
dataflow,ESTAT:HSW_AW_CO1(1.0),A,NR,FAT,TOTAL,T,I,CMI40,EU_V,2005,342,
dataflow,ESTAT:HSW_AW_CO1(1.0),A,NR,FAT,TOTAL,T,I,CMI50,EU_V,2005,25,
dataflow,ESTAT:HSW_AW_CO1(1.0),A,NR,FAT,TOTAL,T,I,CMI60,EU_V,2005,110,
dataflow,ESTAT:HSW_AW_CO1(1.0),A,NR,FAT,TOTAL,T,I,CMI70,EU_V,2005,15,
dataflow,ESTAT:HSW_AW_CO1(1.0),A,NR,FAT,TOTAL,T,I,CMI80,EU_V,2005,8,
dataflow,ESTAT:HSW_AW_CO1(1.0),A,NR,FAT,TOTAL,T,I,CMI90,EU_V,2005,12,
dataflow,ESTAT:HSW_AW_CO1(1.0),A,NR,FAT,TOTAL,T,I,TOTAL,EU_V,2005,710,
dataflow,ESTAT:HSW_AW_CO1(1.0),A,NR,FAT,TOTAL,T,J,CMI40,EU_V,2005,15,
dataflow,ESTAT:HSW_AW_CO1(1.0),A,NR,FAT,TOTAL,T,J,TOTAL,EU_V,2005,27,
dataflow,ESTAT:HSW_AW_CO1(1.0),A,NR,FAT,TOTAL,T,K,CMI10,EU_V,2005,21,
dataflow,ESTAT:HSW_AW_CO1(1.0),A,NR,FAT,TOTAL,T,K,CMI20,EU_V,2005,5,
dataflow,ESTAT:HSW_AW_CO1(1.0),A,NR,FAT,TOTAL,T,K,CMI30,EU_V,2005,65,
dataflow,ESTAT:HSW_AW_CO1(1.0),A,NR,FAT,TOTAL,T,K,CMI40,EU_V,2005,83,
dataflow,ESTAT:HSW_AW_CO1(1.0),A,NR,FAT,TOTAL,T,K,CMI50,EU_V,2005,10,
dataflow,ESTAT:HSW_AW_CO1(1.0),A,NR,FAT,TOTAL,T,K,CMI60,EU_V,2005,24,
dataflow,ESTAT:HSW_AW_CO1(1.0),A,NR,FAT,TOTAL,T,K,CMI70,EU_V,2005,10,
dataflow,ESTAT:HSW_AW_CO1(1.0),A,NR,FAT,TOTAL,T,K,CMI80,EU_V,2005,4,
dataflow,ESTAT:HSW_AW_CO1(1.0),A,NR,FAT,TOTAL,T,K,CMI90,EU_V,2005,4,
dataflow,ESTAT:HSW_AW_CO1(1.0),A,NR,FAT,TOTAL,T,K,TOTAL,EU_V,2005,226,
dataflow,ESTAT:HSW_AW_CO1(1.0),A,NR,FAT,TOTAL,T,L,CMI30,EU_V,2005,28,
dataflow,ESTAT:HSW_AW_CO1(1.0),A,NR,FAT,TOTAL,T,L,CMI40,EU_V,2005,26,
dataflow,ESTAT:HSW_AW_CO1(1.0),A,NR,FAT,TOTAL,T,L,CMI60,EU_V,2005,8,
dataflow,ESTAT:HSW_AW_CO1(1.0),A,NR,FAT,TOTAL,T,L,CMI70,EU_V,2005,9,
dataflow,ESTAT:HSW_AW_CO1(1.0),A,NR,FAT,TOTAL,T,L,CMI90,EU_V,2005,8,
dataflow,ESTAT:HSW_AW_CO1(1.0),A,NR,FAT,TOTAL,T,L,TOTAL,EU_V,2005,85,
dataflow,ESTAT:HSW_AW_CO1(1.0),A,NR,FAT,TOTAL,T,M,CMI30,EU_V,2005,6,
dataflow,ESTAT:HSW_AW_CO1(1.0),A,NR,FAT,TOTAL,T,M,CMI40,EU_V,2005,13,
dataflow,ESTAT:HSW_AW_CO1(1.0),A,NR,FAT,TOTAL,T,M,TOTAL,EU_V,2005,31,
dataflow,ESTAT:HSW_AW_CO1(1.0),A,NR,FAT,TOTAL,T,N,CMI30,EU_V,2005,8,
dataflow,ESTAT:HSW_AW_CO1(1.0),A,NR,FAT,TOTAL,T,N,CMI40,EU_V,2005,19,
dataflow,ESTAT:HSW_AW_CO1(1.0),A,NR,FAT,TOTAL,T,N,CMI50,EU_V,2005,4,
dataflow,ESTAT:HSW_AW_CO1(1.0),A,NR,FAT,TOTAL,T,N,CMI70,EU_V,2005,5,
dataflow,ESTAT:HSW_AW_CO1(1.0),A,NR,FAT,TOTAL,T,N,TOTAL,EU_V,2005,41,
dataflow,ESTAT:HSW_AW_CO1(1.0),A,NR,FAT,TOTAL,T,O,CMI10,EU_V,2005,10,
dataflow,ESTAT:HSW_AW_CO1(1.0),A,NR,FAT,TOTAL,T,O,CMI20,EU_V,2005,4,
dataflow,ESTAT:HSW_AW_CO1(1.0),A,NR,FAT,TOTAL,T,O,CMI30,EU_V,2005,34,
dataflow,ESTAT:HSW_AW_CO1(1.0),A,NR,FAT,TOTAL,T,O,CMI40,EU_V,2005,34,
dataflow,ESTAT:HSW_AW_CO1(1.0),A,NR,FAT,TOTAL,T,O,CMI50,EU_V,2005,8,
dataflow,ESTAT:HSW_AW_CO1(1.0),A,NR,FAT,TOTAL,T,O,CMI60,EU_V,2005,16,
dataflow,ESTAT:HSW_AW_CO1(1.0),A,NR,FAT,TOTAL,T,O,TOTAL,EU_V,2005,109,
dataflow,ESTAT:HSW_AW_CO1(1.0),A,NR,FAT,TOTAL,T,P,TOTAL,EU_V,2005,5,
dataflow,ESTAT:HSW_AW_CO1(1.0),A,NR,FAT,TOTAL,T,TOTAL,CMI10,EU_V,2005,332,
dataflow,ESTAT:HSW_AW_CO1(1.0),A,NR,FAT,TOTAL,T,TOTAL,CMI20,EU_V,2005,178,
dataflow,ESTAT:HSW_AW_CO1(1.0),A,NR,FAT,TOTAL,T,TOTAL,CMI30,EU_V,2005,1208,
dataflow,ESTAT:HSW_AW_CO1(1.0),A,NR,FAT,TOTAL,T,TOTAL,CMI40,EU_V,2005,1515,
dataflow,ESTAT:HSW_AW_CO1(1.0),A,NR,FAT,TOTAL,T,TOTAL,CMI50,EU_V,2005,250,
dataflow,ESTAT:HSW_AW_CO1(1.0),A,NR,FAT,TOTAL,T,TOTAL,CMI60,EU_V,2005,607,
dataflow,ESTAT:HSW_AW_CO1(1.0),A,NR,FAT,TOTAL,T,TOTAL,CMI70,EU_V,2005,127,
dataflow,ESTAT:HSW_AW_CO1(1.0),A,NR,FAT,TOTAL,T,TOTAL,CMI80,EU_V,2005,74,
dataflow,ESTAT:HSW_AW_CO1(1.0),A,NR,FAT,TOTAL,T,TOTAL,CMI90,EU_V,2005,125,
dataflow,ESTAT:HSW_AW_CO1(1.0),A,NR,FAT,TOTAL,T,TOTAL,TOTAL,EU_V,2005,4416,
dataflow,ESTAT:HSW_AW_CO1(1.0),A,NR,FAT,TOTAL,T,UNK,CMI30,EU_V,2005,11,
dataflow,ESTAT:HSW_AW_CO1(1.0),A,NR,FAT,TOTAL,T,UNK,CMI40,EU_V,2005,10,
dataflow,ESTAT:HSW_AW_CO1(1.0),A,NR,FAT,TOTAL,T,UNK,CMI50,EU_V,2005,9,
dataflow,ESTAT:HSW_AW_CO1(1.0),A,NR,FAT,TOTAL,T,UNK,TOTAL,EU_V,2005,34,
dataflow,ESTAT:HSW_AW_CO1(1.0),A,NR,FAT,UNK,T,TOTAL,CMI30,EU_V,2005,7,
dataflow,ESTAT:HSW_AW_CO1(1.0),A,NR,FAT,UNK,T,TOTAL,CMI40,EU_V,2005,7,
dataflow,ESTAT:HSW_AW_CO1(1.0),A,NR,FAT,UNK,T,TOTAL,TOTAL,EU_V,2005,16,
dataflow,ESTAT:HSW_AW_CO1(1.0),A,NR,FAT,Y15-17,T,TOTAL,CMI10,EU_V,2005,4,
dataflow,ESTAT:HSW_AW_CO1(1.0),A,NR,FAT,Y15-17,T,TOTAL,CMI30,EU_V,2005,6,
dataflow,ESTAT:HSW_AW_CO1(1.0),A,NR,FAT,Y15-17,T,TOTAL,CMI40,EU_V,2005,6,
dataflow,ESTAT:HSW_AW_CO1(1.0),A,NR,FAT,Y15-17,T,TOTAL,TOTAL,EU_V,2005,22,
dataflow,ESTAT:HSW_AW_CO1(1.0),A,NR,FAT,Y18-24,T,TOTAL,CMI10,EU_V,2005,33,
dataflow,ESTAT:HSW_AW_CO1(1.0),A,NR,FAT,Y18-24,T,TOTAL,CMI20,EU_V,2005,16,
dataflow,ESTAT:HSW_AW_CO1(1.0),A,NR,FAT,Y18-24,T,TOTAL,CMI30,EU_V,2005,99,
dataflow,ESTAT:HSW_AW_CO1(1.0),A,NR,FAT,Y18-24,T,TOTAL,CMI40,EU_V,2005,111,
dataflow,ESTAT:HSW_AW_CO1(1.0),A,NR,FAT,Y18-24,T,TOTAL,CMI50,EU_V,2005,31,
dataflow,ESTAT:HSW_AW_CO1(1.0),A,NR,FAT,Y18-24,T,TOTAL,CMI60,EU_V,2005,44,
dataflow,ESTAT:HSW_AW_CO1(1.0),A,NR,FAT,Y18-24,T,TOTAL,CMI80,EU_V,2005,4,
dataflow,ESTAT:HSW_AW_CO1(1.0),A,NR,FAT,Y18-24,T,TOTAL,TOTAL,EU_V,2005,343,
dataflow,ESTAT:HSW_AW_CO1(1.0),A,NR,FAT,Y25-34,T,TOTAL,CMI10,EU_V,2005,70,
dataflow,ESTAT:HSW_AW_CO1(1.0),A,NR,FAT,Y25-34,T,TOTAL,CMI20,EU_V,2005,26,
dataflow,ESTAT:HSW_AW_CO1(1.0),A,NR,FAT,Y25-34,T,TOTAL,CMI30,EU_V,2005,218,
dataflow,ESTAT:HSW_AW_CO1(1.0),A,NR,FAT,Y25-34,T,TOTAL,CMI40,EU_V,2005,349,
dataflow,ESTAT:HSW_AW_CO1(1.0),A,NR,FAT,Y25-34,T,TOTAL,CMI50,EU_V,2005,53,
dataflow,ESTAT:HSW_AW_CO1(1.0),A,NR,FAT,Y25-34,T,TOTAL,CMI60,EU_V,2005,122,
dataflow,ESTAT:HSW_AW_CO1(1.0),A,NR,FAT,Y25-34,T,TOTAL,CMI70,EU_V,2005,13,
dataflow,ESTAT:HSW_AW_CO1(1.0),A,NR,FAT,Y25-34,T,TOTAL,CMI80,EU_V,2005,8,
dataflow,ESTAT:HSW_AW_CO1(1.0),A,NR,FAT,Y25-34,T,TOTAL,CMI90,EU_V,2005,24,
dataflow,ESTAT:HSW_AW_CO1(1.0),A,NR,FAT,Y25-34,T,TOTAL,TOTAL,EU_V,2005,883,
dataflow,ESTAT:HSW_AW_CO1(1.0),A,NR,FAT,Y35-44,T,TOTAL,CMI10,EU_V,2005,90,
dataflow,ESTAT:HSW_AW_CO1(1.0),A,NR,FAT,Y35-44,T,TOTAL,CMI20,EU_V,2005,54,
dataflow,ESTAT:HSW_AW_CO1(1.0),A,NR,FAT,Y35-44,T,TOTAL,CMI30,EU_V,2005,268,
dataflow,ESTAT:HSW_AW_CO1(1.0),A,NR,FAT,Y35-44,T,TOTAL,CMI40,EU_V,2005,382,
dataflow,ESTAT:HSW_AW_CO1(1.0),A,NR,FAT,Y35-44,T,TOTAL,CMI50,EU_V,2005,53,
dataflow,ESTAT:HSW_AW_CO1(1.0),A,NR,FAT,Y35-44,T,TOTAL,CMI60,EU_V,2005,144,
dataflow,ESTAT:HSW_AW_CO1(1.0),A,NR,FAT,Y35-44,T,TOTAL,CMI70,EU_V,2005,38,
dataflow,ESTAT:HSW_AW_CO1(1.0),A,NR,FAT,Y35-44,T,TOTAL,CMI80,EU_V,2005,20,
dataflow,ESTAT:HSW_AW_CO1(1.0),A,NR,FAT,Y35-44,T,TOTAL,CMI90,EU_V,2005,28,
dataflow,ESTAT:HSW_AW_CO1(1.0),A,NR,FAT,Y35-44,T,TOTAL,TOTAL,EU_V,2005,1077,
dataflow,ESTAT:HSW_AW_CO1(1.0),A,NR,FAT,Y45-54,T,TOTAL,CMI10,EU_V,2005,97,
dataflow,ESTAT:HSW_AW_CO1(1.0),A,NR,FAT,Y45-54,T,TOTAL,CMI20,EU_V,2005,55,
dataflow,ESTAT:HSW_AW_CO1(1.0),A,NR,FAT,Y45-54,T,TOTAL,CMI30,EU_V,2005,339,
dataflow,ESTAT:HSW_AW_CO1(1.0),A,NR,FAT,Y45-54,T,TOTAL,CMI40,EU_V,2005,389,
dataflow,ESTAT:HSW_AW_CO1(1.0),A,NR,FAT,Y45-54,T,TOTAL,CMI50,EU_V,2005,66,
dataflow,ESTAT:HSW_AW_CO1(1.0),A,NR,FAT,Y45-54,T,TOTAL,CMI60,EU_V,2005,168,
dataflow,ESTAT:HSW_AW_CO1(1.0),A,NR,FAT,Y45-54,T,TOTAL,CMI70,EU_V,2005,47,
dataflow,ESTAT:HSW_AW_CO1(1.0),A,NR,FAT,Y45-54,T,TOTAL,CMI80,EU_V,2005,25,
dataflow,ESTAT:HSW_AW_CO1(1.0),A,NR,FAT,Y45-54,T,TOTAL,CMI90,EU_V,2005,37,
dataflow,ESTAT:HSW_AW_CO1(1.0),A,NR,FAT,Y45-54,T,TOTAL,TOTAL,EU_V,2005,1223,
dataflow,ESTAT:HSW_AW_CO1(1.0),A,NR,FAT,Y55-64,T,TOTAL,CMI10,EU_V,2005,35,
dataflow,ESTAT:HSW_AW_CO1(1.0),A,NR,FAT,Y55-64,T,TOTAL,CMI20,EU_V,2005,22,
dataflow,ESTAT:HSW_AW_CO1(1.0),A,NR,FAT,Y55-64,T,TOTAL,CMI30,EU_V,2005,215,
dataflow,ESTAT:HSW_AW_CO1(1.0),A,NR,FAT,Y55-64,T,TOTAL,CMI40,EU_V,2005,229,
dataflow,ESTAT:HSW_AW_CO1(1.0),A,NR,FAT,Y55-64,T,TOTAL,CMI50,EU_V,2005,35,
dataflow,ESTAT:HSW_AW_CO1(1.0),A,NR,FAT,Y55-64,T,TOTAL,CMI60,EU_V,2005,109,
dataflow,ESTAT:HSW_AW_CO1(1.0),A,NR,FAT,Y55-64,T,TOTAL,CMI70,EU_V,2005,20,
dataflow,ESTAT:HSW_AW_CO1(1.0),A,NR,FAT,Y55-64,T,TOTAL,CMI80,EU_V,2005,9,
dataflow,ESTAT:HSW_AW_CO1(1.0),A,NR,FAT,Y55-64,T,TOTAL,CMI90,EU_V,2005,22,
dataflow,ESTAT:HSW_AW_CO1(1.0),A,NR,FAT,Y55-64,T,TOTAL,TOTAL,EU_V,2005,696,
dataflow,ESTAT:HSW_AW_CO1(1.0),A,NR,FAT,Y_GE65,T,TOTAL,CMI20,EU_V,2005,4,
dataflow,ESTAT:HSW_AW_CO1(1.0),A,NR,FAT,Y_GE65,T,TOTAL,CMI30,EU_V,2005,51,
dataflow,ESTAT:HSW_AW_CO1(1.0),A,NR,FAT,Y_GE65,T,TOTAL,CMI40,EU_V,2005,40,
dataflow,ESTAT:HSW_AW_CO1(1.0),A,NR,FAT,Y_GE65,T,TOTAL,CMI50,EU_V,2005,8,
dataflow,ESTAT:HSW_AW_CO1(1.0),A,NR,FAT,Y_GE65,T,TOTAL,CMI60,EU_V,2005,16,
dataflow,ESTAT:HSW_AW_CO1(1.0),A,NR,FAT,Y_GE65,T,TOTAL,CMI70,EU_V,2005,6,
dataflow,ESTAT:HSW_AW_CO1(1.0),A,NR,FAT,Y_GE65,T,TOTAL,CMI80,EU_V,2005,8,
dataflow,ESTAT:HSW_AW_CO1(1.0),A,NR,FAT,Y_GE65,T,TOTAL,CMI90,EU_V,2005,11,
dataflow,ESTAT:HSW_AW_CO1(1.0),A,NR,FAT,Y_GE65,T,TOTAL,TOTAL,EU_V,2005,147,
