STRUCTURE,STRUCTURE_ID,freq,unit,severity,bodypart,geo,TIME_PERIOD,OBS_VALUE,OBS_FLAG
dataflow,ESTAT:HSW_AW_NBOSV(1.0),A,NR,D14-20,BP1,EU15_NO,1996,24246,
dataflow,ESTAT:HSW_AW_NBOSV(1.0),A,NR,D14-20,BP1,EU15_NO,1997,20979,
dataflow,ESTAT:HSW_AW_NBOSV(1.0),A,NR,D14-20,BP1,EU15_NO,1998,20945,
dataflow,ESTAT:HSW_AW_NBOSV(1.0),A,NR,D14-20,BP1,EU15_NO,1999,21000,
dataflow,ESTAT:HSW_AW_NBOSV(1.0),A,NR,D14-20,BP1,EU15_NO,2000,21811,
dataflow,ESTAT:HSW_AW_NBOSV(1.0),A,NR,D14-20,BP1,EU15_NO,2001,21226,
dataflow,ESTAT:HSW_AW_NBOSV(1.0),A,NR,D14-20,BP1,EU15_NO,2002,18907,
dataflow,ESTAT:HSW_AW_NBOSV(1.0),A,NR,D14-20,BP1,EU15_NO,2003,17722,
dataflow,ESTAT:HSW_AW_NBOSV(1.0),A,NR,D14-20,BP1,EU15_NO,2004,18648,
dataflow,ESTAT:HSW_AW_NBOSV(1.0),A,NR,D14-20,BP1,EU15_NO,2005,18080,
dataflow,ESTAT:HSW_AW_NBOSV(1.0),A,NR,D14-20,BP1,EU15_NO,2006,16901,
dataflow,ESTAT:HSW_AW_NBOSV(1.0),A,NR,D14-20,BP1,EU15_NO,2007,21414,p
dataflow,ESTAT:HSW_AW_NBOSV(1.0),A,NR,D14-20,BP2,EU15_NO,1996,8619,
dataflow,ESTAT:HSW_AW_NBOSV(1.0),A,NR,D14-20,BP2,EU15_NO,1997,6599,
dataflow,ESTAT:HSW_AW_NBOSV(1.0),A,NR,D14-20,BP2,EU15_NO,1998,7980,
dataflow,ESTAT:HSW_AW_NBOSV(1.0),A,NR,D14-20,BP2,EU15_NO,1999,8995,
dataflow,ESTAT:HSW_AW_NBOSV(1.0),A,NR,D14-20,BP2,EU15_NO,2000,11038,
dataflow,ESTAT:HSW_AW_NBOSV(1.0),A,NR,D14-20,BP2,EU15_NO,2001,14453,
dataflow,ESTAT:HSW_AW_NBOSV(1.0),A,NR,D14-20,BP2,EU15_NO,2002,13388,
dataflow,ESTAT:HSW_AW_NBOSV(1.0),A,NR,D14-20,BP2,EU15_NO,2003,9746,
dataflow,ESTAT:HSW_AW_NBOSV(1.0),A,NR,D14-20,BP2,EU15_NO,2004,11054,
dataflow,ESTAT:HSW_AW_NBOSV(1.0),A,NR,D14-20,BP2,EU15_NO,2005,11149,
dataflow,ESTAT:HSW_AW_NBOSV(1.0),A,NR,D14-20,BP2,EU15_NO,2006,11161,
dataflow,ESTAT:HSW_AW_NBOSV(1.0),A,NR,D14-20,BP2,EU15_NO,2007,17831,p
dataflow,ESTAT:HSW_AW_NBOSV(1.0),A,NR,D14-20,BP3,EU15_NO,1996,37296,
dataflow,ESTAT:HSW_AW_NBOSV(1.0),A,NR,D14-20,BP3,EU15_NO,1997,32739,
dataflow,ESTAT:HSW_AW_NBOSV(1.0),A,NR,D14-20,BP3,EU15_NO,1998,34800,
dataflow,ESTAT:HSW_AW_NBOSV(1.0),A,NR,D14-20,BP3,EU15_NO,1999,36865,
dataflow,ESTAT:HSW_AW_NBOSV(1.0),A,NR,D14-20,BP3,EU15_NO,2000,40456,
dataflow,ESTAT:HSW_AW_NBOSV(1.0),A,NR,D14-20,BP3,EU15_NO,2001,38249,
dataflow,ESTAT:HSW_AW_NBOSV(1.0),A,NR,D14-20,BP3,EU15_NO,2002,38065,
dataflow,ESTAT:HSW_AW_NBOSV(1.0),A,NR,D14-20,BP3,EU15_NO,2003,39671,
dataflow,ESTAT:HSW_AW_NBOSV(1.0),A,NR,D14-20,BP3,EU15_NO,2004,45419,
dataflow,ESTAT:HSW_AW_NBOSV(1.0),A,NR,D14-20,BP3,EU15_NO,2005,45183,
dataflow,ESTAT:HSW_AW_NBOSV(1.0),A,NR,D14-20,BP3,EU15_NO,2006,44033,
dataflow,ESTAT:HSW_AW_NBOSV(1.0),A,NR,D14-20,BP3,EU15_NO,2007,76742,p
dataflow,ESTAT:HSW_AW_NBOSV(1.0),A,NR,D14-20,BP4,EU15_NO,1996,25095,
dataflow,ESTAT:HSW_AW_NBOSV(1.0),A,NR,D14-20,BP4,EU15_NO,1997,24260,
dataflow,ESTAT:HSW_AW_NBOSV(1.0),A,NR,D14-20,BP4,EU15_NO,1998,25406,
dataflow,ESTAT:HSW_AW_NBOSV(1.0),A,NR,D14-20,BP4,EU15_NO,1999,25273,
dataflow,ESTAT:HSW_AW_NBOSV(1.0),A,NR,D14-20,BP4,EU15_NO,2000,27995,
dataflow,ESTAT:HSW_AW_NBOSV(1.0),A,NR,D14-20,BP4,EU15_NO,2001,28406,
dataflow,ESTAT:HSW_AW_NBOSV(1.0),A,NR,D14-20,BP4,EU15_NO,2002,27418,
dataflow,ESTAT:HSW_AW_NBOSV(1.0),A,NR,D14-20,BP4,EU15_NO,2003,21573,
dataflow,ESTAT:HSW_AW_NBOSV(1.0),A,NR,D14-20,BP4,EU15_NO,2004,22170,
dataflow,ESTAT:HSW_AW_NBOSV(1.0),A,NR,D14-20,BP4,EU15_NO,2005,20609,
dataflow,ESTAT:HSW_AW_NBOSV(1.0),A,NR,D14-20,BP4,EU15_NO,2006,19217,
dataflow,ESTAT:HSW_AW_NBOSV(1.0),A,NR,D14-20,BP4,EU15_NO,2007,23148,p
dataflow,ESTAT:HSW_AW_NBOSV(1.0),A,NR,D14-20,BP5,EU15_NO,1996,168573,
dataflow,ESTAT:HSW_AW_NBOSV(1.0),A,NR,D14-20,BP5,EU15_NO,1997,159197,
dataflow,ESTAT:HSW_AW_NBOSV(1.0),A,NR,D14-20,BP5,EU15_NO,1998,161813,
dataflow,ESTAT:HSW_AW_NBOSV(1.0),A,NR,D14-20,BP5,EU15_NO,1999,161695,
dataflow,ESTAT:HSW_AW_NBOSV(1.0),A,NR,D14-20,BP5,EU15_NO,2000,169782,
dataflow,ESTAT:HSW_AW_NBOSV(1.0),A,NR,D14-20,BP5,EU15_NO,2001,159985,
dataflow,ESTAT:HSW_AW_NBOSV(1.0),A,NR,D14-20,BP5,EU15_NO,2002,155541,
dataflow,ESTAT:HSW_AW_NBOSV(1.0),A,NR,D14-20,BP5,EU15_NO,2003,142481,
dataflow,ESTAT:HSW_AW_NBOSV(1.0),A,NR,D14-20,BP5,EU15_NO,2004,149371,
dataflow,ESTAT:HSW_AW_NBOSV(1.0),A,NR,D14-20,BP5,EU15_NO,2005,142779,
dataflow,ESTAT:HSW_AW_NBOSV(1.0),A,NR,D14-20,BP5,EU15_NO,2006,136032,
dataflow,ESTAT:HSW_AW_NBOSV(1.0),A,NR,D14-20,BP5,EU15_NO,2007,184111,p
dataflow,ESTAT:HSW_AW_NBOSV(1.0),A,NR,D14-20,BP6,EU15_NO,1996,109004,
dataflow,ESTAT:HSW_AW_NBOSV(1.0),A,NR,D14-20,BP6,EU15_NO,1997,102769,
dataflow,ESTAT:HSW_AW_NBOSV(1.0),A,NR,D14-20,BP6,EU15_NO,1998,105135,
dataflow,ESTAT:HSW_AW_NBOSV(1.0),A,NR,D14-20,BP6,EU15_NO,1999,105135,
dataflow,ESTAT:HSW_AW_NBOSV(1.0),A,NR,D14-20,BP6,EU15_NO,2000,111119,
dataflow,ESTAT:HSW_AW_NBOSV(1.0),A,NR,D14-20,BP6,EU15_NO,2001,105384,
dataflow,ESTAT:HSW_AW_NBOSV(1.0),A,NR,D14-20,BP6,EU15_NO,2002,100266,
dataflow,ESTAT:HSW_AW_NBOSV(1.0),A,NR,D14-20,BP6,EU15_NO,2003,91674,
dataflow,ESTAT:HSW_AW_NBOSV(1.0),A,NR,D14-20,BP6,EU15_NO,2004,98326,
dataflow,ESTAT:HSW_AW_NBOSV(1.0),A,NR,D14-20,BP6,EU15_NO,2005,99093,
dataflow,ESTAT:HSW_AW_NBOSV(1.0),A,NR,D14-20,BP6,EU15_NO,2006,94406,
dataflow,ESTAT:HSW_AW_NBOSV(1.0),A,NR,D14-20,BP6,EU15_NO,2007,134467,p
dataflow,ESTAT:HSW_AW_NBOSV(1.0),A,NR,D14-20,BP7,EU15_NO,1996,14486,
dataflow,ESTAT:HSW_AW_NBOSV(1.0),A,NR,D14-20,BP7,EU15_NO,1997,10319,
dataflow,ESTAT:HSW_AW_NBOSV(1.0),A,NR,D14-20,BP7,EU15_NO,1998,10474,
dataflow,ESTAT:HSW_AW_NBOSV(1.0),A,NR,D14-20,BP7,EU15_NO,1999,10892,
dataflow,ESTAT:HSW_AW_NBOSV(1.0),A,NR,D14-20,BP7,EU15_NO,2000,11532,
dataflow,ESTAT:HSW_AW_NBOSV(1.0),A,NR,D14-20,BP7,EU15_NO,2001,11328,
dataflow,ESTAT:HSW_AW_NBOSV(1.0),A,NR,D14-20,BP7,EU15_NO,2002,12868,
dataflow,ESTAT:HSW_AW_NBOSV(1.0),A,NR,D14-20,BP7,EU15_NO,2003,11616,
dataflow,ESTAT:HSW_AW_NBOSV(1.0),A,NR,D14-20,BP7,EU15_NO,2004,11523,
dataflow,ESTAT:HSW_AW_NBOSV(1.0),A,NR,D14-20,BP7,EU15_NO,2005,11797,
dataflow,ESTAT:HSW_AW_NBOSV(1.0),A,NR,D14-20,BP7,EU15_NO,2006,11269,
dataflow,ESTAT:HSW_AW_NBOSV(1.0),A,NR,D14-20,BP7,EU15_NO,2007,12861,p
dataflow,ESTAT:HSW_AW_NBOSV(1.0),A,NR,D14-20,OTH,EU15_NO,1996,543,
dataflow,ESTAT:HSW_AW_NBOSV(1.0),A,NR,D14-20,OTH,EU15_NO,1997,1512,
dataflow,ESTAT:HSW_AW_NBOSV(1.0),A,NR,D14-20,OTH,EU15_NO,1998,1504,
dataflow,ESTAT:HSW_AW_NBOSV(1.0),A,NR,D14-20,OTH,EU15_NO,1999,893,
dataflow,ESTAT:HSW_AW_NBOSV(1.0),A,NR,D14-20,OTH,EU15_NO,2000,897,
dataflow,ESTAT:HSW_AW_NBOSV(1.0),A,NR,D14-20,OTH,EU15_NO,2001,482,
dataflow,ESTAT:HSW_AW_NBOSV(1.0),A,NR,D14-20,OTH,EU15_NO,2002,1379,
dataflow,ESTAT:HSW_AW_NBOSV(1.0),A,NR,D14-20,OTH,EU15_NO,2003,1265,
dataflow,ESTAT:HSW_AW_NBOSV(1.0),A,NR,D14-20,OTH,EU15_NO,2004,2297,
dataflow,ESTAT:HSW_AW_NBOSV(1.0),A,NR,D14-20,OTH,EU15_NO,2005,1686,
dataflow,ESTAT:HSW_AW_NBOSV(1.0),A,NR,D14-20,OTH,EU15_NO,2006,1204,
dataflow,ESTAT:HSW_AW_NBOSV(1.0),A,NR,D14-20,OTH,EU15_NO,2007,1852,p
dataflow,ESTAT:HSW_AW_NBOSV(1.0),A,NR,D14-20,TOTAL,EU15_NO,1996,401726,
dataflow,ESTAT:HSW_AW_NBOSV(1.0),A,NR,D14-20,TOTAL,EU15_NO,1997,360138,
dataflow,ESTAT:HSW_AW_NBOSV(1.0),A,NR,D14-20,TOTAL,EU15_NO,1998,369894,
dataflow,ESTAT:HSW_AW_NBOSV(1.0),A,NR,D14-20,TOTAL,EU15_NO,1999,372856,
dataflow,ESTAT:HSW_AW_NBOSV(1.0),A,NR,D14-20,TOTAL,EU15_NO,2000,396624,
dataflow,ESTAT:HSW_AW_NBOSV(1.0),A,NR,D14-20,TOTAL,EU15_NO,2001,387592,
dataflow,ESTAT:HSW_AW_NBOSV(1.0),A,NR,D14-20,TOTAL,EU15_NO,2002,370638,
dataflow,ESTAT:HSW_AW_NBOSV(1.0),A,NR,D14-20,TOTAL,EU15_NO,2003,342607,
dataflow,ESTAT:HSW_AW_NBOSV(1.0),A,NR,D14-20,TOTAL,EU15_NO,2004,361474,
dataflow,ESTAT:HSW_AW_NBOSV(1.0),A,NR,D14-20,TOTAL,EU15_NO,2005,384174,
dataflow,ESTAT:HSW_AW_NBOSV(1.0),A,NR,D14-20,TOTAL,EU15_NO,2006,386931,
dataflow,ESTAT:HSW_AW_NBOSV(1.0),A,NR,D14-20,TOTAL,EU15_NO,2007,532408,p
dataflow,ESTAT:HSW_AW_NBOSV(1.0),A,NR,D14-20,UNK,EU15_NO,1996,13864,
dataflow,ESTAT:HSW_AW_NBOSV(1.0),A,NR,D14-20,UNK,EU15_NO,1997,1764,
dataflow,ESTAT:HSW_AW_NBOSV(1.0),A,NR,D14-20,UNK,EU15_NO,1998,1837,
dataflow,ESTAT:HSW_AW_NBOSV(1.0),A,NR,D14-20,UNK,EU15_NO,1999,2108,
dataflow,ESTAT:HSW_AW_NBOSV(1.0),A,NR,D14-20,UNK,EU15_NO,2000,1994,
dataflow,ESTAT:HSW_AW_NBOSV(1.0),A,NR,D14-20,UNK,EU15_NO,2001,8079,
dataflow,ESTAT:HSW_AW_NBOSV(1.0),A,NR,D14-20,UNK,EU15_NO,2002,2806,
dataflow,ESTAT:HSW_AW_NBOSV(1.0),A,NR,D14-20,UNK,EU15_NO,2003,6859,
dataflow,ESTAT:HSW_AW_NBOSV(1.0),A,NR,D14-20,UNK,EU15_NO,2004,2666,
dataflow,ESTAT:HSW_AW_NBOSV(1.0),A,NR,D14-20,UNK,EU15_NO,2005,33798,
dataflow,ESTAT:HSW_AW_NBOSV(1.0),A,NR,D14-20,UNK,EU15_NO,2006,52708,
dataflow,ESTAT:HSW_AW_NBOSV(1.0),A,NR,D14-20,UNK,EU15_NO,2007,59982,p
dataflow,ESTAT:HSW_AW_NBOSV(1.0),A,NR,D21-M1,BP1,EU15_NO,1996,16539,
dataflow,ESTAT:HSW_AW_NBOSV(1.0),A,NR,D21-M1,BP1,EU15_NO,1997,11057,
dataflow,ESTAT:HSW_AW_NBOSV(1.0),A,NR,D21-M1,BP1,EU15_NO,1998,11089,
dataflow,ESTAT:HSW_AW_NBOSV(1.0),A,NR,D21-M1,BP1,EU15_NO,1999,11414,
dataflow,ESTAT:HSW_AW_NBOSV(1.0),A,NR,D21-M1,BP1,EU15_NO,2000,11855,
dataflow,ESTAT:HSW_AW_NBOSV(1.0),A,NR,D21-M1,BP1,EU15_NO,2001,14113,
dataflow,ESTAT:HSW_AW_NBOSV(1.0),A,NR,D21-M1,BP1,EU15_NO,2002,9929,
dataflow,ESTAT:HSW_AW_NBOSV(1.0),A,NR,D21-M1,BP1,EU15_NO,2003,27725,
dataflow,ESTAT:HSW_AW_NBOSV(1.0),A,NR,D21-M1,BP1,EU15_NO,2004,15644,
dataflow,ESTAT:HSW_AW_NBOSV(1.0),A,NR,D21-M1,BP1,EU15_NO,2005,13506,
dataflow,ESTAT:HSW_AW_NBOSV(1.0),A,NR,D21-M1,BP1,EU15_NO,2006,11101,
dataflow,ESTAT:HSW_AW_NBOSV(1.0),A,NR,D21-M1,BP1,EU15_NO,2007,8614,p
dataflow,ESTAT:HSW_AW_NBOSV(1.0),A,NR,D21-M1,BP2,EU15_NO,1996,5456,
dataflow,ESTAT:HSW_AW_NBOSV(1.0),A,NR,D21-M1,BP2,EU15_NO,1997,5103,
dataflow,ESTAT:HSW_AW_NBOSV(1.0),A,NR,D21-M1,BP2,EU15_NO,1998,6367,
dataflow,ESTAT:HSW_AW_NBOSV(1.0),A,NR,D21-M1,BP2,EU15_NO,1999,7322,
dataflow,ESTAT:HSW_AW_NBOSV(1.0),A,NR,D21-M1,BP2,EU15_NO,2000,9171,
dataflow,ESTAT:HSW_AW_NBOSV(1.0),A,NR,D21-M1,BP2,EU15_NO,2001,9359,
dataflow,ESTAT:HSW_AW_NBOSV(1.0),A,NR,D21-M1,BP2,EU15_NO,2002,8675,
dataflow,ESTAT:HSW_AW_NBOSV(1.0),A,NR,D21-M1,BP2,EU15_NO,2003,19435,
dataflow,ESTAT:HSW_AW_NBOSV(1.0),A,NR,D21-M1,BP2,EU15_NO,2004,13341,
dataflow,ESTAT:HSW_AW_NBOSV(1.0),A,NR,D21-M1,BP2,EU15_NO,2005,14547,
dataflow,ESTAT:HSW_AW_NBOSV(1.0),A,NR,D21-M1,BP2,EU15_NO,2006,12617,
dataflow,ESTAT:HSW_AW_NBOSV(1.0),A,NR,D21-M1,BP2,EU15_NO,2007,8057,p
dataflow,ESTAT:HSW_AW_NBOSV(1.0),A,NR,D21-M1,BP3,EU15_NO,1996,27253,
dataflow,ESTAT:HSW_AW_NBOSV(1.0),A,NR,D21-M1,BP3,EU15_NO,1997,18625,
dataflow,ESTAT:HSW_AW_NBOSV(1.0),A,NR,D21-M1,BP3,EU15_NO,1998,20022,
dataflow,ESTAT:HSW_AW_NBOSV(1.0),A,NR,D21-M1,BP3,EU15_NO,1999,21306,
dataflow,ESTAT:HSW_AW_NBOSV(1.0),A,NR,D21-M1,BP3,EU15_NO,2000,24316,
dataflow,ESTAT:HSW_AW_NBOSV(1.0),A,NR,D21-M1,BP3,EU15_NO,2001,25348,
dataflow,ESTAT:HSW_AW_NBOSV(1.0),A,NR,D21-M1,BP3,EU15_NO,2002,24539,
dataflow,ESTAT:HSW_AW_NBOSV(1.0),A,NR,D21-M1,BP3,EU15_NO,2003,69666,
dataflow,ESTAT:HSW_AW_NBOSV(1.0),A,NR,D21-M1,BP3,EU15_NO,2004,43560,
dataflow,ESTAT:HSW_AW_NBOSV(1.0),A,NR,D21-M1,BP3,EU15_NO,2005,50804,
dataflow,ESTAT:HSW_AW_NBOSV(1.0),A,NR,D21-M1,BP3,EU15_NO,2006,42069,
dataflow,ESTAT:HSW_AW_NBOSV(1.0),A,NR,D21-M1,BP3,EU15_NO,2007,26180,p
dataflow,ESTAT:HSW_AW_NBOSV(1.0),A,NR,D21-M1,BP4,EU15_NO,1996,20201,
dataflow,ESTAT:HSW_AW_NBOSV(1.0),A,NR,D21-M1,BP4,EU15_NO,1997,17424,
dataflow,ESTAT:HSW_AW_NBOSV(1.0),A,NR,D21-M1,BP4,EU15_NO,1998,17881,
dataflow,ESTAT:HSW_AW_NBOSV(1.0),A,NR,D21-M1,BP4,EU15_NO,1999,18222,
dataflow,ESTAT:HSW_AW_NBOSV(1.0),A,NR,D21-M1,BP4,EU15_NO,2000,19048,
dataflow,ESTAT:HSW_AW_NBOSV(1.0),A,NR,D21-M1,BP4,EU15_NO,2001,20448,
dataflow,ESTAT:HSW_AW_NBOSV(1.0),A,NR,D21-M1,BP4,EU15_NO,2002,18710,
dataflow,ESTAT:HSW_AW_NBOSV(1.0),A,NR,D21-M1,BP4,EU15_NO,2003,26908,
dataflow,ESTAT:HSW_AW_NBOSV(1.0),A,NR,D21-M1,BP4,EU15_NO,2004,20326,
dataflow,ESTAT:HSW_AW_NBOSV(1.0),A,NR,D21-M1,BP4,EU15_NO,2005,20575,
dataflow,ESTAT:HSW_AW_NBOSV(1.0),A,NR,D21-M1,BP4,EU15_NO,2006,16868,
dataflow,ESTAT:HSW_AW_NBOSV(1.0),A,NR,D21-M1,BP4,EU15_NO,2007,13992,p
dataflow,ESTAT:HSW_AW_NBOSV(1.0),A,NR,D21-M1,BP5,EU15_NO,1996,120728,
dataflow,ESTAT:HSW_AW_NBOSV(1.0),A,NR,D21-M1,BP5,EU15_NO,1997,103124,
dataflow,ESTAT:HSW_AW_NBOSV(1.0),A,NR,D21-M1,BP5,EU15_NO,1998,105020,
dataflow,ESTAT:HSW_AW_NBOSV(1.0),A,NR,D21-M1,BP5,EU15_NO,1999,105124,
dataflow,ESTAT:HSW_AW_NBOSV(1.0),A,NR,D21-M1,BP5,EU15_NO,2000,110836,
dataflow,ESTAT:HSW_AW_NBOSV(1.0),A,NR,D21-M1,BP5,EU15_NO,2001,108120,
dataflow,ESTAT:HSW_AW_NBOSV(1.0),A,NR,D21-M1,BP5,EU15_NO,2002,100979,
dataflow,ESTAT:HSW_AW_NBOSV(1.0),A,NR,D21-M1,BP5,EU15_NO,2003,187476,
dataflow,ESTAT:HSW_AW_NBOSV(1.0),A,NR,D21-M1,BP5,EU15_NO,2004,135708,
dataflow,ESTAT:HSW_AW_NBOSV(1.0),A,NR,D21-M1,BP5,EU15_NO,2005,139542,
dataflow,ESTAT:HSW_AW_NBOSV(1.0),A,NR,D21-M1,BP5,EU15_NO,2006,118023,
dataflow,ESTAT:HSW_AW_NBOSV(1.0),A,NR,D21-M1,BP5,EU15_NO,2007,87578,p
dataflow,ESTAT:HSW_AW_NBOSV(1.0),A,NR,D21-M1,BP6,EU15_NO,1996,88502,
dataflow,ESTAT:HSW_AW_NBOSV(1.0),A,NR,D21-M1,BP6,EU15_NO,1997,75625,
dataflow,ESTAT:HSW_AW_NBOSV(1.0),A,NR,D21-M1,BP6,EU15_NO,1998,76896,
dataflow,ESTAT:HSW_AW_NBOSV(1.0),A,NR,D21-M1,BP6,EU15_NO,1999,76378,
dataflow,ESTAT:HSW_AW_NBOSV(1.0),A,NR,D21-M1,BP6,EU15_NO,2000,80940,
dataflow,ESTAT:HSW_AW_NBOSV(1.0),A,NR,D21-M1,BP6,EU15_NO,2001,77541,
dataflow,ESTAT:HSW_AW_NBOSV(1.0),A,NR,D21-M1,BP6,EU15_NO,2002,72256,
dataflow,ESTAT:HSW_AW_NBOSV(1.0),A,NR,D21-M1,BP6,EU15_NO,2003,140033,
dataflow,ESTAT:HSW_AW_NBOSV(1.0),A,NR,D21-M1,BP6,EU15_NO,2004,97854,
dataflow,ESTAT:HSW_AW_NBOSV(1.0),A,NR,D21-M1,BP6,EU15_NO,2005,106588,
dataflow,ESTAT:HSW_AW_NBOSV(1.0),A,NR,D21-M1,BP6,EU15_NO,2006,93172,
dataflow,ESTAT:HSW_AW_NBOSV(1.0),A,NR,D21-M1,BP6,EU15_NO,2007,67074,p
dataflow,ESTAT:HSW_AW_NBOSV(1.0),A,NR,D21-M1,BP7,EU15_NO,1996,10952,
dataflow,ESTAT:HSW_AW_NBOSV(1.0),A,NR,D21-M1,BP7,EU15_NO,1997,7654,
dataflow,ESTAT:HSW_AW_NBOSV(1.0),A,NR,D21-M1,BP7,EU15_NO,1998,7791,
dataflow,ESTAT:HSW_AW_NBOSV(1.0),A,NR,D21-M1,BP7,EU15_NO,1999,7995,
dataflow,ESTAT:HSW_AW_NBOSV(1.0),A,NR,D21-M1,BP7,EU15_NO,2000,8480,
dataflow,ESTAT:HSW_AW_NBOSV(1.0),A,NR,D21-M1,BP7,EU15_NO,2001,8453,
dataflow,ESTAT:HSW_AW_NBOSV(1.0),A,NR,D21-M1,BP7,EU15_NO,2002,8867,
dataflow,ESTAT:HSW_AW_NBOSV(1.0),A,NR,D21-M1,BP7,EU15_NO,2003,14161,
dataflow,ESTAT:HSW_AW_NBOSV(1.0),A,NR,D21-M1,BP7,EU15_NO,2004,10564,
dataflow,ESTAT:HSW_AW_NBOSV(1.0),A,NR,D21-M1,BP7,EU15_NO,2005,11541,
dataflow,ESTAT:HSW_AW_NBOSV(1.0),A,NR,D21-M1,BP7,EU15_NO,2006,10062,
dataflow,ESTAT:HSW_AW_NBOSV(1.0),A,NR,D21-M1,BP7,EU15_NO,2007,8261,p
dataflow,ESTAT:HSW_AW_NBOSV(1.0),A,NR,D21-M1,OTH,EU15_NO,1996,373,
dataflow,ESTAT:HSW_AW_NBOSV(1.0),A,NR,D21-M1,OTH,EU15_NO,1997,1106,
dataflow,ESTAT:HSW_AW_NBOSV(1.0),A,NR,D21-M1,OTH,EU15_NO,1998,976,
dataflow,ESTAT:HSW_AW_NBOSV(1.0),A,NR,D21-M1,OTH,EU15_NO,1999,629,
dataflow,ESTAT:HSW_AW_NBOSV(1.0),A,NR,D21-M1,OTH,EU15_NO,2000,637,
dataflow,ESTAT:HSW_AW_NBOSV(1.0),A,NR,D21-M1,OTH,EU15_NO,2001,287,
dataflow,ESTAT:HSW_AW_NBOSV(1.0),A,NR,D21-M1,OTH,EU15_NO,2002,919,
dataflow,ESTAT:HSW_AW_NBOSV(1.0),A,NR,D21-M1,OTH,EU15_NO,2003,1402,
dataflow,ESTAT:HSW_AW_NBOSV(1.0),A,NR,D21-M1,OTH,EU15_NO,2004,2272,
dataflow,ESTAT:HSW_AW_NBOSV(1.0),A,NR,D21-M1,OTH,EU15_NO,2005,2037,
dataflow,ESTAT:HSW_AW_NBOSV(1.0),A,NR,D21-M1,OTH,EU15_NO,2006,1376,
dataflow,ESTAT:HSW_AW_NBOSV(1.0),A,NR,D21-M1,OTH,EU15_NO,2007,830,p
dataflow,ESTAT:HSW_AW_NBOSV(1.0),A,NR,D21-M1,TOTAL,EU15_NO,1996,297775,
dataflow,ESTAT:HSW_AW_NBOSV(1.0),A,NR,D21-M1,TOTAL,EU15_NO,1997,240793,
dataflow,ESTAT:HSW_AW_NBOSV(1.0),A,NR,D21-M1,TOTAL,EU15_NO,1998,247131,
dataflow,ESTAT:HSW_AW_NBOSV(1.0),A,NR,D21-M1,TOTAL,EU15_NO,1999,249687,
dataflow,ESTAT:HSW_AW_NBOSV(1.0),A,NR,D21-M1,TOTAL,EU15_NO,2000,266499,
dataflow,ESTAT:HSW_AW_NBOSV(1.0),A,NR,D21-M1,TOTAL,EU15_NO,2001,269260,
dataflow,ESTAT:HSW_AW_NBOSV(1.0),A,NR,D21-M1,TOTAL,EU15_NO,2002,266107,
dataflow,ESTAT:HSW_AW_NBOSV(1.0),A,NR,D21-M1,TOTAL,EU15_NO,2003,516906,
dataflow,ESTAT:HSW_AW_NBOSV(1.0),A,NR,D21-M1,TOTAL,EU15_NO,2004,357235,
dataflow,ESTAT:HSW_AW_NBOSV(1.0),A,NR,D21-M1,TOTAL,EU15_NO,2005,361973,
dataflow,ESTAT:HSW_AW_NBOSV(1.0),A,NR,D21-M1,TOTAL,EU15_NO,2006,315325,
dataflow,ESTAT:HSW_AW_NBOSV(1.0),A,NR,D21-M1,TOTAL,EU15_NO,2007,230766,p
dataflow,ESTAT:HSW_AW_NBOSV(1.0),A,NR,D21-M1,UNK,EU15_NO,1996,7771,
dataflow,ESTAT:HSW_AW_NBOSV(1.0),A,NR,D21-M1,UNK,EU15_NO,1997,1075,
dataflow,ESTAT:HSW_AW_NBOSV(1.0),A,NR,D21-M1,UNK,EU15_NO,1998,1089,
dataflow,ESTAT:HSW_AW_NBOSV(1.0),A,NR,D21-M1,UNK,EU15_NO,1999,1297,
dataflow,ESTAT:HSW_AW_NBOSV(1.0),A,NR,D21-M1,UNK,EU15_NO,2000,1216,
dataflow,ESTAT:HSW_AW_NBOSV(1.0),A,NR,D21-M1,UNK,EU15_NO,2001,5591,
dataflow,ESTAT:HSW_AW_NBOSV(1.0),A,NR,D21-M1,UNK,EU15_NO,2002,21233,
dataflow,ESTAT:HSW_AW_NBOSV(1.0),A,NR,D21-M1,UNK,EU15_NO,2003,30100,
dataflow,ESTAT:HSW_AW_NBOSV(1.0),A,NR,D21-M1,UNK,EU15_NO,2004,17966,
dataflow,ESTAT:HSW_AW_NBOSV(1.0),A,NR,D21-M1,UNK,EU15_NO,2005,2833,
dataflow,ESTAT:HSW_AW_NBOSV(1.0),A,NR,D21-M1,UNK,EU15_NO,2006,10037,
dataflow,ESTAT:HSW_AW_NBOSV(1.0),A,NR,D21-M1,UNK,EU15_NO,2007,10180,p
dataflow,ESTAT:HSW_AW_NBOSV(1.0),A,NR,D4-6,BP1,EU15_NO,1996,65638,
dataflow,ESTAT:HSW_AW_NBOSV(1.0),A,NR,D4-6,BP1,EU15_NO,1997,55332,
dataflow,ESTAT:HSW_AW_NBOSV(1.0),A,NR,D4-6,BP1,EU15_NO,1998,56462,
dataflow,ESTAT:HSW_AW_NBOSV(1.0),A,NR,D4-6,BP1,EU15_NO,1999,54981,
dataflow,ESTAT:HSW_AW_NBOSV(1.0),A,NR,D4-6,BP1,EU15_NO,2000,56340,
dataflow,ESTAT:HSW_AW_NBOSV(1.0),A,NR,D4-6,BP1,EU15_NO,2001,55742,
dataflow,ESTAT:HSW_AW_NBOSV(1.0),A,NR,D4-6,BP1,EU15_NO,2002,50774,
dataflow,ESTAT:HSW_AW_NBOSV(1.0),A,NR,D4-6,BP1,EU15_NO,2003,51998,
dataflow,ESTAT:HSW_AW_NBOSV(1.0),A,NR,D4-6,BP1,EU15_NO,2004,53559,
dataflow,ESTAT:HSW_AW_NBOSV(1.0),A,NR,D4-6,BP1,EU15_NO,2005,51923,
dataflow,ESTAT:HSW_AW_NBOSV(1.0),A,NR,D4-6,BP1,EU15_NO,2006,48613,
dataflow,ESTAT:HSW_AW_NBOSV(1.0),A,NR,D4-6,BP1,EU15_NO,2007,46514,p
dataflow,ESTAT:HSW_AW_NBOSV(1.0),A,NR,D4-6,BP2,EU15_NO,1996,12704,
dataflow,ESTAT:HSW_AW_NBOSV(1.0),A,NR,D4-6,BP2,EU15_NO,1997,5540,
dataflow,ESTAT:HSW_AW_NBOSV(1.0),A,NR,D4-6,BP2,EU15_NO,1998,6205,
dataflow,ESTAT:HSW_AW_NBOSV(1.0),A,NR,D4-6,BP2,EU15_NO,1999,6696,
dataflow,ESTAT:HSW_AW_NBOSV(1.0),A,NR,D4-6,BP2,EU15_NO,2000,8070,
dataflow,ESTAT:HSW_AW_NBOSV(1.0),A,NR,D4-6,BP2,EU15_NO,2001,17946,
dataflow,ESTAT:HSW_AW_NBOSV(1.0),A,NR,D4-6,BP2,EU15_NO,2002,16252,
dataflow,ESTAT:HSW_AW_NBOSV(1.0),A,NR,D4-6,BP2,EU15_NO,2003,9837,
dataflow,ESTAT:HSW_AW_NBOSV(1.0),A,NR,D4-6,BP2,EU15_NO,2004,10872,
dataflow,ESTAT:HSW_AW_NBOSV(1.0),A,NR,D4-6,BP2,EU15_NO,2005,11097,
dataflow,ESTAT:HSW_AW_NBOSV(1.0),A,NR,D4-6,BP2,EU15_NO,2006,10797,
dataflow,ESTAT:HSW_AW_NBOSV(1.0),A,NR,D4-6,BP2,EU15_NO,2007,9975,p
dataflow,ESTAT:HSW_AW_NBOSV(1.0),A,NR,D4-6,BP3,EU15_NO,1996,45363,
dataflow,ESTAT:HSW_AW_NBOSV(1.0),A,NR,D4-6,BP3,EU15_NO,1997,38989,
dataflow,ESTAT:HSW_AW_NBOSV(1.0),A,NR,D4-6,BP3,EU15_NO,1998,41630,
dataflow,ESTAT:HSW_AW_NBOSV(1.0),A,NR,D4-6,BP3,EU15_NO,1999,44590,
dataflow,ESTAT:HSW_AW_NBOSV(1.0),A,NR,D4-6,BP3,EU15_NO,2000,47701,
dataflow,ESTAT:HSW_AW_NBOSV(1.0),A,NR,D4-6,BP3,EU15_NO,2001,43258,
dataflow,ESTAT:HSW_AW_NBOSV(1.0),A,NR,D4-6,BP3,EU15_NO,2002,41864,
dataflow,ESTAT:HSW_AW_NBOSV(1.0),A,NR,D4-6,BP3,EU15_NO,2003,59093,
dataflow,ESTAT:HSW_AW_NBOSV(1.0),A,NR,D4-6,BP3,EU15_NO,2004,65931,
dataflow,ESTAT:HSW_AW_NBOSV(1.0),A,NR,D4-6,BP3,EU15_NO,2005,67044,
dataflow,ESTAT:HSW_AW_NBOSV(1.0),A,NR,D4-6,BP3,EU15_NO,2006,64762,
dataflow,ESTAT:HSW_AW_NBOSV(1.0),A,NR,D4-6,BP3,EU15_NO,2007,60409,p
dataflow,ESTAT:HSW_AW_NBOSV(1.0),A,NR,D4-6,BP4,EU15_NO,1996,26219,
dataflow,ESTAT:HSW_AW_NBOSV(1.0),A,NR,D4-6,BP4,EU15_NO,1997,23179,
dataflow,ESTAT:HSW_AW_NBOSV(1.0),A,NR,D4-6,BP4,EU15_NO,1998,24705,
dataflow,ESTAT:HSW_AW_NBOSV(1.0),A,NR,D4-6,BP4,EU15_NO,1999,25484,
dataflow,ESTAT:HSW_AW_NBOSV(1.0),A,NR,D4-6,BP4,EU15_NO,2000,27737,
dataflow,ESTAT:HSW_AW_NBOSV(1.0),A,NR,D4-6,BP4,EU15_NO,2001,30641,
dataflow,ESTAT:HSW_AW_NBOSV(1.0),A,NR,D4-6,BP4,EU15_NO,2002,27078,
dataflow,ESTAT:HSW_AW_NBOSV(1.0),A,NR,D4-6,BP4,EU15_NO,2003,20933,
dataflow,ESTAT:HSW_AW_NBOSV(1.0),A,NR,D4-6,BP4,EU15_NO,2004,21946,
dataflow,ESTAT:HSW_AW_NBOSV(1.0),A,NR,D4-6,BP4,EU15_NO,2005,20320,
dataflow,ESTAT:HSW_AW_NBOSV(1.0),A,NR,D4-6,BP4,EU15_NO,2006,19217,
dataflow,ESTAT:HSW_AW_NBOSV(1.0),A,NR,D4-6,BP4,EU15_NO,2007,18395,p
dataflow,ESTAT:HSW_AW_NBOSV(1.0),A,NR,D4-6,BP5,EU15_NO,1996,179664,
dataflow,ESTAT:HSW_AW_NBOSV(1.0),A,NR,D4-6,BP5,EU15_NO,1997,157368,
dataflow,ESTAT:HSW_AW_NBOSV(1.0),A,NR,D4-6,BP5,EU15_NO,1998,160174,
dataflow,ESTAT:HSW_AW_NBOSV(1.0),A,NR,D4-6,BP5,EU15_NO,1999,159217,
dataflow,ESTAT:HSW_AW_NBOSV(1.0),A,NR,D4-6,BP5,EU15_NO,2000,164861,
dataflow,ESTAT:HSW_AW_NBOSV(1.0),A,NR,D4-6,BP5,EU15_NO,2001,169559,
dataflow,ESTAT:HSW_AW_NBOSV(1.0),A,NR,D4-6,BP5,EU15_NO,2002,155535,
dataflow,ESTAT:HSW_AW_NBOSV(1.0),A,NR,D4-6,BP5,EU15_NO,2003,152452,
dataflow,ESTAT:HSW_AW_NBOSV(1.0),A,NR,D4-6,BP5,EU15_NO,2004,157332,
dataflow,ESTAT:HSW_AW_NBOSV(1.0),A,NR,D4-6,BP5,EU15_NO,2005,151084,
dataflow,ESTAT:HSW_AW_NBOSV(1.0),A,NR,D4-6,BP5,EU15_NO,2006,141098,
dataflow,ESTAT:HSW_AW_NBOSV(1.0),A,NR,D4-6,BP5,EU15_NO,2007,131892,p
dataflow,ESTAT:HSW_AW_NBOSV(1.0),A,NR,D4-6,BP6,EU15_NO,1996,113175,
dataflow,ESTAT:HSW_AW_NBOSV(1.0),A,NR,D4-6,BP6,EU15_NO,1997,95500,
dataflow,ESTAT:HSW_AW_NBOSV(1.0),A,NR,D4-6,BP6,EU15_NO,1998,98365,
dataflow,ESTAT:HSW_AW_NBOSV(1.0),A,NR,D4-6,BP6,EU15_NO,1999,97180,
dataflow,ESTAT:HSW_AW_NBOSV(1.0),A,NR,D4-6,BP6,EU15_NO,2000,101988,
dataflow,ESTAT:HSW_AW_NBOSV(1.0),A,NR,D4-6,BP6,EU15_NO,2001,101144,
dataflow,ESTAT:HSW_AW_NBOSV(1.0),A,NR,D4-6,BP6,EU15_NO,2002,94148,
dataflow,ESTAT:HSW_AW_NBOSV(1.0),A,NR,D4-6,BP6,EU15_NO,2003,95461,
dataflow,ESTAT:HSW_AW_NBOSV(1.0),A,NR,D4-6,BP6,EU15_NO,2004,101419,
dataflow,ESTAT:HSW_AW_NBOSV(1.0),A,NR,D4-6,BP6,EU15_NO,2005,102656,
dataflow,ESTAT:HSW_AW_NBOSV(1.0),A,NR,D4-6,BP6,EU15_NO,2006,97451,
dataflow,ESTAT:HSW_AW_NBOSV(1.0),A,NR,D4-6,BP6,EU15_NO,2007,90449,p
dataflow,ESTAT:HSW_AW_NBOSV(1.0),A,NR,D4-6,BP7,EU15_NO,1996,17005,
dataflow,ESTAT:HSW_AW_NBOSV(1.0),A,NR,D4-6,BP7,EU15_NO,1997,10794,
dataflow,ESTAT:HSW_AW_NBOSV(1.0),A,NR,D4-6,BP7,EU15_NO,1998,11013,
dataflow,ESTAT:HSW_AW_NBOSV(1.0),A,NR,D4-6,BP7,EU15_NO,1999,11346,
dataflow,ESTAT:HSW_AW_NBOSV(1.0),A,NR,D4-6,BP7,EU15_NO,2000,11368,
dataflow,ESTAT:HSW_AW_NBOSV(1.0),A,NR,D4-6,BP7,EU15_NO,2001,11325,
dataflow,ESTAT:HSW_AW_NBOSV(1.0),A,NR,D4-6,BP7,EU15_NO,2002,13516,
dataflow,ESTAT:HSW_AW_NBOSV(1.0),A,NR,D4-6,BP7,EU15_NO,2003,11927,
dataflow,ESTAT:HSW_AW_NBOSV(1.0),A,NR,D4-6,BP7,EU15_NO,2004,12016,
dataflow,ESTAT:HSW_AW_NBOSV(1.0),A,NR,D4-6,BP7,EU15_NO,2005,12633,
dataflow,ESTAT:HSW_AW_NBOSV(1.0),A,NR,D4-6,BP7,EU15_NO,2006,12323,
dataflow,ESTAT:HSW_AW_NBOSV(1.0),A,NR,D4-6,BP7,EU15_NO,2007,12048,p
dataflow,ESTAT:HSW_AW_NBOSV(1.0),A,NR,D4-6,OTH,EU15_NO,1996,678,
dataflow,ESTAT:HSW_AW_NBOSV(1.0),A,NR,D4-6,OTH,EU15_NO,1997,1578,
dataflow,ESTAT:HSW_AW_NBOSV(1.0),A,NR,D4-6,OTH,EU15_NO,1998,1436,
dataflow,ESTAT:HSW_AW_NBOSV(1.0),A,NR,D4-6,OTH,EU15_NO,1999,1249,
dataflow,ESTAT:HSW_AW_NBOSV(1.0),A,NR,D4-6,OTH,EU15_NO,2000,1281,
dataflow,ESTAT:HSW_AW_NBOSV(1.0),A,NR,D4-6,OTH,EU15_NO,2001,713,
dataflow,ESTAT:HSW_AW_NBOSV(1.0),A,NR,D4-6,OTH,EU15_NO,2002,2079,
dataflow,ESTAT:HSW_AW_NBOSV(1.0),A,NR,D4-6,OTH,EU15_NO,2003,4239,
dataflow,ESTAT:HSW_AW_NBOSV(1.0),A,NR,D4-6,OTH,EU15_NO,2004,3069,
dataflow,ESTAT:HSW_AW_NBOSV(1.0),A,NR,D4-6,OTH,EU15_NO,2005,2183,
dataflow,ESTAT:HSW_AW_NBOSV(1.0),A,NR,D4-6,OTH,EU15_NO,2006,1707,
dataflow,ESTAT:HSW_AW_NBOSV(1.0),A,NR,D4-6,OTH,EU15_NO,2007,1462,p
dataflow,ESTAT:HSW_AW_NBOSV(1.0),A,NR,D4-6,TOTAL,EU15_NO,1996,467933,
dataflow,ESTAT:HSW_AW_NBOSV(1.0),A,NR,D4-6,TOTAL,EU15_NO,1997,390455,
dataflow,ESTAT:HSW_AW_NBOSV(1.0),A,NR,D4-6,TOTAL,EU15_NO,1998,402070,
dataflow,ESTAT:HSW_AW_NBOSV(1.0),A,NR,D4-6,TOTAL,EU15_NO,1999,403358,
dataflow,ESTAT:HSW_AW_NBOSV(1.0),A,NR,D4-6,TOTAL,EU15_NO,2000,421723,
dataflow,ESTAT:HSW_AW_NBOSV(1.0),A,NR,D4-6,TOTAL,EU15_NO,2001,439388,
dataflow,ESTAT:HSW_AW_NBOSV(1.0),A,NR,D4-6,TOTAL,EU15_NO,2002,419490,
dataflow,ESTAT:HSW_AW_NBOSV(1.0),A,NR,D4-6,TOTAL,EU15_NO,2003,426895,
dataflow,ESTAT:HSW_AW_NBOSV(1.0),A,NR,D4-6,TOTAL,EU15_NO,2004,440736,
dataflow,ESTAT:HSW_AW_NBOSV(1.0),A,NR,D4-6,TOTAL,EU15_NO,2005,487465,
dataflow,ESTAT:HSW_AW_NBOSV(1.0),A,NR,D4-6,TOTAL,EU15_NO,2006,467224,
dataflow,ESTAT:HSW_AW_NBOSV(1.0),A,NR,D4-6,TOTAL,EU15_NO,2007,420399,p
dataflow,ESTAT:HSW_AW_NBOSV(1.0),A,NR,D4-6,UNK,EU15_NO,1996,7487,
dataflow,ESTAT:HSW_AW_NBOSV(1.0),A,NR,D4-6,UNK,EU15_NO,1997,2175,
dataflow,ESTAT:HSW_AW_NBOSV(1.0),A,NR,D4-6,UNK,EU15_NO,1998,2080,
dataflow,ESTAT:HSW_AW_NBOSV(1.0),A,NR,D4-6,UNK,EU15_NO,1999,2615,
dataflow,ESTAT:HSW_AW_NBOSV(1.0),A,NR,D4-6,UNK,EU15_NO,2000,2377,
dataflow,ESTAT:HSW_AW_NBOSV(1.0),A,NR,D4-6,UNK,EU15_NO,2001,9060,
dataflow,ESTAT:HSW_AW_NBOSV(1.0),A,NR,D4-6,UNK,EU15_NO,2002,18244,
dataflow,ESTAT:HSW_AW_NBOSV(1.0),A,NR,D4-6,UNK,EU15_NO,2003,20955,
dataflow,ESTAT:HSW_AW_NBOSV(1.0),A,NR,D4-6,UNK,EU15_NO,2004,14592,
dataflow,ESTAT:HSW_AW_NBOSV(1.0),A,NR,D4-6,UNK,EU15_NO,2005,68522,
dataflow,ESTAT:HSW_AW_NBOSV(1.0),A,NR,D4-6,UNK,EU15_NO,2006,71256,
dataflow,ESTAT:HSW_AW_NBOSV(1.0),A,NR,D4-6,UNK,EU15_NO,2007,49255,p
dataflow,ESTAT:HSW_AW_NBOSV(1.0),A,NR,D7-13,BP1,EU15_NO,1996,71920,
dataflow,ESTAT:HSW_AW_NBOSV(1.0),A,NR,D7-13,BP1,EU15_NO,1997,64289,
dataflow,ESTAT:HSW_AW_NBOSV(1.0),A,NR,D7-13,BP1,EU15_NO,1998,65604,
dataflow,ESTAT:HSW_AW_NBOSV(1.0),A,NR,D7-13,BP1,EU15_NO,1999,64425,
dataflow,ESTAT:HSW_AW_NBOSV(1.0),A,NR,D7-13,BP1,EU15_NO,2000,65089,
dataflow,ESTAT:HSW_AW_NBOSV(1.0),A,NR,D7-13,BP1,EU15_NO,2001,61235,
dataflow,ESTAT:HSW_AW_NBOSV(1.0),A,NR,D7-13,BP1,EU15_NO,2002,58386,
dataflow,ESTAT:HSW_AW_NBOSV(1.0),A,NR,D7-13,BP1,EU15_NO,2003,54155,
dataflow,ESTAT:HSW_AW_NBOSV(1.0),A,NR,D7-13,BP1,EU15_NO,2004,55397,
dataflow,ESTAT:HSW_AW_NBOSV(1.0),A,NR,D7-13,BP1,EU15_NO,2005,53722,
dataflow,ESTAT:HSW_AW_NBOSV(1.0),A,NR,D7-13,BP1,EU15_NO,2006,50779,
dataflow,ESTAT:HSW_AW_NBOSV(1.0),A,NR,D7-13,BP1,EU15_NO,2007,48137,p
dataflow,ESTAT:HSW_AW_NBOSV(1.0),A,NR,D7-13,BP2,EU15_NO,1996,10714,
dataflow,ESTAT:HSW_AW_NBOSV(1.0),A,NR,D7-13,BP2,EU15_NO,1997,10116,
dataflow,ESTAT:HSW_AW_NBOSV(1.0),A,NR,D7-13,BP2,EU15_NO,1998,12352,
dataflow,ESTAT:HSW_AW_NBOSV(1.0),A,NR,D7-13,BP2,EU15_NO,1999,13663,
dataflow,ESTAT:HSW_AW_NBOSV(1.0),A,NR,D7-13,BP2,EU15_NO,2000,17001,
dataflow,ESTAT:HSW_AW_NBOSV(1.0),A,NR,D7-13,BP2,EU15_NO,2001,17758,
dataflow,ESTAT:HSW_AW_NBOSV(1.0),A,NR,D7-13,BP2,EU15_NO,2002,18354,
dataflow,ESTAT:HSW_AW_NBOSV(1.0),A,NR,D7-13,BP2,EU15_NO,2003,15904,
dataflow,ESTAT:HSW_AW_NBOSV(1.0),A,NR,D7-13,BP2,EU15_NO,2004,18454,
dataflow,ESTAT:HSW_AW_NBOSV(1.0),A,NR,D7-13,BP2,EU15_NO,2005,18215,
dataflow,ESTAT:HSW_AW_NBOSV(1.0),A,NR,D7-13,BP2,EU15_NO,2006,18154,
dataflow,ESTAT:HSW_AW_NBOSV(1.0),A,NR,D7-13,BP2,EU15_NO,2007,16286,p
dataflow,ESTAT:HSW_AW_NBOSV(1.0),A,NR,D7-13,BP3,EU15_NO,1996,77011,
dataflow,ESTAT:HSW_AW_NBOSV(1.0),A,NR,D7-13,BP3,EU15_NO,1997,60933,
dataflow,ESTAT:HSW_AW_NBOSV(1.0),A,NR,D7-13,BP3,EU15_NO,1998,66337,
dataflow,ESTAT:HSW_AW_NBOSV(1.0),A,NR,D7-13,BP3,EU15_NO,1999,69901,
dataflow,ESTAT:HSW_AW_NBOSV(1.0),A,NR,D7-13,BP3,EU15_NO,2000,77792,
dataflow,ESTAT:HSW_AW_NBOSV(1.0),A,NR,D7-13,BP3,EU15_NO,2001,79979,
dataflow,ESTAT:HSW_AW_NBOSV(1.0),A,NR,D7-13,BP3,EU15_NO,2002,80672,
dataflow,ESTAT:HSW_AW_NBOSV(1.0),A,NR,D7-13,BP3,EU15_NO,2003,83134,
dataflow,ESTAT:HSW_AW_NBOSV(1.0),A,NR,D7-13,BP3,EU15_NO,2004,93598,
dataflow,ESTAT:HSW_AW_NBOSV(1.0),A,NR,D7-13,BP3,EU15_NO,2005,94634,
dataflow,ESTAT:HSW_AW_NBOSV(1.0),A,NR,D7-13,BP3,EU15_NO,2006,92212,
dataflow,ESTAT:HSW_AW_NBOSV(1.0),A,NR,D7-13,BP3,EU15_NO,2007,85307,p
dataflow,ESTAT:HSW_AW_NBOSV(1.0),A,NR,D7-13,BP4,EU15_NO,1996,45411,
dataflow,ESTAT:HSW_AW_NBOSV(1.0),A,NR,D7-13,BP4,EU15_NO,1997,44972,
dataflow,ESTAT:HSW_AW_NBOSV(1.0),A,NR,D7-13,BP4,EU15_NO,1998,47686,
dataflow,ESTAT:HSW_AW_NBOSV(1.0),A,NR,D7-13,BP4,EU15_NO,1999,49388,
dataflow,ESTAT:HSW_AW_NBOSV(1.0),A,NR,D7-13,BP4,EU15_NO,2000,54777,
dataflow,ESTAT:HSW_AW_NBOSV(1.0),A,NR,D7-13,BP4,EU15_NO,2001,55809,
dataflow,ESTAT:HSW_AW_NBOSV(1.0),A,NR,D7-13,BP4,EU15_NO,2002,53856,
dataflow,ESTAT:HSW_AW_NBOSV(1.0),A,NR,D7-13,BP4,EU15_NO,2003,35519,
dataflow,ESTAT:HSW_AW_NBOSV(1.0),A,NR,D7-13,BP4,EU15_NO,2004,36578,
dataflow,ESTAT:HSW_AW_NBOSV(1.0),A,NR,D7-13,BP4,EU15_NO,2005,33094,
dataflow,ESTAT:HSW_AW_NBOSV(1.0),A,NR,D7-13,BP4,EU15_NO,2006,31481,
dataflow,ESTAT:HSW_AW_NBOSV(1.0),A,NR,D7-13,BP4,EU15_NO,2007,29280,p
dataflow,ESTAT:HSW_AW_NBOSV(1.0),A,NR,D7-13,BP5,EU15_NO,1996,334215,
dataflow,ESTAT:HSW_AW_NBOSV(1.0),A,NR,D7-13,BP5,EU15_NO,1997,314603,
dataflow,ESTAT:HSW_AW_NBOSV(1.0),A,NR,D7-13,BP5,EU15_NO,1998,324704,
dataflow,ESTAT:HSW_AW_NBOSV(1.0),A,NR,D7-13,BP5,EU15_NO,1999,323411,
dataflow,ESTAT:HSW_AW_NBOSV(1.0),A,NR,D7-13,BP5,EU15_NO,2000,336636,
dataflow,ESTAT:HSW_AW_NBOSV(1.0),A,NR,D7-13,BP5,EU15_NO,2001,312338,
dataflow,ESTAT:HSW_AW_NBOSV(1.0),A,NR,D7-13,BP5,EU15_NO,2002,311421,
dataflow,ESTAT:HSW_AW_NBOSV(1.0),A,NR,D7-13,BP5,EU15_NO,2003,280486,
dataflow,ESTAT:HSW_AW_NBOSV(1.0),A,NR,D7-13,BP5,EU15_NO,2004,293384,
dataflow,ESTAT:HSW_AW_NBOSV(1.0),A,NR,D7-13,BP5,EU15_NO,2005,277946,
dataflow,ESTAT:HSW_AW_NBOSV(1.0),A,NR,D7-13,BP5,EU15_NO,2006,263719,
dataflow,ESTAT:HSW_AW_NBOSV(1.0),A,NR,D7-13,BP5,EU15_NO,2007,245319,p
dataflow,ESTAT:HSW_AW_NBOSV(1.0),A,NR,D7-13,BP6,EU15_NO,1996,185876,
dataflow,ESTAT:HSW_AW_NBOSV(1.0),A,NR,D7-13,BP6,EU15_NO,1997,169797,
dataflow,ESTAT:HSW_AW_NBOSV(1.0),A,NR,D7-13,BP6,EU15_NO,1998,177400,
dataflow,ESTAT:HSW_AW_NBOSV(1.0),A,NR,D7-13,BP6,EU15_NO,1999,174085,
dataflow,ESTAT:HSW_AW_NBOSV(1.0),A,NR,D7-13,BP6,EU15_NO,2000,187191,
dataflow,ESTAT:HSW_AW_NBOSV(1.0),A,NR,D7-13,BP6,EU15_NO,2001,175419,
dataflow,ESTAT:HSW_AW_NBOSV(1.0),A,NR,D7-13,BP6,EU15_NO,2002,171394,
dataflow,ESTAT:HSW_AW_NBOSV(1.0),A,NR,D7-13,BP6,EU15_NO,2003,152057,
dataflow,ESTAT:HSW_AW_NBOSV(1.0),A,NR,D7-13,BP6,EU15_NO,2004,163100,
dataflow,ESTAT:HSW_AW_NBOSV(1.0),A,NR,D7-13,BP6,EU15_NO,2005,164403,
dataflow,ESTAT:HSW_AW_NBOSV(1.0),A,NR,D7-13,BP6,EU15_NO,2006,158016,
dataflow,ESTAT:HSW_AW_NBOSV(1.0),A,NR,D7-13,BP6,EU15_NO,2007,145299,p
dataflow,ESTAT:HSW_AW_NBOSV(1.0),A,NR,D7-13,BP7,EU15_NO,1996,27803,
dataflow,ESTAT:HSW_AW_NBOSV(1.0),A,NR,D7-13,BP7,EU15_NO,1997,17872,
dataflow,ESTAT:HSW_AW_NBOSV(1.0),A,NR,D7-13,BP7,EU15_NO,1998,18448,
dataflow,ESTAT:HSW_AW_NBOSV(1.0),A,NR,D7-13,BP7,EU15_NO,1999,18851,
dataflow,ESTAT:HSW_AW_NBOSV(1.0),A,NR,D7-13,BP7,EU15_NO,2000,19702,
dataflow,ESTAT:HSW_AW_NBOSV(1.0),A,NR,D7-13,BP7,EU15_NO,2001,18960,
dataflow,ESTAT:HSW_AW_NBOSV(1.0),A,NR,D7-13,BP7,EU15_NO,2002,20297,
dataflow,ESTAT:HSW_AW_NBOSV(1.0),A,NR,D7-13,BP7,EU15_NO,2003,19079,
dataflow,ESTAT:HSW_AW_NBOSV(1.0),A,NR,D7-13,BP7,EU15_NO,2004,18389,
dataflow,ESTAT:HSW_AW_NBOSV(1.0),A,NR,D7-13,BP7,EU15_NO,2005,19100,
dataflow,ESTAT:HSW_AW_NBOSV(1.0),A,NR,D7-13,BP7,EU15_NO,2006,18546,
dataflow,ESTAT:HSW_AW_NBOSV(1.0),A,NR,D7-13,BP7,EU15_NO,2007,17865,p
dataflow,ESTAT:HSW_AW_NBOSV(1.0),A,NR,D7-13,OTH,EU15_NO,1996,1039,
dataflow,ESTAT:HSW_AW_NBOSV(1.0),A,NR,D7-13,OTH,EU15_NO,1997,2721,
dataflow,ESTAT:HSW_AW_NBOSV(1.0),A,NR,D7-13,OTH,EU15_NO,1998,2539,
dataflow,ESTAT:HSW_AW_NBOSV(1.0),A,NR,D7-13,OTH,EU15_NO,1999,1843,
dataflow,ESTAT:HSW_AW_NBOSV(1.0),A,NR,D7-13,OTH,EU15_NO,2000,1666,
dataflow,ESTAT:HSW_AW_NBOSV(1.0),A,NR,D7-13,OTH,EU15_NO,2001,763,
dataflow,ESTAT:HSW_AW_NBOSV(1.0),A,NR,D7-13,OTH,EU15_NO,2002,2717,
dataflow,ESTAT:HSW_AW_NBOSV(1.0),A,NR,D7-13,OTH,EU15_NO,2003,4381,
dataflow,ESTAT:HSW_AW_NBOSV(1.0),A,NR,D7-13,OTH,EU15_NO,2004,4129,
dataflow,ESTAT:HSW_AW_NBOSV(1.0),A,NR,D7-13,OTH,EU15_NO,2005,2918,
dataflow,ESTAT:HSW_AW_NBOSV(1.0),A,NR,D7-13,OTH,EU15_NO,2006,2243,
dataflow,ESTAT:HSW_AW_NBOSV(1.0),A,NR,D7-13,OTH,EU15_NO,2007,2042,p
dataflow,ESTAT:HSW_AW_NBOSV(1.0),A,NR,D7-13,TOTAL,EU15_NO,1996,774301,
dataflow,ESTAT:HSW_AW_NBOSV(1.0),A,NR,D7-13,TOTAL,EU15_NO,1997,689197,
dataflow,ESTAT:HSW_AW_NBOSV(1.0),A,NR,D7-13,TOTAL,EU15_NO,1998,718997,
dataflow,ESTAT:HSW_AW_NBOSV(1.0),A,NR,D7-13,TOTAL,EU15_NO,1999,720312,
dataflow,ESTAT:HSW_AW_NBOSV(1.0),A,NR,D7-13,TOTAL,EU15_NO,2000,764133,
dataflow,ESTAT:HSW_AW_NBOSV(1.0),A,NR,D7-13,TOTAL,EU15_NO,2001,738970,
dataflow,ESTAT:HSW_AW_NBOSV(1.0),A,NR,D7-13,TOTAL,EU15_NO,2002,739295,
dataflow,ESTAT:HSW_AW_NBOSV(1.0),A,NR,D7-13,TOTAL,EU15_NO,2003,671089,
dataflow,ESTAT:HSW_AW_NBOSV(1.0),A,NR,D7-13,TOTAL,EU15_NO,2004,701481,
dataflow,ESTAT:HSW_AW_NBOSV(1.0),A,NR,D7-13,TOTAL,EU15_NO,2005,668624,
dataflow,ESTAT:HSW_AW_NBOSV(1.0),A,NR,D7-13,TOTAL,EU15_NO,2006,663733,
dataflow,ESTAT:HSW_AW_NBOSV(1.0),A,NR,D7-13,TOTAL,EU15_NO,2007,651370,p
dataflow,ESTAT:HSW_AW_NBOSV(1.0),A,NR,D7-13,UNK,EU15_NO,1996,20312,
dataflow,ESTAT:HSW_AW_NBOSV(1.0),A,NR,D7-13,UNK,EU15_NO,1997,3894,
dataflow,ESTAT:HSW_AW_NBOSV(1.0),A,NR,D7-13,UNK,EU15_NO,1998,3927,
dataflow,ESTAT:HSW_AW_NBOSV(1.0),A,NR,D7-13,UNK,EU15_NO,1999,4745,
dataflow,ESTAT:HSW_AW_NBOSV(1.0),A,NR,D7-13,UNK,EU15_NO,2000,4279,
dataflow,ESTAT:HSW_AW_NBOSV(1.0),A,NR,D7-13,UNK,EU15_NO,2001,16709,
dataflow,ESTAT:HSW_AW_NBOSV(1.0),A,NR,D7-13,UNK,EU15_NO,2002,22198,
dataflow,ESTAT:HSW_AW_NBOSV(1.0),A,NR,D7-13,UNK,EU15_NO,2003,26374,
dataflow,ESTAT:HSW_AW_NBOSV(1.0),A,NR,D7-13,UNK,EU15_NO,2004,18452,
dataflow,ESTAT:HSW_AW_NBOSV(1.0),A,NR,D7-13,UNK,EU15_NO,2005,4592,
dataflow,ESTAT:HSW_AW_NBOSV(1.0),A,NR,D7-13,UNK,EU15_NO,2006,28583,
dataflow,ESTAT:HSW_AW_NBOSV(1.0),A,NR,D7-13,UNK,EU15_NO,2007,61835,p
dataflow,ESTAT:HSW_AW_NBOSV(1.0),A,NR,D_GE4,BP1,EU15_NO,1996,451437,
dataflow,ESTAT:HSW_AW_NBOSV(1.0),A,NR,D_GE4,BP1,EU15_NO,1997,429422,
dataflow,ESTAT:HSW_AW_NBOSV(1.0),A,NR,D_GE4,BP1,EU15_NO,1998,436412,
dataflow,ESTAT:HSW_AW_NBOSV(1.0),A,NR,D_GE4,BP1,EU15_NO,1999,445091,
dataflow,ESTAT:HSW_AW_NBOSV(1.0),A,NR,D_GE4,BP1,EU15_NO,2000,451110,
dataflow,ESTAT:HSW_AW_NBOSV(1.0),A,NR,D_GE4,BP1,EU15_NO,2001,432058,
dataflow,ESTAT:HSW_AW_NBOSV(1.0),A,NR,D_GE4,BP1,EU15_NO,2002,370535,
dataflow,ESTAT:HSW_AW_NBOSV(1.0),A,NR,D_GE4,BP1,EU15_NO,2003,343306,
dataflow,ESTAT:HSW_AW_NBOSV(1.0),A,NR,D_GE4,BP1,EU15_NO,2004,324301,
dataflow,ESTAT:HSW_AW_NBOSV(1.0),A,NR,D_GE4,BP1,EU15_NO,2005,307773,
dataflow,ESTAT:HSW_AW_NBOSV(1.0),A,NR,D_GE4,BP1,EU15_NO,2006,293361,
dataflow,ESTAT:HSW_AW_NBOSV(1.0),A,NR,D_GE4,BP1,EU15_NO,2007,282782,p
dataflow,ESTAT:HSW_AW_NBOSV(1.0),A,NR,D_GE4,BP2,EU15_NO,1996,97999,
dataflow,ESTAT:HSW_AW_NBOSV(1.0),A,NR,D_GE4,BP2,EU15_NO,1997,89675,
dataflow,ESTAT:HSW_AW_NBOSV(1.0),A,NR,D_GE4,BP2,EU15_NO,1998,100327,
dataflow,ESTAT:HSW_AW_NBOSV(1.0),A,NR,D_GE4,BP2,EU15_NO,1999,110843,
dataflow,ESTAT:HSW_AW_NBOSV(1.0),A,NR,D_GE4,BP2,EU15_NO,2000,124325,
dataflow,ESTAT:HSW_AW_NBOSV(1.0),A,NR,D_GE4,BP2,EU15_NO,2001,138388,
dataflow,ESTAT:HSW_AW_NBOSV(1.0),A,NR,D_GE4,BP2,EU15_NO,2002,122794,
dataflow,ESTAT:HSW_AW_NBOSV(1.0),A,NR,D_GE4,BP2,EU15_NO,2003,105200,
dataflow,ESTAT:HSW_AW_NBOSV(1.0),A,NR,D_GE4,BP2,EU15_NO,2004,103371,
dataflow,ESTAT:HSW_AW_NBOSV(1.0),A,NR,D_GE4,BP2,EU15_NO,2005,102910,
dataflow,ESTAT:HSW_AW_NBOSV(1.0),A,NR,D_GE4,BP2,EU15_NO,2006,100627,
dataflow,ESTAT:HSW_AW_NBOSV(1.0),A,NR,D_GE4,BP2,EU15_NO,2007,95250,p
dataflow,ESTAT:HSW_AW_NBOSV(1.0),A,NR,D_GE4,BP3,EU15_NO,1996,341970,
dataflow,ESTAT:HSW_AW_NBOSV(1.0),A,NR,D_GE4,BP3,EU15_NO,1997,350262,
dataflow,ESTAT:HSW_AW_NBOSV(1.0),A,NR,D_GE4,BP3,EU15_NO,1998,369191,
dataflow,ESTAT:HSW_AW_NBOSV(1.0),A,NR,D_GE4,BP3,EU15_NO,1999,393159,
dataflow,ESTAT:HSW_AW_NBOSV(1.0),A,NR,D_GE4,BP3,EU15_NO,2000,414986,
dataflow,ESTAT:HSW_AW_NBOSV(1.0),A,NR,D_GE4,BP3,EU15_NO,2001,411811,
dataflow,ESTAT:HSW_AW_NBOSV(1.0),A,NR,D_GE4,BP3,EU15_NO,2002,413073,
dataflow,ESTAT:HSW_AW_NBOSV(1.0),A,NR,D_GE4,BP3,EU15_NO,2003,445368,
dataflow,ESTAT:HSW_AW_NBOSV(1.0),A,NR,D_GE4,BP3,EU15_NO,2004,431767,
dataflow,ESTAT:HSW_AW_NBOSV(1.0),A,NR,D_GE4,BP3,EU15_NO,2005,438364,
dataflow,ESTAT:HSW_AW_NBOSV(1.0),A,NR,D_GE4,BP3,EU15_NO,2006,417255,
dataflow,ESTAT:HSW_AW_NBOSV(1.0),A,NR,D_GE4,BP3,EU15_NO,2007,400356,p
dataflow,ESTAT:HSW_AW_NBOSV(1.0),A,NR,D_GE4,BP4,EU15_NO,1996,246332,
dataflow,ESTAT:HSW_AW_NBOSV(1.0),A,NR,D_GE4,BP4,EU15_NO,1997,242966,
dataflow,ESTAT:HSW_AW_NBOSV(1.0),A,NR,D_GE4,BP4,EU15_NO,1998,250047,
dataflow,ESTAT:HSW_AW_NBOSV(1.0),A,NR,D_GE4,BP4,EU15_NO,1999,258193,
dataflow,ESTAT:HSW_AW_NBOSV(1.0),A,NR,D_GE4,BP4,EU15_NO,2000,276935,
dataflow,ESTAT:HSW_AW_NBOSV(1.0),A,NR,D_GE4,BP4,EU15_NO,2001,286738,
dataflow,ESTAT:HSW_AW_NBOSV(1.0),A,NR,D_GE4,BP4,EU15_NO,2002,253986,
dataflow,ESTAT:HSW_AW_NBOSV(1.0),A,NR,D_GE4,BP4,EU15_NO,2003,199442,
dataflow,ESTAT:HSW_AW_NBOSV(1.0),A,NR,D_GE4,BP4,EU15_NO,2004,188607,
dataflow,ESTAT:HSW_AW_NBOSV(1.0),A,NR,D_GE4,BP4,EU15_NO,2005,177707,
dataflow,ESTAT:HSW_AW_NBOSV(1.0),A,NR,D_GE4,BP4,EU15_NO,2006,166057,
dataflow,ESTAT:HSW_AW_NBOSV(1.0),A,NR,D_GE4,BP4,EU15_NO,2007,156644,p
dataflow,ESTAT:HSW_AW_NBOSV(1.0),A,NR,D_GE4,BP5,EU15_NO,1996,1972558,
dataflow,ESTAT:HSW_AW_NBOSV(1.0),A,NR,D_GE4,BP5,EU15_NO,1997,1943621,
dataflow,ESTAT:HSW_AW_NBOSV(1.0),A,NR,D_GE4,BP5,EU15_NO,1998,1963360,
dataflow,ESTAT:HSW_AW_NBOSV(1.0),A,NR,D_GE4,BP5,EU15_NO,1999,2024182,
dataflow,ESTAT:HSW_AW_NBOSV(1.0),A,NR,D_GE4,BP5,EU15_NO,2000,2094754,
dataflow,ESTAT:HSW_AW_NBOSV(1.0),A,NR,D_GE4,BP5,EU15_NO,2001,1991199,
dataflow,ESTAT:HSW_AW_NBOSV(1.0),A,NR,D_GE4,BP5,EU15_NO,2002,1843802,
dataflow,ESTAT:HSW_AW_NBOSV(1.0),A,NR,D_GE4,BP5,EU15_NO,2003,1708644,
dataflow,ESTAT:HSW_AW_NBOSV(1.0),A,NR,D_GE4,BP5,EU15_NO,2004,1639431,
dataflow,ESTAT:HSW_AW_NBOSV(1.0),A,NR,D_GE4,BP5,EU15_NO,2005,1593644,
dataflow,ESTAT:HSW_AW_NBOSV(1.0),A,NR,D_GE4,BP5,EU15_NO,2006,1519186,
dataflow,ESTAT:HSW_AW_NBOSV(1.0),A,NR,D_GE4,BP5,EU15_NO,2007,1449812,p
dataflow,ESTAT:HSW_AW_NBOSV(1.0),A,NR,D_GE4,BP6,EU15_NO,1996,1280234,
dataflow,ESTAT:HSW_AW_NBOSV(1.0),A,NR,D_GE4,BP6,EU15_NO,1997,1252049,
dataflow,ESTAT:HSW_AW_NBOSV(1.0),A,NR,D_GE4,BP6,EU15_NO,1998,1260596,
dataflow,ESTAT:HSW_AW_NBOSV(1.0),A,NR,D_GE4,BP6,EU15_NO,1999,1288454,
dataflow,ESTAT:HSW_AW_NBOSV(1.0),A,NR,D_GE4,BP6,EU15_NO,2000,1335246,
dataflow,ESTAT:HSW_AW_NBOSV(1.0),A,NR,D_GE4,BP6,EU15_NO,2001,1267626,
dataflow,ESTAT:HSW_AW_NBOSV(1.0),A,NR,D_GE4,BP6,EU15_NO,2002,1173649,
dataflow,ESTAT:HSW_AW_NBOSV(1.0),A,NR,D_GE4,BP6,EU15_NO,2003,1091676,
dataflow,ESTAT:HSW_AW_NBOSV(1.0),A,NR,D_GE4,BP6,EU15_NO,2004,1057746,
dataflow,ESTAT:HSW_AW_NBOSV(1.0),A,NR,D_GE4,BP6,EU15_NO,2005,1052708,
dataflow,ESTAT:HSW_AW_NBOSV(1.0),A,NR,D_GE4,BP6,EU15_NO,2006,1023048,
dataflow,ESTAT:HSW_AW_NBOSV(1.0),A,NR,D_GE4,BP6,EU15_NO,2007,976173,p
dataflow,ESTAT:HSW_AW_NBOSV(1.0),A,NR,D_GE4,BP7,EU15_NO,1996,131542,
dataflow,ESTAT:HSW_AW_NBOSV(1.0),A,NR,D_GE4,BP7,EU15_NO,1997,125509,
dataflow,ESTAT:HSW_AW_NBOSV(1.0),A,NR,D_GE4,BP7,EU15_NO,1998,129190,
dataflow,ESTAT:HSW_AW_NBOSV(1.0),A,NR,D_GE4,BP7,EU15_NO,1999,137912,
dataflow,ESTAT:HSW_AW_NBOSV(1.0),A,NR,D_GE4,BP7,EU15_NO,2000,141894,
dataflow,ESTAT:HSW_AW_NBOSV(1.0),A,NR,D_GE4,BP7,EU15_NO,2001,141821,
dataflow,ESTAT:HSW_AW_NBOSV(1.0),A,NR,D_GE4,BP7,EU15_NO,2002,153373,
dataflow,ESTAT:HSW_AW_NBOSV(1.0),A,NR,D_GE4,BP7,EU15_NO,2003,149937,
dataflow,ESTAT:HSW_AW_NBOSV(1.0),A,NR,D_GE4,BP7,EU15_NO,2004,135873,
dataflow,ESTAT:HSW_AW_NBOSV(1.0),A,NR,D_GE4,BP7,EU15_NO,2005,134890,
dataflow,ESTAT:HSW_AW_NBOSV(1.0),A,NR,D_GE4,BP7,EU15_NO,2006,131303,
dataflow,ESTAT:HSW_AW_NBOSV(1.0),A,NR,D_GE4,BP7,EU15_NO,2007,124335,p
dataflow,ESTAT:HSW_AW_NBOSV(1.0),A,NR,D_GE4,OTH,EU15_NO,1996,7406,
dataflow,ESTAT:HSW_AW_NBOSV(1.0),A,NR,D_GE4,OTH,EU15_NO,1997,11101,
dataflow,ESTAT:HSW_AW_NBOSV(1.0),A,NR,D_GE4,OTH,EU15_NO,1998,10539,
dataflow,ESTAT:HSW_AW_NBOSV(1.0),A,NR,D_GE4,OTH,EU15_NO,1999,8213,
dataflow,ESTAT:HSW_AW_NBOSV(1.0),A,NR,D_GE4,OTH,EU15_NO,2000,10093,
dataflow,ESTAT:HSW_AW_NBOSV(1.0),A,NR,D_GE4,OTH,EU15_NO,2001,17300,
dataflow,ESTAT:HSW_AW_NBOSV(1.0),A,NR,D_GE4,OTH,EU15_NO,2002,12050,
dataflow,ESTAT:HSW_AW_NBOSV(1.0),A,NR,D_GE4,OTH,EU15_NO,2003,24713,
dataflow,ESTAT:HSW_AW_NBOSV(1.0),A,NR,D_GE4,OTH,EU15_NO,2004,18657,
dataflow,ESTAT:HSW_AW_NBOSV(1.0),A,NR,D_GE4,OTH,EU15_NO,2005,14965,
dataflow,ESTAT:HSW_AW_NBOSV(1.0),A,NR,D_GE4,OTH,EU15_NO,2006,11563,
dataflow,ESTAT:HSW_AW_NBOSV(1.0),A,NR,D_GE4,OTH,EU15_NO,2007,9621,p
dataflow,ESTAT:HSW_AW_NBOSV(1.0),A,NR,D_GE4,TOTAL,EU15_NO,1996,4832329,
dataflow,ESTAT:HSW_AW_NBOSV(1.0),A,NR,D_GE4,TOTAL,EU15_NO,1997,4695933,
dataflow,ESTAT:HSW_AW_NBOSV(1.0),A,NR,D_GE4,TOTAL,EU15_NO,1998,4766484,
dataflow,ESTAT:HSW_AW_NBOSV(1.0),A,NR,D_GE4,TOTAL,EU15_NO,1999,4871588,
dataflow,ESTAT:HSW_AW_NBOSV(1.0),A,NR,D_GE4,TOTAL,EU15_NO,2000,4904161,
dataflow,ESTAT:HSW_AW_NBOSV(1.0),A,NR,D_GE4,TOTAL,EU15_NO,2001,4779034,
dataflow,ESTAT:HSW_AW_NBOSV(1.0),A,NR,D_GE4,TOTAL,EU15_NO,2002,4479911,
dataflow,ESTAT:HSW_AW_NBOSV(1.0),A,NR,D_GE4,TOTAL,EU15_NO,2003,4244295,
dataflow,ESTAT:HSW_AW_NBOSV(1.0),A,NR,D_GE4,TOTAL,EU15_NO,2004,4035180,
dataflow,ESTAT:HSW_AW_NBOSV(1.0),A,NR,D_GE4,TOTAL,EU15_NO,2005,4048490,
dataflow,ESTAT:HSW_AW_NBOSV(1.0),A,NR,D_GE4,TOTAL,EU15_NO,2006,3955551,
dataflow,ESTAT:HSW_AW_NBOSV(1.0),A,NR,D_GE4,TOTAL,EU15_NO,2007,3808856,p
dataflow,ESTAT:HSW_AW_NBOSV(1.0),A,NR,D_GE4,UNK,EU15_NO,1996,302851,
dataflow,ESTAT:HSW_AW_NBOSV(1.0),A,NR,D_GE4,UNK,EU15_NO,1997,251328,
dataflow,ESTAT:HSW_AW_NBOSV(1.0),A,NR,D_GE4,UNK,EU15_NO,1998,246822,
dataflow,ESTAT:HSW_AW_NBOSV(1.0),A,NR,D_GE4,UNK,EU15_NO,1999,205541,
dataflow,ESTAT:HSW_AW_NBOSV(1.0),A,NR,D_GE4,UNK,EU15_NO,2000,54818,
dataflow,ESTAT:HSW_AW_NBOSV(1.0),A,NR,D_GE4,UNK,EU15_NO,2001,92093,
dataflow,ESTAT:HSW_AW_NBOSV(1.0),A,NR,D_GE4,UNK,EU15_NO,2002,136649,
dataflow,ESTAT:HSW_AW_NBOSV(1.0),A,NR,D_GE4,UNK,EU15_NO,2003,176009,
dataflow,ESTAT:HSW_AW_NBOSV(1.0),A,NR,D_GE4,UNK,EU15_NO,2004,135427,
dataflow,ESTAT:HSW_AW_NBOSV(1.0),A,NR,D_GE4,UNK,EU15_NO,2005,225525,
dataflow,ESTAT:HSW_AW_NBOSV(1.0),A,NR,D_GE4,UNK,EU15_NO,2006,293151,
dataflow,ESTAT:HSW_AW_NBOSV(1.0),A,NR,D_GE4,UNK,EU15_NO,2007,313883,p
dataflow,ESTAT:HSW_AW_NBOSV(1.0),A,NR,FAT,BP1,EU15_NO,1996,1527,
dataflow,ESTAT:HSW_AW_NBOSV(1.0),A,NR,FAT,BP1,EU15_NO,1997,1596,
dataflow,ESTAT:HSW_AW_NBOSV(1.0),A,NR,FAT,BP1,EU15_NO,1998,1558,
dataflow,ESTAT:HSW_AW_NBOSV(1.0),A,NR,FAT,BP1,EU15_NO,1999,1492,
dataflow,ESTAT:HSW_AW_NBOSV(1.0),A,NR,FAT,BP1,EU15_NO,2000,1509,
dataflow,ESTAT:HSW_AW_NBOSV(1.0),A,NR,FAT,BP1,EU15_NO,2001,1254,
dataflow,ESTAT:HSW_AW_NBOSV(1.0),A,NR,FAT,BP1,EU15_NO,2002,1004,
dataflow,ESTAT:HSW_AW_NBOSV(1.0),A,NR,FAT,BP1,EU15_NO,2003,1141,
dataflow,ESTAT:HSW_AW_NBOSV(1.0),A,NR,FAT,BP1,EU15_NO,2004,1135,
dataflow,ESTAT:HSW_AW_NBOSV(1.0),A,NR,FAT,BP1,EU15_NO,2005,1472,
dataflow,ESTAT:HSW_AW_NBOSV(1.0),A,NR,FAT,BP1,EU15_NO,2006,1488,
dataflow,ESTAT:HSW_AW_NBOSV(1.0),A,NR,FAT,BP1,EU15_NO,2007,925,p
dataflow,ESTAT:HSW_AW_NBOSV(1.0),A,NR,FAT,BP2,EU15_NO,1996,113,
dataflow,ESTAT:HSW_AW_NBOSV(1.0),A,NR,FAT,BP2,EU15_NO,1997,120,
dataflow,ESTAT:HSW_AW_NBOSV(1.0),A,NR,FAT,BP2,EU15_NO,1998,108,
dataflow,ESTAT:HSW_AW_NBOSV(1.0),A,NR,FAT,BP2,EU15_NO,1999,83,
dataflow,ESTAT:HSW_AW_NBOSV(1.0),A,NR,FAT,BP2,EU15_NO,2000,91,
dataflow,ESTAT:HSW_AW_NBOSV(1.0),A,NR,FAT,BP2,EU15_NO,2001,94,
dataflow,ESTAT:HSW_AW_NBOSV(1.0),A,NR,FAT,BP2,EU15_NO,2002,74,
dataflow,ESTAT:HSW_AW_NBOSV(1.0),A,NR,FAT,BP2,EU15_NO,2003,110,
dataflow,ESTAT:HSW_AW_NBOSV(1.0),A,NR,FAT,BP2,EU15_NO,2004,75,
dataflow,ESTAT:HSW_AW_NBOSV(1.0),A,NR,FAT,BP2,EU15_NO,2005,112,
dataflow,ESTAT:HSW_AW_NBOSV(1.0),A,NR,FAT,BP2,EU15_NO,2006,113,
dataflow,ESTAT:HSW_AW_NBOSV(1.0),A,NR,FAT,BP2,EU15_NO,2007,89,p
dataflow,ESTAT:HSW_AW_NBOSV(1.0),A,NR,FAT,BP3,EU15_NO,1996,189,
dataflow,ESTAT:HSW_AW_NBOSV(1.0),A,NR,FAT,BP3,EU15_NO,1997,198,
dataflow,ESTAT:HSW_AW_NBOSV(1.0),A,NR,FAT,BP3,EU15_NO,1998,179,
dataflow,ESTAT:HSW_AW_NBOSV(1.0),A,NR,FAT,BP3,EU15_NO,1999,165,
dataflow,ESTAT:HSW_AW_NBOSV(1.0),A,NR,FAT,BP3,EU15_NO,2000,171,
dataflow,ESTAT:HSW_AW_NBOSV(1.0),A,NR,FAT,BP3,EU15_NO,2001,158,
dataflow,ESTAT:HSW_AW_NBOSV(1.0),A,NR,FAT,BP3,EU15_NO,2002,108,
dataflow,ESTAT:HSW_AW_NBOSV(1.0),A,NR,FAT,BP3,EU15_NO,2003,77,
dataflow,ESTAT:HSW_AW_NBOSV(1.0),A,NR,FAT,BP3,EU15_NO,2004,69,
dataflow,ESTAT:HSW_AW_NBOSV(1.0),A,NR,FAT,BP3,EU15_NO,2005,98,
dataflow,ESTAT:HSW_AW_NBOSV(1.0),A,NR,FAT,BP3,EU15_NO,2006,100,
dataflow,ESTAT:HSW_AW_NBOSV(1.0),A,NR,FAT,BP3,EU15_NO,2007,64,p
dataflow,ESTAT:HSW_AW_NBOSV(1.0),A,NR,FAT,BP4,EU15_NO,1996,548,
dataflow,ESTAT:HSW_AW_NBOSV(1.0),A,NR,FAT,BP4,EU15_NO,1997,596,
dataflow,ESTAT:HSW_AW_NBOSV(1.0),A,NR,FAT,BP4,EU15_NO,1998,592,
dataflow,ESTAT:HSW_AW_NBOSV(1.0),A,NR,FAT,BP4,EU15_NO,1999,572,
dataflow,ESTAT:HSW_AW_NBOSV(1.0),A,NR,FAT,BP4,EU15_NO,2000,562,
dataflow,ESTAT:HSW_AW_NBOSV(1.0),A,NR,FAT,BP4,EU15_NO,2001,493,
dataflow,ESTAT:HSW_AW_NBOSV(1.0),A,NR,FAT,BP4,EU15_NO,2002,449,
dataflow,ESTAT:HSW_AW_NBOSV(1.0),A,NR,FAT,BP4,EU15_NO,2003,517,
dataflow,ESTAT:HSW_AW_NBOSV(1.0),A,NR,FAT,BP4,EU15_NO,2004,527,
dataflow,ESTAT:HSW_AW_NBOSV(1.0),A,NR,FAT,BP4,EU15_NO,2005,830,
dataflow,ESTAT:HSW_AW_NBOSV(1.0),A,NR,FAT,BP4,EU15_NO,2006,831,
dataflow,ESTAT:HSW_AW_NBOSV(1.0),A,NR,FAT,BP4,EU15_NO,2007,427,p
dataflow,ESTAT:HSW_AW_NBOSV(1.0),A,NR,FAT,BP5,EU15_NO,1996,72,
dataflow,ESTAT:HSW_AW_NBOSV(1.0),A,NR,FAT,BP5,EU15_NO,1997,83,
dataflow,ESTAT:HSW_AW_NBOSV(1.0),A,NR,FAT,BP5,EU15_NO,1998,90,
dataflow,ESTAT:HSW_AW_NBOSV(1.0),A,NR,FAT,BP5,EU15_NO,1999,95,
dataflow,ESTAT:HSW_AW_NBOSV(1.0),A,NR,FAT,BP5,EU15_NO,2000,98,
dataflow,ESTAT:HSW_AW_NBOSV(1.0),A,NR,FAT,BP5,EU15_NO,2001,55,
dataflow,ESTAT:HSW_AW_NBOSV(1.0),A,NR,FAT,BP5,EU15_NO,2002,129,
dataflow,ESTAT:HSW_AW_NBOSV(1.0),A,NR,FAT,BP5,EU15_NO,2003,122,
dataflow,ESTAT:HSW_AW_NBOSV(1.0),A,NR,FAT,BP5,EU15_NO,2004,116,
dataflow,ESTAT:HSW_AW_NBOSV(1.0),A,NR,FAT,BP5,EU15_NO,2005,60,
dataflow,ESTAT:HSW_AW_NBOSV(1.0),A,NR,FAT,BP5,EU15_NO,2006,59,
dataflow,ESTAT:HSW_AW_NBOSV(1.0),A,NR,FAT,BP5,EU15_NO,2007,28,p
dataflow,ESTAT:HSW_AW_NBOSV(1.0),A,NR,FAT,BP6,EU15_NO,1996,113,
dataflow,ESTAT:HSW_AW_NBOSV(1.0),A,NR,FAT,BP6,EU15_NO,1997,121,
dataflow,ESTAT:HSW_AW_NBOSV(1.0),A,NR,FAT,BP6,EU15_NO,1998,124,
dataflow,ESTAT:HSW_AW_NBOSV(1.0),A,NR,FAT,BP6,EU15_NO,1999,108,
dataflow,ESTAT:HSW_AW_NBOSV(1.0),A,NR,FAT,BP6,EU15_NO,2000,111,
dataflow,ESTAT:HSW_AW_NBOSV(1.0),A,NR,FAT,BP6,EU15_NO,2001,138,
dataflow,ESTAT:HSW_AW_NBOSV(1.0),A,NR,FAT,BP6,EU15_NO,2002,66,
dataflow,ESTAT:HSW_AW_NBOSV(1.0),A,NR,FAT,BP6,EU15_NO,2003,101,
dataflow,ESTAT:HSW_AW_NBOSV(1.0),A,NR,FAT,BP6,EU15_NO,2004,88,
dataflow,ESTAT:HSW_AW_NBOSV(1.0),A,NR,FAT,BP6,EU15_NO,2005,127,
dataflow,ESTAT:HSW_AW_NBOSV(1.0),A,NR,FAT,BP6,EU15_NO,2006,122,
dataflow,ESTAT:HSW_AW_NBOSV(1.0),A,NR,FAT,BP6,EU15_NO,2007,66,p
dataflow,ESTAT:HSW_AW_NBOSV(1.0),A,NR,FAT,BP7,EU15_NO,1996,1847,
dataflow,ESTAT:HSW_AW_NBOSV(1.0),A,NR,FAT,BP7,EU15_NO,1997,1863,
dataflow,ESTAT:HSW_AW_NBOSV(1.0),A,NR,FAT,BP7,EU15_NO,1998,1720,
dataflow,ESTAT:HSW_AW_NBOSV(1.0),A,NR,FAT,BP7,EU15_NO,1999,1634,
dataflow,ESTAT:HSW_AW_NBOSV(1.0),A,NR,FAT,BP7,EU15_NO,2000,1700,
dataflow,ESTAT:HSW_AW_NBOSV(1.0),A,NR,FAT,BP7,EU15_NO,2001,1615,
dataflow,ESTAT:HSW_AW_NBOSV(1.0),A,NR,FAT,BP7,EU15_NO,2002,1613,
dataflow,ESTAT:HSW_AW_NBOSV(1.0),A,NR,FAT,BP7,EU15_NO,2003,1455,
dataflow,ESTAT:HSW_AW_NBOSV(1.0),A,NR,FAT,BP7,EU15_NO,2004,1369,
dataflow,ESTAT:HSW_AW_NBOSV(1.0),A,NR,FAT,BP7,EU15_NO,2005,167,
dataflow,ESTAT:HSW_AW_NBOSV(1.0),A,NR,FAT,BP7,EU15_NO,2006,126,
dataflow,ESTAT:HSW_AW_NBOSV(1.0),A,NR,FAT,BP7,EU15_NO,2007,1178,p
dataflow,ESTAT:HSW_AW_NBOSV(1.0),A,NR,FAT,OTH,EU15_NO,1996,151,
dataflow,ESTAT:HSW_AW_NBOSV(1.0),A,NR,FAT,OTH,EU15_NO,1997,275,
dataflow,ESTAT:HSW_AW_NBOSV(1.0),A,NR,FAT,OTH,EU15_NO,1998,274,
dataflow,ESTAT:HSW_AW_NBOSV(1.0),A,NR,FAT,OTH,EU15_NO,1999,222,
dataflow,ESTAT:HSW_AW_NBOSV(1.0),A,NR,FAT,OTH,EU15_NO,2000,256,
dataflow,ESTAT:HSW_AW_NBOSV(1.0),A,NR,FAT,OTH,EU15_NO,2001,180,
dataflow,ESTAT:HSW_AW_NBOSV(1.0),A,NR,FAT,OTH,EU15_NO,2002,236,
dataflow,ESTAT:HSW_AW_NBOSV(1.0),A,NR,FAT,OTH,EU15_NO,2003,340,
dataflow,ESTAT:HSW_AW_NBOSV(1.0),A,NR,FAT,OTH,EU15_NO,2004,310,
dataflow,ESTAT:HSW_AW_NBOSV(1.0),A,NR,FAT,OTH,EU15_NO,2005,273,
dataflow,ESTAT:HSW_AW_NBOSV(1.0),A,NR,FAT,OTH,EU15_NO,2006,252,
dataflow,ESTAT:HSW_AW_NBOSV(1.0),A,NR,FAT,OTH,EU15_NO,2007,180,p
dataflow,ESTAT:HSW_AW_NBOSV(1.0),A,NR,FAT,TOTAL,EU15_NO,1996,5549,
dataflow,ESTAT:HSW_AW_NBOSV(1.0),A,NR,FAT,TOTAL,EU15_NO,1997,5608,
dataflow,ESTAT:HSW_AW_NBOSV(1.0),A,NR,FAT,TOTAL,EU15_NO,1998,5519,
dataflow,ESTAT:HSW_AW_NBOSV(1.0),A,NR,FAT,TOTAL,EU15_NO,1999,5305,
dataflow,ESTAT:HSW_AW_NBOSV(1.0),A,NR,FAT,TOTAL,EU15_NO,2000,5285,
dataflow,ESTAT:HSW_AW_NBOSV(1.0),A,NR,FAT,TOTAL,EU15_NO,2001,4968,
dataflow,ESTAT:HSW_AW_NBOSV(1.0),A,NR,FAT,TOTAL,EU15_NO,2002,4828,
dataflow,ESTAT:HSW_AW_NBOSV(1.0),A,NR,FAT,TOTAL,EU15_NO,2003,4666,
dataflow,ESTAT:HSW_AW_NBOSV(1.0),A,NR,FAT,TOTAL,EU15_NO,2004,4409,
dataflow,ESTAT:HSW_AW_NBOSV(1.0),A,NR,FAT,TOTAL,EU15_NO,2005,3952,
dataflow,ESTAT:HSW_AW_NBOSV(1.0),A,NR,FAT,TOTAL,EU15_NO,2006,3912,
dataflow,ESTAT:HSW_AW_NBOSV(1.0),A,NR,FAT,TOTAL,EU15_NO,2007,3616,p
dataflow,ESTAT:HSW_AW_NBOSV(1.0),A,NR,FAT,UNK,EU15_NO,1996,989,
dataflow,ESTAT:HSW_AW_NBOSV(1.0),A,NR,FAT,UNK,EU15_NO,1997,756,
dataflow,ESTAT:HSW_AW_NBOSV(1.0),A,NR,FAT,UNK,EU15_NO,1998,874,
dataflow,ESTAT:HSW_AW_NBOSV(1.0),A,NR,FAT,UNK,EU15_NO,1999,934,
dataflow,ESTAT:HSW_AW_NBOSV(1.0),A,NR,FAT,UNK,EU15_NO,2000,787,
dataflow,ESTAT:HSW_AW_NBOSV(1.0),A,NR,FAT,UNK,EU15_NO,2001,981,
dataflow,ESTAT:HSW_AW_NBOSV(1.0),A,NR,FAT,UNK,EU15_NO,2002,1149,
dataflow,ESTAT:HSW_AW_NBOSV(1.0),A,NR,FAT,UNK,EU15_NO,2003,803,
dataflow,ESTAT:HSW_AW_NBOSV(1.0),A,NR,FAT,UNK,EU15_NO,2004,720,
dataflow,ESTAT:HSW_AW_NBOSV(1.0),A,NR,FAT,UNK,EU15_NO,2005,813,
dataflow,ESTAT:HSW_AW_NBOSV(1.0),A,NR,FAT,UNK,EU15_NO,2006,821,
dataflow,ESTAT:HSW_AW_NBOSV(1.0),A,NR,FAT,UNK,EU15_NO,2007,659,p
dataflow,ESTAT:HSW_AW_NBOSV(1.0),A,NR,M1-3,BP1,EU15_NO,1996,32867,
dataflow,ESTAT:HSW_AW_NBOSV(1.0),A,NR,M1-3,BP1,EU15_NO,1997,23407,
dataflow,ESTAT:HSW_AW_NBOSV(1.0),A,NR,M1-3,BP1,EU15_NO,1998,25954,
dataflow,ESTAT:HSW_AW_NBOSV(1.0),A,NR,M1-3,BP1,EU15_NO,1999,30500,
dataflow,ESTAT:HSW_AW_NBOSV(1.0),A,NR,M1-3,BP1,EU15_NO,2000,25748,
dataflow,ESTAT:HSW_AW_NBOSV(1.0),A,NR,M1-3,BP1,EU15_NO,2001,31677,
dataflow,ESTAT:HSW_AW_NBOSV(1.0),A,NR,M1-3,BP1,EU15_NO,2002,27833,
dataflow,ESTAT:HSW_AW_NBOSV(1.0),A,NR,M1-3,BP1,EU15_NO,2003,11599,
dataflow,ESTAT:HSW_AW_NBOSV(1.0),A,NR,M1-3,BP1,EU15_NO,2004,11934,
dataflow,ESTAT:HSW_AW_NBOSV(1.0),A,NR,M1-3,BP1,EU15_NO,2005,11988,
dataflow,ESTAT:HSW_AW_NBOSV(1.0),A,NR,M1-3,BP1,EU15_NO,2006,11333,
dataflow,ESTAT:HSW_AW_NBOSV(1.0),A,NR,M1-3,BP1,EU15_NO,2007,11203,p
dataflow,ESTAT:HSW_AW_NBOSV(1.0),A,NR,M1-3,BP2,EU15_NO,1996,13414,
dataflow,ESTAT:HSW_AW_NBOSV(1.0),A,NR,M1-3,BP2,EU15_NO,1997,11325,
dataflow,ESTAT:HSW_AW_NBOSV(1.0),A,NR,M1-3,BP2,EU15_NO,1998,14928,
dataflow,ESTAT:HSW_AW_NBOSV(1.0),A,NR,M1-3,BP2,EU15_NO,1999,18997,
dataflow,ESTAT:HSW_AW_NBOSV(1.0),A,NR,M1-3,BP2,EU15_NO,2000,19815,
dataflow,ESTAT:HSW_AW_NBOSV(1.0),A,NR,M1-3,BP2,EU15_NO,2001,25124,
dataflow,ESTAT:HSW_AW_NBOSV(1.0),A,NR,M1-3,BP2,EU15_NO,2002,23759,
dataflow,ESTAT:HSW_AW_NBOSV(1.0),A,NR,M1-3,BP2,EU15_NO,2003,12782,
dataflow,ESTAT:HSW_AW_NBOSV(1.0),A,NR,M1-3,BP2,EU15_NO,2004,13833,
dataflow,ESTAT:HSW_AW_NBOSV(1.0),A,NR,M1-3,BP2,EU15_NO,2005,14042,
dataflow,ESTAT:HSW_AW_NBOSV(1.0),A,NR,M1-3,BP2,EU15_NO,2006,14054,
dataflow,ESTAT:HSW_AW_NBOSV(1.0),A,NR,M1-3,BP2,EU15_NO,2007,12850,p
dataflow,ESTAT:HSW_AW_NBOSV(1.0),A,NR,M1-3,BP3,EU15_NO,1996,51708,
dataflow,ESTAT:HSW_AW_NBOSV(1.0),A,NR,M1-3,BP3,EU15_NO,1997,35124,
dataflow,ESTAT:HSW_AW_NBOSV(1.0),A,NR,M1-3,BP3,EU15_NO,1998,39498,
dataflow,ESTAT:HSW_AW_NBOSV(1.0),A,NR,M1-3,BP3,EU15_NO,1999,49239,
dataflow,ESTAT:HSW_AW_NBOSV(1.0),A,NR,M1-3,BP3,EU15_NO,2000,46714,
dataflow,ESTAT:HSW_AW_NBOSV(1.0),A,NR,M1-3,BP3,EU15_NO,2001,55438,
dataflow,ESTAT:HSW_AW_NBOSV(1.0),A,NR,M1-3,BP3,EU15_NO,2002,57455,
dataflow,ESTAT:HSW_AW_NBOSV(1.0),A,NR,M1-3,BP3,EU15_NO,2003,32879,
dataflow,ESTAT:HSW_AW_NBOSV(1.0),A,NR,M1-3,BP3,EU15_NO,2004,36424,
dataflow,ESTAT:HSW_AW_NBOSV(1.0),A,NR,M1-3,BP3,EU15_NO,2005,37949,
dataflow,ESTAT:HSW_AW_NBOSV(1.0),A,NR,M1-3,BP3,EU15_NO,2006,36878,
dataflow,ESTAT:HSW_AW_NBOSV(1.0),A,NR,M1-3,BP3,EU15_NO,2007,36606,p
dataflow,ESTAT:HSW_AW_NBOSV(1.0),A,NR,M1-3,BP4,EU15_NO,1996,34600,
dataflow,ESTAT:HSW_AW_NBOSV(1.0),A,NR,M1-3,BP4,EU15_NO,1997,28989,
dataflow,ESTAT:HSW_AW_NBOSV(1.0),A,NR,M1-3,BP4,EU15_NO,1998,31991,
dataflow,ESTAT:HSW_AW_NBOSV(1.0),A,NR,M1-3,BP4,EU15_NO,1999,39803,
dataflow,ESTAT:HSW_AW_NBOSV(1.0),A,NR,M1-3,BP4,EU15_NO,2000,36131,
dataflow,ESTAT:HSW_AW_NBOSV(1.0),A,NR,M1-3,BP4,EU15_NO,2001,44660,
dataflow,ESTAT:HSW_AW_NBOSV(1.0),A,NR,M1-3,BP4,EU15_NO,2002,45135,
dataflow,ESTAT:HSW_AW_NBOSV(1.0),A,NR,M1-3,BP4,EU15_NO,2003,22871,
dataflow,ESTAT:HSW_AW_NBOSV(1.0),A,NR,M1-3,BP4,EU15_NO,2004,23552,
dataflow,ESTAT:HSW_AW_NBOSV(1.0),A,NR,M1-3,BP4,EU15_NO,2005,22686,
dataflow,ESTAT:HSW_AW_NBOSV(1.0),A,NR,M1-3,BP4,EU15_NO,2006,21084,
dataflow,ESTAT:HSW_AW_NBOSV(1.0),A,NR,M1-3,BP4,EU15_NO,2007,21132,p
dataflow,ESTAT:HSW_AW_NBOSV(1.0),A,NR,M1-3,BP5,EU15_NO,1996,230429,
dataflow,ESTAT:HSW_AW_NBOSV(1.0),A,NR,M1-3,BP5,EU15_NO,1997,189570,
dataflow,ESTAT:HSW_AW_NBOSV(1.0),A,NR,M1-3,BP5,EU15_NO,1998,202943,
dataflow,ESTAT:HSW_AW_NBOSV(1.0),A,NR,M1-3,BP5,EU15_NO,1999,227040,
dataflow,ESTAT:HSW_AW_NBOSV(1.0),A,NR,M1-3,BP5,EU15_NO,2000,215815,
dataflow,ESTAT:HSW_AW_NBOSV(1.0),A,NR,M1-3,BP5,EU15_NO,2001,236368,
dataflow,ESTAT:HSW_AW_NBOSV(1.0),A,NR,M1-3,BP5,EU15_NO,2002,231138,
dataflow,ESTAT:HSW_AW_NBOSV(1.0),A,NR,M1-3,BP5,EU15_NO,2003,151713,
dataflow,ESTAT:HSW_AW_NBOSV(1.0),A,NR,M1-3,BP5,EU15_NO,2004,164292,
dataflow,ESTAT:HSW_AW_NBOSV(1.0),A,NR,M1-3,BP5,EU15_NO,2005,165782,
dataflow,ESTAT:HSW_AW_NBOSV(1.0),A,NR,M1-3,BP5,EU15_NO,2006,158088,
dataflow,ESTAT:HSW_AW_NBOSV(1.0),A,NR,M1-3,BP5,EU15_NO,2007,160745,p
dataflow,ESTAT:HSW_AW_NBOSV(1.0),A,NR,M1-3,BP6,EU15_NO,1996,173775,
dataflow,ESTAT:HSW_AW_NBOSV(1.0),A,NR,M1-3,BP6,EU15_NO,1997,144294,
dataflow,ESTAT:HSW_AW_NBOSV(1.0),A,NR,M1-3,BP6,EU15_NO,1998,154528,
dataflow,ESTAT:HSW_AW_NBOSV(1.0),A,NR,M1-3,BP6,EU15_NO,1999,170584,
dataflow,ESTAT:HSW_AW_NBOSV(1.0),A,NR,M1-3,BP6,EU15_NO,2000,161060,
dataflow,ESTAT:HSW_AW_NBOSV(1.0),A,NR,M1-3,BP6,EU15_NO,2001,172138,
dataflow,ESTAT:HSW_AW_NBOSV(1.0),A,NR,M1-3,BP6,EU15_NO,2002,171301,
dataflow,ESTAT:HSW_AW_NBOSV(1.0),A,NR,M1-3,BP6,EU15_NO,2003,108151,
dataflow,ESTAT:HSW_AW_NBOSV(1.0),A,NR,M1-3,BP6,EU15_NO,2004,117860,
dataflow,ESTAT:HSW_AW_NBOSV(1.0),A,NR,M1-3,BP6,EU15_NO,2005,123762,
dataflow,ESTAT:HSW_AW_NBOSV(1.0),A,NR,M1-3,BP6,EU15_NO,2006,118694,
dataflow,ESTAT:HSW_AW_NBOSV(1.0),A,NR,M1-3,BP6,EU15_NO,2007,118499,p
dataflow,ESTAT:HSW_AW_NBOSV(1.0),A,NR,M1-3,BP7,EU15_NO,1996,24528,
dataflow,ESTAT:HSW_AW_NBOSV(1.0),A,NR,M1-3,BP7,EU15_NO,1997,15757,
dataflow,ESTAT:HSW_AW_NBOSV(1.0),A,NR,M1-3,BP7,EU15_NO,1998,16688,
dataflow,ESTAT:HSW_AW_NBOSV(1.0),A,NR,M1-3,BP7,EU15_NO,1999,18865,
dataflow,ESTAT:HSW_AW_NBOSV(1.0),A,NR,M1-3,BP7,EU15_NO,2000,18840,
dataflow,ESTAT:HSW_AW_NBOSV(1.0),A,NR,M1-3,BP7,EU15_NO,2001,20035,
dataflow,ESTAT:HSW_AW_NBOSV(1.0),A,NR,M1-3,BP7,EU15_NO,2002,23313,
dataflow,ESTAT:HSW_AW_NBOSV(1.0),A,NR,M1-3,BP7,EU15_NO,2003,16487,
dataflow,ESTAT:HSW_AW_NBOSV(1.0),A,NR,M1-3,BP7,EU15_NO,2004,16660,
dataflow,ESTAT:HSW_AW_NBOSV(1.0),A,NR,M1-3,BP7,EU15_NO,2005,17523,
dataflow,ESTAT:HSW_AW_NBOSV(1.0),A,NR,M1-3,BP7,EU15_NO,2006,16733,
dataflow,ESTAT:HSW_AW_NBOSV(1.0),A,NR,M1-3,BP7,EU15_NO,2007,17882,p
dataflow,ESTAT:HSW_AW_NBOSV(1.0),A,NR,M1-3,OTH,EU15_NO,1996,567,
dataflow,ESTAT:HSW_AW_NBOSV(1.0),A,NR,M1-3,OTH,EU15_NO,1997,1703,
dataflow,ESTAT:HSW_AW_NBOSV(1.0),A,NR,M1-3,OTH,EU15_NO,1998,1563,
dataflow,ESTAT:HSW_AW_NBOSV(1.0),A,NR,M1-3,OTH,EU15_NO,1999,1186,
dataflow,ESTAT:HSW_AW_NBOSV(1.0),A,NR,M1-3,OTH,EU15_NO,2000,1126,
dataflow,ESTAT:HSW_AW_NBOSV(1.0),A,NR,M1-3,OTH,EU15_NO,2001,589,
dataflow,ESTAT:HSW_AW_NBOSV(1.0),A,NR,M1-3,OTH,EU15_NO,2002,1715,
dataflow,ESTAT:HSW_AW_NBOSV(1.0),A,NR,M1-3,OTH,EU15_NO,2003,1518,
dataflow,ESTAT:HSW_AW_NBOSV(1.0),A,NR,M1-3,OTH,EU15_NO,2004,2411,
dataflow,ESTAT:HSW_AW_NBOSV(1.0),A,NR,M1-3,OTH,EU15_NO,2005,2210,
dataflow,ESTAT:HSW_AW_NBOSV(1.0),A,NR,M1-3,OTH,EU15_NO,2006,1474,
dataflow,ESTAT:HSW_AW_NBOSV(1.0),A,NR,M1-3,OTH,EU15_NO,2007,1491,p
dataflow,ESTAT:HSW_AW_NBOSV(1.0),A,NR,M1-3,TOTAL,EU15_NO,1996,575335,
dataflow,ESTAT:HSW_AW_NBOSV(1.0),A,NR,M1-3,TOTAL,EU15_NO,1997,452084,
dataflow,ESTAT:HSW_AW_NBOSV(1.0),A,NR,M1-3,TOTAL,EU15_NO,1998,490008,
dataflow,ESTAT:HSW_AW_NBOSV(1.0),A,NR,M1-3,TOTAL,EU15_NO,1999,558484,
dataflow,ESTAT:HSW_AW_NBOSV(1.0),A,NR,M1-3,TOTAL,EU15_NO,2000,527498,
dataflow,ESTAT:HSW_AW_NBOSV(1.0),A,NR,M1-3,TOTAL,EU15_NO,2001,594135,
dataflow,ESTAT:HSW_AW_NBOSV(1.0),A,NR,M1-3,TOTAL,EU15_NO,2002,614221,
dataflow,ESTAT:HSW_AW_NBOSV(1.0),A,NR,M1-3,TOTAL,EU15_NO,2003,391476,
dataflow,ESTAT:HSW_AW_NBOSV(1.0),A,NR,M1-3,TOTAL,EU15_NO,2004,409527,
dataflow,ESTAT:HSW_AW_NBOSV(1.0),A,NR,M1-3,TOTAL,EU15_NO,2005,448279,
dataflow,ESTAT:HSW_AW_NBOSV(1.0),A,NR,M1-3,TOTAL,EU15_NO,2006,438341,
dataflow,ESTAT:HSW_AW_NBOSV(1.0),A,NR,M1-3,TOTAL,EU15_NO,2007,446616,p
dataflow,ESTAT:HSW_AW_NBOSV(1.0),A,NR,M1-3,UNK,EU15_NO,1996,13447,
dataflow,ESTAT:HSW_AW_NBOSV(1.0),A,NR,M1-3,UNK,EU15_NO,1997,1915,
dataflow,ESTAT:HSW_AW_NBOSV(1.0),A,NR,M1-3,UNK,EU15_NO,1998,1915,
dataflow,ESTAT:HSW_AW_NBOSV(1.0),A,NR,M1-3,UNK,EU15_NO,1999,2270,
dataflow,ESTAT:HSW_AW_NBOSV(1.0),A,NR,M1-3,UNK,EU15_NO,2000,2249,
dataflow,ESTAT:HSW_AW_NBOSV(1.0),A,NR,M1-3,UNK,EU15_NO,2001,8106,
dataflow,ESTAT:HSW_AW_NBOSV(1.0),A,NR,M1-3,UNK,EU15_NO,2002,32572,
dataflow,ESTAT:HSW_AW_NBOSV(1.0),A,NR,M1-3,UNK,EU15_NO,2003,33476,
dataflow,ESTAT:HSW_AW_NBOSV(1.0),A,NR,M1-3,UNK,EU15_NO,2004,22561,
dataflow,ESTAT:HSW_AW_NBOSV(1.0),A,NR,M1-3,UNK,EU15_NO,2005,52337,
dataflow,ESTAT:HSW_AW_NBOSV(1.0),A,NR,M1-3,UNK,EU15_NO,2006,60003,
dataflow,ESTAT:HSW_AW_NBOSV(1.0),A,NR,M1-3,UNK,EU15_NO,2007,66208,p
dataflow,ESTAT:HSW_AW_NBOSV(1.0),A,NR,M3-6,BP1,EU15_NO,1996,4229,
dataflow,ESTAT:HSW_AW_NBOSV(1.0),A,NR,M3-6,BP1,EU15_NO,1997,2462,
dataflow,ESTAT:HSW_AW_NBOSV(1.0),A,NR,M3-6,BP1,EU15_NO,1998,2622,
dataflow,ESTAT:HSW_AW_NBOSV(1.0),A,NR,M3-6,BP1,EU15_NO,1999,2657,
dataflow,ESTAT:HSW_AW_NBOSV(1.0),A,NR,M3-6,BP1,EU15_NO,2000,3174,
dataflow,ESTAT:HSW_AW_NBOSV(1.0),A,NR,M3-6,BP1,EU15_NO,2001,3128,
dataflow,ESTAT:HSW_AW_NBOSV(1.0),A,NR,M3-6,BP1,EU15_NO,2002,2225,
dataflow,ESTAT:HSW_AW_NBOSV(1.0),A,NR,M3-6,BP1,EU15_NO,2003,2102,
dataflow,ESTAT:HSW_AW_NBOSV(1.0),A,NR,M3-6,BP1,EU15_NO,2004,2224,
dataflow,ESTAT:HSW_AW_NBOSV(1.0),A,NR,M3-6,BP1,EU15_NO,2005,2293,
dataflow,ESTAT:HSW_AW_NBOSV(1.0),A,NR,M3-6,BP1,EU15_NO,2006,2096,
dataflow,ESTAT:HSW_AW_NBOSV(1.0),A,NR,M3-6,BP1,EU15_NO,2007,2173,p
dataflow,ESTAT:HSW_AW_NBOSV(1.0),A,NR,M3-6,BP2,EU15_NO,1996,1534,
dataflow,ESTAT:HSW_AW_NBOSV(1.0),A,NR,M3-6,BP2,EU15_NO,1997,1204,
dataflow,ESTAT:HSW_AW_NBOSV(1.0),A,NR,M3-6,BP2,EU15_NO,1998,1473,
dataflow,ESTAT:HSW_AW_NBOSV(1.0),A,NR,M3-6,BP2,EU15_NO,1999,1750,
dataflow,ESTAT:HSW_AW_NBOSV(1.0),A,NR,M3-6,BP2,EU15_NO,2000,1990,
dataflow,ESTAT:HSW_AW_NBOSV(1.0),A,NR,M3-6,BP2,EU15_NO,2001,2285,
dataflow,ESTAT:HSW_AW_NBOSV(1.0),A,NR,M3-6,BP2,EU15_NO,2002,1892,
dataflow,ESTAT:HSW_AW_NBOSV(1.0),A,NR,M3-6,BP2,EU15_NO,2003,1708,
dataflow,ESTAT:HSW_AW_NBOSV(1.0),A,NR,M3-6,BP2,EU15_NO,2004,1789,
dataflow,ESTAT:HSW_AW_NBOSV(1.0),A,NR,M3-6,BP2,EU15_NO,2005,1983,
dataflow,ESTAT:HSW_AW_NBOSV(1.0),A,NR,M3-6,BP2,EU15_NO,2006,1766,
dataflow,ESTAT:HSW_AW_NBOSV(1.0),A,NR,M3-6,BP2,EU15_NO,2007,1724,p
dataflow,ESTAT:HSW_AW_NBOSV(1.0),A,NR,M3-6,BP3,EU15_NO,1996,9307,
dataflow,ESTAT:HSW_AW_NBOSV(1.0),A,NR,M3-6,BP3,EU15_NO,1997,5662,
dataflow,ESTAT:HSW_AW_NBOSV(1.0),A,NR,M3-6,BP3,EU15_NO,1998,6046,
dataflow,ESTAT:HSW_AW_NBOSV(1.0),A,NR,M3-6,BP3,EU15_NO,1999,6853,
dataflow,ESTAT:HSW_AW_NBOSV(1.0),A,NR,M3-6,BP3,EU15_NO,2000,8130,
dataflow,ESTAT:HSW_AW_NBOSV(1.0),A,NR,M3-6,BP3,EU15_NO,2001,8651,
dataflow,ESTAT:HSW_AW_NBOSV(1.0),A,NR,M3-6,BP3,EU15_NO,2002,7851,
dataflow,ESTAT:HSW_AW_NBOSV(1.0),A,NR,M3-6,BP3,EU15_NO,2003,8193,
dataflow,ESTAT:HSW_AW_NBOSV(1.0),A,NR,M3-6,BP3,EU15_NO,2004,8732,
dataflow,ESTAT:HSW_AW_NBOSV(1.0),A,NR,M3-6,BP3,EU15_NO,2005,9409,
dataflow,ESTAT:HSW_AW_NBOSV(1.0),A,NR,M3-6,BP3,EU15_NO,2006,8385,
dataflow,ESTAT:HSW_AW_NBOSV(1.0),A,NR,M3-6,BP3,EU15_NO,2007,8729,p
dataflow,ESTAT:HSW_AW_NBOSV(1.0),A,NR,M3-6,BP4,EU15_NO,1996,4178,
dataflow,ESTAT:HSW_AW_NBOSV(1.0),A,NR,M3-6,BP4,EU15_NO,1997,3470,
dataflow,ESTAT:HSW_AW_NBOSV(1.0),A,NR,M3-6,BP4,EU15_NO,1998,3610,
dataflow,ESTAT:HSW_AW_NBOSV(1.0),A,NR,M3-6,BP4,EU15_NO,1999,3796,
dataflow,ESTAT:HSW_AW_NBOSV(1.0),A,NR,M3-6,BP4,EU15_NO,2000,4706,
dataflow,ESTAT:HSW_AW_NBOSV(1.0),A,NR,M3-6,BP4,EU15_NO,2001,4784,
dataflow,ESTAT:HSW_AW_NBOSV(1.0),A,NR,M3-6,BP4,EU15_NO,2002,4721,
dataflow,ESTAT:HSW_AW_NBOSV(1.0),A,NR,M3-6,BP4,EU15_NO,2003,4149,
dataflow,ESTAT:HSW_AW_NBOSV(1.0),A,NR,M3-6,BP4,EU15_NO,2004,4060,
dataflow,ESTAT:HSW_AW_NBOSV(1.0),A,NR,M3-6,BP4,EU15_NO,2005,3689,
dataflow,ESTAT:HSW_AW_NBOSV(1.0),A,NR,M3-6,BP4,EU15_NO,2006,3286,
dataflow,ESTAT:HSW_AW_NBOSV(1.0),A,NR,M3-6,BP4,EU15_NO,2007,3483,p
dataflow,ESTAT:HSW_AW_NBOSV(1.0),A,NR,M3-6,BP5,EU15_NO,1996,28962,
dataflow,ESTAT:HSW_AW_NBOSV(1.0),A,NR,M3-6,BP5,EU15_NO,1997,21173,
dataflow,ESTAT:HSW_AW_NBOSV(1.0),A,NR,M3-6,BP5,EU15_NO,1998,21774,
dataflow,ESTAT:HSW_AW_NBOSV(1.0),A,NR,M3-6,BP5,EU15_NO,1999,24017,
dataflow,ESTAT:HSW_AW_NBOSV(1.0),A,NR,M3-6,BP5,EU15_NO,2000,29116,
dataflow,ESTAT:HSW_AW_NBOSV(1.0),A,NR,M3-6,BP5,EU15_NO,2001,30695,
dataflow,ESTAT:HSW_AW_NBOSV(1.0),A,NR,M3-6,BP5,EU15_NO,2002,27808,
dataflow,ESTAT:HSW_AW_NBOSV(1.0),A,NR,M3-6,BP5,EU15_NO,2003,26649,
dataflow,ESTAT:HSW_AW_NBOSV(1.0),A,NR,M3-6,BP5,EU15_NO,2004,29026,
dataflow,ESTAT:HSW_AW_NBOSV(1.0),A,NR,M3-6,BP5,EU15_NO,2005,31363,
dataflow,ESTAT:HSW_AW_NBOSV(1.0),A,NR,M3-6,BP5,EU15_NO,2006,29250,
dataflow,ESTAT:HSW_AW_NBOSV(1.0),A,NR,M3-6,BP5,EU15_NO,2007,30086,p
dataflow,ESTAT:HSW_AW_NBOSV(1.0),A,NR,M3-6,BP6,EU15_NO,1996,27988,
dataflow,ESTAT:HSW_AW_NBOSV(1.0),A,NR,M3-6,BP6,EU15_NO,1997,21597,
dataflow,ESTAT:HSW_AW_NBOSV(1.0),A,NR,M3-6,BP6,EU15_NO,1998,22398,
dataflow,ESTAT:HSW_AW_NBOSV(1.0),A,NR,M3-6,BP6,EU15_NO,1999,23112,
dataflow,ESTAT:HSW_AW_NBOSV(1.0),A,NR,M3-6,BP6,EU15_NO,2000,27587,
dataflow,ESTAT:HSW_AW_NBOSV(1.0),A,NR,M3-6,BP6,EU15_NO,2001,29277,
dataflow,ESTAT:HSW_AW_NBOSV(1.0),A,NR,M3-6,BP6,EU15_NO,2002,25537,
dataflow,ESTAT:HSW_AW_NBOSV(1.0),A,NR,M3-6,BP6,EU15_NO,2003,23801,
dataflow,ESTAT:HSW_AW_NBOSV(1.0),A,NR,M3-6,BP6,EU15_NO,2004,26330,
dataflow,ESTAT:HSW_AW_NBOSV(1.0),A,NR,M3-6,BP6,EU15_NO,2005,29547,
dataflow,ESTAT:HSW_AW_NBOSV(1.0),A,NR,M3-6,BP6,EU15_NO,2006,27611,
dataflow,ESTAT:HSW_AW_NBOSV(1.0),A,NR,M3-6,BP6,EU15_NO,2007,28275,p
dataflow,ESTAT:HSW_AW_NBOSV(1.0),A,NR,M3-6,BP7,EU15_NO,1996,6040,
dataflow,ESTAT:HSW_AW_NBOSV(1.0),A,NR,M3-6,BP7,EU15_NO,1997,4845,
dataflow,ESTAT:HSW_AW_NBOSV(1.0),A,NR,M3-6,BP7,EU15_NO,1998,4959,
dataflow,ESTAT:HSW_AW_NBOSV(1.0),A,NR,M3-6,BP7,EU15_NO,1999,5362,
dataflow,ESTAT:HSW_AW_NBOSV(1.0),A,NR,M3-6,BP7,EU15_NO,2000,5694,
dataflow,ESTAT:HSW_AW_NBOSV(1.0),A,NR,M3-6,BP7,EU15_NO,2001,5945,
dataflow,ESTAT:HSW_AW_NBOSV(1.0),A,NR,M3-6,BP7,EU15_NO,2002,6265,
dataflow,ESTAT:HSW_AW_NBOSV(1.0),A,NR,M3-6,BP7,EU15_NO,2003,6018,
dataflow,ESTAT:HSW_AW_NBOSV(1.0),A,NR,M3-6,BP7,EU15_NO,2004,5891,
dataflow,ESTAT:HSW_AW_NBOSV(1.0),A,NR,M3-6,BP7,EU15_NO,2005,6750,
dataflow,ESTAT:HSW_AW_NBOSV(1.0),A,NR,M3-6,BP7,EU15_NO,2006,5825,
dataflow,ESTAT:HSW_AW_NBOSV(1.0),A,NR,M3-6,BP7,EU15_NO,2007,6091,p
dataflow,ESTAT:HSW_AW_NBOSV(1.0),A,NR,M3-6,OTH,EU15_NO,1996,125,
dataflow,ESTAT:HSW_AW_NBOSV(1.0),A,NR,M3-6,OTH,EU15_NO,1997,423,
dataflow,ESTAT:HSW_AW_NBOSV(1.0),A,NR,M3-6,OTH,EU15_NO,1998,386,
dataflow,ESTAT:HSW_AW_NBOSV(1.0),A,NR,M3-6,OTH,EU15_NO,1999,269,
dataflow,ESTAT:HSW_AW_NBOSV(1.0),A,NR,M3-6,OTH,EU15_NO,2000,270,
dataflow,ESTAT:HSW_AW_NBOSV(1.0),A,NR,M3-6,OTH,EU15_NO,2001,215,
dataflow,ESTAT:HSW_AW_NBOSV(1.0),A,NR,M3-6,OTH,EU15_NO,2002,402,
dataflow,ESTAT:HSW_AW_NBOSV(1.0),A,NR,M3-6,OTH,EU15_NO,2003,363,
dataflow,ESTAT:HSW_AW_NBOSV(1.0),A,NR,M3-6,OTH,EU15_NO,2004,554,
dataflow,ESTAT:HSW_AW_NBOSV(1.0),A,NR,M3-6,OTH,EU15_NO,2005,653,
dataflow,ESTAT:HSW_AW_NBOSV(1.0),A,NR,M3-6,OTH,EU15_NO,2006,469,
dataflow,ESTAT:HSW_AW_NBOSV(1.0),A,NR,M3-6,OTH,EU15_NO,2007,506,p
dataflow,ESTAT:HSW_AW_NBOSV(1.0),A,NR,M3-6,TOTAL,EU15_NO,1996,85460,
dataflow,ESTAT:HSW_AW_NBOSV(1.0),A,NR,M3-6,TOTAL,EU15_NO,1997,61431,
dataflow,ESTAT:HSW_AW_NBOSV(1.0),A,NR,M3-6,TOTAL,EU15_NO,1998,63825,
dataflow,ESTAT:HSW_AW_NBOSV(1.0),A,NR,M3-6,TOTAL,EU15_NO,1999,68547,
dataflow,ESTAT:HSW_AW_NBOSV(1.0),A,NR,M3-6,TOTAL,EU15_NO,2000,81430,
dataflow,ESTAT:HSW_AW_NBOSV(1.0),A,NR,M3-6,TOTAL,EU15_NO,2001,86544,
dataflow,ESTAT:HSW_AW_NBOSV(1.0),A,NR,M3-6,TOTAL,EU15_NO,2002,77965,
dataflow,ESTAT:HSW_AW_NBOSV(1.0),A,NR,M3-6,TOTAL,EU15_NO,2003,76582,
dataflow,ESTAT:HSW_AW_NBOSV(1.0),A,NR,M3-6,TOTAL,EU15_NO,2004,79780,
dataflow,ESTAT:HSW_AW_NBOSV(1.0),A,NR,M3-6,TOTAL,EU15_NO,2005,86799,
dataflow,ESTAT:HSW_AW_NBOSV(1.0),A,NR,M3-6,TOTAL,EU15_NO,2006,80954,
dataflow,ESTAT:HSW_AW_NBOSV(1.0),A,NR,M3-6,TOTAL,EU15_NO,2007,83462,p
dataflow,ESTAT:HSW_AW_NBOSV(1.0),A,NR,M3-6,UNK,EU15_NO,1996,3097,
dataflow,ESTAT:HSW_AW_NBOSV(1.0),A,NR,M3-6,UNK,EU15_NO,1997,595,
dataflow,ESTAT:HSW_AW_NBOSV(1.0),A,NR,M3-6,UNK,EU15_NO,1998,557,
dataflow,ESTAT:HSW_AW_NBOSV(1.0),A,NR,M3-6,UNK,EU15_NO,1999,731,
dataflow,ESTAT:HSW_AW_NBOSV(1.0),A,NR,M3-6,UNK,EU15_NO,2000,763,
dataflow,ESTAT:HSW_AW_NBOSV(1.0),A,NR,M3-6,UNK,EU15_NO,2001,1564,
dataflow,ESTAT:HSW_AW_NBOSV(1.0),A,NR,M3-6,UNK,EU15_NO,2002,1264,
dataflow,ESTAT:HSW_AW_NBOSV(1.0),A,NR,M3-6,UNK,EU15_NO,2003,3599,
dataflow,ESTAT:HSW_AW_NBOSV(1.0),A,NR,M3-6,UNK,EU15_NO,2004,1174,
dataflow,ESTAT:HSW_AW_NBOSV(1.0),A,NR,M3-6,UNK,EU15_NO,2005,1112,
dataflow,ESTAT:HSW_AW_NBOSV(1.0),A,NR,M3-6,UNK,EU15_NO,2006,2266,
dataflow,ESTAT:HSW_AW_NBOSV(1.0),A,NR,M3-6,UNK,EU15_NO,2007,2395,p
dataflow,ESTAT:HSW_AW_NBOSV(1.0),A,NR,M_GE6,BP1,EU15_NO,1996,2765,
dataflow,ESTAT:HSW_AW_NBOSV(1.0),A,NR,M_GE6,BP1,EU15_NO,1997,5335,
dataflow,ESTAT:HSW_AW_NBOSV(1.0),A,NR,M_GE6,BP1,EU15_NO,1998,5385,
dataflow,ESTAT:HSW_AW_NBOSV(1.0),A,NR,M_GE6,BP1,EU15_NO,1999,5419,
dataflow,ESTAT:HSW_AW_NBOSV(1.0),A,NR,M_GE6,BP1,EU15_NO,2000,4539,
dataflow,ESTAT:HSW_AW_NBOSV(1.0),A,NR,M_GE6,BP1,EU15_NO,2001,4349,
dataflow,ESTAT:HSW_AW_NBOSV(1.0),A,NR,M_GE6,BP1,EU15_NO,2002,4375,
dataflow,ESTAT:HSW_AW_NBOSV(1.0),A,NR,M_GE6,BP1,EU15_NO,2003,4589,
dataflow,ESTAT:HSW_AW_NBOSV(1.0),A,NR,M_GE6,BP1,EU15_NO,2004,4640,
dataflow,ESTAT:HSW_AW_NBOSV(1.0),A,NR,M_GE6,BP1,EU15_NO,2005,4779,
dataflow,ESTAT:HSW_AW_NBOSV(1.0),A,NR,M_GE6,BP1,EU15_NO,2006,4563,
dataflow,ESTAT:HSW_AW_NBOSV(1.0),A,NR,M_GE6,BP1,EU15_NO,2007,4435,p
dataflow,ESTAT:HSW_AW_NBOSV(1.0),A,NR,M_GE6,BP2,EU15_NO,1996,797,
dataflow,ESTAT:HSW_AW_NBOSV(1.0),A,NR,M_GE6,BP2,EU15_NO,1997,1197,
dataflow,ESTAT:HSW_AW_NBOSV(1.0),A,NR,M_GE6,BP2,EU15_NO,1998,1342,
dataflow,ESTAT:HSW_AW_NBOSV(1.0),A,NR,M_GE6,BP2,EU15_NO,1999,1583,
dataflow,ESTAT:HSW_AW_NBOSV(1.0),A,NR,M_GE6,BP2,EU15_NO,2000,1344,
dataflow,ESTAT:HSW_AW_NBOSV(1.0),A,NR,M_GE6,BP2,EU15_NO,2001,1433,
dataflow,ESTAT:HSW_AW_NBOSV(1.0),A,NR,M_GE6,BP2,EU15_NO,2002,1172,
dataflow,ESTAT:HSW_AW_NBOSV(1.0),A,NR,M_GE6,BP2,EU15_NO,2003,1283,
dataflow,ESTAT:HSW_AW_NBOSV(1.0),A,NR,M_GE6,BP2,EU15_NO,2004,1233,
dataflow,ESTAT:HSW_AW_NBOSV(1.0),A,NR,M_GE6,BP2,EU15_NO,2005,1383,
dataflow,ESTAT:HSW_AW_NBOSV(1.0),A,NR,M_GE6,BP2,EU15_NO,2006,1321,
dataflow,ESTAT:HSW_AW_NBOSV(1.0),A,NR,M_GE6,BP2,EU15_NO,2007,1293,p
dataflow,ESTAT:HSW_AW_NBOSV(1.0),A,NR,M_GE6,BP3,EU15_NO,1996,5227,
dataflow,ESTAT:HSW_AW_NBOSV(1.0),A,NR,M_GE6,BP3,EU15_NO,1997,6788,
dataflow,ESTAT:HSW_AW_NBOSV(1.0),A,NR,M_GE6,BP3,EU15_NO,1998,7302,
dataflow,ESTAT:HSW_AW_NBOSV(1.0),A,NR,M_GE6,BP3,EU15_NO,1999,7759,
dataflow,ESTAT:HSW_AW_NBOSV(1.0),A,NR,M_GE6,BP3,EU15_NO,2000,7457,
dataflow,ESTAT:HSW_AW_NBOSV(1.0),A,NR,M_GE6,BP3,EU15_NO,2001,7728,
dataflow,ESTAT:HSW_AW_NBOSV(1.0),A,NR,M_GE6,BP3,EU15_NO,2002,7965,
dataflow,ESTAT:HSW_AW_NBOSV(1.0),A,NR,M_GE6,BP3,EU15_NO,2003,8722,
dataflow,ESTAT:HSW_AW_NBOSV(1.0),A,NR,M_GE6,BP3,EU15_NO,2004,8231,
dataflow,ESTAT:HSW_AW_NBOSV(1.0),A,NR,M_GE6,BP3,EU15_NO,2005,8487,
dataflow,ESTAT:HSW_AW_NBOSV(1.0),A,NR,M_GE6,BP3,EU15_NO,2006,7878,
dataflow,ESTAT:HSW_AW_NBOSV(1.0),A,NR,M_GE6,BP3,EU15_NO,2007,8070,p
dataflow,ESTAT:HSW_AW_NBOSV(1.0),A,NR,M_GE6,BP4,EU15_NO,1996,2251,
dataflow,ESTAT:HSW_AW_NBOSV(1.0),A,NR,M_GE6,BP4,EU15_NO,1997,3004,
dataflow,ESTAT:HSW_AW_NBOSV(1.0),A,NR,M_GE6,BP4,EU15_NO,1998,3162,
dataflow,ESTAT:HSW_AW_NBOSV(1.0),A,NR,M_GE6,BP4,EU15_NO,1999,3180,
dataflow,ESTAT:HSW_AW_NBOSV(1.0),A,NR,M_GE6,BP4,EU15_NO,2000,3055,
dataflow,ESTAT:HSW_AW_NBOSV(1.0),A,NR,M_GE6,BP4,EU15_NO,2001,5030,
dataflow,ESTAT:HSW_AW_NBOSV(1.0),A,NR,M_GE6,BP4,EU15_NO,2002,3446,
dataflow,ESTAT:HSW_AW_NBOSV(1.0),A,NR,M_GE6,BP4,EU15_NO,2003,3614,
dataflow,ESTAT:HSW_AW_NBOSV(1.0),A,NR,M_GE6,BP4,EU15_NO,2004,3331,
dataflow,ESTAT:HSW_AW_NBOSV(1.0),A,NR,M_GE6,BP4,EU15_NO,2005,3092,
dataflow,ESTAT:HSW_AW_NBOSV(1.0),A,NR,M_GE6,BP4,EU15_NO,2006,3034,
dataflow,ESTAT:HSW_AW_NBOSV(1.0),A,NR,M_GE6,BP4,EU15_NO,2007,3048,p
dataflow,ESTAT:HSW_AW_NBOSV(1.0),A,NR,M_GE6,BP5,EU15_NO,1996,19248,
dataflow,ESTAT:HSW_AW_NBOSV(1.0),A,NR,M_GE6,BP5,EU15_NO,1997,32208,
dataflow,ESTAT:HSW_AW_NBOSV(1.0),A,NR,M_GE6,BP5,EU15_NO,1998,33231,
dataflow,ESTAT:HSW_AW_NBOSV(1.0),A,NR,M_GE6,BP5,EU15_NO,1999,33157,
dataflow,ESTAT:HSW_AW_NBOSV(1.0),A,NR,M_GE6,BP5,EU15_NO,2000,29557,
dataflow,ESTAT:HSW_AW_NBOSV(1.0),A,NR,M_GE6,BP5,EU15_NO,2001,25811,
dataflow,ESTAT:HSW_AW_NBOSV(1.0),A,NR,M_GE6,BP5,EU15_NO,2002,28982,
dataflow,ESTAT:HSW_AW_NBOSV(1.0),A,NR,M_GE6,BP5,EU15_NO,2003,31154,
dataflow,ESTAT:HSW_AW_NBOSV(1.0),A,NR,M_GE6,BP5,EU15_NO,2004,30854,
dataflow,ESTAT:HSW_AW_NBOSV(1.0),A,NR,M_GE6,BP5,EU15_NO,2005,30804,
dataflow,ESTAT:HSW_AW_NBOSV(1.0),A,NR,M_GE6,BP5,EU15_NO,2006,28575,
dataflow,ESTAT:HSW_AW_NBOSV(1.0),A,NR,M_GE6,BP5,EU15_NO,2007,30021,p
dataflow,ESTAT:HSW_AW_NBOSV(1.0),A,NR,M_GE6,BP6,EU15_NO,1996,14911,
dataflow,ESTAT:HSW_AW_NBOSV(1.0),A,NR,M_GE6,BP6,EU15_NO,1997,21712,
dataflow,ESTAT:HSW_AW_NBOSV(1.0),A,NR,M_GE6,BP6,EU15_NO,1998,22549,
dataflow,ESTAT:HSW_AW_NBOSV(1.0),A,NR,M_GE6,BP6,EU15_NO,1999,22973,
dataflow,ESTAT:HSW_AW_NBOSV(1.0),A,NR,M_GE6,BP6,EU15_NO,2000,21107,
dataflow,ESTAT:HSW_AW_NBOSV(1.0),A,NR,M_GE6,BP6,EU15_NO,2001,18296,
dataflow,ESTAT:HSW_AW_NBOSV(1.0),A,NR,M_GE6,BP6,EU15_NO,2002,21308,
dataflow,ESTAT:HSW_AW_NBOSV(1.0),A,NR,M_GE6,BP6,EU15_NO,2003,22534,
dataflow,ESTAT:HSW_AW_NBOSV(1.0),A,NR,M_GE6,BP6,EU15_NO,2004,21834,
dataflow,ESTAT:HSW_AW_NBOSV(1.0),A,NR,M_GE6,BP6,EU15_NO,2005,23085,
dataflow,ESTAT:HSW_AW_NBOSV(1.0),A,NR,M_GE6,BP6,EU15_NO,2006,21032,
dataflow,ESTAT:HSW_AW_NBOSV(1.0),A,NR,M_GE6,BP6,EU15_NO,2007,21724,p
dataflow,ESTAT:HSW_AW_NBOSV(1.0),A,NR,M_GE6,BP7,EU15_NO,1996,5545,
dataflow,ESTAT:HSW_AW_NBOSV(1.0),A,NR,M_GE6,BP7,EU15_NO,1997,4757,
dataflow,ESTAT:HSW_AW_NBOSV(1.0),A,NR,M_GE6,BP7,EU15_NO,1998,4747,
dataflow,ESTAT:HSW_AW_NBOSV(1.0),A,NR,M_GE6,BP7,EU15_NO,1999,4892,
dataflow,ESTAT:HSW_AW_NBOSV(1.0),A,NR,M_GE6,BP7,EU15_NO,2000,5371,
dataflow,ESTAT:HSW_AW_NBOSV(1.0),A,NR,M_GE6,BP7,EU15_NO,2001,4866,
dataflow,ESTAT:HSW_AW_NBOSV(1.0),A,NR,M_GE6,BP7,EU15_NO,2002,5898,
dataflow,ESTAT:HSW_AW_NBOSV(1.0),A,NR,M_GE6,BP7,EU15_NO,2003,5877,
dataflow,ESTAT:HSW_AW_NBOSV(1.0),A,NR,M_GE6,BP7,EU15_NO,2004,5512,
dataflow,ESTAT:HSW_AW_NBOSV(1.0),A,NR,M_GE6,BP7,EU15_NO,2005,5159,
dataflow,ESTAT:HSW_AW_NBOSV(1.0),A,NR,M_GE6,BP7,EU15_NO,2006,4976,
dataflow,ESTAT:HSW_AW_NBOSV(1.0),A,NR,M_GE6,BP7,EU15_NO,2007,5197,p
dataflow,ESTAT:HSW_AW_NBOSV(1.0),A,NR,M_GE6,OTH,EU15_NO,1996,340,
dataflow,ESTAT:HSW_AW_NBOSV(1.0),A,NR,M_GE6,OTH,EU15_NO,1997,775,
dataflow,ESTAT:HSW_AW_NBOSV(1.0),A,NR,M_GE6,OTH,EU15_NO,1998,846,
dataflow,ESTAT:HSW_AW_NBOSV(1.0),A,NR,M_GE6,OTH,EU15_NO,1999,838,
dataflow,ESTAT:HSW_AW_NBOSV(1.0),A,NR,M_GE6,OTH,EU15_NO,2000,907,
dataflow,ESTAT:HSW_AW_NBOSV(1.0),A,NR,M_GE6,OTH,EU15_NO,2001,202,
dataflow,ESTAT:HSW_AW_NBOSV(1.0),A,NR,M_GE6,OTH,EU15_NO,2002,1009,
dataflow,ESTAT:HSW_AW_NBOSV(1.0),A,NR,M_GE6,OTH,EU15_NO,2003,1120,
dataflow,ESTAT:HSW_AW_NBOSV(1.0),A,NR,M_GE6,OTH,EU15_NO,2004,1256,
dataflow,ESTAT:HSW_AW_NBOSV(1.0),A,NR,M_GE6,OTH,EU15_NO,2005,679,
dataflow,ESTAT:HSW_AW_NBOSV(1.0),A,NR,M_GE6,OTH,EU15_NO,2006,461,
dataflow,ESTAT:HSW_AW_NBOSV(1.0),A,NR,M_GE6,OTH,EU15_NO,2007,475,p
dataflow,ESTAT:HSW_AW_NBOSV(1.0),A,NR,M_GE6,TOTAL,EU15_NO,1996,52877,
dataflow,ESTAT:HSW_AW_NBOSV(1.0),A,NR,M_GE6,TOTAL,EU15_NO,1997,76370,
dataflow,ESTAT:HSW_AW_NBOSV(1.0),A,NR,M_GE6,TOTAL,EU15_NO,1998,79172,
dataflow,ESTAT:HSW_AW_NBOSV(1.0),A,NR,M_GE6,TOTAL,EU15_NO,1999,80500,
dataflow,ESTAT:HSW_AW_NBOSV(1.0),A,NR,M_GE6,TOTAL,EU15_NO,2000,74088,
dataflow,ESTAT:HSW_AW_NBOSV(1.0),A,NR,M_GE6,TOTAL,EU15_NO,2001,72526,
dataflow,ESTAT:HSW_AW_NBOSV(1.0),A,NR,M_GE6,TOTAL,EU15_NO,2002,75379,
dataflow,ESTAT:HSW_AW_NBOSV(1.0),A,NR,M_GE6,TOTAL,EU15_NO,2003,83342,
dataflow,ESTAT:HSW_AW_NBOSV(1.0),A,NR,M_GE6,TOTAL,EU15_NO,2004,78108,
dataflow,ESTAT:HSW_AW_NBOSV(1.0),A,NR,M_GE6,TOTAL,EU15_NO,2005,98653,
dataflow,ESTAT:HSW_AW_NBOSV(1.0),A,NR,M_GE6,TOTAL,EU15_NO,2006,103832,
dataflow,ESTAT:HSW_AW_NBOSV(1.0),A,NR,M_GE6,TOTAL,EU15_NO,2007,105169,p
dataflow,ESTAT:HSW_AW_NBOSV(1.0),A,NR,M_GE6,UNK,EU15_NO,1996,1793,
dataflow,ESTAT:HSW_AW_NBOSV(1.0),A,NR,M_GE6,UNK,EU15_NO,1997,594,
dataflow,ESTAT:HSW_AW_NBOSV(1.0),A,NR,M_GE6,UNK,EU15_NO,1998,608,
dataflow,ESTAT:HSW_AW_NBOSV(1.0),A,NR,M_GE6,UNK,EU15_NO,1999,699,
dataflow,ESTAT:HSW_AW_NBOSV(1.0),A,NR,M_GE6,UNK,EU15_NO,2000,751,
dataflow,ESTAT:HSW_AW_NBOSV(1.0),A,NR,M_GE6,UNK,EU15_NO,2001,4811,
dataflow,ESTAT:HSW_AW_NBOSV(1.0),A,NR,M_GE6,UNK,EU15_NO,2002,1224,
dataflow,ESTAT:HSW_AW_NBOSV(1.0),A,NR,M_GE6,UNK,EU15_NO,2003,4449,
dataflow,ESTAT:HSW_AW_NBOSV(1.0),A,NR,M_GE6,UNK,EU15_NO,2004,1217,
dataflow,ESTAT:HSW_AW_NBOSV(1.0),A,NR,M_GE6,UNK,EU15_NO,2005,21184,
dataflow,ESTAT:HSW_AW_NBOSV(1.0),A,NR,M_GE6,UNK,EU15_NO,2006,31992,
dataflow,ESTAT:HSW_AW_NBOSV(1.0),A,NR,M_GE6,UNK,EU15_NO,2007,30906,p
dataflow,ESTAT:HSW_AW_NBOSV(1.0),A,NR,NSP,BP1,EU15_NO,1996,233233,
dataflow,ESTAT:HSW_AW_NBOSV(1.0),A,NR,NSP,BP1,EU15_NO,1997,246561,
dataflow,ESTAT:HSW_AW_NBOSV(1.0),A,NR,NSP,BP1,EU15_NO,1998,248351,
dataflow,ESTAT:HSW_AW_NBOSV(1.0),A,NR,NSP,BP1,EU15_NO,1999,254695,
dataflow,ESTAT:HSW_AW_NBOSV(1.0),A,NR,NSP,BP1,EU15_NO,2000,262554,
dataflow,ESTAT:HSW_AW_NBOSV(1.0),A,NR,NSP,BP1,EU15_NO,2001,240588,
dataflow,ESTAT:HSW_AW_NBOSV(1.0),A,NR,NSP,BP1,EU15_NO,2002,198106,
dataflow,ESTAT:HSW_AW_NBOSV(1.0),A,NR,NSP,BP1,EU15_NO,2003,173416,
dataflow,ESTAT:HSW_AW_NBOSV(1.0),A,NR,NSP,BP1,EU15_NO,2004,161936,
dataflow,ESTAT:HSW_AW_NBOSV(1.0),A,NR,NSP,BP1,EU15_NO,2005,151482,
dataflow,ESTAT:HSW_AW_NBOSV(1.0),A,NR,NSP,BP1,EU15_NO,2006,147975,
dataflow,ESTAT:HSW_AW_NBOSV(1.0),A,NR,NSP,BP1,EU15_NO,2007,140292,p
dataflow,ESTAT:HSW_AW_NBOSV(1.0),A,NR,NSP,BP2,EU15_NO,1996,44761,
dataflow,ESTAT:HSW_AW_NBOSV(1.0),A,NR,NSP,BP2,EU15_NO,1997,48591,
dataflow,ESTAT:HSW_AW_NBOSV(1.0),A,NR,NSP,BP2,EU15_NO,1998,49680,
dataflow,ESTAT:HSW_AW_NBOSV(1.0),A,NR,NSP,BP2,EU15_NO,1999,51837,
dataflow,ESTAT:HSW_AW_NBOSV(1.0),A,NR,NSP,BP2,EU15_NO,2000,55896,
dataflow,ESTAT:HSW_AW_NBOSV(1.0),A,NR,NSP,BP2,EU15_NO,2001,50030,
dataflow,ESTAT:HSW_AW_NBOSV(1.0),A,NR,NSP,BP2,EU15_NO,2002,39302,
dataflow,ESTAT:HSW_AW_NBOSV(1.0),A,NR,NSP,BP2,EU15_NO,2003,34505,
dataflow,ESTAT:HSW_AW_NBOSV(1.0),A,NR,NSP,BP2,EU15_NO,2004,32589,
dataflow,ESTAT:HSW_AW_NBOSV(1.0),A,NR,NSP,BP2,EU15_NO,2005,30494,
dataflow,ESTAT:HSW_AW_NBOSV(1.0),A,NR,NSP,BP2,EU15_NO,2006,30757,
dataflow,ESTAT:HSW_AW_NBOSV(1.0),A,NR,NSP,BP2,EU15_NO,2007,27234,p
dataflow,ESTAT:HSW_AW_NBOSV(1.0),A,NR,NSP,BP3,EU15_NO,1996,88805,
dataflow,ESTAT:HSW_AW_NBOSV(1.0),A,NR,NSP,BP3,EU15_NO,1997,151402,
dataflow,ESTAT:HSW_AW_NBOSV(1.0),A,NR,NSP,BP3,EU15_NO,1998,153556,
dataflow,ESTAT:HSW_AW_NBOSV(1.0),A,NR,NSP,BP3,EU15_NO,1999,156646,
dataflow,ESTAT:HSW_AW_NBOSV(1.0),A,NR,NSP,BP3,EU15_NO,2000,162420,
dataflow,ESTAT:HSW_AW_NBOSV(1.0),A,NR,NSP,BP3,EU15_NO,2001,153160,
dataflow,ESTAT:HSW_AW_NBOSV(1.0),A,NR,NSP,BP3,EU15_NO,2002,154662,
dataflow,ESTAT:HSW_AW_NBOSV(1.0),A,NR,NSP,BP3,EU15_NO,2003,144010,
dataflow,ESTAT:HSW_AW_NBOSV(1.0),A,NR,NSP,BP3,EU15_NO,2004,128840,
dataflow,ESTAT:HSW_AW_NBOSV(1.0),A,NR,NSP,BP3,EU15_NO,2005,124854,
dataflow,ESTAT:HSW_AW_NBOSV(1.0),A,NR,NSP,BP3,EU15_NO,2006,121038,
dataflow,ESTAT:HSW_AW_NBOSV(1.0),A,NR,NSP,BP3,EU15_NO,2007,98313,p
dataflow,ESTAT:HSW_AW_NBOSV(1.0),A,NR,NSP,BP4,EU15_NO,1996,88377,
dataflow,ESTAT:HSW_AW_NBOSV(1.0),A,NR,NSP,BP4,EU15_NO,1997,97668,
dataflow,ESTAT:HSW_AW_NBOSV(1.0),A,NR,NSP,BP4,EU15_NO,1998,95606,
dataflow,ESTAT:HSW_AW_NBOSV(1.0),A,NR,NSP,BP4,EU15_NO,1999,93047,
dataflow,ESTAT:HSW_AW_NBOSV(1.0),A,NR,NSP,BP4,EU15_NO,2000,103486,
dataflow,ESTAT:HSW_AW_NBOSV(1.0),A,NR,NSP,BP4,EU15_NO,2001,96960,
dataflow,ESTAT:HSW_AW_NBOSV(1.0),A,NR,NSP,BP4,EU15_NO,2002,73622,
dataflow,ESTAT:HSW_AW_NBOSV(1.0),A,NR,NSP,BP4,EU15_NO,2003,63875,
dataflow,ESTAT:HSW_AW_NBOSV(1.0),A,NR,NSP,BP4,EU15_NO,2004,56407,
dataflow,ESTAT:HSW_AW_NBOSV(1.0),A,NR,NSP,BP4,EU15_NO,2005,53642,
dataflow,ESTAT:HSW_AW_NBOSV(1.0),A,NR,NSP,BP4,EU15_NO,2006,51870,
dataflow,ESTAT:HSW_AW_NBOSV(1.0),A,NR,NSP,BP4,EU15_NO,2007,44166,p
dataflow,ESTAT:HSW_AW_NBOSV(1.0),A,NR,NSP,BP5,EU15_NO,1996,890739,
dataflow,ESTAT:HSW_AW_NBOSV(1.0),A,NR,NSP,BP5,EU15_NO,1997,966378,
dataflow,ESTAT:HSW_AW_NBOSV(1.0),A,NR,NSP,BP5,EU15_NO,1998,953701,
dataflow,ESTAT:HSW_AW_NBOSV(1.0),A,NR,NSP,BP5,EU15_NO,1999,990521,
dataflow,ESTAT:HSW_AW_NBOSV(1.0),A,NR,NSP,BP5,EU15_NO,2000,1038151,
dataflow,ESTAT:HSW_AW_NBOSV(1.0),A,NR,NSP,BP5,EU15_NO,2001,948323,
dataflow,ESTAT:HSW_AW_NBOSV(1.0),A,NR,NSP,BP5,EU15_NO,2002,832398,
dataflow,ESTAT:HSW_AW_NBOSV(1.0),A,NR,NSP,BP5,EU15_NO,2003,736233,
dataflow,ESTAT:HSW_AW_NBOSV(1.0),A,NR,NSP,BP5,EU15_NO,2004,677047,
dataflow,ESTAT:HSW_AW_NBOSV(1.0),A,NR,NSP,BP5,EU15_NO,2005,654344,
dataflow,ESTAT:HSW_AW_NBOSV(1.0),A,NR,NSP,BP5,EU15_NO,2006,644401,
dataflow,ESTAT:HSW_AW_NBOSV(1.0),A,NR,NSP,BP5,EU15_NO,2007,580060,p
dataflow,ESTAT:HSW_AW_NBOSV(1.0),A,NR,NSP,BP6,EU15_NO,1996,567003,
dataflow,ESTAT:HSW_AW_NBOSV(1.0),A,NR,NSP,BP6,EU15_NO,1997,620755,
dataflow,ESTAT:HSW_AW_NBOSV(1.0),A,NR,NSP,BP6,EU15_NO,1998,603325,
dataflow,ESTAT:HSW_AW_NBOSV(1.0),A,NR,NSP,BP6,EU15_NO,1999,619007,
dataflow,ESTAT:HSW_AW_NBOSV(1.0),A,NR,NSP,BP6,EU15_NO,2000,644254,
dataflow,ESTAT:HSW_AW_NBOSV(1.0),A,NR,NSP,BP6,EU15_NO,2001,588427,
dataflow,ESTAT:HSW_AW_NBOSV(1.0),A,NR,NSP,BP6,EU15_NO,2002,517439,
dataflow,ESTAT:HSW_AW_NBOSV(1.0),A,NR,NSP,BP6,EU15_NO,2003,457965,
dataflow,ESTAT:HSW_AW_NBOSV(1.0),A,NR,NSP,BP6,EU15_NO,2004,428340,
dataflow,ESTAT:HSW_AW_NBOSV(1.0),A,NR,NSP,BP6,EU15_NO,2005,403574,
dataflow,ESTAT:HSW_AW_NBOSV(1.0),A,NR,NSP,BP6,EU15_NO,2006,412666,
dataflow,ESTAT:HSW_AW_NBOSV(1.0),A,NR,NSP,BP6,EU15_NO,2007,370386,p
dataflow,ESTAT:HSW_AW_NBOSV(1.0),A,NR,NSP,BP7,EU15_NO,1996,25183,
dataflow,ESTAT:HSW_AW_NBOSV(1.0),A,NR,NSP,BP7,EU15_NO,1997,53511,
dataflow,ESTAT:HSW_AW_NBOSV(1.0),A,NR,NSP,BP7,EU15_NO,1998,55070,
dataflow,ESTAT:HSW_AW_NBOSV(1.0),A,NR,NSP,BP7,EU15_NO,1999,59709,
dataflow,ESTAT:HSW_AW_NBOSV(1.0),A,NR,NSP,BP7,EU15_NO,2000,60907,
dataflow,ESTAT:HSW_AW_NBOSV(1.0),A,NR,NSP,BP7,EU15_NO,2001,60909,
dataflow,ESTAT:HSW_AW_NBOSV(1.0),A,NR,NSP,BP7,EU15_NO,2002,62349,
dataflow,ESTAT:HSW_AW_NBOSV(1.0),A,NR,NSP,BP7,EU15_NO,2003,64772,
dataflow,ESTAT:HSW_AW_NBOSV(1.0),A,NR,NSP,BP7,EU15_NO,2004,54866,
dataflow,ESTAT:HSW_AW_NBOSV(1.0),A,NR,NSP,BP7,EU15_NO,2005,50387,
dataflow,ESTAT:HSW_AW_NBOSV(1.0),A,NR,NSP,BP7,EU15_NO,2006,51569,
dataflow,ESTAT:HSW_AW_NBOSV(1.0),A,NR,NSP,BP7,EU15_NO,2007,44130,p
dataflow,ESTAT:HSW_AW_NBOSV(1.0),A,NR,NSP,OTH,EU15_NO,1996,3741,
dataflow,ESTAT:HSW_AW_NBOSV(1.0),A,NR,NSP,OTH,EU15_NO,1997,1283,
dataflow,ESTAT:HSW_AW_NBOSV(1.0),A,NR,NSP,OTH,EU15_NO,1998,1289,
dataflow,ESTAT:HSW_AW_NBOSV(1.0),A,NR,NSP,OTH,EU15_NO,1999,1306,
dataflow,ESTAT:HSW_AW_NBOSV(1.0),A,NR,NSP,OTH,EU15_NO,2000,3309,
dataflow,ESTAT:HSW_AW_NBOSV(1.0),A,NR,NSP,OTH,EU15_NO,2001,14049,
dataflow,ESTAT:HSW_AW_NBOSV(1.0),A,NR,NSP,OTH,EU15_NO,2002,1830,
dataflow,ESTAT:HSW_AW_NBOSV(1.0),A,NR,NSP,OTH,EU15_NO,2003,10425,
dataflow,ESTAT:HSW_AW_NBOSV(1.0),A,NR,NSP,OTH,EU15_NO,2004,2580,
dataflow,ESTAT:HSW_AW_NBOSV(1.0),A,NR,NSP,OTH,EU15_NO,2005,2599,
dataflow,ESTAT:HSW_AW_NBOSV(1.0),A,NR,NSP,OTH,EU15_NO,2006,2629,
dataflow,ESTAT:HSW_AW_NBOSV(1.0),A,NR,NSP,OTH,EU15_NO,2007,963,p
dataflow,ESTAT:HSW_AW_NBOSV(1.0),A,NR,NSP,TOTAL,EU15_NO,1996,2176922,
dataflow,ESTAT:HSW_AW_NBOSV(1.0),A,NR,NSP,TOTAL,EU15_NO,1997,2425465,
dataflow,ESTAT:HSW_AW_NBOSV(1.0),A,NR,NSP,TOTAL,EU15_NO,1998,2395387,
dataflow,ESTAT:HSW_AW_NBOSV(1.0),A,NR,NSP,TOTAL,EU15_NO,1999,2417844,
dataflow,ESTAT:HSW_AW_NBOSV(1.0),A,NR,NSP,TOTAL,EU15_NO,2000,2372166,
dataflow,ESTAT:HSW_AW_NBOSV(1.0),A,NR,NSP,TOTAL,EU15_NO,2001,2190619,
dataflow,ESTAT:HSW_AW_NBOSV(1.0),A,NR,NSP,TOTAL,EU15_NO,2002,1916816,
dataflow,ESTAT:HSW_AW_NBOSV(1.0),A,NR,NSP,TOTAL,EU15_NO,2003,1735398,
dataflow,ESTAT:HSW_AW_NBOSV(1.0),A,NR,NSP,TOTAL,EU15_NO,2004,1599327,
dataflow,ESTAT:HSW_AW_NBOSV(1.0),A,NR,NSP,TOTAL,EU15_NO,2005,1512523,
dataflow,ESTAT:HSW_AW_NBOSV(1.0),A,NR,NSP,TOTAL,EU15_NO,2006,1499211,
dataflow,ESTAT:HSW_AW_NBOSV(1.0),A,NR,NSP,TOTAL,EU15_NO,2007,1338666,p
dataflow,ESTAT:HSW_AW_NBOSV(1.0),A,NR,NSP,UNK,EU15_NO,1996,235080,
dataflow,ESTAT:HSW_AW_NBOSV(1.0),A,NR,NSP,UNK,EU15_NO,1997,239316,
dataflow,ESTAT:HSW_AW_NBOSV(1.0),A,NR,NSP,UNK,EU15_NO,1998,234809,
dataflow,ESTAT:HSW_AW_NBOSV(1.0),A,NR,NSP,UNK,EU15_NO,1999,191076,
dataflow,ESTAT:HSW_AW_NBOSV(1.0),A,NR,NSP,UNK,EU15_NO,2000,41189,
dataflow,ESTAT:HSW_AW_NBOSV(1.0),A,NR,NSP,UNK,EU15_NO,2001,38173,
dataflow,ESTAT:HSW_AW_NBOSV(1.0),A,NR,NSP,UNK,EU15_NO,2002,37108,
dataflow,ESTAT:HSW_AW_NBOSV(1.0),A,NR,NSP,UNK,EU15_NO,2003,50197,
dataflow,ESTAT:HSW_AW_NBOSV(1.0),A,NR,NSP,UNK,EU15_NO,2004,56722,
dataflow,ESTAT:HSW_AW_NBOSV(1.0),A,NR,NSP,UNK,EU15_NO,2005,41147,
dataflow,ESTAT:HSW_AW_NBOSV(1.0),A,NR,NSP,UNK,EU15_NO,2006,36306,
dataflow,ESTAT:HSW_AW_NBOSV(1.0),A,NR,NSP,UNK,EU15_NO,2007,33122,p
