STRUCTURE,STRUCTURE_ID,freq,hlthcare,unit,geo,TIME_PERIOD,OBS_VALUE,OBS_FLAG
dataflow,ESTAT:HLTH_CO_BEDOC(1.0),A,PSY,PC,BE,2016,28.61,d
dataflow,ESTAT:HLTH_CO_BEDOC(1.0),A,PSY,PC,BE,2017,26.60,d
dataflow,ESTAT:HLTH_CO_BEDOC(1.0),A,PSY,PC,BE,2018,26.47,d
dataflow,ESTAT:HLTH_CO_BEDOC(1.0),A,PSY,PC,BE,2019,25.51,d
dataflow,ESTAT:HLTH_CO_BEDOC(1.0),A,PSY,PC,BE,2020,19.94,d
dataflow,ESTAT:HLTH_CO_BEDOC(1.0),A,PSY,PC,BE,2021,20.88,d
dataflow,ESTAT:HLTH_CO_BEDOC(1.0),A,PSY,PC,BG,2019,81.00,
dataflow,ESTAT:HLTH_CO_BEDOC(1.0),A,PSY,PC,BG,2020,77.77,
dataflow,ESTAT:HLTH_CO_BEDOC(1.0),A,PSY,PC,BG,2021,76.74,
dataflow,ESTAT:HLTH_CO_BEDOC(1.0),A,PSY,PC,CH,2010,97.66,
dataflow,ESTAT:HLTH_CO_BEDOC(1.0),A,PSY,PC,CH,2011,99.99,
dataflow,ESTAT:HLTH_CO_BEDOC(1.0),A,PSY,PC,CH,2012,93.63,
dataflow,ESTAT:HLTH_CO_BEDOC(1.0),A,PSY,PC,CH,2013,97.09,
dataflow,ESTAT:HLTH_CO_BEDOC(1.0),A,PSY,PC,CH,2014,96.52,
dataflow,ESTAT:HLTH_CO_BEDOC(1.0),A,PSY,PC,CH,2015,95.00,
dataflow,ESTAT:HLTH_CO_BEDOC(1.0),A,PSY,PC,CH,2016,95.39,
dataflow,ESTAT:HLTH_CO_BEDOC(1.0),A,PSY,PC,CH,2017,93.88,
dataflow,ESTAT:HLTH_CO_BEDOC(1.0),A,PSY,PC,CH,2018,92.05,b
dataflow,ESTAT:HLTH_CO_BEDOC(1.0),A,PSY,PC,CH,2019,91.08,
dataflow,ESTAT:HLTH_CO_BEDOC(1.0),A,PSY,PC,CH,2020,90.77,
dataflow,ESTAT:HLTH_CO_BEDOC(1.0),A,PSY,PC,CH,2021,90.84,
dataflow,ESTAT:HLTH_CO_BEDOC(1.0),A,PSY,PC,CY,2019,73.20,d
dataflow,ESTAT:HLTH_CO_BEDOC(1.0),A,PSY,PC,CY,2020,69.20,bd
dataflow,ESTAT:HLTH_CO_BEDOC(1.0),A,PSY,PC,CY,2021,64.70,bd
dataflow,ESTAT:HLTH_CO_BEDOC(1.0),A,PSY,PC,DE,2000,102.30,
dataflow,ESTAT:HLTH_CO_BEDOC(1.0),A,PSY,PC,DE,2001,104.20,
dataflow,ESTAT:HLTH_CO_BEDOC(1.0),A,PSY,PC,DE,2002,99.50,
dataflow,ESTAT:HLTH_CO_BEDOC(1.0),A,PSY,PC,DE,2003,100.20,
dataflow,ESTAT:HLTH_CO_BEDOC(1.0),A,PSY,PC,DE,2004,95.70,
dataflow,ESTAT:HLTH_CO_BEDOC(1.0),A,PSY,PC,DE,2005,94.60,
dataflow,ESTAT:HLTH_CO_BEDOC(1.0),A,PSY,PC,DE,2006,95.00,
dataflow,ESTAT:HLTH_CO_BEDOC(1.0),A,PSY,PC,DE,2007,96.80,
dataflow,ESTAT:HLTH_CO_BEDOC(1.0),A,PSY,PC,DE,2008,97.10,
dataflow,ESTAT:HLTH_CO_BEDOC(1.0),A,PSY,PC,DE,2009,97.60,
dataflow,ESTAT:HLTH_CO_BEDOC(1.0),A,PSY,PC,DE,2010,96.40,
dataflow,ESTAT:HLTH_CO_BEDOC(1.0),A,PSY,PC,DE,2011,96.90,
dataflow,ESTAT:HLTH_CO_BEDOC(1.0),A,PSY,PC,DE,2012,97.30,
dataflow,ESTAT:HLTH_CO_BEDOC(1.0),A,PSY,PC,DE,2013,96.80,
dataflow,ESTAT:HLTH_CO_BEDOC(1.0),A,PSY,PC,DE,2014,97.80,
dataflow,ESTAT:HLTH_CO_BEDOC(1.0),A,PSY,PC,DE,2015,97.50,
dataflow,ESTAT:HLTH_CO_BEDOC(1.0),A,PSY,PC,DE,2016,97.50,
dataflow,ESTAT:HLTH_CO_BEDOC(1.0),A,PSY,PC,DE,2017,97.40,
dataflow,ESTAT:HLTH_CO_BEDOC(1.0),A,PSY,PC,DE,2018,96.20,
dataflow,ESTAT:HLTH_CO_BEDOC(1.0),A,PSY,PC,DE,2019,95.70,
dataflow,ESTAT:HLTH_CO_BEDOC(1.0),A,PSY,PC,DE,2020,85.00,
dataflow,ESTAT:HLTH_CO_BEDOC(1.0),A,PSY,PC,DE,2021,86.80,
dataflow,ESTAT:HLTH_CO_BEDOC(1.0),A,PSY,PC,EE,2013,88.00,
dataflow,ESTAT:HLTH_CO_BEDOC(1.0),A,PSY,PC,EE,2014,88.70,
dataflow,ESTAT:HLTH_CO_BEDOC(1.0),A,PSY,PC,EE,2015,89.10,
dataflow,ESTAT:HLTH_CO_BEDOC(1.0),A,PSY,PC,EE,2016,91.00,
dataflow,ESTAT:HLTH_CO_BEDOC(1.0),A,PSY,PC,EE,2017,90.50,
dataflow,ESTAT:HLTH_CO_BEDOC(1.0),A,PSY,PC,EE,2018,91.80,
dataflow,ESTAT:HLTH_CO_BEDOC(1.0),A,PSY,PC,EE,2019,94.80,
dataflow,ESTAT:HLTH_CO_BEDOC(1.0),A,PSY,PC,EE,2020,69.80,
dataflow,ESTAT:HLTH_CO_BEDOC(1.0),A,PSY,PC,EE,2021,68.30,
dataflow,ESTAT:HLTH_CO_BEDOC(1.0),A,PSY,PC,ES,2010,80.36,
dataflow,ESTAT:HLTH_CO_BEDOC(1.0),A,PSY,PC,ES,2011,80.70,
dataflow,ESTAT:HLTH_CO_BEDOC(1.0),A,PSY,PC,ES,2012,82.28,
dataflow,ESTAT:HLTH_CO_BEDOC(1.0),A,PSY,PC,ES,2013,81.11,
dataflow,ESTAT:HLTH_CO_BEDOC(1.0),A,PSY,PC,ES,2014,79.13,
dataflow,ESTAT:HLTH_CO_BEDOC(1.0),A,PSY,PC,ES,2015,81.10,
dataflow,ESTAT:HLTH_CO_BEDOC(1.0),A,PSY,PC,ES,2016,78.49,
dataflow,ESTAT:HLTH_CO_BEDOC(1.0),A,PSY,PC,ES,2017,78.76,
dataflow,ESTAT:HLTH_CO_BEDOC(1.0),A,PSY,PC,ES,2018,81.47,
dataflow,ESTAT:HLTH_CO_BEDOC(1.0),A,PSY,PC,ES,2019,79.78,
dataflow,ESTAT:HLTH_CO_BEDOC(1.0),A,PSY,PC,ES,2020,73.64,
dataflow,ESTAT:HLTH_CO_BEDOC(1.0),A,PSY,PC,ES,2021,75.87,p
dataflow,ESTAT:HLTH_CO_BEDOC(1.0),A,PSY,PC,FI,2018,100,e
dataflow,ESTAT:HLTH_CO_BEDOC(1.0),A,PSY,PC,FI,2019,100,
dataflow,ESTAT:HLTH_CO_BEDOC(1.0),A,PSY,PC,FI,2020,100,
dataflow,ESTAT:HLTH_CO_BEDOC(1.0),A,PSY,PC,FI,2021,100,
dataflow,ESTAT:HLTH_CO_BEDOC(1.0),A,PSY,PC,HR,2009,94.68,
dataflow,ESTAT:HLTH_CO_BEDOC(1.0),A,PSY,PC,HR,2010,75.66,
dataflow,ESTAT:HLTH_CO_BEDOC(1.0),A,PSY,PC,HR,2011,87.40,
dataflow,ESTAT:HLTH_CO_BEDOC(1.0),A,PSY,PC,HR,2012,101.41,
dataflow,ESTAT:HLTH_CO_BEDOC(1.0),A,PSY,PC,HR,2013,82.20,
dataflow,ESTAT:HLTH_CO_BEDOC(1.0),A,PSY,PC,HR,2014,72.13,
dataflow,ESTAT:HLTH_CO_BEDOC(1.0),A,PSY,PC,HR,2015,84.98,
dataflow,ESTAT:HLTH_CO_BEDOC(1.0),A,PSY,PC,HR,2016,96.25,
dataflow,ESTAT:HLTH_CO_BEDOC(1.0),A,PSY,PC,HR,2017,94.20,
dataflow,ESTAT:HLTH_CO_BEDOC(1.0),A,PSY,PC,HR,2018,98.19,
dataflow,ESTAT:HLTH_CO_BEDOC(1.0),A,PSY,PC,HR,2019,102.51,
dataflow,ESTAT:HLTH_CO_BEDOC(1.0),A,PSY,PC,HR,2020,73.18,
dataflow,ESTAT:HLTH_CO_BEDOC(1.0),A,PSY,PC,HR,2021,88.63,
dataflow,ESTAT:HLTH_CO_BEDOC(1.0),A,PSY,PC,HU,2010,75.47,
dataflow,ESTAT:HLTH_CO_BEDOC(1.0),A,PSY,PC,HU,2011,75.87,
dataflow,ESTAT:HLTH_CO_BEDOC(1.0),A,PSY,PC,HU,2012,74.40,
dataflow,ESTAT:HLTH_CO_BEDOC(1.0),A,PSY,PC,HU,2013,72.60,
dataflow,ESTAT:HLTH_CO_BEDOC(1.0),A,PSY,PC,HU,2014,72.20,
dataflow,ESTAT:HLTH_CO_BEDOC(1.0),A,PSY,PC,HU,2015,70.53,
dataflow,ESTAT:HLTH_CO_BEDOC(1.0),A,PSY,PC,HU,2016,69.41,
dataflow,ESTAT:HLTH_CO_BEDOC(1.0),A,PSY,PC,HU,2017,65.73,
dataflow,ESTAT:HLTH_CO_BEDOC(1.0),A,PSY,PC,HU,2018,64.31,
dataflow,ESTAT:HLTH_CO_BEDOC(1.0),A,PSY,PC,HU,2019,60.50,
dataflow,ESTAT:HLTH_CO_BEDOC(1.0),A,PSY,PC,HU,2020,49.98,
dataflow,ESTAT:HLTH_CO_BEDOC(1.0),A,PSY,PC,HU,2021,49.58,
dataflow,ESTAT:HLTH_CO_BEDOC(1.0),A,PSY,PC,IE,2015,79.90,
dataflow,ESTAT:HLTH_CO_BEDOC(1.0),A,PSY,PC,IE,2016,78.30,
dataflow,ESTAT:HLTH_CO_BEDOC(1.0),A,PSY,PC,IE,2017,76.80,
dataflow,ESTAT:HLTH_CO_BEDOC(1.0),A,PSY,PC,IE,2018,76.00,
dataflow,ESTAT:HLTH_CO_BEDOC(1.0),A,PSY,PC,IE,2019,77.80,
dataflow,ESTAT:HLTH_CO_BEDOC(1.0),A,PSY,PC,IE,2020,71.30,b
dataflow,ESTAT:HLTH_CO_BEDOC(1.0),A,PSY,PC,IE,2021,61.00,
dataflow,ESTAT:HLTH_CO_BEDOC(1.0),A,PSY,PC,IT,2000,83.70,
dataflow,ESTAT:HLTH_CO_BEDOC(1.0),A,PSY,PC,IT,2001,87.10,
dataflow,ESTAT:HLTH_CO_BEDOC(1.0),A,PSY,PC,IT,2002,88.70,
dataflow,ESTAT:HLTH_CO_BEDOC(1.0),A,PSY,PC,IT,2003,87.70,
dataflow,ESTAT:HLTH_CO_BEDOC(1.0),A,PSY,PC,IT,2004,85.90,
dataflow,ESTAT:HLTH_CO_BEDOC(1.0),A,PSY,PC,IT,2005,87.60,
dataflow,ESTAT:HLTH_CO_BEDOC(1.0),A,PSY,PC,IT,2006,85.60,
dataflow,ESTAT:HLTH_CO_BEDOC(1.0),A,PSY,PC,IT,2007,85.80,
dataflow,ESTAT:HLTH_CO_BEDOC(1.0),A,PSY,PC,IT,2008,88.70,
dataflow,ESTAT:HLTH_CO_BEDOC(1.0),A,PSY,PC,IT,2009,88.50,
dataflow,ESTAT:HLTH_CO_BEDOC(1.0),A,PSY,PC,IT,2010,86.80,
dataflow,ESTAT:HLTH_CO_BEDOC(1.0),A,PSY,PC,IT,2011,85.00,
dataflow,ESTAT:HLTH_CO_BEDOC(1.0),A,PSY,PC,IT,2012,87.70,
dataflow,ESTAT:HLTH_CO_BEDOC(1.0),A,PSY,PC,IT,2013,83.00,
dataflow,ESTAT:HLTH_CO_BEDOC(1.0),A,PSY,PC,IT,2014,84.90,
dataflow,ESTAT:HLTH_CO_BEDOC(1.0),A,PSY,PC,IT,2015,86.90,
dataflow,ESTAT:HLTH_CO_BEDOC(1.0),A,PSY,PC,IT,2016,84.10,
dataflow,ESTAT:HLTH_CO_BEDOC(1.0),A,PSY,PC,IT,2017,84.50,
dataflow,ESTAT:HLTH_CO_BEDOC(1.0),A,PSY,PC,IT,2018,84.60,
dataflow,ESTAT:HLTH_CO_BEDOC(1.0),A,PSY,PC,IT,2019,84.70,
dataflow,ESTAT:HLTH_CO_BEDOC(1.0),A,PSY,PC,IT,2020,74.80,
dataflow,ESTAT:HLTH_CO_BEDOC(1.0),A,PSY,PC,IT,2021,78.80,
dataflow,ESTAT:HLTH_CO_BEDOC(1.0),A,PSY,PC,LI,2019,43.78,
dataflow,ESTAT:HLTH_CO_BEDOC(1.0),A,PSY,PC,LI,2020,52.30,
dataflow,ESTAT:HLTH_CO_BEDOC(1.0),A,PSY,PC,LI,2021,47.50,
dataflow,ESTAT:HLTH_CO_BEDOC(1.0),A,PSY,PC,LT,2013,67.87,
dataflow,ESTAT:HLTH_CO_BEDOC(1.0),A,PSY,PC,LT,2014,69.14,
dataflow,ESTAT:HLTH_CO_BEDOC(1.0),A,PSY,PC,LT,2015,71.43,
dataflow,ESTAT:HLTH_CO_BEDOC(1.0),A,PSY,PC,LT,2016,72.27,
dataflow,ESTAT:HLTH_CO_BEDOC(1.0),A,PSY,PC,LT,2017,75.51,
dataflow,ESTAT:HLTH_CO_BEDOC(1.0),A,PSY,PC,LT,2018,78.75,
dataflow,ESTAT:HLTH_CO_BEDOC(1.0),A,PSY,PC,LT,2019,82.91,
dataflow,ESTAT:HLTH_CO_BEDOC(1.0),A,PSY,PC,LT,2020,70.00,
dataflow,ESTAT:HLTH_CO_BEDOC(1.0),A,PSY,PC,LT,2021,58.10,
dataflow,ESTAT:HLTH_CO_BEDOC(1.0),A,PSY,PC,ME,2018,57.90,
dataflow,ESTAT:HLTH_CO_BEDOC(1.0),A,PSY,PC,ME,2019,52.80,
dataflow,ESTAT:HLTH_CO_BEDOC(1.0),A,PSY,PC,ME,2020,30.86,
dataflow,ESTAT:HLTH_CO_BEDOC(1.0),A,PSY,PC,NL,2015,63.10,d
dataflow,ESTAT:HLTH_CO_BEDOC(1.0),A,PSY,PC,NL,2016,64.80,d
dataflow,ESTAT:HLTH_CO_BEDOC(1.0),A,PSY,PC,NL,2017,60.00,d
dataflow,ESTAT:HLTH_CO_BEDOC(1.0),A,PSY,PC,NL,2018,61.70,d
dataflow,ESTAT:HLTH_CO_BEDOC(1.0),A,PSY,PC,NL,2019,63.10,d
dataflow,ESTAT:HLTH_CO_BEDOC(1.0),A,PSY,PC,NL,2020,54.40,d
dataflow,ESTAT:HLTH_CO_BEDOC(1.0),A,PSY,PC,NL,2021,56.60,d
dataflow,ESTAT:HLTH_CO_BEDOC(1.0),A,PSY,PC,NO,2002,87.89,
dataflow,ESTAT:HLTH_CO_BEDOC(1.0),A,PSY,PC,NO,2003,87.18,
dataflow,ESTAT:HLTH_CO_BEDOC(1.0),A,PSY,PC,NO,2004,84.60,b
dataflow,ESTAT:HLTH_CO_BEDOC(1.0),A,PSY,PC,NO,2005,85.87,
dataflow,ESTAT:HLTH_CO_BEDOC(1.0),A,PSY,PC,NO,2006,85.43,
dataflow,ESTAT:HLTH_CO_BEDOC(1.0),A,PSY,PC,NO,2007,83.94,
dataflow,ESTAT:HLTH_CO_BEDOC(1.0),A,PSY,PC,NO,2008,84.54,
dataflow,ESTAT:HLTH_CO_BEDOC(1.0),A,PSY,PC,NO,2009,83.74,b
dataflow,ESTAT:HLTH_CO_BEDOC(1.0),A,PSY,PC,NO,2010,83.59,
dataflow,ESTAT:HLTH_CO_BEDOC(1.0),A,PSY,PC,NO,2011,82.77,
dataflow,ESTAT:HLTH_CO_BEDOC(1.0),A,PSY,PC,NO,2012,83.97,
dataflow,ESTAT:HLTH_CO_BEDOC(1.0),A,PSY,PC,NO,2013,82.43,
dataflow,ESTAT:HLTH_CO_BEDOC(1.0),A,PSY,PC,NO,2014,81.01,
dataflow,ESTAT:HLTH_CO_BEDOC(1.0),A,PSY,PC,NO,2015,83.54,
dataflow,ESTAT:HLTH_CO_BEDOC(1.0),A,PSY,PC,NO,2016,85.35,
dataflow,ESTAT:HLTH_CO_BEDOC(1.0),A,PSY,PC,NO,2017,85.21,
dataflow,ESTAT:HLTH_CO_BEDOC(1.0),A,PSY,PC,NO,2018,84.46,
dataflow,ESTAT:HLTH_CO_BEDOC(1.0),A,PSY,PC,NO,2019,83.96,
dataflow,ESTAT:HLTH_CO_BEDOC(1.0),A,PSY,PC,NO,2020,78.30,
dataflow,ESTAT:HLTH_CO_BEDOC(1.0),A,PSY,PC,NO,2021,82.70,
dataflow,ESTAT:HLTH_CO_BEDOC(1.0),A,PSY,PC,PL,2017,84.00,
dataflow,ESTAT:HLTH_CO_BEDOC(1.0),A,PSY,PC,PL,2018,83.00,
dataflow,ESTAT:HLTH_CO_BEDOC(1.0),A,PSY,PC,PL,2019,85.00,
dataflow,ESTAT:HLTH_CO_BEDOC(1.0),A,PSY,PC,PL,2020,73.30,
dataflow,ESTAT:HLTH_CO_BEDOC(1.0),A,PSY,PC,PL,2021,83.00,
dataflow,ESTAT:HLTH_CO_BEDOC(1.0),A,PSY,PC,PT,2000,85.23,d
dataflow,ESTAT:HLTH_CO_BEDOC(1.0),A,PSY,PC,PT,2001,85.12,d
dataflow,ESTAT:HLTH_CO_BEDOC(1.0),A,PSY,PC,PT,2002,84.76,d
dataflow,ESTAT:HLTH_CO_BEDOC(1.0),A,PSY,PC,PT,2003,82.96,d
dataflow,ESTAT:HLTH_CO_BEDOC(1.0),A,PSY,PC,PT,2004,87.62,d
dataflow,ESTAT:HLTH_CO_BEDOC(1.0),A,PSY,PC,PT,2005,87.15,d
dataflow,ESTAT:HLTH_CO_BEDOC(1.0),A,PSY,PC,PT,2006,89.84,d
dataflow,ESTAT:HLTH_CO_BEDOC(1.0),A,PSY,PC,PT,2007,90.92,d
dataflow,ESTAT:HLTH_CO_BEDOC(1.0),A,PSY,PC,PT,2008,90.38,d
dataflow,ESTAT:HLTH_CO_BEDOC(1.0),A,PSY,PC,PT,2009,90.97,d
dataflow,ESTAT:HLTH_CO_BEDOC(1.0),A,PSY,PC,PT,2010,93.08,d
dataflow,ESTAT:HLTH_CO_BEDOC(1.0),A,PSY,PC,PT,2011,94.57,d
dataflow,ESTAT:HLTH_CO_BEDOC(1.0),A,PSY,PC,PT,2012,97.08,d
dataflow,ESTAT:HLTH_CO_BEDOC(1.0),A,PSY,PC,PT,2013,94.54,d
dataflow,ESTAT:HLTH_CO_BEDOC(1.0),A,PSY,PC,PT,2014,97.11,d
dataflow,ESTAT:HLTH_CO_BEDOC(1.0),A,PSY,PC,PT,2015,94.99,d
dataflow,ESTAT:HLTH_CO_BEDOC(1.0),A,PSY,PC,PT,2016,95.32,d
dataflow,ESTAT:HLTH_CO_BEDOC(1.0),A,PSY,PC,PT,2017,96.80,d
dataflow,ESTAT:HLTH_CO_BEDOC(1.0),A,PSY,PC,PT,2018,98.05,d
dataflow,ESTAT:HLTH_CO_BEDOC(1.0),A,PSY,PC,PT,2019,103.02,d
dataflow,ESTAT:HLTH_CO_BEDOC(1.0),A,PSY,PC,PT,2020,97.71,d
dataflow,ESTAT:HLTH_CO_BEDOC(1.0),A,PSY,PC,PT,2021,97.91,dp
dataflow,ESTAT:HLTH_CO_BEDOC(1.0),A,PSY,PC,RS,2014,100,d
dataflow,ESTAT:HLTH_CO_BEDOC(1.0),A,PSY,PC,RS,2015,100,d
dataflow,ESTAT:HLTH_CO_BEDOC(1.0),A,PSY,PC,RS,2016,100,d
dataflow,ESTAT:HLTH_CO_BEDOC(1.0),A,PSY,PC,RS,2017,100,d
dataflow,ESTAT:HLTH_CO_BEDOC(1.0),A,PSY,PC,RS,2018,100,d
dataflow,ESTAT:HLTH_CO_BEDOC(1.0),A,PSY,PC,RS,2019,100,d
dataflow,ESTAT:HLTH_CO_BEDOC(1.0),A,PSY,PC,RS,2020,100,d
dataflow,ESTAT:HLTH_CO_BEDOC(1.0),A,PSY,PC,RS,2021,100,d
dataflow,ESTAT:HLTH_CO_BEDOC(1.0),A,PSY,PC,SI,2011,56.96,e
dataflow,ESTAT:HLTH_CO_BEDOC(1.0),A,PSY,PC,SI,2012,57.41,e
dataflow,ESTAT:HLTH_CO_BEDOC(1.0),A,PSY,PC,SI,2013,57.64,e
dataflow,ESTAT:HLTH_CO_BEDOC(1.0),A,PSY,PC,SI,2014,57.34,e
dataflow,ESTAT:HLTH_CO_BEDOC(1.0),A,PSY,PC,SI,2015,55.66,e
dataflow,ESTAT:HLTH_CO_BEDOC(1.0),A,PSY,PC,SI,2016,56.32,e
dataflow,ESTAT:HLTH_CO_BEDOC(1.0),A,PSY,PC,SI,2017,55.96,e
dataflow,ESTAT:HLTH_CO_BEDOC(1.0),A,PSY,PC,SI,2018,56.77,e
dataflow,ESTAT:HLTH_CO_BEDOC(1.0),A,PSY,PC,SI,2019,56.93,e
dataflow,ESTAT:HLTH_CO_BEDOC(1.0),A,PSY,PC,SI,2020,43.08,e
dataflow,ESTAT:HLTH_CO_BEDOC(1.0),A,PSY,PC,SI,2021,44.72,e
dataflow,ESTAT:HLTH_CO_BEDOC(1.0),A,PSY,PC,SK,2018,80.40,
dataflow,ESTAT:HLTH_CO_BEDOC(1.0),A,PSY,PC,SK,2019,80.50,
dataflow,ESTAT:HLTH_CO_BEDOC(1.0),A,PSY,PC,SK,2020,70.40,
dataflow,ESTAT:HLTH_CO_BEDOC(1.0),A,PSY,PC,SK,2021,70.60,
dataflow,ESTAT:HLTH_CO_BEDOC(1.0),A,PSY,PC,TR,2002,79.40,
dataflow,ESTAT:HLTH_CO_BEDOC(1.0),A,PSY,PC,TR,2003,83.10,
dataflow,ESTAT:HLTH_CO_BEDOC(1.0),A,PSY,PC,TR,2004,86.80,
dataflow,ESTAT:HLTH_CO_BEDOC(1.0),A,PSY,PC,TR,2005,86.10,
dataflow,ESTAT:HLTH_CO_BEDOC(1.0),A,PSY,PC,TR,2006,88.50,
dataflow,ESTAT:HLTH_CO_BEDOC(1.0),A,PSY,PC,TR,2007,80.00,
dataflow,ESTAT:HLTH_CO_BEDOC(1.0),A,PSY,PC,TR,2008,67.80,
dataflow,ESTAT:HLTH_CO_BEDOC(1.0),A,PSY,PC,TR,2009,78.30,
dataflow,ESTAT:HLTH_CO_BEDOC(1.0),A,PSY,PC,TR,2010,77.80,
dataflow,ESTAT:HLTH_CO_BEDOC(1.0),A,PSY,PC,TR,2011,83.90,b
dataflow,ESTAT:HLTH_CO_BEDOC(1.0),A,PSY,PC,TR,2012,77.70,
dataflow,ESTAT:HLTH_CO_BEDOC(1.0),A,PSY,PC,TR,2013,84.90,
dataflow,ESTAT:HLTH_CO_BEDOC(1.0),A,PSY,PC,TR,2014,84.80,
dataflow,ESTAT:HLTH_CO_BEDOC(1.0),A,PSY,PC,TR,2015,82.00,
dataflow,ESTAT:HLTH_CO_BEDOC(1.0),A,PSY,PC,TR,2016,81.70,
dataflow,ESTAT:HLTH_CO_BEDOC(1.0),A,PSY,PC,TR,2017,80.50,
dataflow,ESTAT:HLTH_CO_BEDOC(1.0),A,PSY,PC,TR,2018,83.60,
dataflow,ESTAT:HLTH_CO_BEDOC(1.0),A,PSY,PC,TR,2019,79.00,
dataflow,ESTAT:HLTH_CO_BEDOC(1.0),A,PSY,PC,TR,2020,59.50,
dataflow,ESTAT:HLTH_CO_BEDOC(1.0),A,PSY,PC,TR,2021,58.70,
dataflow,ESTAT:HLTH_CO_BEDOC(1.0),A,SOM,PC,BE,2016,76.86,
dataflow,ESTAT:HLTH_CO_BEDOC(1.0),A,SOM,PC,BE,2017,76.86,
dataflow,ESTAT:HLTH_CO_BEDOC(1.0),A,SOM,PC,BE,2018,77.00,
dataflow,ESTAT:HLTH_CO_BEDOC(1.0),A,SOM,PC,BE,2019,76.28,
dataflow,ESTAT:HLTH_CO_BEDOC(1.0),A,SOM,PC,BE,2020,65.55,
dataflow,ESTAT:HLTH_CO_BEDOC(1.0),A,SOM,PC,BE,2021,67.98,
dataflow,ESTAT:HLTH_CO_BEDOC(1.0),A,SOM,PC,BG,2019,63.00,
dataflow,ESTAT:HLTH_CO_BEDOC(1.0),A,SOM,PC,BG,2020,52.45,
dataflow,ESTAT:HLTH_CO_BEDOC(1.0),A,SOM,PC,BG,2021,55.30,
dataflow,ESTAT:HLTH_CO_BEDOC(1.0),A,SOM,PC,CH,2010,78.27,
dataflow,ESTAT:HLTH_CO_BEDOC(1.0),A,SOM,PC,CH,2011,79.39,
dataflow,ESTAT:HLTH_CO_BEDOC(1.0),A,SOM,PC,CH,2012,77.78,
dataflow,ESTAT:HLTH_CO_BEDOC(1.0),A,SOM,PC,CH,2013,78.35,
dataflow,ESTAT:HLTH_CO_BEDOC(1.0),A,SOM,PC,CH,2014,79.03,
dataflow,ESTAT:HLTH_CO_BEDOC(1.0),A,SOM,PC,CH,2015,79.92,
dataflow,ESTAT:HLTH_CO_BEDOC(1.0),A,SOM,PC,CH,2016,80.21,
dataflow,ESTAT:HLTH_CO_BEDOC(1.0),A,SOM,PC,CH,2017,78.27,
dataflow,ESTAT:HLTH_CO_BEDOC(1.0),A,SOM,PC,CH,2018,78.21,b
dataflow,ESTAT:HLTH_CO_BEDOC(1.0),A,SOM,PC,CH,2019,78.06,
dataflow,ESTAT:HLTH_CO_BEDOC(1.0),A,SOM,PC,CH,2020,73.95,
dataflow,ESTAT:HLTH_CO_BEDOC(1.0),A,SOM,PC,CH,2021,76.56,
dataflow,ESTAT:HLTH_CO_BEDOC(1.0),A,SOM,PC,CY,2019,61.39,d
dataflow,ESTAT:HLTH_CO_BEDOC(1.0),A,SOM,PC,CY,2020,49.30,bd
dataflow,ESTAT:HLTH_CO_BEDOC(1.0),A,SOM,PC,CY,2021,51.00,bd
dataflow,ESTAT:HLTH_CO_BEDOC(1.0),A,SOM,PC,DE,2000,78.60,
dataflow,ESTAT:HLTH_CO_BEDOC(1.0),A,SOM,PC,DE,2001,77.50,
dataflow,ESTAT:HLTH_CO_BEDOC(1.0),A,SOM,PC,DE,2002,78.10,
dataflow,ESTAT:HLTH_CO_BEDOC(1.0),A,SOM,PC,DE,2003,75.30,
dataflow,ESTAT:HLTH_CO_BEDOC(1.0),A,SOM,PC,DE,2004,73.50,
dataflow,ESTAT:HLTH_CO_BEDOC(1.0),A,SOM,PC,DE,2005,73.60,
dataflow,ESTAT:HLTH_CO_BEDOC(1.0),A,SOM,PC,DE,2006,74.90,
dataflow,ESTAT:HLTH_CO_BEDOC(1.0),A,SOM,PC,DE,2007,76.10,
dataflow,ESTAT:HLTH_CO_BEDOC(1.0),A,SOM,PC,DE,2008,76.40,
dataflow,ESTAT:HLTH_CO_BEDOC(1.0),A,SOM,PC,DE,2009,76.40,
dataflow,ESTAT:HLTH_CO_BEDOC(1.0),A,SOM,PC,DE,2010,76.40,
dataflow,ESTAT:HLTH_CO_BEDOC(1.0),A,SOM,PC,DE,2011,76.20,
dataflow,ESTAT:HLTH_CO_BEDOC(1.0),A,SOM,PC,DE,2012,76.30,
dataflow,ESTAT:HLTH_CO_BEDOC(1.0),A,SOM,PC,DE,2013,76.50,
dataflow,ESTAT:HLTH_CO_BEDOC(1.0),A,SOM,PC,DE,2014,76.70,
dataflow,ESTAT:HLTH_CO_BEDOC(1.0),A,SOM,PC,DE,2015,76.80,
dataflow,ESTAT:HLTH_CO_BEDOC(1.0),A,SOM,PC,DE,2016,77.30,
dataflow,ESTAT:HLTH_CO_BEDOC(1.0),A,SOM,PC,DE,2017,76.70,
dataflow,ESTAT:HLTH_CO_BEDOC(1.0),A,SOM,PC,DE,2018,76.00,
dataflow,ESTAT:HLTH_CO_BEDOC(1.0),A,SOM,PC,DE,2019,75.80,
dataflow,ESTAT:HLTH_CO_BEDOC(1.0),A,SOM,PC,DE,2020,66.80,
dataflow,ESTAT:HLTH_CO_BEDOC(1.0),A,SOM,PC,DE,2021,66.70,
dataflow,ESTAT:HLTH_CO_BEDOC(1.0),A,SOM,PC,EE,2013,69.00,
dataflow,ESTAT:HLTH_CO_BEDOC(1.0),A,SOM,PC,EE,2014,68.90,
dataflow,ESTAT:HLTH_CO_BEDOC(1.0),A,SOM,PC,EE,2015,68.60,
dataflow,ESTAT:HLTH_CO_BEDOC(1.0),A,SOM,PC,EE,2016,69.10,
dataflow,ESTAT:HLTH_CO_BEDOC(1.0),A,SOM,PC,EE,2017,68.40,
dataflow,ESTAT:HLTH_CO_BEDOC(1.0),A,SOM,PC,EE,2018,70.40,
dataflow,ESTAT:HLTH_CO_BEDOC(1.0),A,SOM,PC,EE,2019,70.00,
dataflow,ESTAT:HLTH_CO_BEDOC(1.0),A,SOM,PC,EE,2020,64.90,
dataflow,ESTAT:HLTH_CO_BEDOC(1.0),A,SOM,PC,EE,2021,65.60,
dataflow,ESTAT:HLTH_CO_BEDOC(1.0),A,SOM,PC,ES,2010,75.13,
dataflow,ESTAT:HLTH_CO_BEDOC(1.0),A,SOM,PC,ES,2011,74.19,
dataflow,ESTAT:HLTH_CO_BEDOC(1.0),A,SOM,PC,ES,2012,74.17,
dataflow,ESTAT:HLTH_CO_BEDOC(1.0),A,SOM,PC,ES,2013,74.45,
dataflow,ESTAT:HLTH_CO_BEDOC(1.0),A,SOM,PC,ES,2014,74.37,
dataflow,ESTAT:HLTH_CO_BEDOC(1.0),A,SOM,PC,ES,2015,74.50,
dataflow,ESTAT:HLTH_CO_BEDOC(1.0),A,SOM,PC,ES,2016,74.76,
dataflow,ESTAT:HLTH_CO_BEDOC(1.0),A,SOM,PC,ES,2017,74.07,
dataflow,ESTAT:HLTH_CO_BEDOC(1.0),A,SOM,PC,ES,2018,74.23,
dataflow,ESTAT:HLTH_CO_BEDOC(1.0),A,SOM,PC,ES,2019,74.03,
dataflow,ESTAT:HLTH_CO_BEDOC(1.0),A,SOM,PC,ES,2020,66.69,
dataflow,ESTAT:HLTH_CO_BEDOC(1.0),A,SOM,PC,ES,2021,69.73,p
dataflow,ESTAT:HLTH_CO_BEDOC(1.0),A,SOM,PC,FI,2018,100,e
dataflow,ESTAT:HLTH_CO_BEDOC(1.0),A,SOM,PC,FI,2019,100,
dataflow,ESTAT:HLTH_CO_BEDOC(1.0),A,SOM,PC,FI,2020,100,
dataflow,ESTAT:HLTH_CO_BEDOC(1.0),A,SOM,PC,FI,2021,100,
dataflow,ESTAT:HLTH_CO_BEDOC(1.0),A,SOM,PC,FR,2013,74.73,
dataflow,ESTAT:HLTH_CO_BEDOC(1.0),A,SOM,PC,FR,2014,75.03,
dataflow,ESTAT:HLTH_CO_BEDOC(1.0),A,SOM,PC,FR,2015,75.26,
dataflow,ESTAT:HLTH_CO_BEDOC(1.0),A,SOM,PC,FR,2016,75.60,
dataflow,ESTAT:HLTH_CO_BEDOC(1.0),A,SOM,PC,FR,2017,75.71,
dataflow,ESTAT:HLTH_CO_BEDOC(1.0),A,SOM,PC,FR,2018,75.74,
dataflow,ESTAT:HLTH_CO_BEDOC(1.0),A,SOM,PC,FR,2019,75.93,
dataflow,ESTAT:HLTH_CO_BEDOC(1.0),A,SOM,PC,FR,2020,69.88,
dataflow,ESTAT:HLTH_CO_BEDOC(1.0),A,SOM,PC,FR,2021,71.89,
dataflow,ESTAT:HLTH_CO_BEDOC(1.0),A,SOM,PC,HR,2009,81.75,b
dataflow,ESTAT:HLTH_CO_BEDOC(1.0),A,SOM,PC,HR,2010,75.09,
dataflow,ESTAT:HLTH_CO_BEDOC(1.0),A,SOM,PC,HR,2011,75.55,
dataflow,ESTAT:HLTH_CO_BEDOC(1.0),A,SOM,PC,HR,2012,75.16,
dataflow,ESTAT:HLTH_CO_BEDOC(1.0),A,SOM,PC,HR,2013,72.79,
dataflow,ESTAT:HLTH_CO_BEDOC(1.0),A,SOM,PC,HR,2014,71.64,
dataflow,ESTAT:HLTH_CO_BEDOC(1.0),A,SOM,PC,HR,2015,75.62,
dataflow,ESTAT:HLTH_CO_BEDOC(1.0),A,SOM,PC,HR,2016,76.52,
dataflow,ESTAT:HLTH_CO_BEDOC(1.0),A,SOM,PC,HR,2017,74.63,
dataflow,ESTAT:HLTH_CO_BEDOC(1.0),A,SOM,PC,HR,2018,72.97,
dataflow,ESTAT:HLTH_CO_BEDOC(1.0),A,SOM,PC,HR,2019,71.03,
dataflow,ESTAT:HLTH_CO_BEDOC(1.0),A,SOM,PC,HR,2020,57.23,
dataflow,ESTAT:HLTH_CO_BEDOC(1.0),A,SOM,PC,HR,2021,62.60,
dataflow,ESTAT:HLTH_CO_BEDOC(1.0),A,SOM,PC,HU,2010,71.35,
dataflow,ESTAT:HLTH_CO_BEDOC(1.0),A,SOM,PC,HU,2011,70.76,
dataflow,ESTAT:HLTH_CO_BEDOC(1.0),A,SOM,PC,HU,2012,68.80,
dataflow,ESTAT:HLTH_CO_BEDOC(1.0),A,SOM,PC,HU,2013,70.18,
dataflow,ESTAT:HLTH_CO_BEDOC(1.0),A,SOM,PC,HU,2014,70.70,
dataflow,ESTAT:HLTH_CO_BEDOC(1.0),A,SOM,PC,HU,2015,69.15,
dataflow,ESTAT:HLTH_CO_BEDOC(1.0),A,SOM,PC,HU,2016,68.44,
dataflow,ESTAT:HLTH_CO_BEDOC(1.0),A,SOM,PC,HU,2017,65.51,
dataflow,ESTAT:HLTH_CO_BEDOC(1.0),A,SOM,PC,HU,2018,65.01,
dataflow,ESTAT:HLTH_CO_BEDOC(1.0),A,SOM,PC,HU,2019,64.06,
dataflow,ESTAT:HLTH_CO_BEDOC(1.0),A,SOM,PC,HU,2020,51.75,
dataflow,ESTAT:HLTH_CO_BEDOC(1.0),A,SOM,PC,HU,2021,51.58,
dataflow,ESTAT:HLTH_CO_BEDOC(1.0),A,SOM,PC,IE,2015,88.40,
dataflow,ESTAT:HLTH_CO_BEDOC(1.0),A,SOM,PC,IE,2016,88.00,
dataflow,ESTAT:HLTH_CO_BEDOC(1.0),A,SOM,PC,IE,2017,88.30,
dataflow,ESTAT:HLTH_CO_BEDOC(1.0),A,SOM,PC,IE,2018,89.10,
dataflow,ESTAT:HLTH_CO_BEDOC(1.0),A,SOM,PC,IE,2019,88.80,
dataflow,ESTAT:HLTH_CO_BEDOC(1.0),A,SOM,PC,IE,2020,68.90,b
dataflow,ESTAT:HLTH_CO_BEDOC(1.0),A,SOM,PC,IE,2021,76.70,
dataflow,ESTAT:HLTH_CO_BEDOC(1.0),A,SOM,PC,IT,2000,75.20,
dataflow,ESTAT:HLTH_CO_BEDOC(1.0),A,SOM,PC,IT,2001,75.60,
dataflow,ESTAT:HLTH_CO_BEDOC(1.0),A,SOM,PC,IT,2002,76.40,
dataflow,ESTAT:HLTH_CO_BEDOC(1.0),A,SOM,PC,IT,2003,75.60,
dataflow,ESTAT:HLTH_CO_BEDOC(1.0),A,SOM,PC,IT,2004,76.00,
dataflow,ESTAT:HLTH_CO_BEDOC(1.0),A,SOM,PC,IT,2005,76.90,
dataflow,ESTAT:HLTH_CO_BEDOC(1.0),A,SOM,PC,IT,2006,77.70,
dataflow,ESTAT:HLTH_CO_BEDOC(1.0),A,SOM,PC,IT,2007,78.00,
dataflow,ESTAT:HLTH_CO_BEDOC(1.0),A,SOM,PC,IT,2008,78.40,
dataflow,ESTAT:HLTH_CO_BEDOC(1.0),A,SOM,PC,IT,2009,79.10,
dataflow,ESTAT:HLTH_CO_BEDOC(1.0),A,SOM,PC,IT,2010,78.40,
dataflow,ESTAT:HLTH_CO_BEDOC(1.0),A,SOM,PC,IT,2011,78.20,
dataflow,ESTAT:HLTH_CO_BEDOC(1.0),A,SOM,PC,IT,2012,77.20,
dataflow,ESTAT:HLTH_CO_BEDOC(1.0),A,SOM,PC,IT,2013,77.10,
dataflow,ESTAT:HLTH_CO_BEDOC(1.0),A,SOM,PC,IT,2014,77.30,
dataflow,ESTAT:HLTH_CO_BEDOC(1.0),A,SOM,PC,IT,2015,78.60,
dataflow,ESTAT:HLTH_CO_BEDOC(1.0),A,SOM,PC,IT,2016,77.30,
dataflow,ESTAT:HLTH_CO_BEDOC(1.0),A,SOM,PC,IT,2017,78.70,
dataflow,ESTAT:HLTH_CO_BEDOC(1.0),A,SOM,PC,IT,2018,78.50,
dataflow,ESTAT:HLTH_CO_BEDOC(1.0),A,SOM,PC,IT,2019,77.90,
dataflow,ESTAT:HLTH_CO_BEDOC(1.0),A,SOM,PC,IT,2020,67.40,
dataflow,ESTAT:HLTH_CO_BEDOC(1.0),A,SOM,PC,IT,2021,71.00,
dataflow,ESTAT:HLTH_CO_BEDOC(1.0),A,SOM,PC,LI,2019,79.22,
dataflow,ESTAT:HLTH_CO_BEDOC(1.0),A,SOM,PC,LI,2020,59.83,
dataflow,ESTAT:HLTH_CO_BEDOC(1.0),A,SOM,PC,LI,2021,82.25,
dataflow,ESTAT:HLTH_CO_BEDOC(1.0),A,SOM,PC,LT,2013,68.64,
dataflow,ESTAT:HLTH_CO_BEDOC(1.0),A,SOM,PC,LT,2014,67.95,
dataflow,ESTAT:HLTH_CO_BEDOC(1.0),A,SOM,PC,LT,2015,69.16,
dataflow,ESTAT:HLTH_CO_BEDOC(1.0),A,SOM,PC,LT,2016,71.42,
dataflow,ESTAT:HLTH_CO_BEDOC(1.0),A,SOM,PC,LT,2017,71.49,
dataflow,ESTAT:HLTH_CO_BEDOC(1.0),A,SOM,PC,LT,2018,72.11,
dataflow,ESTAT:HLTH_CO_BEDOC(1.0),A,SOM,PC,LT,2019,71.34,
dataflow,ESTAT:HLTH_CO_BEDOC(1.0),A,SOM,PC,LT,2020,55.08,
dataflow,ESTAT:HLTH_CO_BEDOC(1.0),A,SOM,PC,LT,2021,55.75,
dataflow,ESTAT:HLTH_CO_BEDOC(1.0),A,SOM,PC,LV,2000,76.12,
dataflow,ESTAT:HLTH_CO_BEDOC(1.0),A,SOM,PC,LV,2001,75.17,
dataflow,ESTAT:HLTH_CO_BEDOC(1.0),A,SOM,PC,LV,2002,74.13,
dataflow,ESTAT:HLTH_CO_BEDOC(1.0),A,SOM,PC,LV,2003,74.45,
dataflow,ESTAT:HLTH_CO_BEDOC(1.0),A,SOM,PC,LV,2004,74.57,
dataflow,ESTAT:HLTH_CO_BEDOC(1.0),A,SOM,PC,LV,2005,74.22,
dataflow,ESTAT:HLTH_CO_BEDOC(1.0),A,SOM,PC,LV,2006,76.21,
dataflow,ESTAT:HLTH_CO_BEDOC(1.0),A,SOM,PC,LV,2007,76.11,
dataflow,ESTAT:HLTH_CO_BEDOC(1.0),A,SOM,PC,LV,2008,75.48,
dataflow,ESTAT:HLTH_CO_BEDOC(1.0),A,SOM,PC,LV,2009,64.01,
dataflow,ESTAT:HLTH_CO_BEDOC(1.0),A,SOM,PC,LV,2010,71.09,
dataflow,ESTAT:HLTH_CO_BEDOC(1.0),A,SOM,PC,LV,2011,70.41,
dataflow,ESTAT:HLTH_CO_BEDOC(1.0),A,SOM,PC,LV,2012,68.05,
dataflow,ESTAT:HLTH_CO_BEDOC(1.0),A,SOM,PC,LV,2013,68.04,
dataflow,ESTAT:HLTH_CO_BEDOC(1.0),A,SOM,PC,LV,2014,69.69,
dataflow,ESTAT:HLTH_CO_BEDOC(1.0),A,SOM,PC,LV,2015,70.67,
dataflow,ESTAT:HLTH_CO_BEDOC(1.0),A,SOM,PC,LV,2016,70.70,
dataflow,ESTAT:HLTH_CO_BEDOC(1.0),A,SOM,PC,LV,2017,71.13,
dataflow,ESTAT:HLTH_CO_BEDOC(1.0),A,SOM,PC,LV,2018,73.08,
dataflow,ESTAT:HLTH_CO_BEDOC(1.0),A,SOM,PC,LV,2019,73.22,
dataflow,ESTAT:HLTH_CO_BEDOC(1.0),A,SOM,PC,LV,2020,65.11,
dataflow,ESTAT:HLTH_CO_BEDOC(1.0),A,SOM,PC,LV,2021,64.77,
dataflow,ESTAT:HLTH_CO_BEDOC(1.0),A,SOM,PC,ME,2018,72.40,
dataflow,ESTAT:HLTH_CO_BEDOC(1.0),A,SOM,PC,ME,2019,69.60,
dataflow,ESTAT:HLTH_CO_BEDOC(1.0),A,SOM,PC,ME,2020,50.71,
dataflow,ESTAT:HLTH_CO_BEDOC(1.0),A,SOM,PC,NL,2015,63.70,
dataflow,ESTAT:HLTH_CO_BEDOC(1.0),A,SOM,PC,NL,2016,66.30,
dataflow,ESTAT:HLTH_CO_BEDOC(1.0),A,SOM,PC,NL,2017,65.40,
dataflow,ESTAT:HLTH_CO_BEDOC(1.0),A,SOM,PC,NL,2018,63.80,
dataflow,ESTAT:HLTH_CO_BEDOC(1.0),A,SOM,PC,NL,2019,63.70,
dataflow,ESTAT:HLTH_CO_BEDOC(1.0),A,SOM,PC,NL,2020,59.60,
dataflow,ESTAT:HLTH_CO_BEDOC(1.0),A,SOM,PC,NL,2021,61.30,
dataflow,ESTAT:HLTH_CO_BEDOC(1.0),A,SOM,PC,NO,2002,81.32,
dataflow,ESTAT:HLTH_CO_BEDOC(1.0),A,SOM,PC,NO,2003,81.09,
dataflow,ESTAT:HLTH_CO_BEDOC(1.0),A,SOM,PC,NO,2004,79.50,
dataflow,ESTAT:HLTH_CO_BEDOC(1.0),A,SOM,PC,NO,2005,81.03,
dataflow,ESTAT:HLTH_CO_BEDOC(1.0),A,SOM,PC,NO,2006,81.90,
dataflow,ESTAT:HLTH_CO_BEDOC(1.0),A,SOM,PC,NO,2007,81.35,
dataflow,ESTAT:HLTH_CO_BEDOC(1.0),A,SOM,PC,NO,2008,82.42,
dataflow,ESTAT:HLTH_CO_BEDOC(1.0),A,SOM,PC,NO,2009,84.00,
dataflow,ESTAT:HLTH_CO_BEDOC(1.0),A,SOM,PC,NO,2010,86.65,
dataflow,ESTAT:HLTH_CO_BEDOC(1.0),A,SOM,PC,NO,2011,84.12,
dataflow,ESTAT:HLTH_CO_BEDOC(1.0),A,SOM,PC,NO,2012,85.24,
dataflow,ESTAT:HLTH_CO_BEDOC(1.0),A,SOM,PC,NO,2013,84.42,
dataflow,ESTAT:HLTH_CO_BEDOC(1.0),A,SOM,PC,NO,2014,83.66,
dataflow,ESTAT:HLTH_CO_BEDOC(1.0),A,SOM,PC,NO,2015,78.85,b
dataflow,ESTAT:HLTH_CO_BEDOC(1.0),A,SOM,PC,NO,2016,78.67,
dataflow,ESTAT:HLTH_CO_BEDOC(1.0),A,SOM,PC,NO,2017,78.47,
dataflow,ESTAT:HLTH_CO_BEDOC(1.0),A,SOM,PC,NO,2018,78.51,
dataflow,ESTAT:HLTH_CO_BEDOC(1.0),A,SOM,PC,NO,2019,77.88,
dataflow,ESTAT:HLTH_CO_BEDOC(1.0),A,SOM,PC,NO,2020,70.90,
dataflow,ESTAT:HLTH_CO_BEDOC(1.0),A,SOM,PC,NO,2021,73.60,
dataflow,ESTAT:HLTH_CO_BEDOC(1.0),A,SOM,PC,PT,2000,73.46,
dataflow,ESTAT:HLTH_CO_BEDOC(1.0),A,SOM,PC,PT,2001,71.70,
dataflow,ESTAT:HLTH_CO_BEDOC(1.0),A,SOM,PC,PT,2002,72.83,
dataflow,ESTAT:HLTH_CO_BEDOC(1.0),A,SOM,PC,PT,2003,72.34,
dataflow,ESTAT:HLTH_CO_BEDOC(1.0),A,SOM,PC,PT,2004,71.47,
dataflow,ESTAT:HLTH_CO_BEDOC(1.0),A,SOM,PC,PT,2005,73.42,
dataflow,ESTAT:HLTH_CO_BEDOC(1.0),A,SOM,PC,PT,2006,73.67,
dataflow,ESTAT:HLTH_CO_BEDOC(1.0),A,SOM,PC,PT,2007,74.61,
dataflow,ESTAT:HLTH_CO_BEDOC(1.0),A,SOM,PC,PT,2008,74.79,
dataflow,ESTAT:HLTH_CO_BEDOC(1.0),A,SOM,PC,PT,2009,75.68,
dataflow,ESTAT:HLTH_CO_BEDOC(1.0),A,SOM,PC,PT,2010,75.71,
dataflow,ESTAT:HLTH_CO_BEDOC(1.0),A,SOM,PC,PT,2011,74.74,
dataflow,ESTAT:HLTH_CO_BEDOC(1.0),A,SOM,PC,PT,2012,75.42,
dataflow,ESTAT:HLTH_CO_BEDOC(1.0),A,SOM,PC,PT,2013,75.48,
dataflow,ESTAT:HLTH_CO_BEDOC(1.0),A,SOM,PC,PT,2014,76.17,
dataflow,ESTAT:HLTH_CO_BEDOC(1.0),A,SOM,PC,PT,2015,77.50,
dataflow,ESTAT:HLTH_CO_BEDOC(1.0),A,SOM,PC,PT,2016,78.48,
dataflow,ESTAT:HLTH_CO_BEDOC(1.0),A,SOM,PC,PT,2017,79.24,
dataflow,ESTAT:HLTH_CO_BEDOC(1.0),A,SOM,PC,PT,2018,78.29,
dataflow,ESTAT:HLTH_CO_BEDOC(1.0),A,SOM,PC,PT,2019,77.58,
dataflow,ESTAT:HLTH_CO_BEDOC(1.0),A,SOM,PC,PT,2020,70.25,
dataflow,ESTAT:HLTH_CO_BEDOC(1.0),A,SOM,PC,PT,2021,73.51,p
dataflow,ESTAT:HLTH_CO_BEDOC(1.0),A,SOM,PC,RS,2014,74.90,d
dataflow,ESTAT:HLTH_CO_BEDOC(1.0),A,SOM,PC,RS,2015,74.40,d
dataflow,ESTAT:HLTH_CO_BEDOC(1.0),A,SOM,PC,RS,2016,78.00,d
dataflow,ESTAT:HLTH_CO_BEDOC(1.0),A,SOM,PC,RS,2017,75.70,d
dataflow,ESTAT:HLTH_CO_BEDOC(1.0),A,SOM,PC,RS,2018,74.90,d
dataflow,ESTAT:HLTH_CO_BEDOC(1.0),A,SOM,PC,RS,2019,73.60,d
dataflow,ESTAT:HLTH_CO_BEDOC(1.0),A,SOM,PC,RS,2020,50.20,d
dataflow,ESTAT:HLTH_CO_BEDOC(1.0),A,SOM,PC,RS,2021,72.50,d
dataflow,ESTAT:HLTH_CO_BEDOC(1.0),A,SOM,PC,SI,2011,73.48,e
dataflow,ESTAT:HLTH_CO_BEDOC(1.0),A,SOM,PC,SI,2012,74.85,e
dataflow,ESTAT:HLTH_CO_BEDOC(1.0),A,SOM,PC,SI,2013,72.38,e
dataflow,ESTAT:HLTH_CO_BEDOC(1.0),A,SOM,PC,SI,2014,73.35,e
dataflow,ESTAT:HLTH_CO_BEDOC(1.0),A,SOM,PC,SI,2015,73.68,e
dataflow,ESTAT:HLTH_CO_BEDOC(1.0),A,SOM,PC,SI,2016,73.16,e
dataflow,ESTAT:HLTH_CO_BEDOC(1.0),A,SOM,PC,SI,2017,72.06,e
dataflow,ESTAT:HLTH_CO_BEDOC(1.0),A,SOM,PC,SI,2018,72.95,e
dataflow,ESTAT:HLTH_CO_BEDOC(1.0),A,SOM,PC,SI,2019,71.11,e
dataflow,ESTAT:HLTH_CO_BEDOC(1.0),A,SOM,PC,SI,2020,62.56,e
dataflow,ESTAT:HLTH_CO_BEDOC(1.0),A,SOM,PC,SI,2021,63.75,e
dataflow,ESTAT:HLTH_CO_BEDOC(1.0),A,SOM,PC,SK,2018,64.60,
dataflow,ESTAT:HLTH_CO_BEDOC(1.0),A,SOM,PC,SK,2019,63.50,
dataflow,ESTAT:HLTH_CO_BEDOC(1.0),A,SOM,PC,SK,2020,54.90,
dataflow,ESTAT:HLTH_CO_BEDOC(1.0),A,SOM,PC,SK,2021,55.90,
dataflow,ESTAT:HLTH_CO_BEDOC(1.0),A,SOM,PC,TR,2002,58.70,
dataflow,ESTAT:HLTH_CO_BEDOC(1.0),A,SOM,PC,TR,2003,59.80,
dataflow,ESTAT:HLTH_CO_BEDOC(1.0),A,SOM,PC,TR,2004,65.50,
dataflow,ESTAT:HLTH_CO_BEDOC(1.0),A,SOM,PC,TR,2005,64.70,
dataflow,ESTAT:HLTH_CO_BEDOC(1.0),A,SOM,PC,TR,2006,67.20,
dataflow,ESTAT:HLTH_CO_BEDOC(1.0),A,SOM,PC,TR,2007,64.40,
dataflow,ESTAT:HLTH_CO_BEDOC(1.0),A,SOM,PC,TR,2008,65.50,
dataflow,ESTAT:HLTH_CO_BEDOC(1.0),A,SOM,PC,TR,2009,64.90,
dataflow,ESTAT:HLTH_CO_BEDOC(1.0),A,SOM,PC,TR,2010,63.30,
dataflow,ESTAT:HLTH_CO_BEDOC(1.0),A,SOM,PC,TR,2011,64.30,b
dataflow,ESTAT:HLTH_CO_BEDOC(1.0),A,SOM,PC,TR,2012,64.10,
dataflow,ESTAT:HLTH_CO_BEDOC(1.0),A,SOM,PC,TR,2013,64.80,
dataflow,ESTAT:HLTH_CO_BEDOC(1.0),A,SOM,PC,TR,2014,67.60,
dataflow,ESTAT:HLTH_CO_BEDOC(1.0),A,SOM,PC,TR,2015,68.50,
dataflow,ESTAT:HLTH_CO_BEDOC(1.0),A,SOM,PC,TR,2016,67.00,
dataflow,ESTAT:HLTH_CO_BEDOC(1.0),A,SOM,PC,TR,2017,67.10,
dataflow,ESTAT:HLTH_CO_BEDOC(1.0),A,SOM,PC,TR,2018,65.80,
dataflow,ESTAT:HLTH_CO_BEDOC(1.0),A,SOM,PC,TR,2019,65.30,
dataflow,ESTAT:HLTH_CO_BEDOC(1.0),A,SOM,PC,TR,2020,52.00,
dataflow,ESTAT:HLTH_CO_BEDOC(1.0),A,SOM,PC,TR,2021,55.20,
dataflow,ESTAT:HLTH_CO_BEDOC(1.0),A,TOTAL,PC,AT,1989,76.78,
dataflow,ESTAT:HLTH_CO_BEDOC(1.0),A,TOTAL,PC,AT,1990,80.67,
dataflow,ESTAT:HLTH_CO_BEDOC(1.0),A,TOTAL,PC,AT,1991,79.99,
dataflow,ESTAT:HLTH_CO_BEDOC(1.0),A,TOTAL,PC,AT,1992,79.28,
dataflow,ESTAT:HLTH_CO_BEDOC(1.0),A,TOTAL,PC,AT,1993,79.40,
dataflow,ESTAT:HLTH_CO_BEDOC(1.0),A,TOTAL,PC,AT,1994,79.37,
dataflow,ESTAT:HLTH_CO_BEDOC(1.0),A,TOTAL,PC,AT,1995,82.11,
dataflow,ESTAT:HLTH_CO_BEDOC(1.0),A,TOTAL,PC,AT,1996,83.31,
dataflow,ESTAT:HLTH_CO_BEDOC(1.0),A,TOTAL,PC,AT,1997,76.31,b
dataflow,ESTAT:HLTH_CO_BEDOC(1.0),A,TOTAL,PC,AT,1998,78.06,
dataflow,ESTAT:HLTH_CO_BEDOC(1.0),A,TOTAL,PC,AT,1999,76.89,
dataflow,ESTAT:HLTH_CO_BEDOC(1.0),A,TOTAL,PC,AT,2000,77.23,
dataflow,ESTAT:HLTH_CO_BEDOC(1.0),A,TOTAL,PC,AT,2001,75.65,
dataflow,ESTAT:HLTH_CO_BEDOC(1.0),A,TOTAL,PC,AT,2002,76.10,
dataflow,ESTAT:HLTH_CO_BEDOC(1.0),A,TOTAL,PC,AT,2003,76.47,
dataflow,ESTAT:HLTH_CO_BEDOC(1.0),A,TOTAL,PC,AT,2004,79.21,
dataflow,ESTAT:HLTH_CO_BEDOC(1.0),A,TOTAL,PC,AT,2005,77.01,
dataflow,ESTAT:HLTH_CO_BEDOC(1.0),A,TOTAL,PC,AT,2006,77.64,
dataflow,ESTAT:HLTH_CO_BEDOC(1.0),A,TOTAL,PC,AT,2007,77.27,
dataflow,ESTAT:HLTH_CO_BEDOC(1.0),A,TOTAL,PC,AT,2008,78.25,
dataflow,ESTAT:HLTH_CO_BEDOC(1.0),A,TOTAL,PC,AT,2009,77.46,
dataflow,ESTAT:HLTH_CO_BEDOC(1.0),A,TOTAL,PC,AT,2010,76.52,
dataflow,ESTAT:HLTH_CO_BEDOC(1.0),A,TOTAL,PC,AT,2011,75.93,
dataflow,ESTAT:HLTH_CO_BEDOC(1.0),A,TOTAL,PC,AT,2012,75.00,
dataflow,ESTAT:HLTH_CO_BEDOC(1.0),A,TOTAL,PC,AT,2013,74.92,
dataflow,ESTAT:HLTH_CO_BEDOC(1.0),A,TOTAL,PC,AT,2014,74.55,
dataflow,ESTAT:HLTH_CO_BEDOC(1.0),A,TOTAL,PC,AT,2015,73.89,
dataflow,ESTAT:HLTH_CO_BEDOC(1.0),A,TOTAL,PC,AT,2016,73.81,
dataflow,ESTAT:HLTH_CO_BEDOC(1.0),A,TOTAL,PC,AT,2017,73.29,
dataflow,ESTAT:HLTH_CO_BEDOC(1.0),A,TOTAL,PC,AT,2018,73.31,
dataflow,ESTAT:HLTH_CO_BEDOC(1.0),A,TOTAL,PC,AT,2019,72.95,
dataflow,ESTAT:HLTH_CO_BEDOC(1.0),A,TOTAL,PC,AT,2020,64.06,
dataflow,ESTAT:HLTH_CO_BEDOC(1.0),A,TOTAL,PC,AT,2021,66.56,
dataflow,ESTAT:HLTH_CO_BEDOC(1.0),A,TOTAL,PC,BE,2000,75.45,
dataflow,ESTAT:HLTH_CO_BEDOC(1.0),A,TOTAL,PC,BE,2001,75.33,
dataflow,ESTAT:HLTH_CO_BEDOC(1.0),A,TOTAL,PC,BE,2002,75.24,
dataflow,ESTAT:HLTH_CO_BEDOC(1.0),A,TOTAL,PC,BE,2003,74.83,
dataflow,ESTAT:HLTH_CO_BEDOC(1.0),A,TOTAL,PC,BE,2004,74.51,
dataflow,ESTAT:HLTH_CO_BEDOC(1.0),A,TOTAL,PC,BE,2005,74.67,
dataflow,ESTAT:HLTH_CO_BEDOC(1.0),A,TOTAL,PC,BE,2006,74.07,
dataflow,ESTAT:HLTH_CO_BEDOC(1.0),A,TOTAL,PC,BE,2007,73.84,
dataflow,ESTAT:HLTH_CO_BEDOC(1.0),A,TOTAL,PC,BE,2008,74.66,
dataflow,ESTAT:HLTH_CO_BEDOC(1.0),A,TOTAL,PC,BE,2009,73.68,
dataflow,ESTAT:HLTH_CO_BEDOC(1.0),A,TOTAL,PC,BE,2010,73.54,
dataflow,ESTAT:HLTH_CO_BEDOC(1.0),A,TOTAL,PC,BE,2011,73.52,
dataflow,ESTAT:HLTH_CO_BEDOC(1.0),A,TOTAL,PC,BE,2012,73.84,
dataflow,ESTAT:HLTH_CO_BEDOC(1.0),A,TOTAL,PC,BE,2013,73.16,
dataflow,ESTAT:HLTH_CO_BEDOC(1.0),A,TOTAL,PC,BE,2014,72.75,
dataflow,ESTAT:HLTH_CO_BEDOC(1.0),A,TOTAL,PC,BE,2015,72.10,
dataflow,ESTAT:HLTH_CO_BEDOC(1.0),A,TOTAL,PC,BE,2016,73.17,
dataflow,ESTAT:HLTH_CO_BEDOC(1.0),A,TOTAL,PC,BE,2017,73.16,
dataflow,ESTAT:HLTH_CO_BEDOC(1.0),A,TOTAL,PC,BE,2018,73.18,
dataflow,ESTAT:HLTH_CO_BEDOC(1.0),A,TOTAL,PC,BE,2019,72.47,
dataflow,ESTAT:HLTH_CO_BEDOC(1.0),A,TOTAL,PC,BE,2020,62.14,
dataflow,ESTAT:HLTH_CO_BEDOC(1.0),A,TOTAL,PC,BE,2021,64.54,
dataflow,ESTAT:HLTH_CO_BEDOC(1.0),A,TOTAL,PC,BG,2019,64.50,
dataflow,ESTAT:HLTH_CO_BEDOC(1.0),A,TOTAL,PC,BG,2020,54.53,
dataflow,ESTAT:HLTH_CO_BEDOC(1.0),A,TOTAL,PC,BG,2021,57.01,
dataflow,ESTAT:HLTH_CO_BEDOC(1.0),A,TOTAL,PC,CH,1980,77.90,
dataflow,ESTAT:HLTH_CO_BEDOC(1.0),A,TOTAL,PC,CH,1981,78.10,
dataflow,ESTAT:HLTH_CO_BEDOC(1.0),A,TOTAL,PC,CH,1982,80.00,
dataflow,ESTAT:HLTH_CO_BEDOC(1.0),A,TOTAL,PC,CH,1983,79.00,
dataflow,ESTAT:HLTH_CO_BEDOC(1.0),A,TOTAL,PC,CH,1984,78.80,
dataflow,ESTAT:HLTH_CO_BEDOC(1.0),A,TOTAL,PC,CH,1985,80.00,
dataflow,ESTAT:HLTH_CO_BEDOC(1.0),A,TOTAL,PC,CH,1986,79.60,
dataflow,ESTAT:HLTH_CO_BEDOC(1.0),A,TOTAL,PC,CH,1987,80.00,
dataflow,ESTAT:HLTH_CO_BEDOC(1.0),A,TOTAL,PC,CH,1988,80.60,
dataflow,ESTAT:HLTH_CO_BEDOC(1.0),A,TOTAL,PC,CH,1989,79.60,
dataflow,ESTAT:HLTH_CO_BEDOC(1.0),A,TOTAL,PC,CH,1990,79.00,
dataflow,ESTAT:HLTH_CO_BEDOC(1.0),A,TOTAL,PC,CH,1991,78.70,
dataflow,ESTAT:HLTH_CO_BEDOC(1.0),A,TOTAL,PC,CH,1992,78.70,
dataflow,ESTAT:HLTH_CO_BEDOC(1.0),A,TOTAL,PC,CH,1993,78.40,
dataflow,ESTAT:HLTH_CO_BEDOC(1.0),A,TOTAL,PC,CH,1994,77.70,
dataflow,ESTAT:HLTH_CO_BEDOC(1.0),A,TOTAL,PC,CH,1997,83.90,
dataflow,ESTAT:HLTH_CO_BEDOC(1.0),A,TOTAL,PC,CH,1998,83.70,
dataflow,ESTAT:HLTH_CO_BEDOC(1.0),A,TOTAL,PC,CH,1999,84.20,
dataflow,ESTAT:HLTH_CO_BEDOC(1.0),A,TOTAL,PC,CH,2000,84.80,
dataflow,ESTAT:HLTH_CO_BEDOC(1.0),A,TOTAL,PC,CH,2001,84.60,
dataflow,ESTAT:HLTH_CO_BEDOC(1.0),A,TOTAL,PC,CH,2002,84.60,
dataflow,ESTAT:HLTH_CO_BEDOC(1.0),A,TOTAL,PC,CH,2003,85.20,
dataflow,ESTAT:HLTH_CO_BEDOC(1.0),A,TOTAL,PC,CH,2004,86.30,
dataflow,ESTAT:HLTH_CO_BEDOC(1.0),A,TOTAL,PC,CH,2005,86.10,
dataflow,ESTAT:HLTH_CO_BEDOC(1.0),A,TOTAL,PC,CH,2006,86.80,
dataflow,ESTAT:HLTH_CO_BEDOC(1.0),A,TOTAL,PC,CH,2007,85.20,
dataflow,ESTAT:HLTH_CO_BEDOC(1.0),A,TOTAL,PC,CH,2008,88.20,
dataflow,ESTAT:HLTH_CO_BEDOC(1.0),A,TOTAL,PC,CH,2009,87.90,
dataflow,ESTAT:HLTH_CO_BEDOC(1.0),A,TOTAL,PC,CH,2010,82.83,b
dataflow,ESTAT:HLTH_CO_BEDOC(1.0),A,TOTAL,PC,CH,2011,84.20,
dataflow,ESTAT:HLTH_CO_BEDOC(1.0),A,TOTAL,PC,CH,2012,81.52,
dataflow,ESTAT:HLTH_CO_BEDOC(1.0),A,TOTAL,PC,CH,2013,82.81,
dataflow,ESTAT:HLTH_CO_BEDOC(1.0),A,TOTAL,PC,CH,2014,83.18,
dataflow,ESTAT:HLTH_CO_BEDOC(1.0),A,TOTAL,PC,CH,2015,83.59,
dataflow,ESTAT:HLTH_CO_BEDOC(1.0),A,TOTAL,PC,CH,2016,83.91,
dataflow,ESTAT:HLTH_CO_BEDOC(1.0),A,TOTAL,PC,CH,2017,82.12,
dataflow,ESTAT:HLTH_CO_BEDOC(1.0),A,TOTAL,PC,CH,2018,81.65,
dataflow,ESTAT:HLTH_CO_BEDOC(1.0),A,TOTAL,PC,CH,2019,81.33,
dataflow,ESTAT:HLTH_CO_BEDOC(1.0),A,TOTAL,PC,CH,2020,78.25,
dataflow,ESTAT:HLTH_CO_BEDOC(1.0),A,TOTAL,PC,CH,2021,80.29,
dataflow,ESTAT:HLTH_CO_BEDOC(1.0),A,TOTAL,PC,CY,1980,73.10,d
dataflow,ESTAT:HLTH_CO_BEDOC(1.0),A,TOTAL,PC,CY,1981,72.10,d
dataflow,ESTAT:HLTH_CO_BEDOC(1.0),A,TOTAL,PC,CY,1982,72.10,d
dataflow,ESTAT:HLTH_CO_BEDOC(1.0),A,TOTAL,PC,CY,1983,71.10,d
dataflow,ESTAT:HLTH_CO_BEDOC(1.0),A,TOTAL,PC,CY,1984,71.20,d
dataflow,ESTAT:HLTH_CO_BEDOC(1.0),A,TOTAL,PC,CY,1985,75.10,d
dataflow,ESTAT:HLTH_CO_BEDOC(1.0),A,TOTAL,PC,CY,1986,77.70,d
dataflow,ESTAT:HLTH_CO_BEDOC(1.0),A,TOTAL,PC,CY,1987,77.00,d
dataflow,ESTAT:HLTH_CO_BEDOC(1.0),A,TOTAL,PC,CY,1988,75.90,d
dataflow,ESTAT:HLTH_CO_BEDOC(1.0),A,TOTAL,PC,CY,1989,71.60,d
dataflow,ESTAT:HLTH_CO_BEDOC(1.0),A,TOTAL,PC,CY,1990,74.40,d
dataflow,ESTAT:HLTH_CO_BEDOC(1.0),A,TOTAL,PC,CY,1991,76.70,d
dataflow,ESTAT:HLTH_CO_BEDOC(1.0),A,TOTAL,PC,CY,1992,78.10,d
dataflow,ESTAT:HLTH_CO_BEDOC(1.0),A,TOTAL,PC,CY,1993,77.90,d
dataflow,ESTAT:HLTH_CO_BEDOC(1.0),A,TOTAL,PC,CY,1994,81.20,d
dataflow,ESTAT:HLTH_CO_BEDOC(1.0),A,TOTAL,PC,CY,1995,80.80,d
dataflow,ESTAT:HLTH_CO_BEDOC(1.0),A,TOTAL,PC,CY,1996,79.70,d
dataflow,ESTAT:HLTH_CO_BEDOC(1.0),A,TOTAL,PC,CY,1997,78.90,d
dataflow,ESTAT:HLTH_CO_BEDOC(1.0),A,TOTAL,PC,CY,1998,79.00,d
dataflow,ESTAT:HLTH_CO_BEDOC(1.0),A,TOTAL,PC,CY,1999,77.60,d
dataflow,ESTAT:HLTH_CO_BEDOC(1.0),A,TOTAL,PC,CY,2000,81.40,d
dataflow,ESTAT:HLTH_CO_BEDOC(1.0),A,TOTAL,PC,CY,2001,80.10,d
dataflow,ESTAT:HLTH_CO_BEDOC(1.0),A,TOTAL,PC,CY,2002,73.50,d
dataflow,ESTAT:HLTH_CO_BEDOC(1.0),A,TOTAL,PC,CY,2003,72.80,d
dataflow,ESTAT:HLTH_CO_BEDOC(1.0),A,TOTAL,PC,CY,2004,79.90,d
dataflow,ESTAT:HLTH_CO_BEDOC(1.0),A,TOTAL,PC,CY,2005,83.70,d
dataflow,ESTAT:HLTH_CO_BEDOC(1.0),A,TOTAL,PC,CY,2006,78.80,d
dataflow,ESTAT:HLTH_CO_BEDOC(1.0),A,TOTAL,PC,CY,2007,76.00,d
dataflow,ESTAT:HLTH_CO_BEDOC(1.0),A,TOTAL,PC,CY,2008,88.20,d
dataflow,ESTAT:HLTH_CO_BEDOC(1.0),A,TOTAL,PC,CY,2009,84.69,d
dataflow,ESTAT:HLTH_CO_BEDOC(1.0),A,TOTAL,PC,CY,2010,84.17,d
dataflow,ESTAT:HLTH_CO_BEDOC(1.0),A,TOTAL,PC,CY,2011,90.90,d
dataflow,ESTAT:HLTH_CO_BEDOC(1.0),A,TOTAL,PC,CY,2012,75.84,bd
dataflow,ESTAT:HLTH_CO_BEDOC(1.0),A,TOTAL,PC,CY,2013,74.38,d
dataflow,ESTAT:HLTH_CO_BEDOC(1.0),A,TOTAL,PC,CY,2014,74.70,d
dataflow,ESTAT:HLTH_CO_BEDOC(1.0),A,TOTAL,PC,CY,2015,72.15,d
dataflow,ESTAT:HLTH_CO_BEDOC(1.0),A,TOTAL,PC,CY,2016,71.76,d
dataflow,ESTAT:HLTH_CO_BEDOC(1.0),A,TOTAL,PC,CY,2017,72.86,bd
dataflow,ESTAT:HLTH_CO_BEDOC(1.0),A,TOTAL,PC,CY,2018,60.65,bd
dataflow,ESTAT:HLTH_CO_BEDOC(1.0),A,TOTAL,PC,CY,2019,61.72,d
dataflow,ESTAT:HLTH_CO_BEDOC(1.0),A,TOTAL,PC,CY,2020,50.50,bd
dataflow,ESTAT:HLTH_CO_BEDOC(1.0),A,TOTAL,PC,CY,2021,51.77,bd
dataflow,ESTAT:HLTH_CO_BEDOC(1.0),A,TOTAL,PC,CZ,1975,78.05,
dataflow,ESTAT:HLTH_CO_BEDOC(1.0),A,TOTAL,PC,CZ,1976,78.71,
dataflow,ESTAT:HLTH_CO_BEDOC(1.0),A,TOTAL,PC,CZ,1977,78.99,
dataflow,ESTAT:HLTH_CO_BEDOC(1.0),A,TOTAL,PC,CZ,1978,80.27,
dataflow,ESTAT:HLTH_CO_BEDOC(1.0),A,TOTAL,PC,CZ,1979,80.96,
dataflow,ESTAT:HLTH_CO_BEDOC(1.0),A,TOTAL,PC,CZ,1980,81.78,
dataflow,ESTAT:HLTH_CO_BEDOC(1.0),A,TOTAL,PC,CZ,1981,82.88,
dataflow,ESTAT:HLTH_CO_BEDOC(1.0),A,TOTAL,PC,CZ,1982,82.58,
dataflow,ESTAT:HLTH_CO_BEDOC(1.0),A,TOTAL,PC,CZ,1983,82.55,
dataflow,ESTAT:HLTH_CO_BEDOC(1.0),A,TOTAL,PC,CZ,1984,81.78,
dataflow,ESTAT:HLTH_CO_BEDOC(1.0),A,TOTAL,PC,CZ,1985,80.82,
dataflow,ESTAT:HLTH_CO_BEDOC(1.0),A,TOTAL,PC,CZ,1986,79.10,
dataflow,ESTAT:HLTH_CO_BEDOC(1.0),A,TOTAL,PC,CZ,1987,77.86,
dataflow,ESTAT:HLTH_CO_BEDOC(1.0),A,TOTAL,PC,CZ,1988,75.95,
dataflow,ESTAT:HLTH_CO_BEDOC(1.0),A,TOTAL,PC,CZ,1989,74.22,
dataflow,ESTAT:HLTH_CO_BEDOC(1.0),A,TOTAL,PC,CZ,1990,69.62,
dataflow,ESTAT:HLTH_CO_BEDOC(1.0),A,TOTAL,PC,CZ,1991,69.04,
dataflow,ESTAT:HLTH_CO_BEDOC(1.0),A,TOTAL,PC,CZ,1992,70.22,
dataflow,ESTAT:HLTH_CO_BEDOC(1.0),A,TOTAL,PC,CZ,1993,71.59,
dataflow,ESTAT:HLTH_CO_BEDOC(1.0),A,TOTAL,PC,CZ,1994,73.01,
dataflow,ESTAT:HLTH_CO_BEDOC(1.0),A,TOTAL,PC,CZ,1995,72.60,
dataflow,ESTAT:HLTH_CO_BEDOC(1.0),A,TOTAL,PC,CZ,2000,73.85,
dataflow,ESTAT:HLTH_CO_BEDOC(1.0),A,TOTAL,PC,CZ,2005,78.40,
dataflow,ESTAT:HLTH_CO_BEDOC(1.0),A,TOTAL,PC,CZ,2007,73.30,b
dataflow,ESTAT:HLTH_CO_BEDOC(1.0),A,TOTAL,PC,CZ,2008,71.03,
dataflow,ESTAT:HLTH_CO_BEDOC(1.0),A,TOTAL,PC,CZ,2009,70.71,
dataflow,ESTAT:HLTH_CO_BEDOC(1.0),A,TOTAL,PC,CZ,2010,70.45,b
dataflow,ESTAT:HLTH_CO_BEDOC(1.0),A,TOTAL,PC,CZ,2011,71.77,
dataflow,ESTAT:HLTH_CO_BEDOC(1.0),A,TOTAL,PC,CZ,2012,71.93,
dataflow,ESTAT:HLTH_CO_BEDOC(1.0),A,TOTAL,PC,CZ,2013,72.02,
dataflow,ESTAT:HLTH_CO_BEDOC(1.0),A,TOTAL,PC,CZ,2014,72.70,
dataflow,ESTAT:HLTH_CO_BEDOC(1.0),A,TOTAL,PC,CZ,2015,70.96,
dataflow,ESTAT:HLTH_CO_BEDOC(1.0),A,TOTAL,PC,CZ,2016,69.84,
dataflow,ESTAT:HLTH_CO_BEDOC(1.0),A,TOTAL,PC,CZ,2017,68.34,
dataflow,ESTAT:HLTH_CO_BEDOC(1.0),A,TOTAL,PC,CZ,2018,67.33,
dataflow,ESTAT:HLTH_CO_BEDOC(1.0),A,TOTAL,PC,CZ,2019,66.75,
dataflow,ESTAT:HLTH_CO_BEDOC(1.0),A,TOTAL,PC,CZ,2020,58.20,
dataflow,ESTAT:HLTH_CO_BEDOC(1.0),A,TOTAL,PC,CZ,2021,59.43,
dataflow,ESTAT:HLTH_CO_BEDOC(1.0),A,TOTAL,PC,DE,1994,83.50,
dataflow,ESTAT:HLTH_CO_BEDOC(1.0),A,TOTAL,PC,DE,1995,83.40,
dataflow,ESTAT:HLTH_CO_BEDOC(1.0),A,TOTAL,PC,DE,1996,85.10,
dataflow,ESTAT:HLTH_CO_BEDOC(1.0),A,TOTAL,PC,DE,1997,81.90,
dataflow,ESTAT:HLTH_CO_BEDOC(1.0),A,TOTAL,PC,DE,1998,82.40,
dataflow,ESTAT:HLTH_CO_BEDOC(1.0),A,TOTAL,PC,DE,1999,82.30,
dataflow,ESTAT:HLTH_CO_BEDOC(1.0),A,TOTAL,PC,DE,2000,81.10,
dataflow,ESTAT:HLTH_CO_BEDOC(1.0),A,TOTAL,PC,DE,2001,80.40,
dataflow,ESTAT:HLTH_CO_BEDOC(1.0),A,TOTAL,PC,DE,2002,80.50,
dataflow,ESTAT:HLTH_CO_BEDOC(1.0),A,TOTAL,PC,DE,2003,78.20,
dataflow,ESTAT:HLTH_CO_BEDOC(1.0),A,TOTAL,PC,DE,2004,76.10,
dataflow,ESTAT:HLTH_CO_BEDOC(1.0),A,TOTAL,PC,DE,2005,76.10,
dataflow,ESTAT:HLTH_CO_BEDOC(1.0),A,TOTAL,PC,DE,2006,77.40,
dataflow,ESTAT:HLTH_CO_BEDOC(1.0),A,TOTAL,PC,DE,2007,78.70,
dataflow,ESTAT:HLTH_CO_BEDOC(1.0),A,TOTAL,PC,DE,2008,79.10,
dataflow,ESTAT:HLTH_CO_BEDOC(1.0),A,TOTAL,PC,DE,2009,79.20,
dataflow,ESTAT:HLTH_CO_BEDOC(1.0),A,TOTAL,PC,DE,2010,79.00,
dataflow,ESTAT:HLTH_CO_BEDOC(1.0),A,TOTAL,PC,DE,2011,79.00,
dataflow,ESTAT:HLTH_CO_BEDOC(1.0),A,TOTAL,PC,DE,2012,79.20,
dataflow,ESTAT:HLTH_CO_BEDOC(1.0),A,TOTAL,PC,DE,2013,79.30,
dataflow,ESTAT:HLTH_CO_BEDOC(1.0),A,TOTAL,PC,DE,2014,79.70,
dataflow,ESTAT:HLTH_CO_BEDOC(1.0),A,TOTAL,PC,DE,2015,79.80,
dataflow,ESTAT:HLTH_CO_BEDOC(1.0),A,TOTAL,PC,DE,2016,80.20,
dataflow,ESTAT:HLTH_CO_BEDOC(1.0),A,TOTAL,PC,DE,2017,79.80,
dataflow,ESTAT:HLTH_CO_BEDOC(1.0),A,TOTAL,PC,DE,2018,79.10,
dataflow,ESTAT:HLTH_CO_BEDOC(1.0),A,TOTAL,PC,DE,2019,78.90,
dataflow,ESTAT:HLTH_CO_BEDOC(1.0),A,TOTAL,PC,DE,2020,69.60,
dataflow,ESTAT:HLTH_CO_BEDOC(1.0),A,TOTAL,PC,DE,2021,69.90,
dataflow,ESTAT:HLTH_CO_BEDOC(1.0),A,TOTAL,PC,DK,1977,77.70,
dataflow,ESTAT:HLTH_CO_BEDOC(1.0),A,TOTAL,PC,DK,1978,79.10,
dataflow,ESTAT:HLTH_CO_BEDOC(1.0),A,TOTAL,PC,DK,1979,76.70,
dataflow,ESTAT:HLTH_CO_BEDOC(1.0),A,TOTAL,PC,DK,1980,75.30,
dataflow,ESTAT:HLTH_CO_BEDOC(1.0),A,TOTAL,PC,DK,1981,74.80,
dataflow,ESTAT:HLTH_CO_BEDOC(1.0),A,TOTAL,PC,DK,1982,76.50,
dataflow,ESTAT:HLTH_CO_BEDOC(1.0),A,TOTAL,PC,DK,1983,76.30,
dataflow,ESTAT:HLTH_CO_BEDOC(1.0),A,TOTAL,PC,DK,1984,78.20,
dataflow,ESTAT:HLTH_CO_BEDOC(1.0),A,TOTAL,PC,DK,1985,78.90,
dataflow,ESTAT:HLTH_CO_BEDOC(1.0),A,TOTAL,PC,DK,1986,78.50,
dataflow,ESTAT:HLTH_CO_BEDOC(1.0),A,TOTAL,PC,DK,1987,78.40,
dataflow,ESTAT:HLTH_CO_BEDOC(1.0),A,TOTAL,PC,DK,1988,78.20,
dataflow,ESTAT:HLTH_CO_BEDOC(1.0),A,TOTAL,PC,DK,1989,77.50,
dataflow,ESTAT:HLTH_CO_BEDOC(1.0),A,TOTAL,PC,DK,1990,78.50,
dataflow,ESTAT:HLTH_CO_BEDOC(1.0),A,TOTAL,PC,DK,1991,79.90,
dataflow,ESTAT:HLTH_CO_BEDOC(1.0),A,TOTAL,PC,DK,1992,82.10,
dataflow,ESTAT:HLTH_CO_BEDOC(1.0),A,TOTAL,PC,DK,1993,82.20,
dataflow,ESTAT:HLTH_CO_BEDOC(1.0),A,TOTAL,PC,DK,1994,81.10,
dataflow,ESTAT:HLTH_CO_BEDOC(1.0),A,TOTAL,PC,DK,1995,78.60,
dataflow,ESTAT:HLTH_CO_BEDOC(1.0),A,TOTAL,PC,DK,1996,82.00,
dataflow,ESTAT:HLTH_CO_BEDOC(1.0),A,TOTAL,PC,DK,1997,82.00,
dataflow,ESTAT:HLTH_CO_BEDOC(1.0),A,TOTAL,PC,DK,1998,83.00,
dataflow,ESTAT:HLTH_CO_BEDOC(1.0),A,TOTAL,PC,DK,1999,84.00,
dataflow,ESTAT:HLTH_CO_BEDOC(1.0),A,TOTAL,PC,DK,2000,85.00,
dataflow,ESTAT:HLTH_CO_BEDOC(1.0),A,TOTAL,PC,DK,2001,84.00,
dataflow,ESTAT:HLTH_CO_BEDOC(1.0),A,TOTAL,PC,EE,1985,84.30,
dataflow,ESTAT:HLTH_CO_BEDOC(1.0),A,TOTAL,PC,EE,1986,82.90,
dataflow,ESTAT:HLTH_CO_BEDOC(1.0),A,TOTAL,PC,EE,1987,83.50,
dataflow,ESTAT:HLTH_CO_BEDOC(1.0),A,TOTAL,PC,EE,1988,81.50,
dataflow,ESTAT:HLTH_CO_BEDOC(1.0),A,TOTAL,PC,EE,1989,77.40,
dataflow,ESTAT:HLTH_CO_BEDOC(1.0),A,TOTAL,PC,EE,1990,74.20,
dataflow,ESTAT:HLTH_CO_BEDOC(1.0),A,TOTAL,PC,EE,1991,72.90,
dataflow,ESTAT:HLTH_CO_BEDOC(1.0),A,TOTAL,PC,EE,1992,74.20,
dataflow,ESTAT:HLTH_CO_BEDOC(1.0),A,TOTAL,PC,EE,1993,80.50,
dataflow,ESTAT:HLTH_CO_BEDOC(1.0),A,TOTAL,PC,EE,1994,76.60,
dataflow,ESTAT:HLTH_CO_BEDOC(1.0),A,TOTAL,PC,EE,1995,74.90,
dataflow,ESTAT:HLTH_CO_BEDOC(1.0),A,TOTAL,PC,EE,1996,71.90,
dataflow,ESTAT:HLTH_CO_BEDOC(1.0),A,TOTAL,PC,EE,1997,71.60,
dataflow,ESTAT:HLTH_CO_BEDOC(1.0),A,TOTAL,PC,EE,1998,74.60,
dataflow,ESTAT:HLTH_CO_BEDOC(1.0),A,TOTAL,PC,EE,1999,69.30,
dataflow,ESTAT:HLTH_CO_BEDOC(1.0),A,TOTAL,PC,EE,2000,66.10,
dataflow,ESTAT:HLTH_CO_BEDOC(1.0),A,TOTAL,PC,EE,2001,62.30,
dataflow,ESTAT:HLTH_CO_BEDOC(1.0),A,TOTAL,PC,EE,2002,64.60,
dataflow,ESTAT:HLTH_CO_BEDOC(1.0),A,TOTAL,PC,EE,2003,66.50,
dataflow,ESTAT:HLTH_CO_BEDOC(1.0),A,TOTAL,PC,EE,2004,68.50,
dataflow,ESTAT:HLTH_CO_BEDOC(1.0),A,TOTAL,PC,EE,2005,69.30,
dataflow,ESTAT:HLTH_CO_BEDOC(1.0),A,TOTAL,PC,EE,2006,71.40,
dataflow,ESTAT:HLTH_CO_BEDOC(1.0),A,TOTAL,PC,EE,2007,71.90,
dataflow,ESTAT:HLTH_CO_BEDOC(1.0),A,TOTAL,PC,EE,2008,70.10,
dataflow,ESTAT:HLTH_CO_BEDOC(1.0),A,TOTAL,PC,EE,2009,68.20,
dataflow,ESTAT:HLTH_CO_BEDOC(1.0),A,TOTAL,PC,EE,2010,70.80,
dataflow,ESTAT:HLTH_CO_BEDOC(1.0),A,TOTAL,PC,EE,2011,71.00,
dataflow,ESTAT:HLTH_CO_BEDOC(1.0),A,TOTAL,PC,EE,2012,69.10,
dataflow,ESTAT:HLTH_CO_BEDOC(1.0),A,TOTAL,PC,EE,2013,71.70,b
dataflow,ESTAT:HLTH_CO_BEDOC(1.0),A,TOTAL,PC,EE,2014,71.80,
dataflow,ESTAT:HLTH_CO_BEDOC(1.0),A,TOTAL,PC,EE,2015,71.60,
dataflow,ESTAT:HLTH_CO_BEDOC(1.0),A,TOTAL,PC,EE,2016,72.30,
dataflow,ESTAT:HLTH_CO_BEDOC(1.0),A,TOTAL,PC,EE,2017,71.80,
dataflow,ESTAT:HLTH_CO_BEDOC(1.0),A,TOTAL,PC,EE,2018,73.70,
dataflow,ESTAT:HLTH_CO_BEDOC(1.0),A,TOTAL,PC,EE,2019,73.80,
dataflow,ESTAT:HLTH_CO_BEDOC(1.0),A,TOTAL,PC,EE,2020,65.60,
dataflow,ESTAT:HLTH_CO_BEDOC(1.0),A,TOTAL,PC,EE,2021,66.00,
dataflow,ESTAT:HLTH_CO_BEDOC(1.0),A,TOTAL,PC,EL,1977,66.50,d
dataflow,ESTAT:HLTH_CO_BEDOC(1.0),A,TOTAL,PC,EL,1978,67.50,d
dataflow,ESTAT:HLTH_CO_BEDOC(1.0),A,TOTAL,PC,EL,1979,66.00,d
dataflow,ESTAT:HLTH_CO_BEDOC(1.0),A,TOTAL,PC,EL,1980,66.00,d
dataflow,ESTAT:HLTH_CO_BEDOC(1.0),A,TOTAL,PC,EL,1981,67.40,d
dataflow,ESTAT:HLTH_CO_BEDOC(1.0),A,TOTAL,PC,EL,1982,68.60,d
dataflow,ESTAT:HLTH_CO_BEDOC(1.0),A,TOTAL,PC,EL,1983,67.20,d
dataflow,ESTAT:HLTH_CO_BEDOC(1.0),A,TOTAL,PC,EL,1984,68.70,d
dataflow,ESTAT:HLTH_CO_BEDOC(1.0),A,TOTAL,PC,EL,1985,66.00,d
dataflow,ESTAT:HLTH_CO_BEDOC(1.0),A,TOTAL,PC,EL,1986,66.00,d
dataflow,ESTAT:HLTH_CO_BEDOC(1.0),A,TOTAL,PC,EL,1987,66.70,d
dataflow,ESTAT:HLTH_CO_BEDOC(1.0),A,TOTAL,PC,EL,1988,65.40,d
dataflow,ESTAT:HLTH_CO_BEDOC(1.0),A,TOTAL,PC,EL,1989,64.50,d
dataflow,ESTAT:HLTH_CO_BEDOC(1.0),A,TOTAL,PC,EL,1990,63.20,d
dataflow,ESTAT:HLTH_CO_BEDOC(1.0),A,TOTAL,PC,EL,1991,64.10,d
dataflow,ESTAT:HLTH_CO_BEDOC(1.0),A,TOTAL,PC,EL,1992,66.30,d
dataflow,ESTAT:HLTH_CO_BEDOC(1.0),A,TOTAL,PC,EL,1993,66.30,d
dataflow,ESTAT:HLTH_CO_BEDOC(1.0),A,TOTAL,PC,EL,1994,67.40,d
dataflow,ESTAT:HLTH_CO_BEDOC(1.0),A,TOTAL,PC,EL,1995,66.40,d
dataflow,ESTAT:HLTH_CO_BEDOC(1.0),A,TOTAL,PC,EL,1996,67.00,d
dataflow,ESTAT:HLTH_CO_BEDOC(1.0),A,TOTAL,PC,EL,1997,70.00,d
dataflow,ESTAT:HLTH_CO_BEDOC(1.0),A,TOTAL,PC,EL,1998,70.00,d
dataflow,ESTAT:HLTH_CO_BEDOC(1.0),A,TOTAL,PC,EL,1999,70.00,d
dataflow,ESTAT:HLTH_CO_BEDOC(1.0),A,TOTAL,PC,EL,2000,70.20,d
dataflow,ESTAT:HLTH_CO_BEDOC(1.0),A,TOTAL,PC,EL,2001,71.50,d
dataflow,ESTAT:HLTH_CO_BEDOC(1.0),A,TOTAL,PC,EL,2002,76.30,d
dataflow,ESTAT:HLTH_CO_BEDOC(1.0),A,TOTAL,PC,EL,2003,74.40,d
dataflow,ESTAT:HLTH_CO_BEDOC(1.0),A,TOTAL,PC,EL,2004,75.00,d
dataflow,ESTAT:HLTH_CO_BEDOC(1.0),A,TOTAL,PC,EL,2005,73.40,d
dataflow,ESTAT:HLTH_CO_BEDOC(1.0),A,TOTAL,PC,EL,2006,75.40,d
dataflow,ESTAT:HLTH_CO_BEDOC(1.0),A,TOTAL,PC,EL,2007,72.50,d
dataflow,ESTAT:HLTH_CO_BEDOC(1.0),A,TOTAL,PC,EL,2008,73.40,d
dataflow,ESTAT:HLTH_CO_BEDOC(1.0),A,TOTAL,PC,EL,2009,72.50,d
dataflow,ESTAT:HLTH_CO_BEDOC(1.0),A,TOTAL,PC,EL,2010,70.60,d
dataflow,ESTAT:HLTH_CO_BEDOC(1.0),A,TOTAL,PC,EL,2011,72.30,d
dataflow,ESTAT:HLTH_CO_BEDOC(1.0),A,TOTAL,PC,EL,2012,73.60,d
dataflow,ESTAT:HLTH_CO_BEDOC(1.0),A,TOTAL,PC,EL,2013,61.60,b
dataflow,ESTAT:HLTH_CO_BEDOC(1.0),A,TOTAL,PC,EL,2014,58.20,
dataflow,ESTAT:HLTH_CO_BEDOC(1.0),A,TOTAL,PC,EL,2015,54.10,
dataflow,ESTAT:HLTH_CO_BEDOC(1.0),A,TOTAL,PC,ES,1984,71.30,
dataflow,ESTAT:HLTH_CO_BEDOC(1.0),A,TOTAL,PC,ES,1985,72.20,
dataflow,ESTAT:HLTH_CO_BEDOC(1.0),A,TOTAL,PC,ES,1986,70.40,
dataflow,ESTAT:HLTH_CO_BEDOC(1.0),A,TOTAL,PC,ES,1987,73.40,
dataflow,ESTAT:HLTH_CO_BEDOC(1.0),A,TOTAL,PC,ES,1988,74.50,
dataflow,ESTAT:HLTH_CO_BEDOC(1.0),A,TOTAL,PC,ES,1989,74.20,
dataflow,ESTAT:HLTH_CO_BEDOC(1.0),A,TOTAL,PC,ES,1990,73.50,
dataflow,ESTAT:HLTH_CO_BEDOC(1.0),A,TOTAL,PC,ES,1991,74.20,
dataflow,ESTAT:HLTH_CO_BEDOC(1.0),A,TOTAL,PC,ES,1992,73.90,
dataflow,ESTAT:HLTH_CO_BEDOC(1.0),A,TOTAL,PC,ES,1993,74.70,
dataflow,ESTAT:HLTH_CO_BEDOC(1.0),A,TOTAL,PC,ES,1994,73.90,
dataflow,ESTAT:HLTH_CO_BEDOC(1.0),A,TOTAL,PC,ES,1995,76.40,
dataflow,ESTAT:HLTH_CO_BEDOC(1.0),A,TOTAL,PC,ES,1996,77.30,
dataflow,ESTAT:HLTH_CO_BEDOC(1.0),A,TOTAL,PC,ES,1997,76.20,
dataflow,ESTAT:HLTH_CO_BEDOC(1.0),A,TOTAL,PC,ES,1998,76.10,
dataflow,ESTAT:HLTH_CO_BEDOC(1.0),A,TOTAL,PC,ES,1999,76.10,
dataflow,ESTAT:HLTH_CO_BEDOC(1.0),A,TOTAL,PC,ES,2000,77.10,
dataflow,ESTAT:HLTH_CO_BEDOC(1.0),A,TOTAL,PC,ES,2001,77.20,
dataflow,ESTAT:HLTH_CO_BEDOC(1.0),A,TOTAL,PC,ES,2002,78.20,
dataflow,ESTAT:HLTH_CO_BEDOC(1.0),A,TOTAL,PC,ES,2003,79.20,
dataflow,ESTAT:HLTH_CO_BEDOC(1.0),A,TOTAL,PC,ES,2004,78.80,
dataflow,ESTAT:HLTH_CO_BEDOC(1.0),A,TOTAL,PC,ES,2005,79.10,
dataflow,ESTAT:HLTH_CO_BEDOC(1.0),A,TOTAL,PC,ES,2006,78.20,
dataflow,ESTAT:HLTH_CO_BEDOC(1.0),A,TOTAL,PC,ES,2007,78.20,
dataflow,ESTAT:HLTH_CO_BEDOC(1.0),A,TOTAL,PC,ES,2008,77.70,
dataflow,ESTAT:HLTH_CO_BEDOC(1.0),A,TOTAL,PC,ES,2009,77.60,
dataflow,ESTAT:HLTH_CO_BEDOC(1.0),A,TOTAL,PC,ES,2010,75.38,
dataflow,ESTAT:HLTH_CO_BEDOC(1.0),A,TOTAL,PC,ES,2011,74.48,
dataflow,ESTAT:HLTH_CO_BEDOC(1.0),A,TOTAL,PC,ES,2012,75.85,
dataflow,ESTAT:HLTH_CO_BEDOC(1.0),A,TOTAL,PC,ES,2013,75.49,
dataflow,ESTAT:HLTH_CO_BEDOC(1.0),A,TOTAL,PC,ES,2014,75.33,
dataflow,ESTAT:HLTH_CO_BEDOC(1.0),A,TOTAL,PC,ES,2015,75.76,
dataflow,ESTAT:HLTH_CO_BEDOC(1.0),A,TOTAL,PC,ES,2016,76.51,
dataflow,ESTAT:HLTH_CO_BEDOC(1.0),A,TOTAL,PC,ES,2017,75.55,
dataflow,ESTAT:HLTH_CO_BEDOC(1.0),A,TOTAL,PC,ES,2018,75.98,
dataflow,ESTAT:HLTH_CO_BEDOC(1.0),A,TOTAL,PC,ES,2019,75.91,
dataflow,ESTAT:HLTH_CO_BEDOC(1.0),A,TOTAL,PC,ES,2020,67.56,
dataflow,ESTAT:HLTH_CO_BEDOC(1.0),A,TOTAL,PC,ES,2021,70.90,p
dataflow,ESTAT:HLTH_CO_BEDOC(1.0),A,TOTAL,PC,FI,1985,76.20,
dataflow,ESTAT:HLTH_CO_BEDOC(1.0),A,TOTAL,PC,FI,1986,74.60,
dataflow,ESTAT:HLTH_CO_BEDOC(1.0),A,TOTAL,PC,FI,1987,73.10,
dataflow,ESTAT:HLTH_CO_BEDOC(1.0),A,TOTAL,PC,FI,1988,77.30,
dataflow,ESTAT:HLTH_CO_BEDOC(1.0),A,TOTAL,PC,FI,1989,76.70,
dataflow,ESTAT:HLTH_CO_BEDOC(1.0),A,TOTAL,PC,FI,1990,74.20,
dataflow,ESTAT:HLTH_CO_BEDOC(1.0),A,TOTAL,PC,FI,1991,72.10,
dataflow,ESTAT:HLTH_CO_BEDOC(1.0),A,TOTAL,PC,FI,1992,68.40,
dataflow,ESTAT:HLTH_CO_BEDOC(1.0),A,TOTAL,PC,FI,1993,70.10,
dataflow,ESTAT:HLTH_CO_BEDOC(1.0),A,TOTAL,PC,FI,1994,67.40,
dataflow,ESTAT:HLTH_CO_BEDOC(1.0),A,TOTAL,PC,FI,1995,74.00,
dataflow,ESTAT:HLTH_CO_BEDOC(1.0),A,TOTAL,PC,FR,1974,80.10,d
dataflow,ESTAT:HLTH_CO_BEDOC(1.0),A,TOTAL,PC,FR,1975,79.80,d
dataflow,ESTAT:HLTH_CO_BEDOC(1.0),A,TOTAL,PC,FR,1976,79.00,d
dataflow,ESTAT:HLTH_CO_BEDOC(1.0),A,TOTAL,PC,FR,1977,78.90,d
dataflow,ESTAT:HLTH_CO_BEDOC(1.0),A,TOTAL,PC,FR,1978,79.70,d
dataflow,ESTAT:HLTH_CO_BEDOC(1.0),A,TOTAL,PC,FR,1979,78.90,d
dataflow,ESTAT:HLTH_CO_BEDOC(1.0),A,TOTAL,PC,FR,1980,79.00,d
dataflow,ESTAT:HLTH_CO_BEDOC(1.0),A,TOTAL,PC,FR,1981,79.60,d
dataflow,ESTAT:HLTH_CO_BEDOC(1.0),A,TOTAL,PC,FR,1982,79.40,d
dataflow,ESTAT:HLTH_CO_BEDOC(1.0),A,TOTAL,PC,FR,1983,77.60,d
dataflow,ESTAT:HLTH_CO_BEDOC(1.0),A,TOTAL,PC,FR,1984,78.30,d
dataflow,ESTAT:HLTH_CO_BEDOC(1.0),A,TOTAL,PC,FR,1985,79.10,d
dataflow,ESTAT:HLTH_CO_BEDOC(1.0),A,TOTAL,PC,FR,1986,78.80,d
dataflow,ESTAT:HLTH_CO_BEDOC(1.0),A,TOTAL,PC,FR,1987,77.50,d
dataflow,ESTAT:HLTH_CO_BEDOC(1.0),A,TOTAL,PC,FR,1988,77.80,d
dataflow,ESTAT:HLTH_CO_BEDOC(1.0),A,TOTAL,PC,FR,1989,77.70,d
dataflow,ESTAT:HLTH_CO_BEDOC(1.0),A,TOTAL,PC,FR,1990,77.30,d
dataflow,ESTAT:HLTH_CO_BEDOC(1.0),A,TOTAL,PC,FR,1991,77.20,d
dataflow,ESTAT:HLTH_CO_BEDOC(1.0),A,TOTAL,PC,FR,1992,76.60,d
dataflow,ESTAT:HLTH_CO_BEDOC(1.0),A,TOTAL,PC,FR,1993,76.00,d
dataflow,ESTAT:HLTH_CO_BEDOC(1.0),A,TOTAL,PC,FR,1994,75.70,d
dataflow,ESTAT:HLTH_CO_BEDOC(1.0),A,TOTAL,PC,FR,1995,76.00,d
dataflow,ESTAT:HLTH_CO_BEDOC(1.0),A,TOTAL,PC,FR,1996,75.90,d
dataflow,ESTAT:HLTH_CO_BEDOC(1.0),A,TOTAL,PC,FR,1997,76.40,d
dataflow,ESTAT:HLTH_CO_BEDOC(1.0),A,TOTAL,PC,FR,1998,76.10,d
dataflow,ESTAT:HLTH_CO_BEDOC(1.0),A,TOTAL,PC,FR,1999,74.00,d
dataflow,ESTAT:HLTH_CO_BEDOC(1.0),A,TOTAL,PC,FR,2000,75.00,d
dataflow,ESTAT:HLTH_CO_BEDOC(1.0),A,TOTAL,PC,FR,2001,75.40,d
dataflow,ESTAT:HLTH_CO_BEDOC(1.0),A,TOTAL,PC,FR,2002,74.90,d
dataflow,ESTAT:HLTH_CO_BEDOC(1.0),A,TOTAL,PC,FR,2003,74.90,bd
dataflow,ESTAT:HLTH_CO_BEDOC(1.0),A,TOTAL,PC,FR,2004,74.80,d
dataflow,ESTAT:HLTH_CO_BEDOC(1.0),A,TOTAL,PC,FR,2005,73.50,d
dataflow,ESTAT:HLTH_CO_BEDOC(1.0),A,TOTAL,PC,FR,2006,73.70,d
dataflow,ESTAT:HLTH_CO_BEDOC(1.0),A,TOTAL,PC,FR,2007,73.90,d
dataflow,ESTAT:HLTH_CO_BEDOC(1.0),A,TOTAL,PC,FR,2008,74.20,d
dataflow,ESTAT:HLTH_CO_BEDOC(1.0),A,TOTAL,PC,FR,2009,74.40,d
dataflow,ESTAT:HLTH_CO_BEDOC(1.0),A,TOTAL,PC,FR,2010,75.00,d
dataflow,ESTAT:HLTH_CO_BEDOC(1.0),A,TOTAL,PC,FR,2011,75.00,d
dataflow,ESTAT:HLTH_CO_BEDOC(1.0),A,TOTAL,PC,FR,2012,75.00,d
dataflow,ESTAT:HLTH_CO_BEDOC(1.0),A,TOTAL,PC,FR,2013,74.73,d
dataflow,ESTAT:HLTH_CO_BEDOC(1.0),A,TOTAL,PC,FR,2014,75.03,d
dataflow,ESTAT:HLTH_CO_BEDOC(1.0),A,TOTAL,PC,FR,2015,75.26,d
dataflow,ESTAT:HLTH_CO_BEDOC(1.0),A,TOTAL,PC,FR,2016,75.60,d
dataflow,ESTAT:HLTH_CO_BEDOC(1.0),A,TOTAL,PC,FR,2017,75.71,d
dataflow,ESTAT:HLTH_CO_BEDOC(1.0),A,TOTAL,PC,FR,2018,75.74,d
dataflow,ESTAT:HLTH_CO_BEDOC(1.0),A,TOTAL,PC,FR,2019,75.93,d
dataflow,ESTAT:HLTH_CO_BEDOC(1.0),A,TOTAL,PC,FR,2020,69.88,d
dataflow,ESTAT:HLTH_CO_BEDOC(1.0),A,TOTAL,PC,FR,2021,71.89,d
dataflow,ESTAT:HLTH_CO_BEDOC(1.0),A,TOTAL,PC,HR,1980,89.99,
dataflow,ESTAT:HLTH_CO_BEDOC(1.0),A,TOTAL,PC,HR,1981,90.93,
dataflow,ESTAT:HLTH_CO_BEDOC(1.0),A,TOTAL,PC,HR,1982,90.25,
dataflow,ESTAT:HLTH_CO_BEDOC(1.0),A,TOTAL,PC,HR,1983,90.79,
dataflow,ESTAT:HLTH_CO_BEDOC(1.0),A,TOTAL,PC,HR,1984,90.26,
dataflow,ESTAT:HLTH_CO_BEDOC(1.0),A,TOTAL,PC,HR,1985,89.59,
dataflow,ESTAT:HLTH_CO_BEDOC(1.0),A,TOTAL,PC,HR,1986,89.88,
dataflow,ESTAT:HLTH_CO_BEDOC(1.0),A,TOTAL,PC,HR,1987,89.13,
dataflow,ESTAT:HLTH_CO_BEDOC(1.0),A,TOTAL,PC,HR,1988,87.47,
dataflow,ESTAT:HLTH_CO_BEDOC(1.0),A,TOTAL,PC,HR,1989,86.53,
dataflow,ESTAT:HLTH_CO_BEDOC(1.0),A,TOTAL,PC,HR,1990,88.90,
dataflow,ESTAT:HLTH_CO_BEDOC(1.0),A,TOTAL,PC,HR,1991,79.42,
dataflow,ESTAT:HLTH_CO_BEDOC(1.0),A,TOTAL,PC,HR,1992,79.30,
dataflow,ESTAT:HLTH_CO_BEDOC(1.0),A,TOTAL,PC,HR,1993,76.88,
dataflow,ESTAT:HLTH_CO_BEDOC(1.0),A,TOTAL,PC,HR,1994,82.33,
dataflow,ESTAT:HLTH_CO_BEDOC(1.0),A,TOTAL,PC,HR,1995,87.40,
dataflow,ESTAT:HLTH_CO_BEDOC(1.0),A,TOTAL,PC,HR,1996,89.59,
dataflow,ESTAT:HLTH_CO_BEDOC(1.0),A,TOTAL,PC,HR,1997,89.32,
dataflow,ESTAT:HLTH_CO_BEDOC(1.0),A,TOTAL,PC,HR,1998,88.22,
dataflow,ESTAT:HLTH_CO_BEDOC(1.0),A,TOTAL,PC,HR,1999,87.12,
dataflow,ESTAT:HLTH_CO_BEDOC(1.0),A,TOTAL,PC,HR,2000,86.30,
dataflow,ESTAT:HLTH_CO_BEDOC(1.0),A,TOTAL,PC,HR,2001,85.50,
dataflow,ESTAT:HLTH_CO_BEDOC(1.0),A,TOTAL,PC,HR,2002,89.60,
dataflow,ESTAT:HLTH_CO_BEDOC(1.0),A,TOTAL,PC,HR,2003,90.68,
dataflow,ESTAT:HLTH_CO_BEDOC(1.0),A,TOTAL,PC,HR,2004,89.90,
dataflow,ESTAT:HLTH_CO_BEDOC(1.0),A,TOTAL,PC,HR,2005,88.10,
dataflow,ESTAT:HLTH_CO_BEDOC(1.0),A,TOTAL,PC,HR,2006,86.55,
dataflow,ESTAT:HLTH_CO_BEDOC(1.0),A,TOTAL,PC,HR,2007,85.63,
dataflow,ESTAT:HLTH_CO_BEDOC(1.0),A,TOTAL,PC,HR,2008,84.88,
dataflow,ESTAT:HLTH_CO_BEDOC(1.0),A,TOTAL,PC,HR,2009,76.64,b
dataflow,ESTAT:HLTH_CO_BEDOC(1.0),A,TOTAL,PC,HR,2010,75.15,
dataflow,ESTAT:HLTH_CO_BEDOC(1.0),A,TOTAL,PC,HR,2011,76.64,
dataflow,ESTAT:HLTH_CO_BEDOC(1.0),A,TOTAL,PC,HR,2012,77.32,
dataflow,ESTAT:HLTH_CO_BEDOC(1.0),A,TOTAL,PC,HR,2013,73.73,
dataflow,ESTAT:HLTH_CO_BEDOC(1.0),A,TOTAL,PC,HR,2014,71.69,
dataflow,ESTAT:HLTH_CO_BEDOC(1.0),A,TOTAL,PC,HR,2015,76.32,
dataflow,ESTAT:HLTH_CO_BEDOC(1.0),A,TOTAL,PC,HR,2016,77.89,
dataflow,ESTAT:HLTH_CO_BEDOC(1.0),A,TOTAL,PC,HR,2017,76.00,
dataflow,ESTAT:HLTH_CO_BEDOC(1.0),A,TOTAL,PC,HR,2018,74.75,
dataflow,ESTAT:HLTH_CO_BEDOC(1.0),A,TOTAL,PC,HR,2019,73.24,
dataflow,ESTAT:HLTH_CO_BEDOC(1.0),A,TOTAL,PC,HR,2020,58.35,
dataflow,ESTAT:HLTH_CO_BEDOC(1.0),A,TOTAL,PC,HR,2021,64.41,
dataflow,ESTAT:HLTH_CO_BEDOC(1.0),A,TOTAL,PC,HU,1960,89.80,
dataflow,ESTAT:HLTH_CO_BEDOC(1.0),A,TOTAL,PC,HU,1961,90.70,
dataflow,ESTAT:HLTH_CO_BEDOC(1.0),A,TOTAL,PC,HU,1962,90.00,
dataflow,ESTAT:HLTH_CO_BEDOC(1.0),A,TOTAL,PC,HU,1963,90.40,
dataflow,ESTAT:HLTH_CO_BEDOC(1.0),A,TOTAL,PC,HU,1964,90.70,
dataflow,ESTAT:HLTH_CO_BEDOC(1.0),A,TOTAL,PC,HU,1965,90.00,
dataflow,ESTAT:HLTH_CO_BEDOC(1.0),A,TOTAL,PC,HU,1967,90.70,
dataflow,ESTAT:HLTH_CO_BEDOC(1.0),A,TOTAL,PC,HU,1968,89.80,
dataflow,ESTAT:HLTH_CO_BEDOC(1.0),A,TOTAL,PC,HU,1969,89.00,
dataflow,ESTAT:HLTH_CO_BEDOC(1.0),A,TOTAL,PC,HU,1970,89.00,
dataflow,ESTAT:HLTH_CO_BEDOC(1.0),A,TOTAL,PC,HU,1971,88.40,
dataflow,ESTAT:HLTH_CO_BEDOC(1.0),A,TOTAL,PC,HU,1972,89.10,
dataflow,ESTAT:HLTH_CO_BEDOC(1.0),A,TOTAL,PC,HU,1973,88.00,
dataflow,ESTAT:HLTH_CO_BEDOC(1.0),A,TOTAL,PC,HU,1974,88.40,
dataflow,ESTAT:HLTH_CO_BEDOC(1.0),A,TOTAL,PC,HU,1975,87.50,
dataflow,ESTAT:HLTH_CO_BEDOC(1.0),A,TOTAL,PC,HU,1976,87.00,
dataflow,ESTAT:HLTH_CO_BEDOC(1.0),A,TOTAL,PC,HU,1977,86.00,
dataflow,ESTAT:HLTH_CO_BEDOC(1.0),A,TOTAL,PC,HU,1978,85.50,
dataflow,ESTAT:HLTH_CO_BEDOC(1.0),A,TOTAL,PC,HU,1979,83.90,
dataflow,ESTAT:HLTH_CO_BEDOC(1.0),A,TOTAL,PC,HU,1980,83.30,
dataflow,ESTAT:HLTH_CO_BEDOC(1.0),A,TOTAL,PC,HU,1981,82.40,
dataflow,ESTAT:HLTH_CO_BEDOC(1.0),A,TOTAL,PC,HU,1982,81.30,
dataflow,ESTAT:HLTH_CO_BEDOC(1.0),A,TOTAL,PC,HU,1983,80.80,
dataflow,ESTAT:HLTH_CO_BEDOC(1.0),A,TOTAL,PC,HU,1984,81.10,
dataflow,ESTAT:HLTH_CO_BEDOC(1.0),A,TOTAL,PC,HU,1985,80.60,
dataflow,ESTAT:HLTH_CO_BEDOC(1.0),A,TOTAL,PC,HU,1986,79.10,
dataflow,ESTAT:HLTH_CO_BEDOC(1.0),A,TOTAL,PC,HU,1987,77.60,
dataflow,ESTAT:HLTH_CO_BEDOC(1.0),A,TOTAL,PC,HU,1988,77.50,
dataflow,ESTAT:HLTH_CO_BEDOC(1.0),A,TOTAL,PC,HU,1989,76.40,
dataflow,ESTAT:HLTH_CO_BEDOC(1.0),A,TOTAL,PC,HU,1990,74.90,
dataflow,ESTAT:HLTH_CO_BEDOC(1.0),A,TOTAL,PC,HU,1991,74.00,
dataflow,ESTAT:HLTH_CO_BEDOC(1.0),A,TOTAL,PC,HU,1992,73.60,
dataflow,ESTAT:HLTH_CO_BEDOC(1.0),A,TOTAL,PC,HU,1993,67.60,
dataflow,ESTAT:HLTH_CO_BEDOC(1.0),A,TOTAL,PC,HU,1994,72.98,
dataflow,ESTAT:HLTH_CO_BEDOC(1.0),A,TOTAL,PC,HU,1995,72.63,
dataflow,ESTAT:HLTH_CO_BEDOC(1.0),A,TOTAL,PC,HU,1996,75.30,
dataflow,ESTAT:HLTH_CO_BEDOC(1.0),A,TOTAL,PC,HU,1997,78.79,
dataflow,ESTAT:HLTH_CO_BEDOC(1.0),A,TOTAL,PC,HU,1998,76.78,
dataflow,ESTAT:HLTH_CO_BEDOC(1.0),A,TOTAL,PC,HU,1999,74.36,
dataflow,ESTAT:HLTH_CO_BEDOC(1.0),A,TOTAL,PC,HU,2000,73.19,
dataflow,ESTAT:HLTH_CO_BEDOC(1.0),A,TOTAL,PC,HU,2001,76.91,
dataflow,ESTAT:HLTH_CO_BEDOC(1.0),A,TOTAL,PC,HU,2002,77.81,
dataflow,ESTAT:HLTH_CO_BEDOC(1.0),A,TOTAL,PC,HU,2003,77.15,
dataflow,ESTAT:HLTH_CO_BEDOC(1.0),A,TOTAL,PC,HU,2004,76.56,b
dataflow,ESTAT:HLTH_CO_BEDOC(1.0),A,TOTAL,PC,HU,2005,75.68,
dataflow,ESTAT:HLTH_CO_BEDOC(1.0),A,TOTAL,PC,HU,2006,70.32,
dataflow,ESTAT:HLTH_CO_BEDOC(1.0),A,TOTAL,PC,HU,2007,69.15,
dataflow,ESTAT:HLTH_CO_BEDOC(1.0),A,TOTAL,PC,HU,2008,75.29,
dataflow,ESTAT:HLTH_CO_BEDOC(1.0),A,TOTAL,PC,HU,2009,74.26,
dataflow,ESTAT:HLTH_CO_BEDOC(1.0),A,TOTAL,PC,HU,2010,71.63,
dataflow,ESTAT:HLTH_CO_BEDOC(1.0),A,TOTAL,PC,HU,2011,71.11,
dataflow,ESTAT:HLTH_CO_BEDOC(1.0),A,TOTAL,PC,HU,2012,69.20,
dataflow,ESTAT:HLTH_CO_BEDOC(1.0),A,TOTAL,PC,HU,2013,70.35,
dataflow,ESTAT:HLTH_CO_BEDOC(1.0),A,TOTAL,PC,HU,2014,70.81,
dataflow,ESTAT:HLTH_CO_BEDOC(1.0),A,TOTAL,PC,HU,2015,69.25,
dataflow,ESTAT:HLTH_CO_BEDOC(1.0),A,TOTAL,PC,HU,2016,68.51,
dataflow,ESTAT:HLTH_CO_BEDOC(1.0),A,TOTAL,PC,HU,2017,65.52,
dataflow,ESTAT:HLTH_CO_BEDOC(1.0),A,TOTAL,PC,HU,2018,64.96,
dataflow,ESTAT:HLTH_CO_BEDOC(1.0),A,TOTAL,PC,HU,2019,63.81,
dataflow,ESTAT:HLTH_CO_BEDOC(1.0),A,TOTAL,PC,HU,2020,51.64,
dataflow,ESTAT:HLTH_CO_BEDOC(1.0),A,TOTAL,PC,HU,2021,51.45,
dataflow,ESTAT:HLTH_CO_BEDOC(1.0),A,TOTAL,PC,IE,1980,82.20,
dataflow,ESTAT:HLTH_CO_BEDOC(1.0),A,TOTAL,PC,IE,1981,82.30,
dataflow,ESTAT:HLTH_CO_BEDOC(1.0),A,TOTAL,PC,IE,1982,82.40,
dataflow,ESTAT:HLTH_CO_BEDOC(1.0),A,TOTAL,PC,IE,1983,78.00,
dataflow,ESTAT:HLTH_CO_BEDOC(1.0),A,TOTAL,PC,IE,1984,77.00,
dataflow,ESTAT:HLTH_CO_BEDOC(1.0),A,TOTAL,PC,IE,1985,75.90,
dataflow,ESTAT:HLTH_CO_BEDOC(1.0),A,TOTAL,PC,IE,1986,75.70,
dataflow,ESTAT:HLTH_CO_BEDOC(1.0),A,TOTAL,PC,IE,1987,77.60,
dataflow,ESTAT:HLTH_CO_BEDOC(1.0),A,TOTAL,PC,IE,1988,81.50,
dataflow,ESTAT:HLTH_CO_BEDOC(1.0),A,TOTAL,PC,IE,1989,83.60,
dataflow,ESTAT:HLTH_CO_BEDOC(1.0),A,TOTAL,PC,IE,1990,84.50,
dataflow,ESTAT:HLTH_CO_BEDOC(1.0),A,TOTAL,PC,IE,1991,82.80,
dataflow,ESTAT:HLTH_CO_BEDOC(1.0),A,TOTAL,PC,IE,1992,83.30,
dataflow,ESTAT:HLTH_CO_BEDOC(1.0),A,TOTAL,PC,IE,1993,83.70,
dataflow,ESTAT:HLTH_CO_BEDOC(1.0),A,TOTAL,PC,IE,1994,83.00,
dataflow,ESTAT:HLTH_CO_BEDOC(1.0),A,TOTAL,PC,IE,1995,82.50,
dataflow,ESTAT:HLTH_CO_BEDOC(1.0),A,TOTAL,PC,IE,1996,82.30,
dataflow,ESTAT:HLTH_CO_BEDOC(1.0),A,TOTAL,PC,IE,1997,84.50,b
dataflow,ESTAT:HLTH_CO_BEDOC(1.0),A,TOTAL,PC,IE,1998,85.50,
dataflow,ESTAT:HLTH_CO_BEDOC(1.0),A,TOTAL,PC,IE,1999,84.30,
dataflow,ESTAT:HLTH_CO_BEDOC(1.0),A,TOTAL,PC,IE,2000,84.50,
dataflow,ESTAT:HLTH_CO_BEDOC(1.0),A,TOTAL,PC,IE,2001,86.20,
dataflow,ESTAT:HLTH_CO_BEDOC(1.0),A,TOTAL,PC,IE,2002,84.60,
dataflow,ESTAT:HLTH_CO_BEDOC(1.0),A,TOTAL,PC,IE,2003,85.20,
dataflow,ESTAT:HLTH_CO_BEDOC(1.0),A,TOTAL,PC,IE,2004,85.40,
dataflow,ESTAT:HLTH_CO_BEDOC(1.0),A,TOTAL,PC,IE,2005,85.50,
dataflow,ESTAT:HLTH_CO_BEDOC(1.0),A,TOTAL,PC,IE,2006,86.70,
dataflow,ESTAT:HLTH_CO_BEDOC(1.0),A,TOTAL,PC,IE,2007,87.10,
dataflow,ESTAT:HLTH_CO_BEDOC(1.0),A,TOTAL,PC,IE,2008,88.80,
dataflow,ESTAT:HLTH_CO_BEDOC(1.0),A,TOTAL,PC,IE,2009,89.20,
dataflow,ESTAT:HLTH_CO_BEDOC(1.0),A,TOTAL,PC,IE,2010,91.40,
dataflow,ESTAT:HLTH_CO_BEDOC(1.0),A,TOTAL,PC,IE,2011,91.90,
dataflow,ESTAT:HLTH_CO_BEDOC(1.0),A,TOTAL,PC,IE,2012,92.60,
dataflow,ESTAT:HLTH_CO_BEDOC(1.0),A,TOTAL,PC,IE,2013,93.80,
dataflow,ESTAT:HLTH_CO_BEDOC(1.0),A,TOTAL,PC,IE,2014,93.30,
dataflow,ESTAT:HLTH_CO_BEDOC(1.0),A,TOTAL,PC,IE,2015,89.90,b
dataflow,ESTAT:HLTH_CO_BEDOC(1.0),A,TOTAL,PC,IE,2016,89.60,
dataflow,ESTAT:HLTH_CO_BEDOC(1.0),A,TOTAL,PC,IE,2017,89.80,
dataflow,ESTAT:HLTH_CO_BEDOC(1.0),A,TOTAL,PC,IE,2018,90.70,
dataflow,ESTAT:HLTH_CO_BEDOC(1.0),A,TOTAL,PC,IE,2019,89.90,
dataflow,ESTAT:HLTH_CO_BEDOC(1.0),A,TOTAL,PC,IE,2020,76.90,b
dataflow,ESTAT:HLTH_CO_BEDOC(1.0),A,TOTAL,PC,IE,2021,82.80,
dataflow,ESTAT:HLTH_CO_BEDOC(1.0),A,TOTAL,PC,IT,1999,76.00,
dataflow,ESTAT:HLTH_CO_BEDOC(1.0),A,TOTAL,PC,IT,2000,75.50,
dataflow,ESTAT:HLTH_CO_BEDOC(1.0),A,TOTAL,PC,IT,2001,76.00,
dataflow,ESTAT:HLTH_CO_BEDOC(1.0),A,TOTAL,PC,IT,2002,76.90,
dataflow,ESTAT:HLTH_CO_BEDOC(1.0),A,TOTAL,PC,IT,2003,76.10,
dataflow,ESTAT:HLTH_CO_BEDOC(1.0),A,TOTAL,PC,IT,2004,76.40,
dataflow,ESTAT:HLTH_CO_BEDOC(1.0),A,TOTAL,PC,IT,2005,77.30,
dataflow,ESTAT:HLTH_CO_BEDOC(1.0),A,TOTAL,PC,IT,2006,78.00,
dataflow,ESTAT:HLTH_CO_BEDOC(1.0),A,TOTAL,PC,IT,2007,78.30,
dataflow,ESTAT:HLTH_CO_BEDOC(1.0),A,TOTAL,PC,IT,2008,78.80,
dataflow,ESTAT:HLTH_CO_BEDOC(1.0),A,TOTAL,PC,IT,2009,79.40,
dataflow,ESTAT:HLTH_CO_BEDOC(1.0),A,TOTAL,PC,IT,2010,78.70,
dataflow,ESTAT:HLTH_CO_BEDOC(1.0),A,TOTAL,PC,IT,2011,78.50,
dataflow,ESTAT:HLTH_CO_BEDOC(1.0),A,TOTAL,PC,IT,2012,77.50,
dataflow,ESTAT:HLTH_CO_BEDOC(1.0),A,TOTAL,PC,IT,2013,77.30,
dataflow,ESTAT:HLTH_CO_BEDOC(1.0),A,TOTAL,PC,IT,2014,77.60,
dataflow,ESTAT:HLTH_CO_BEDOC(1.0),A,TOTAL,PC,IT,2015,78.90,
dataflow,ESTAT:HLTH_CO_BEDOC(1.0),A,TOTAL,PC,IT,2016,77.50,
dataflow,ESTAT:HLTH_CO_BEDOC(1.0),A,TOTAL,PC,IT,2017,78.90,
dataflow,ESTAT:HLTH_CO_BEDOC(1.0),A,TOTAL,PC,IT,2018,78.70,
dataflow,ESTAT:HLTH_CO_BEDOC(1.0),A,TOTAL,PC,IT,2019,78.10,
dataflow,ESTAT:HLTH_CO_BEDOC(1.0),A,TOTAL,PC,IT,2020,67.70,
dataflow,ESTAT:HLTH_CO_BEDOC(1.0),A,TOTAL,PC,IT,2021,71.30,
dataflow,ESTAT:HLTH_CO_BEDOC(1.0),A,TOTAL,PC,LI,2000,84.83,
dataflow,ESTAT:HLTH_CO_BEDOC(1.0),A,TOTAL,PC,LI,2001,91.23,
dataflow,ESTAT:HLTH_CO_BEDOC(1.0),A,TOTAL,PC,LI,2002,93.16,
dataflow,ESTAT:HLTH_CO_BEDOC(1.0),A,TOTAL,PC,LI,2003,88.94,
dataflow,ESTAT:HLTH_CO_BEDOC(1.0),A,TOTAL,PC,LI,2004,86.37,
dataflow,ESTAT:HLTH_CO_BEDOC(1.0),A,TOTAL,PC,LI,2005,92.45,
dataflow,ESTAT:HLTH_CO_BEDOC(1.0),A,TOTAL,PC,LI,2006,89.86,
dataflow,ESTAT:HLTH_CO_BEDOC(1.0),A,TOTAL,PC,LI,2007,90.43,
dataflow,ESTAT:HLTH_CO_BEDOC(1.0),A,TOTAL,PC,LI,2008,82.96,
dataflow,ESTAT:HLTH_CO_BEDOC(1.0),A,TOTAL,PC,LI,2009,84.01,
dataflow,ESTAT:HLTH_CO_BEDOC(1.0),A,TOTAL,PC,LI,2010,74.65,
dataflow,ESTAT:HLTH_CO_BEDOC(1.0),A,TOTAL,PC,LI,2011,68.77,
dataflow,ESTAT:HLTH_CO_BEDOC(1.0),A,TOTAL,PC,LI,2012,69.64,
dataflow,ESTAT:HLTH_CO_BEDOC(1.0),A,TOTAL,PC,LI,2013,77.48,
dataflow,ESTAT:HLTH_CO_BEDOC(1.0),A,TOTAL,PC,LI,2014,65.47,
dataflow,ESTAT:HLTH_CO_BEDOC(1.0),A,TOTAL,PC,LI,2015,65.42,
dataflow,ESTAT:HLTH_CO_BEDOC(1.0),A,TOTAL,PC,LI,2016,61.46,
dataflow,ESTAT:HLTH_CO_BEDOC(1.0),A,TOTAL,PC,LI,2017,50.32,
dataflow,ESTAT:HLTH_CO_BEDOC(1.0),A,TOTAL,PC,LI,2018,58.27,
dataflow,ESTAT:HLTH_CO_BEDOC(1.0),A,TOTAL,PC,LI,2019,79.22,
dataflow,ESTAT:HLTH_CO_BEDOC(1.0),A,TOTAL,PC,LI,2020,64.76,
dataflow,ESTAT:HLTH_CO_BEDOC(1.0),A,TOTAL,PC,LI,2021,61.81,
dataflow,ESTAT:HLTH_CO_BEDOC(1.0),A,TOTAL,PC,LT,1993,76.49,
dataflow,ESTAT:HLTH_CO_BEDOC(1.0),A,TOTAL,PC,LT,1994,78.72,
dataflow,ESTAT:HLTH_CO_BEDOC(1.0),A,TOTAL,PC,LT,1995,76.55,
dataflow,ESTAT:HLTH_CO_BEDOC(1.0),A,TOTAL,PC,LT,1996,75.70,
dataflow,ESTAT:HLTH_CO_BEDOC(1.0),A,TOTAL,PC,LT,1997,78.73,
dataflow,ESTAT:HLTH_CO_BEDOC(1.0),A,TOTAL,PC,LT,1998,79.18,
dataflow,ESTAT:HLTH_CO_BEDOC(1.0),A,TOTAL,PC,LT,1999,80.12,
dataflow,ESTAT:HLTH_CO_BEDOC(1.0),A,TOTAL,PC,LT,2000,76.79,
dataflow,ESTAT:HLTH_CO_BEDOC(1.0),A,TOTAL,PC,LT,2001,75.54,b
dataflow,ESTAT:HLTH_CO_BEDOC(1.0),A,TOTAL,PC,LT,2002,74.49,
dataflow,ESTAT:HLTH_CO_BEDOC(1.0),A,TOTAL,PC,LT,2003,73.37,
dataflow,ESTAT:HLTH_CO_BEDOC(1.0),A,TOTAL,PC,LT,2004,75.90,
dataflow,ESTAT:HLTH_CO_BEDOC(1.0),A,TOTAL,PC,LT,2005,78.51,
dataflow,ESTAT:HLTH_CO_BEDOC(1.0),A,TOTAL,PC,LT,2006,76.35,
dataflow,ESTAT:HLTH_CO_BEDOC(1.0),A,TOTAL,PC,LT,2007,74.56,
dataflow,ESTAT:HLTH_CO_BEDOC(1.0),A,TOTAL,PC,LT,2008,73.82,
dataflow,ESTAT:HLTH_CO_BEDOC(1.0),A,TOTAL,PC,LT,2009,72.12,
dataflow,ESTAT:HLTH_CO_BEDOC(1.0),A,TOTAL,PC,LT,2010,71.65,
dataflow,ESTAT:HLTH_CO_BEDOC(1.0),A,TOTAL,PC,LT,2011,71.14,
dataflow,ESTAT:HLTH_CO_BEDOC(1.0),A,TOTAL,PC,LT,2012,68.86,
dataflow,ESTAT:HLTH_CO_BEDOC(1.0),A,TOTAL,PC,LT,2013,68.53,
dataflow,ESTAT:HLTH_CO_BEDOC(1.0),A,TOTAL,PC,LT,2014,68.12,
dataflow,ESTAT:HLTH_CO_BEDOC(1.0),A,TOTAL,PC,LT,2015,69.47,
dataflow,ESTAT:HLTH_CO_BEDOC(1.0),A,TOTAL,PC,LT,2016,71.54,
dataflow,ESTAT:HLTH_CO_BEDOC(1.0),A,TOTAL,PC,LT,2017,72.04,
dataflow,ESTAT:HLTH_CO_BEDOC(1.0),A,TOTAL,PC,LT,2018,72.99,
dataflow,ESTAT:HLTH_CO_BEDOC(1.0),A,TOTAL,PC,LT,2019,72.82,
dataflow,ESTAT:HLTH_CO_BEDOC(1.0),A,TOTAL,PC,LT,2020,56.80,
dataflow,ESTAT:HLTH_CO_BEDOC(1.0),A,TOTAL,PC,LT,2021,56.05,
dataflow,ESTAT:HLTH_CO_BEDOC(1.0),A,TOTAL,PC,LU,2004,65.30,
dataflow,ESTAT:HLTH_CO_BEDOC(1.0),A,TOTAL,PC,LU,2005,70.10,
dataflow,ESTAT:HLTH_CO_BEDOC(1.0),A,TOTAL,PC,LU,2006,71.30,
dataflow,ESTAT:HLTH_CO_BEDOC(1.0),A,TOTAL,PC,LU,2007,72.30,
dataflow,ESTAT:HLTH_CO_BEDOC(1.0),A,TOTAL,PC,LU,2008,72.70,
dataflow,ESTAT:HLTH_CO_BEDOC(1.0),A,TOTAL,PC,LU,2009,73.70,
dataflow,ESTAT:HLTH_CO_BEDOC(1.0),A,TOTAL,PC,LU,2010,70.59,
dataflow,ESTAT:HLTH_CO_BEDOC(1.0),A,TOTAL,PC,LU,2011,70.87,
dataflow,ESTAT:HLTH_CO_BEDOC(1.0),A,TOTAL,PC,LU,2012,71.69,
dataflow,ESTAT:HLTH_CO_BEDOC(1.0),A,TOTAL,PC,LU,2013,70.06,
dataflow,ESTAT:HLTH_CO_BEDOC(1.0),A,TOTAL,PC,LU,2014,69.34,
dataflow,ESTAT:HLTH_CO_BEDOC(1.0),A,TOTAL,PC,LU,2015,69.80,
dataflow,ESTAT:HLTH_CO_BEDOC(1.0),A,TOTAL,PC,LU,2016,71.27,
dataflow,ESTAT:HLTH_CO_BEDOC(1.0),A,TOTAL,PC,LU,2017,70.71,
dataflow,ESTAT:HLTH_CO_BEDOC(1.0),A,TOTAL,PC,LU,2018,71.32,
dataflow,ESTAT:HLTH_CO_BEDOC(1.0),A,TOTAL,PC,LU,2019,78.22,b
dataflow,ESTAT:HLTH_CO_BEDOC(1.0),A,TOTAL,PC,LU,2020,67.48,
dataflow,ESTAT:HLTH_CO_BEDOC(1.0),A,TOTAL,PC,LU,2021,69.76,p
dataflow,ESTAT:HLTH_CO_BEDOC(1.0),A,TOTAL,PC,LV,2000,76.12,
dataflow,ESTAT:HLTH_CO_BEDOC(1.0),A,TOTAL,PC,LV,2001,75.17,
dataflow,ESTAT:HLTH_CO_BEDOC(1.0),A,TOTAL,PC,LV,2002,74.13,
dataflow,ESTAT:HLTH_CO_BEDOC(1.0),A,TOTAL,PC,LV,2003,74.45,
dataflow,ESTAT:HLTH_CO_BEDOC(1.0),A,TOTAL,PC,LV,2004,74.57,
dataflow,ESTAT:HLTH_CO_BEDOC(1.0),A,TOTAL,PC,LV,2005,74.22,
dataflow,ESTAT:HLTH_CO_BEDOC(1.0),A,TOTAL,PC,LV,2006,76.21,
dataflow,ESTAT:HLTH_CO_BEDOC(1.0),A,TOTAL,PC,LV,2007,76.11,
dataflow,ESTAT:HLTH_CO_BEDOC(1.0),A,TOTAL,PC,LV,2008,75.48,
dataflow,ESTAT:HLTH_CO_BEDOC(1.0),A,TOTAL,PC,LV,2009,64.01,
dataflow,ESTAT:HLTH_CO_BEDOC(1.0),A,TOTAL,PC,LV,2010,71.09,
dataflow,ESTAT:HLTH_CO_BEDOC(1.0),A,TOTAL,PC,LV,2011,70.41,
dataflow,ESTAT:HLTH_CO_BEDOC(1.0),A,TOTAL,PC,LV,2012,68.05,
dataflow,ESTAT:HLTH_CO_BEDOC(1.0),A,TOTAL,PC,LV,2013,68.04,
dataflow,ESTAT:HLTH_CO_BEDOC(1.0),A,TOTAL,PC,LV,2014,69.69,
dataflow,ESTAT:HLTH_CO_BEDOC(1.0),A,TOTAL,PC,LV,2015,70.67,
dataflow,ESTAT:HLTH_CO_BEDOC(1.0),A,TOTAL,PC,LV,2016,70.70,
dataflow,ESTAT:HLTH_CO_BEDOC(1.0),A,TOTAL,PC,LV,2017,71.13,
dataflow,ESTAT:HLTH_CO_BEDOC(1.0),A,TOTAL,PC,LV,2018,73.08,
dataflow,ESTAT:HLTH_CO_BEDOC(1.0),A,TOTAL,PC,LV,2019,73.22,
dataflow,ESTAT:HLTH_CO_BEDOC(1.0),A,TOTAL,PC,LV,2020,65.11,
dataflow,ESTAT:HLTH_CO_BEDOC(1.0),A,TOTAL,PC,LV,2021,64.77,
dataflow,ESTAT:HLTH_CO_BEDOC(1.0),A,TOTAL,PC,ME,2018,71.90,
dataflow,ESTAT:HLTH_CO_BEDOC(1.0),A,TOTAL,PC,ME,2019,69.05,
dataflow,ESTAT:HLTH_CO_BEDOC(1.0),A,TOTAL,PC,ME,2020,50.04,
dataflow,ESTAT:HLTH_CO_BEDOC(1.0),A,TOTAL,PC,MT,1997,72.20,d
dataflow,ESTAT:HLTH_CO_BEDOC(1.0),A,TOTAL,PC,MT,1998,77.95,d
dataflow,ESTAT:HLTH_CO_BEDOC(1.0),A,TOTAL,PC,MT,1999,79.31,d
dataflow,ESTAT:HLTH_CO_BEDOC(1.0),A,TOTAL,PC,MT,2000,75.50,d
dataflow,ESTAT:HLTH_CO_BEDOC(1.0),A,TOTAL,PC,MT,2001,79.72,d
dataflow,ESTAT:HLTH_CO_BEDOC(1.0),A,TOTAL,PC,MT,2002,82.99,d
dataflow,ESTAT:HLTH_CO_BEDOC(1.0),A,TOTAL,PC,MT,2003,83.36,d
dataflow,ESTAT:HLTH_CO_BEDOC(1.0),A,TOTAL,PC,MT,2004,85.37,d
dataflow,ESTAT:HLTH_CO_BEDOC(1.0),A,TOTAL,PC,MT,2005,87.53,d
dataflow,ESTAT:HLTH_CO_BEDOC(1.0),A,TOTAL,PC,MT,2006,89.60,d
dataflow,ESTAT:HLTH_CO_BEDOC(1.0),A,TOTAL,PC,MT,2007,80.40,d
dataflow,ESTAT:HLTH_CO_BEDOC(1.0),A,TOTAL,PC,MT,2008,78.00,d
dataflow,ESTAT:HLTH_CO_BEDOC(1.0),A,TOTAL,PC,MT,2009,82.33,bd
dataflow,ESTAT:HLTH_CO_BEDOC(1.0),A,TOTAL,PC,MT,2010,81.50,bd
dataflow,ESTAT:HLTH_CO_BEDOC(1.0),A,TOTAL,PC,MT,2011,83.20,bde
dataflow,ESTAT:HLTH_CO_BEDOC(1.0),A,TOTAL,PC,MT,2012,83.20,de
dataflow,ESTAT:HLTH_CO_BEDOC(1.0),A,TOTAL,PC,MT,2013,80.66,de
dataflow,ESTAT:HLTH_CO_BEDOC(1.0),A,TOTAL,PC,MT,2014,81.79,de
dataflow,ESTAT:HLTH_CO_BEDOC(1.0),A,TOTAL,PC,MT,2015,81.73,de
dataflow,ESTAT:HLTH_CO_BEDOC(1.0),A,TOTAL,PC,MT,2016,81.37,de
dataflow,ESTAT:HLTH_CO_BEDOC(1.0),A,TOTAL,PC,MT,2017,81.16,de
dataflow,ESTAT:HLTH_CO_BEDOC(1.0),A,TOTAL,PC,MT,2018,83.93,de
dataflow,ESTAT:HLTH_CO_BEDOC(1.0),A,TOTAL,PC,MT,2019,84.14,de
dataflow,ESTAT:HLTH_CO_BEDOC(1.0),A,TOTAL,PC,MT,2020,73.42,bde
dataflow,ESTAT:HLTH_CO_BEDOC(1.0),A,TOTAL,PC,NL,1970,89.80,d
dataflow,ESTAT:HLTH_CO_BEDOC(1.0),A,TOTAL,PC,NL,1971,89.90,d
dataflow,ESTAT:HLTH_CO_BEDOC(1.0),A,TOTAL,PC,NL,1972,88.20,d
dataflow,ESTAT:HLTH_CO_BEDOC(1.0),A,TOTAL,PC,NL,1973,86.20,d
dataflow,ESTAT:HLTH_CO_BEDOC(1.0),A,TOTAL,PC,NL,1974,85.70,d
dataflow,ESTAT:HLTH_CO_BEDOC(1.0),A,TOTAL,PC,NL,1975,85.10,d
dataflow,ESTAT:HLTH_CO_BEDOC(1.0),A,TOTAL,PC,NL,1976,84.50,d
dataflow,ESTAT:HLTH_CO_BEDOC(1.0),A,TOTAL,PC,NL,1977,84.40,d
dataflow,ESTAT:HLTH_CO_BEDOC(1.0),A,TOTAL,PC,NL,1978,84.60,d
dataflow,ESTAT:HLTH_CO_BEDOC(1.0),A,TOTAL,PC,NL,1979,83.70,d
dataflow,ESTAT:HLTH_CO_BEDOC(1.0),A,TOTAL,PC,NL,1980,83.50,d
dataflow,ESTAT:HLTH_CO_BEDOC(1.0),A,TOTAL,PC,NL,1981,82.40,d
dataflow,ESTAT:HLTH_CO_BEDOC(1.0),A,TOTAL,PC,NL,1982,85.10,d
dataflow,ESTAT:HLTH_CO_BEDOC(1.0),A,TOTAL,PC,NL,1983,82.90,d
dataflow,ESTAT:HLTH_CO_BEDOC(1.0),A,TOTAL,PC,NL,1984,80.30,d
dataflow,ESTAT:HLTH_CO_BEDOC(1.0),A,TOTAL,PC,NL,1985,79.10,d
dataflow,ESTAT:HLTH_CO_BEDOC(1.0),A,TOTAL,PC,NL,1986,77.30,d
dataflow,ESTAT:HLTH_CO_BEDOC(1.0),A,TOTAL,PC,NL,1987,75.00,d
dataflow,ESTAT:HLTH_CO_BEDOC(1.0),A,TOTAL,PC,NL,1988,74.20,d
dataflow,ESTAT:HLTH_CO_BEDOC(1.0),A,TOTAL,PC,NL,1989,74.30,d
dataflow,ESTAT:HLTH_CO_BEDOC(1.0),A,TOTAL,PC,NL,1990,73.30,d
dataflow,ESTAT:HLTH_CO_BEDOC(1.0),A,TOTAL,PC,NL,1991,73.00,d
dataflow,ESTAT:HLTH_CO_BEDOC(1.0),A,TOTAL,PC,NL,1992,72.00,d
dataflow,ESTAT:HLTH_CO_BEDOC(1.0),A,TOTAL,PC,NL,1993,72.00,d
dataflow,ESTAT:HLTH_CO_BEDOC(1.0),A,TOTAL,PC,NL,1994,73.70,d
dataflow,ESTAT:HLTH_CO_BEDOC(1.0),A,TOTAL,PC,NL,1995,73.30,d
dataflow,ESTAT:HLTH_CO_BEDOC(1.0),A,TOTAL,PC,NL,1996,73.00,d
dataflow,ESTAT:HLTH_CO_BEDOC(1.0),A,TOTAL,PC,NL,1997,71.40,d
dataflow,ESTAT:HLTH_CO_BEDOC(1.0),A,TOTAL,PC,NL,1998,70.10,d
dataflow,ESTAT:HLTH_CO_BEDOC(1.0),A,TOTAL,PC,NL,1999,66.70,d
dataflow,ESTAT:HLTH_CO_BEDOC(1.0),A,TOTAL,PC,NL,2000,65.70,d
dataflow,ESTAT:HLTH_CO_BEDOC(1.0),A,TOTAL,PC,NL,2001,66.00,d
dataflow,ESTAT:HLTH_CO_BEDOC(1.0),A,TOTAL,PC,NL,2002,69.10,d
dataflow,ESTAT:HLTH_CO_BEDOC(1.0),A,TOTAL,PC,NL,2003,68.20,d
dataflow,ESTAT:HLTH_CO_BEDOC(1.0),A,TOTAL,PC,NL,2004,67.20,d
dataflow,ESTAT:HLTH_CO_BEDOC(1.0),A,TOTAL,PC,NL,2005,67.40,d
dataflow,ESTAT:HLTH_CO_BEDOC(1.0),A,TOTAL,PC,NL,2006,67.40,d
dataflow,ESTAT:HLTH_CO_BEDOC(1.0),A,TOTAL,PC,NL,2007,55.90,bd
dataflow,ESTAT:HLTH_CO_BEDOC(1.0),A,TOTAL,PC,NL,2008,54.50,d
dataflow,ESTAT:HLTH_CO_BEDOC(1.0),A,TOTAL,PC,NL,2009,52.70,d
dataflow,ESTAT:HLTH_CO_BEDOC(1.0),A,TOTAL,PC,NL,2010,52.80,d
dataflow,ESTAT:HLTH_CO_BEDOC(1.0),A,TOTAL,PC,NL,2015,65.00,bd
dataflow,ESTAT:HLTH_CO_BEDOC(1.0),A,TOTAL,PC,NL,2016,66.30,d
dataflow,ESTAT:HLTH_CO_BEDOC(1.0),A,TOTAL,PC,NL,2017,65.40,d
dataflow,ESTAT:HLTH_CO_BEDOC(1.0),A,TOTAL,PC,NL,2018,63.80,d
dataflow,ESTAT:HLTH_CO_BEDOC(1.0),A,TOTAL,PC,NL,2019,63.70,d
dataflow,ESTAT:HLTH_CO_BEDOC(1.0),A,TOTAL,PC,NL,2020,59.60,d
dataflow,ESTAT:HLTH_CO_BEDOC(1.0),A,TOTAL,PC,NL,2021,61.20,d
dataflow,ESTAT:HLTH_CO_BEDOC(1.0),A,TOTAL,PC,NO,1980,79.30,
dataflow,ESTAT:HLTH_CO_BEDOC(1.0),A,TOTAL,PC,NO,1981,77.30,
dataflow,ESTAT:HLTH_CO_BEDOC(1.0),A,TOTAL,PC,NO,1982,77.90,
dataflow,ESTAT:HLTH_CO_BEDOC(1.0),A,TOTAL,PC,NO,1983,79.90,
dataflow,ESTAT:HLTH_CO_BEDOC(1.0),A,TOTAL,PC,NO,1984,81.40,
dataflow,ESTAT:HLTH_CO_BEDOC(1.0),A,TOTAL,PC,NO,1985,82.00,
dataflow,ESTAT:HLTH_CO_BEDOC(1.0),A,TOTAL,PC,NO,1986,79.00,
dataflow,ESTAT:HLTH_CO_BEDOC(1.0),A,TOTAL,PC,NO,1987,77.00,
dataflow,ESTAT:HLTH_CO_BEDOC(1.0),A,TOTAL,PC,NO,1988,77.40,
dataflow,ESTAT:HLTH_CO_BEDOC(1.0),A,TOTAL,PC,NO,1989,75.40,
dataflow,ESTAT:HLTH_CO_BEDOC(1.0),A,TOTAL,PC,NO,1990,77.00,
dataflow,ESTAT:HLTH_CO_BEDOC(1.0),A,TOTAL,PC,NO,1991,77.80,
dataflow,ESTAT:HLTH_CO_BEDOC(1.0),A,TOTAL,PC,NO,1992,78.00,
dataflow,ESTAT:HLTH_CO_BEDOC(1.0),A,TOTAL,PC,NO,1993,79.90,
dataflow,ESTAT:HLTH_CO_BEDOC(1.0),A,TOTAL,PC,NO,1994,80.50,
dataflow,ESTAT:HLTH_CO_BEDOC(1.0),A,TOTAL,PC,NO,1995,79.40,
dataflow,ESTAT:HLTH_CO_BEDOC(1.0),A,TOTAL,PC,NO,1996,81.10,
dataflow,ESTAT:HLTH_CO_BEDOC(1.0),A,TOTAL,PC,NO,1999,85.40,
dataflow,ESTAT:HLTH_CO_BEDOC(1.0),A,TOTAL,PC,NO,2000,85.20,
dataflow,ESTAT:HLTH_CO_BEDOC(1.0),A,TOTAL,PC,NO,2001,87.20,
dataflow,ESTAT:HLTH_CO_BEDOC(1.0),A,TOTAL,PC,NO,2002,83.22,b
dataflow,ESTAT:HLTH_CO_BEDOC(1.0),A,TOTAL,PC,NO,2003,82.82,
dataflow,ESTAT:HLTH_CO_BEDOC(1.0),A,TOTAL,PC,NO,2004,81.18,b
dataflow,ESTAT:HLTH_CO_BEDOC(1.0),A,TOTAL,PC,NO,2005,82.67,
dataflow,ESTAT:HLTH_CO_BEDOC(1.0),A,TOTAL,PC,NO,2006,83.10,
dataflow,ESTAT:HLTH_CO_BEDOC(1.0),A,TOTAL,PC,NO,2007,82.23,
dataflow,ESTAT:HLTH_CO_BEDOC(1.0),A,TOTAL,PC,NO,2008,83.14,
dataflow,ESTAT:HLTH_CO_BEDOC(1.0),A,TOTAL,PC,NO,2009,83.90,b
dataflow,ESTAT:HLTH_CO_BEDOC(1.0),A,TOTAL,PC,NO,2010,85.60,
dataflow,ESTAT:HLTH_CO_BEDOC(1.0),A,TOTAL,PC,NO,2011,83.70,
dataflow,ESTAT:HLTH_CO_BEDOC(1.0),A,TOTAL,PC,NO,2012,84.80,
dataflow,ESTAT:HLTH_CO_BEDOC(1.0),A,TOTAL,PC,NO,2013,83.80,
dataflow,ESTAT:HLTH_CO_BEDOC(1.0),A,TOTAL,PC,NO,2014,82.80,
dataflow,ESTAT:HLTH_CO_BEDOC(1.0),A,TOTAL,PC,NO,2015,80.40,b
dataflow,ESTAT:HLTH_CO_BEDOC(1.0),A,TOTAL,PC,NO,2016,80.90,
dataflow,ESTAT:HLTH_CO_BEDOC(1.0),A,TOTAL,PC,NO,2017,80.70,
dataflow,ESTAT:HLTH_CO_BEDOC(1.0),A,TOTAL,PC,NO,2018,80.50,
dataflow,ESTAT:HLTH_CO_BEDOC(1.0),A,TOTAL,PC,NO,2019,79.90,
dataflow,ESTAT:HLTH_CO_BEDOC(1.0),A,TOTAL,PC,NO,2020,73.50,
dataflow,ESTAT:HLTH_CO_BEDOC(1.0),A,TOTAL,PC,NO,2021,76.60,
dataflow,ESTAT:HLTH_CO_BEDOC(1.0),A,TOTAL,PC,PT,1999,73.71,
dataflow,ESTAT:HLTH_CO_BEDOC(1.0),A,TOTAL,PC,PT,2000,75.92,
dataflow,ESTAT:HLTH_CO_BEDOC(1.0),A,TOTAL,PC,PT,2001,74.49,
dataflow,ESTAT:HLTH_CO_BEDOC(1.0),A,TOTAL,PC,PT,2002,75.24,
dataflow,ESTAT:HLTH_CO_BEDOC(1.0),A,TOTAL,PC,PT,2003,74.53,
dataflow,ESTAT:HLTH_CO_BEDOC(1.0),A,TOTAL,PC,PT,2004,74.79,
dataflow,ESTAT:HLTH_CO_BEDOC(1.0),A,TOTAL,PC,PT,2005,76.22,
dataflow,ESTAT:HLTH_CO_BEDOC(1.0),A,TOTAL,PC,PT,2006,76.97,
dataflow,ESTAT:HLTH_CO_BEDOC(1.0),A,TOTAL,PC,PT,2007,77.94,
dataflow,ESTAT:HLTH_CO_BEDOC(1.0),A,TOTAL,PC,PT,2008,77.93,
dataflow,ESTAT:HLTH_CO_BEDOC(1.0),A,TOTAL,PC,PT,2009,78.71,
dataflow,ESTAT:HLTH_CO_BEDOC(1.0),A,TOTAL,PC,PT,2010,79.09,
dataflow,ESTAT:HLTH_CO_BEDOC(1.0),A,TOTAL,PC,PT,2011,78.58,
dataflow,ESTAT:HLTH_CO_BEDOC(1.0),A,TOTAL,PC,PT,2012,79.47,
dataflow,ESTAT:HLTH_CO_BEDOC(1.0),A,TOTAL,PC,PT,2013,79.17,
dataflow,ESTAT:HLTH_CO_BEDOC(1.0),A,TOTAL,PC,PT,2014,80.19,
dataflow,ESTAT:HLTH_CO_BEDOC(1.0),A,TOTAL,PC,PT,2015,80.87,
dataflow,ESTAT:HLTH_CO_BEDOC(1.0),A,TOTAL,PC,PT,2016,81.73,
dataflow,ESTAT:HLTH_CO_BEDOC(1.0),A,TOTAL,PC,PT,2017,82.62,
dataflow,ESTAT:HLTH_CO_BEDOC(1.0),A,TOTAL,PC,PT,2018,82.01,
dataflow,ESTAT:HLTH_CO_BEDOC(1.0),A,TOTAL,PC,PT,2019,82.03,
dataflow,ESTAT:HLTH_CO_BEDOC(1.0),A,TOTAL,PC,PT,2020,75.09,
dataflow,ESTAT:HLTH_CO_BEDOC(1.0),A,TOTAL,PC,PT,2021,77.81,p
dataflow,ESTAT:HLTH_CO_BEDOC(1.0),A,TOTAL,PC,RS,2014,85.60,d
dataflow,ESTAT:HLTH_CO_BEDOC(1.0),A,TOTAL,PC,RS,2015,84.70,d
dataflow,ESTAT:HLTH_CO_BEDOC(1.0),A,TOTAL,PC,RS,2016,87.30,d
dataflow,ESTAT:HLTH_CO_BEDOC(1.0),A,TOTAL,PC,RS,2017,85.20,d
dataflow,ESTAT:HLTH_CO_BEDOC(1.0),A,TOTAL,PC,RS,2018,82.80,d
dataflow,ESTAT:HLTH_CO_BEDOC(1.0),A,TOTAL,PC,RS,2019,80.80,d
dataflow,ESTAT:HLTH_CO_BEDOC(1.0),A,TOTAL,PC,RS,2020,57.10,d
dataflow,ESTAT:HLTH_CO_BEDOC(1.0),A,TOTAL,PC,RS,2021,80.60,d
dataflow,ESTAT:HLTH_CO_BEDOC(1.0),A,TOTAL,PC,SE,1973,72.70,
dataflow,ESTAT:HLTH_CO_BEDOC(1.0),A,TOTAL,PC,SE,1974,73.50,
dataflow,ESTAT:HLTH_CO_BEDOC(1.0),A,TOTAL,PC,SE,1975,72.80,
dataflow,ESTAT:HLTH_CO_BEDOC(1.0),A,TOTAL,PC,SE,1976,72.30,
dataflow,ESTAT:HLTH_CO_BEDOC(1.0),A,TOTAL,PC,SE,1977,71.90,
dataflow,ESTAT:HLTH_CO_BEDOC(1.0),A,TOTAL,PC,SE,1978,71.10,
dataflow,ESTAT:HLTH_CO_BEDOC(1.0),A,TOTAL,PC,SE,1979,72.20,
dataflow,ESTAT:HLTH_CO_BEDOC(1.0),A,TOTAL,PC,SE,1980,72.10,
dataflow,ESTAT:HLTH_CO_BEDOC(1.0),A,TOTAL,PC,SE,1981,72.00,
dataflow,ESTAT:HLTH_CO_BEDOC(1.0),A,TOTAL,PC,SE,1982,73.70,
dataflow,ESTAT:HLTH_CO_BEDOC(1.0),A,TOTAL,PC,SE,1983,74.40,
dataflow,ESTAT:HLTH_CO_BEDOC(1.0),A,TOTAL,PC,SE,1984,75.30,
dataflow,ESTAT:HLTH_CO_BEDOC(1.0),A,TOTAL,PC,SE,1985,75.30,
dataflow,ESTAT:HLTH_CO_BEDOC(1.0),A,TOTAL,PC,SE,1986,74.20,
dataflow,ESTAT:HLTH_CO_BEDOC(1.0),A,TOTAL,PC,SE,1987,74.90,
dataflow,ESTAT:HLTH_CO_BEDOC(1.0),A,TOTAL,PC,SE,1988,75.30,
dataflow,ESTAT:HLTH_CO_BEDOC(1.0),A,TOTAL,PC,SE,1989,72.30,
dataflow,ESTAT:HLTH_CO_BEDOC(1.0),A,TOTAL,PC,SE,1990,72.20,
dataflow,ESTAT:HLTH_CO_BEDOC(1.0),A,TOTAL,PC,SE,1991,73.00,
dataflow,ESTAT:HLTH_CO_BEDOC(1.0),A,TOTAL,PC,SE,1992,74.80,
dataflow,ESTAT:HLTH_CO_BEDOC(1.0),A,TOTAL,PC,SE,1993,76.20,
dataflow,ESTAT:HLTH_CO_BEDOC(1.0),A,TOTAL,PC,SE,1994,77.30,
dataflow,ESTAT:HLTH_CO_BEDOC(1.0),A,TOTAL,PC,SE,1995,75.90,
dataflow,ESTAT:HLTH_CO_BEDOC(1.0),A,TOTAL,PC,SE,1996,77.50,
dataflow,ESTAT:HLTH_CO_BEDOC(1.0),A,TOTAL,PC,SI,1980,88.18,
dataflow,ESTAT:HLTH_CO_BEDOC(1.0),A,TOTAL,PC,SI,1985,85.30,
dataflow,ESTAT:HLTH_CO_BEDOC(1.0),A,TOTAL,PC,SI,1986,85.42,
dataflow,ESTAT:HLTH_CO_BEDOC(1.0),A,TOTAL,PC,SI,1987,84.36,
dataflow,ESTAT:HLTH_CO_BEDOC(1.0),A,TOTAL,PC,SI,1988,82.43,
dataflow,ESTAT:HLTH_CO_BEDOC(1.0),A,TOTAL,PC,SI,1989,83.26,
dataflow,ESTAT:HLTH_CO_BEDOC(1.0),A,TOTAL,PC,SI,1990,81.53,
dataflow,ESTAT:HLTH_CO_BEDOC(1.0),A,TOTAL,PC,SI,1991,75.99,
dataflow,ESTAT:HLTH_CO_BEDOC(1.0),A,TOTAL,PC,SI,1992,78.90,
dataflow,ESTAT:HLTH_CO_BEDOC(1.0),A,TOTAL,PC,SI,1993,80.93,
dataflow,ESTAT:HLTH_CO_BEDOC(1.0),A,TOTAL,PC,SI,1994,78.73,
dataflow,ESTAT:HLTH_CO_BEDOC(1.0),A,TOTAL,PC,SI,1995,77.19,
dataflow,ESTAT:HLTH_CO_BEDOC(1.0),A,TOTAL,PC,SI,1996,77.60,
dataflow,ESTAT:HLTH_CO_BEDOC(1.0),A,TOTAL,PC,SI,1997,77.70,
dataflow,ESTAT:HLTH_CO_BEDOC(1.0),A,TOTAL,PC,SI,1998,75.40,
dataflow,ESTAT:HLTH_CO_BEDOC(1.0),A,TOTAL,PC,SI,1999,72.60,
dataflow,ESTAT:HLTH_CO_BEDOC(1.0),A,TOTAL,PC,SI,2000,70.60,
dataflow,ESTAT:HLTH_CO_BEDOC(1.0),A,TOTAL,PC,SI,2001,70.50,
dataflow,ESTAT:HLTH_CO_BEDOC(1.0),A,TOTAL,PC,SI,2002,68.99,
dataflow,ESTAT:HLTH_CO_BEDOC(1.0),A,TOTAL,PC,SI,2003,68.12,
dataflow,ESTAT:HLTH_CO_BEDOC(1.0),A,TOTAL,PC,SI,2004,73.19,
dataflow,ESTAT:HLTH_CO_BEDOC(1.0),A,TOTAL,PC,SI,2005,70.06,
dataflow,ESTAT:HLTH_CO_BEDOC(1.0),A,TOTAL,PC,SI,2006,71.62,
dataflow,ESTAT:HLTH_CO_BEDOC(1.0),A,TOTAL,PC,SI,2007,69.67,
dataflow,ESTAT:HLTH_CO_BEDOC(1.0),A,TOTAL,PC,SI,2008,71.50,
dataflow,ESTAT:HLTH_CO_BEDOC(1.0),A,TOTAL,PC,SI,2009,71.21,
dataflow,ESTAT:HLTH_CO_BEDOC(1.0),A,TOTAL,PC,SI,2010,69.69,
dataflow,ESTAT:HLTH_CO_BEDOC(1.0),A,TOTAL,PC,SI,2011,70.99,be
dataflow,ESTAT:HLTH_CO_BEDOC(1.0),A,TOTAL,PC,SI,2012,72.14,e
dataflow,ESTAT:HLTH_CO_BEDOC(1.0),A,TOTAL,PC,SI,2013,70.08,e
dataflow,ESTAT:HLTH_CO_BEDOC(1.0),A,TOTAL,PC,SI,2014,70.85,e
dataflow,ESTAT:HLTH_CO_BEDOC(1.0),A,TOTAL,PC,SI,2015,70.81,e
dataflow,ESTAT:HLTH_CO_BEDOC(1.0),A,TOTAL,PC,SI,2016,70.50,e
dataflow,ESTAT:HLTH_CO_BEDOC(1.0),A,TOTAL,PC,SI,2017,69.53,e
dataflow,ESTAT:HLTH_CO_BEDOC(1.0),A,TOTAL,PC,SI,2018,70.39,e
dataflow,ESTAT:HLTH_CO_BEDOC(1.0),A,TOTAL,PC,SI,2019,68.87,e
dataflow,ESTAT:HLTH_CO_BEDOC(1.0),A,TOTAL,PC,SI,2020,59.43,e
dataflow,ESTAT:HLTH_CO_BEDOC(1.0),A,TOTAL,PC,SI,2021,60.66,e
dataflow,ESTAT:HLTH_CO_BEDOC(1.0),A,TOTAL,PC,SK,1996,79.60,
dataflow,ESTAT:HLTH_CO_BEDOC(1.0),A,TOTAL,PC,SK,1997,78.50,
dataflow,ESTAT:HLTH_CO_BEDOC(1.0),A,TOTAL,PC,SK,1998,77.90,
dataflow,ESTAT:HLTH_CO_BEDOC(1.0),A,TOTAL,PC,SK,1999,69.50,
dataflow,ESTAT:HLTH_CO_BEDOC(1.0),A,TOTAL,PC,SK,2000,70.60,b
dataflow,ESTAT:HLTH_CO_BEDOC(1.0),A,TOTAL,PC,SK,2001,70.50,
dataflow,ESTAT:HLTH_CO_BEDOC(1.0),A,TOTAL,PC,SK,2002,66.20,
dataflow,ESTAT:HLTH_CO_BEDOC(1.0),A,TOTAL,PC,SK,2003,64.50,
dataflow,ESTAT:HLTH_CO_BEDOC(1.0),A,TOTAL,PC,SK,2004,67.60,
dataflow,ESTAT:HLTH_CO_BEDOC(1.0),A,TOTAL,PC,SK,2005,66.70,b
dataflow,ESTAT:HLTH_CO_BEDOC(1.0),A,TOTAL,PC,SK,2006,68.00,
dataflow,ESTAT:HLTH_CO_BEDOC(1.0),A,TOTAL,PC,SK,2007,67.90,
dataflow,ESTAT:HLTH_CO_BEDOC(1.0),A,TOTAL,PC,SK,2008,67.50,
dataflow,ESTAT:HLTH_CO_BEDOC(1.0),A,TOTAL,PC,SK,2009,67.30,
dataflow,ESTAT:HLTH_CO_BEDOC(1.0),A,TOTAL,PC,SK,2010,66.50,
dataflow,ESTAT:HLTH_CO_BEDOC(1.0),A,TOTAL,PC,SK,2011,65.50,
dataflow,ESTAT:HLTH_CO_BEDOC(1.0),A,TOTAL,PC,SK,2012,67.30,
dataflow,ESTAT:HLTH_CO_BEDOC(1.0),A,TOTAL,PC,SK,2013,67.40,
dataflow,ESTAT:HLTH_CO_BEDOC(1.0),A,TOTAL,PC,SK,2014,68.90,b
dataflow,ESTAT:HLTH_CO_BEDOC(1.0),A,TOTAL,PC,SK,2015,68.70,
dataflow,ESTAT:HLTH_CO_BEDOC(1.0),A,TOTAL,PC,SK,2016,69.10,
dataflow,ESTAT:HLTH_CO_BEDOC(1.0),A,TOTAL,PC,SK,2017,67.80,
dataflow,ESTAT:HLTH_CO_BEDOC(1.0),A,TOTAL,PC,SK,2018,66.90,
dataflow,ESTAT:HLTH_CO_BEDOC(1.0),A,TOTAL,PC,SK,2019,65.90,
dataflow,ESTAT:HLTH_CO_BEDOC(1.0),A,TOTAL,PC,SK,2020,57.00,
dataflow,ESTAT:HLTH_CO_BEDOC(1.0),A,TOTAL,PC,SK,2021,57.90,
dataflow,ESTAT:HLTH_CO_BEDOC(1.0),A,TOTAL,PC,TR,1980,45.00,
dataflow,ESTAT:HLTH_CO_BEDOC(1.0),A,TOTAL,PC,TR,1981,45.50,
dataflow,ESTAT:HLTH_CO_BEDOC(1.0),A,TOTAL,PC,TR,1982,46.10,
dataflow,ESTAT:HLTH_CO_BEDOC(1.0),A,TOTAL,PC,TR,1983,48.80,
dataflow,ESTAT:HLTH_CO_BEDOC(1.0),A,TOTAL,PC,TR,1984,52.10,
dataflow,ESTAT:HLTH_CO_BEDOC(1.0),A,TOTAL,PC,TR,1985,52.10,
dataflow,ESTAT:HLTH_CO_BEDOC(1.0),A,TOTAL,PC,TR,1986,52.30,
dataflow,ESTAT:HLTH_CO_BEDOC(1.0),A,TOTAL,PC,TR,1987,54.30,
dataflow,ESTAT:HLTH_CO_BEDOC(1.0),A,TOTAL,PC,TR,1988,52.90,
dataflow,ESTAT:HLTH_CO_BEDOC(1.0),A,TOTAL,PC,TR,1989,53.80,
dataflow,ESTAT:HLTH_CO_BEDOC(1.0),A,TOTAL,PC,TR,1990,57.20,
dataflow,ESTAT:HLTH_CO_BEDOC(1.0),A,TOTAL,PC,TR,1991,51.50,
dataflow,ESTAT:HLTH_CO_BEDOC(1.0),A,TOTAL,PC,TR,1992,54.90,
dataflow,ESTAT:HLTH_CO_BEDOC(1.0),A,TOTAL,PC,TR,1993,55.60,
dataflow,ESTAT:HLTH_CO_BEDOC(1.0),A,TOTAL,PC,TR,1994,56.10,
dataflow,ESTAT:HLTH_CO_BEDOC(1.0),A,TOTAL,PC,TR,1995,55.40,
dataflow,ESTAT:HLTH_CO_BEDOC(1.0),A,TOTAL,PC,TR,1996,56.30,
dataflow,ESTAT:HLTH_CO_BEDOC(1.0),A,TOTAL,PC,TR,1997,57.40,
dataflow,ESTAT:HLTH_CO_BEDOC(1.0),A,TOTAL,PC,TR,1998,57.10,
dataflow,ESTAT:HLTH_CO_BEDOC(1.0),A,TOTAL,PC,TR,1999,57.80,
dataflow,ESTAT:HLTH_CO_BEDOC(1.0),A,TOTAL,PC,TR,2000,59.30,
dataflow,ESTAT:HLTH_CO_BEDOC(1.0),A,TOTAL,PC,TR,2001,59.60,
dataflow,ESTAT:HLTH_CO_BEDOC(1.0),A,TOTAL,PC,TR,2002,59.30,b
dataflow,ESTAT:HLTH_CO_BEDOC(1.0),A,TOTAL,PC,TR,2003,60.40,
dataflow,ESTAT:HLTH_CO_BEDOC(1.0),A,TOTAL,PC,TR,2004,66.00,
dataflow,ESTAT:HLTH_CO_BEDOC(1.0),A,TOTAL,PC,TR,2005,65.30,
dataflow,ESTAT:HLTH_CO_BEDOC(1.0),A,TOTAL,PC,TR,2006,67.80,
dataflow,ESTAT:HLTH_CO_BEDOC(1.0),A,TOTAL,PC,TR,2007,64.70,
dataflow,ESTAT:HLTH_CO_BEDOC(1.0),A,TOTAL,PC,TR,2008,65.60,
dataflow,ESTAT:HLTH_CO_BEDOC(1.0),A,TOTAL,PC,TR,2009,65.30,
dataflow,ESTAT:HLTH_CO_BEDOC(1.0),A,TOTAL,PC,TR,2010,63.60,
dataflow,ESTAT:HLTH_CO_BEDOC(1.0),A,TOTAL,PC,TR,2011,64.80,b
dataflow,ESTAT:HLTH_CO_BEDOC(1.0),A,TOTAL,PC,TR,2012,64.40,
dataflow,ESTAT:HLTH_CO_BEDOC(1.0),A,TOTAL,PC,TR,2013,65.30,
dataflow,ESTAT:HLTH_CO_BEDOC(1.0),A,TOTAL,PC,TR,2014,68.00,
dataflow,ESTAT:HLTH_CO_BEDOC(1.0),A,TOTAL,PC,TR,2015,68.80,
dataflow,ESTAT:HLTH_CO_BEDOC(1.0),A,TOTAL,PC,TR,2016,67.30,
dataflow,ESTAT:HLTH_CO_BEDOC(1.0),A,TOTAL,PC,TR,2017,67.40,
dataflow,ESTAT:HLTH_CO_BEDOC(1.0),A,TOTAL,PC,TR,2018,66.10,
dataflow,ESTAT:HLTH_CO_BEDOC(1.0),A,TOTAL,PC,TR,2019,65.50,
dataflow,ESTAT:HLTH_CO_BEDOC(1.0),A,TOTAL,PC,TR,2020,52.20,
dataflow,ESTAT:HLTH_CO_BEDOC(1.0),A,TOTAL,PC,TR,2021,55.30,
dataflow,ESTAT:HLTH_CO_BEDOC(1.0),A,TOTAL,PC,UK,2001,83.36,
dataflow,ESTAT:HLTH_CO_BEDOC(1.0),A,TOTAL,PC,UK,2002,84.08,
dataflow,ESTAT:HLTH_CO_BEDOC(1.0),A,TOTAL,PC,UK,2003,84.44,
dataflow,ESTAT:HLTH_CO_BEDOC(1.0),A,TOTAL,PC,UK,2004,83.85,
dataflow,ESTAT:HLTH_CO_BEDOC(1.0),A,TOTAL,PC,UK,2005,83.73,
dataflow,ESTAT:HLTH_CO_BEDOC(1.0),A,TOTAL,PC,UK,2006,83.45,
dataflow,ESTAT:HLTH_CO_BEDOC(1.0),A,TOTAL,PC,UK,2007,83.67,
dataflow,ESTAT:HLTH_CO_BEDOC(1.0),A,TOTAL,PC,UK,2008,84.8,
dataflow,ESTAT:HLTH_CO_BEDOC(1.0),A,TOTAL,PC,UK,2009,84.24,
dataflow,ESTAT:HLTH_CO_BEDOC(1.0),A,TOTAL,PC,UK,2010,84.35,
