STRUCTURE,STRUCTURE_ID,freq,severity,nace_r1,unit,geo,TIME_PERIOD,OBS_VALUE,OBS_FLAG
dataflow,ESTAT:HSW_AW_NNASV(1.0),A,D14-20,A,NR,EU15_NO,1996,34452,
dataflow,ESTAT:HSW_AW_NNASV(1.0),A,D14-20,A,NR,EU15_NO,1997,35010,
dataflow,ESTAT:HSW_AW_NNASV(1.0),A,D14-20,A,NR,EU15_NO,1998,32244,
dataflow,ESTAT:HSW_AW_NNASV(1.0),A,D14-20,A,NR,EU15_NO,1999,29211,
dataflow,ESTAT:HSW_AW_NNASV(1.0),A,D14-20,A,NR,EU15_NO,2000,27747,
dataflow,ESTAT:HSW_AW_NNASV(1.0),A,D14-20,A,NR,EU15_NO,2001,25355,
dataflow,ESTAT:HSW_AW_NNASV(1.0),A,D14-20,A,NR,EU15_NO,2002,21405,
dataflow,ESTAT:HSW_AW_NNASV(1.0),A,D14-20,A,NR,EU15_NO,2003,20468,
dataflow,ESTAT:HSW_AW_NNASV(1.0),A,D14-20,A,NR,EU15_NO,2004,21268,
dataflow,ESTAT:HSW_AW_NNASV(1.0),A,D14-20,A,NR,EU15_NO,2005,21394,
dataflow,ESTAT:HSW_AW_NNASV(1.0),A,D14-20,A,NR,EU15_NO,2006,16239,
dataflow,ESTAT:HSW_AW_NNASV(1.0),A,D14-20,A,NR,EU15_NO,2007,19304,p
dataflow,ESTAT:HSW_AW_NNASV(1.0),A,D14-20,A_D-K,NR,EU15_NO,1996,338630,
dataflow,ESTAT:HSW_AW_NNASV(1.0),A,D14-20,A_D-K,NR,EU15_NO,1997,314167,
dataflow,ESTAT:HSW_AW_NNASV(1.0),A,D14-20,A_D-K,NR,EU15_NO,1998,323248,
dataflow,ESTAT:HSW_AW_NNASV(1.0),A,D14-20,A_D-K,NR,EU15_NO,1999,323814,
dataflow,ESTAT:HSW_AW_NNASV(1.0),A,D14-20,A_D-K,NR,EU15_NO,2000,343403,
dataflow,ESTAT:HSW_AW_NNASV(1.0),A,D14-20,A_D-K,NR,EU15_NO,2001,331664,
dataflow,ESTAT:HSW_AW_NNASV(1.0),A,D14-20,A_D-K,NR,EU15_NO,2002,320052,
dataflow,ESTAT:HSW_AW_NNASV(1.0),A,D14-20,A_D-K,NR,EU15_NO,2003,293771,
dataflow,ESTAT:HSW_AW_NNASV(1.0),A,D14-20,A_D-K,NR,EU15_NO,2004,307916,
dataflow,ESTAT:HSW_AW_NNASV(1.0),A,D14-20,A_D-K,NR,EU15_NO,2005,319422,
dataflow,ESTAT:HSW_AW_NNASV(1.0),A,D14-20,A_D-K,NR,EU15_NO,2006,321730,
dataflow,ESTAT:HSW_AW_NNASV(1.0),A,D14-20,A_D-K,NR,EU15_NO,2007,440043,p
dataflow,ESTAT:HSW_AW_NNASV(1.0),A,D14-20,D,NR,EU15_NO,1996,115797,
dataflow,ESTAT:HSW_AW_NNASV(1.0),A,D14-20,D,NR,EU15_NO,1997,108529,
dataflow,ESTAT:HSW_AW_NNASV(1.0),A,D14-20,D,NR,EU15_NO,1998,111631,
dataflow,ESTAT:HSW_AW_NNASV(1.0),A,D14-20,D,NR,EU15_NO,1999,106968,
dataflow,ESTAT:HSW_AW_NNASV(1.0),A,D14-20,D,NR,EU15_NO,2000,111970,
dataflow,ESTAT:HSW_AW_NNASV(1.0),A,D14-20,D,NR,EU15_NO,2001,108463,
dataflow,ESTAT:HSW_AW_NNASV(1.0),A,D14-20,D,NR,EU15_NO,2002,101202,
dataflow,ESTAT:HSW_AW_NNASV(1.0),A,D14-20,D,NR,EU15_NO,2003,91140,
dataflow,ESTAT:HSW_AW_NNASV(1.0),A,D14-20,D,NR,EU15_NO,2004,93468,
dataflow,ESTAT:HSW_AW_NNASV(1.0),A,D14-20,D,NR,EU15_NO,2005,92911,
dataflow,ESTAT:HSW_AW_NNASV(1.0),A,D14-20,D,NR,EU15_NO,2006,93730,
dataflow,ESTAT:HSW_AW_NNASV(1.0),A,D14-20,D,NR,EU15_NO,2007,127833,p
dataflow,ESTAT:HSW_AW_NNASV(1.0),A,D14-20,E,NR,EU15_NO,1996,2354,
dataflow,ESTAT:HSW_AW_NNASV(1.0),A,D14-20,E,NR,EU15_NO,1997,2252,
dataflow,ESTAT:HSW_AW_NNASV(1.0),A,D14-20,E,NR,EU15_NO,1998,2211,
dataflow,ESTAT:HSW_AW_NNASV(1.0),A,D14-20,E,NR,EU15_NO,1999,1872,
dataflow,ESTAT:HSW_AW_NNASV(1.0),A,D14-20,E,NR,EU15_NO,2000,2079,
dataflow,ESTAT:HSW_AW_NNASV(1.0),A,D14-20,E,NR,EU15_NO,2001,1838,
dataflow,ESTAT:HSW_AW_NNASV(1.0),A,D14-20,E,NR,EU15_NO,2002,1688,
dataflow,ESTAT:HSW_AW_NNASV(1.0),A,D14-20,E,NR,EU15_NO,2003,1637,
dataflow,ESTAT:HSW_AW_NNASV(1.0),A,D14-20,E,NR,EU15_NO,2004,1943,
dataflow,ESTAT:HSW_AW_NNASV(1.0),A,D14-20,E,NR,EU15_NO,2005,1919,
dataflow,ESTAT:HSW_AW_NNASV(1.0),A,D14-20,E,NR,EU15_NO,2006,1971,
dataflow,ESTAT:HSW_AW_NNASV(1.0),A,D14-20,E,NR,EU15_NO,2007,2369,p
dataflow,ESTAT:HSW_AW_NNASV(1.0),A,D14-20,F,NR,EU15_NO,1996,65676,
dataflow,ESTAT:HSW_AW_NNASV(1.0),A,D14-20,F,NR,EU15_NO,1997,61880,
dataflow,ESTAT:HSW_AW_NNASV(1.0),A,D14-20,F,NR,EU15_NO,1998,64793,
dataflow,ESTAT:HSW_AW_NNASV(1.0),A,D14-20,F,NR,EU15_NO,1999,65550,
dataflow,ESTAT:HSW_AW_NNASV(1.0),A,D14-20,F,NR,EU15_NO,2000,70770,
dataflow,ESTAT:HSW_AW_NNASV(1.0),A,D14-20,F,NR,EU15_NO,2001,68653,
dataflow,ESTAT:HSW_AW_NNASV(1.0),A,D14-20,F,NR,EU15_NO,2002,67696,
dataflow,ESTAT:HSW_AW_NNASV(1.0),A,D14-20,F,NR,EU15_NO,2003,62125,
dataflow,ESTAT:HSW_AW_NNASV(1.0),A,D14-20,F,NR,EU15_NO,2004,67632,
dataflow,ESTAT:HSW_AW_NNASV(1.0),A,D14-20,F,NR,EU15_NO,2005,70712,
dataflow,ESTAT:HSW_AW_NNASV(1.0),A,D14-20,F,NR,EU15_NO,2006,71570,
dataflow,ESTAT:HSW_AW_NNASV(1.0),A,D14-20,F,NR,EU15_NO,2007,110338,p
dataflow,ESTAT:HSW_AW_NNASV(1.0),A,D14-20,G,NR,EU15_NO,1996,47478,
dataflow,ESTAT:HSW_AW_NNASV(1.0),A,D14-20,G,NR,EU15_NO,1997,42072,
dataflow,ESTAT:HSW_AW_NNASV(1.0),A,D14-20,G,NR,EU15_NO,1998,43567,
dataflow,ESTAT:HSW_AW_NNASV(1.0),A,D14-20,G,NR,EU15_NO,1999,44060,
dataflow,ESTAT:HSW_AW_NNASV(1.0),A,D14-20,G,NR,EU15_NO,2000,47883,
dataflow,ESTAT:HSW_AW_NNASV(1.0),A,D14-20,G,NR,EU15_NO,2001,46668,
dataflow,ESTAT:HSW_AW_NNASV(1.0),A,D14-20,G,NR,EU15_NO,2002,47679,
dataflow,ESTAT:HSW_AW_NNASV(1.0),A,D14-20,G,NR,EU15_NO,2003,44336,
dataflow,ESTAT:HSW_AW_NNASV(1.0),A,D14-20,G,NR,EU15_NO,2004,46255,
dataflow,ESTAT:HSW_AW_NNASV(1.0),A,D14-20,G,NR,EU15_NO,2005,48833,
dataflow,ESTAT:HSW_AW_NNASV(1.0),A,D14-20,G,NR,EU15_NO,2006,51447,
dataflow,ESTAT:HSW_AW_NNASV(1.0),A,D14-20,G,NR,EU15_NO,2007,67127,p
dataflow,ESTAT:HSW_AW_NNASV(1.0),A,D14-20,H,NR,EU15_NO,1996,16187,
dataflow,ESTAT:HSW_AW_NNASV(1.0),A,D14-20,H,NR,EU15_NO,1997,15155,
dataflow,ESTAT:HSW_AW_NNASV(1.0),A,D14-20,H,NR,EU15_NO,1998,16294,
dataflow,ESTAT:HSW_AW_NNASV(1.0),A,D14-20,H,NR,EU15_NO,1999,17390,
dataflow,ESTAT:HSW_AW_NNASV(1.0),A,D14-20,H,NR,EU15_NO,2000,18927,
dataflow,ESTAT:HSW_AW_NNASV(1.0),A,D14-20,H,NR,EU15_NO,2001,17447,
dataflow,ESTAT:HSW_AW_NNASV(1.0),A,D14-20,H,NR,EU15_NO,2002,17715,
dataflow,ESTAT:HSW_AW_NNASV(1.0),A,D14-20,H,NR,EU15_NO,2003,16852,
dataflow,ESTAT:HSW_AW_NNASV(1.0),A,D14-20,H,NR,EU15_NO,2004,18117,
dataflow,ESTAT:HSW_AW_NNASV(1.0),A,D14-20,H,NR,EU15_NO,2005,19300,
dataflow,ESTAT:HSW_AW_NNASV(1.0),A,D14-20,H,NR,EU15_NO,2006,19859,
dataflow,ESTAT:HSW_AW_NNASV(1.0),A,D14-20,H,NR,EU15_NO,2007,28719,p
dataflow,ESTAT:HSW_AW_NNASV(1.0),A,D14-20,I,NR,EU15_NO,1996,27559,
dataflow,ESTAT:HSW_AW_NNASV(1.0),A,D14-20,I,NR,EU15_NO,1997,25277,
dataflow,ESTAT:HSW_AW_NNASV(1.0),A,D14-20,I,NR,EU15_NO,1998,26332,
dataflow,ESTAT:HSW_AW_NNASV(1.0),A,D14-20,I,NR,EU15_NO,1999,28087,
dataflow,ESTAT:HSW_AW_NNASV(1.0),A,D14-20,I,NR,EU15_NO,2000,29633,
dataflow,ESTAT:HSW_AW_NNASV(1.0),A,D14-20,I,NR,EU15_NO,2001,29073,
dataflow,ESTAT:HSW_AW_NNASV(1.0),A,D14-20,I,NR,EU15_NO,2002,28907,
dataflow,ESTAT:HSW_AW_NNASV(1.0),A,D14-20,I,NR,EU15_NO,2003,27585,
dataflow,ESTAT:HSW_AW_NNASV(1.0),A,D14-20,I,NR,EU15_NO,2004,30145,
dataflow,ESTAT:HSW_AW_NNASV(1.0),A,D14-20,I,NR,EU15_NO,2005,34320,
dataflow,ESTAT:HSW_AW_NNASV(1.0),A,D14-20,I,NR,EU15_NO,2006,33980,
dataflow,ESTAT:HSW_AW_NNASV(1.0),A,D14-20,I,NR,EU15_NO,2007,42049,p
dataflow,ESTAT:HSW_AW_NNASV(1.0),A,D14-20,J_K,NR,EU15_NO,1996,24611,
dataflow,ESTAT:HSW_AW_NNASV(1.0),A,D14-20,J_K,NR,EU15_NO,1997,23992,
dataflow,ESTAT:HSW_AW_NNASV(1.0),A,D14-20,J_K,NR,EU15_NO,1998,26176,
dataflow,ESTAT:HSW_AW_NNASV(1.0),A,D14-20,J_K,NR,EU15_NO,1999,30676,
dataflow,ESTAT:HSW_AW_NNASV(1.0),A,D14-20,J_K,NR,EU15_NO,2000,34395,
dataflow,ESTAT:HSW_AW_NNASV(1.0),A,D14-20,J_K,NR,EU15_NO,2001,34167,
dataflow,ESTAT:HSW_AW_NNASV(1.0),A,D14-20,J_K,NR,EU15_NO,2002,33760,
dataflow,ESTAT:HSW_AW_NNASV(1.0),A,D14-20,J_K,NR,EU15_NO,2003,29627,
dataflow,ESTAT:HSW_AW_NNASV(1.0),A,D14-20,J_K,NR,EU15_NO,2004,29089,
dataflow,ESTAT:HSW_AW_NNASV(1.0),A,D14-20,J_K,NR,EU15_NO,2005,30033,
dataflow,ESTAT:HSW_AW_NNASV(1.0),A,D14-20,J_K,NR,EU15_NO,2006,32934,
dataflow,ESTAT:HSW_AW_NNASV(1.0),A,D14-20,J_K,NR,EU15_NO,2007,42304,p
dataflow,ESTAT:HSW_AW_NNASV(1.0),A,D14-20,TOTAL,NR,EU15_NO,1996,401726,
dataflow,ESTAT:HSW_AW_NNASV(1.0),A,D14-20,TOTAL,NR,EU15_NO,1997,360138,
dataflow,ESTAT:HSW_AW_NNASV(1.0),A,D14-20,TOTAL,NR,EU15_NO,1998,369894,
dataflow,ESTAT:HSW_AW_NNASV(1.0),A,D14-20,TOTAL,NR,EU15_NO,1999,372856,
dataflow,ESTAT:HSW_AW_NNASV(1.0),A,D14-20,TOTAL,NR,EU15_NO,2000,396625,
dataflow,ESTAT:HSW_AW_NNASV(1.0),A,D14-20,TOTAL,NR,EU15_NO,2001,387591,
dataflow,ESTAT:HSW_AW_NNASV(1.0),A,D14-20,TOTAL,NR,EU15_NO,2002,370639,
dataflow,ESTAT:HSW_AW_NNASV(1.0),A,D14-20,TOTAL,NR,EU15_NO,2003,342606,
dataflow,ESTAT:HSW_AW_NNASV(1.0),A,D14-20,TOTAL,NR,EU15_NO,2004,361474,
dataflow,ESTAT:HSW_AW_NNASV(1.0),A,D14-20,TOTAL,NR,EU15_NO,2005,384174,
dataflow,ESTAT:HSW_AW_NNASV(1.0),A,D14-20,TOTAL,NR,EU15_NO,2006,386931,
dataflow,ESTAT:HSW_AW_NNASV(1.0),A,D14-20,TOTAL,NR,EU15_NO,2007,532408,p
dataflow,ESTAT:HSW_AW_NNASV(1.0),A,D21-M1,A,NR,EU15_NO,1996,25925,
dataflow,ESTAT:HSW_AW_NNASV(1.0),A,D21-M1,A,NR,EU15_NO,1997,25089,
dataflow,ESTAT:HSW_AW_NNASV(1.0),A,D21-M1,A,NR,EU15_NO,1998,23301,
dataflow,ESTAT:HSW_AW_NNASV(1.0),A,D21-M1,A,NR,EU15_NO,1999,22216,
dataflow,ESTAT:HSW_AW_NNASV(1.0),A,D21-M1,A,NR,EU15_NO,2000,21230,
dataflow,ESTAT:HSW_AW_NNASV(1.0),A,D21-M1,A,NR,EU15_NO,2001,20192,
dataflow,ESTAT:HSW_AW_NNASV(1.0),A,D21-M1,A,NR,EU15_NO,2002,16421,
dataflow,ESTAT:HSW_AW_NNASV(1.0),A,D21-M1,A,NR,EU15_NO,2003,27223,
dataflow,ESTAT:HSW_AW_NNASV(1.0),A,D21-M1,A,NR,EU15_NO,2004,19848,
dataflow,ESTAT:HSW_AW_NNASV(1.0),A,D21-M1,A,NR,EU15_NO,2005,19873,
dataflow,ESTAT:HSW_AW_NNASV(1.0),A,D21-M1,A,NR,EU15_NO,2006,15393,
dataflow,ESTAT:HSW_AW_NNASV(1.0),A,D21-M1,A,NR,EU15_NO,2007,10505,p
dataflow,ESTAT:HSW_AW_NNASV(1.0),A,D21-M1,A_D-K,NR,EU15_NO,1996,251110,
dataflow,ESTAT:HSW_AW_NNASV(1.0),A,D21-M1,A_D-K,NR,EU15_NO,1997,210825,
dataflow,ESTAT:HSW_AW_NNASV(1.0),A,D21-M1,A_D-K,NR,EU15_NO,1998,215909,
dataflow,ESTAT:HSW_AW_NNASV(1.0),A,D21-M1,A_D-K,NR,EU15_NO,1999,217241,
dataflow,ESTAT:HSW_AW_NNASV(1.0),A,D21-M1,A_D-K,NR,EU15_NO,2000,230591,
dataflow,ESTAT:HSW_AW_NNASV(1.0),A,D21-M1,A_D-K,NR,EU15_NO,2001,231823,
dataflow,ESTAT:HSW_AW_NNASV(1.0),A,D21-M1,A_D-K,NR,EU15_NO,2002,228032,
dataflow,ESTAT:HSW_AW_NNASV(1.0),A,D21-M1,A_D-K,NR,EU15_NO,2003,439152,
dataflow,ESTAT:HSW_AW_NNASV(1.0),A,D21-M1,A_D-K,NR,EU15_NO,2004,300111,
dataflow,ESTAT:HSW_AW_NNASV(1.0),A,D21-M1,A_D-K,NR,EU15_NO,2005,304779,
dataflow,ESTAT:HSW_AW_NNASV(1.0),A,D21-M1,A_D-K,NR,EU15_NO,2006,264796,
dataflow,ESTAT:HSW_AW_NNASV(1.0),A,D21-M1,A_D-K,NR,EU15_NO,2007,194416,p
dataflow,ESTAT:HSW_AW_NNASV(1.0),A,D21-M1,D,NR,EU15_NO,1996,82476,
dataflow,ESTAT:HSW_AW_NNASV(1.0),A,D21-M1,D,NR,EU15_NO,1997,69281,
dataflow,ESTAT:HSW_AW_NNASV(1.0),A,D21-M1,D,NR,EU15_NO,1998,71297,
dataflow,ESTAT:HSW_AW_NNASV(1.0),A,D21-M1,D,NR,EU15_NO,1999,68488,
dataflow,ESTAT:HSW_AW_NNASV(1.0),A,D21-M1,D,NR,EU15_NO,2000,71251,
dataflow,ESTAT:HSW_AW_NNASV(1.0),A,D21-M1,D,NR,EU15_NO,2001,71823,
dataflow,ESTAT:HSW_AW_NNASV(1.0),A,D21-M1,D,NR,EU15_NO,2002,68831,
dataflow,ESTAT:HSW_AW_NNASV(1.0),A,D21-M1,D,NR,EU15_NO,2003,127532,
dataflow,ESTAT:HSW_AW_NNASV(1.0),A,D21-M1,D,NR,EU15_NO,2004,92326,
dataflow,ESTAT:HSW_AW_NNASV(1.0),A,D21-M1,D,NR,EU15_NO,2005,87841,
dataflow,ESTAT:HSW_AW_NNASV(1.0),A,D21-M1,D,NR,EU15_NO,2006,74799,
dataflow,ESTAT:HSW_AW_NNASV(1.0),A,D21-M1,D,NR,EU15_NO,2007,53876,p
dataflow,ESTAT:HSW_AW_NNASV(1.0),A,D21-M1,E,NR,EU15_NO,1996,1801,
dataflow,ESTAT:HSW_AW_NNASV(1.0),A,D21-M1,E,NR,EU15_NO,1997,1369,
dataflow,ESTAT:HSW_AW_NNASV(1.0),A,D21-M1,E,NR,EU15_NO,1998,1329,
dataflow,ESTAT:HSW_AW_NNASV(1.0),A,D21-M1,E,NR,EU15_NO,1999,1222,
dataflow,ESTAT:HSW_AW_NNASV(1.0),A,D21-M1,E,NR,EU15_NO,2000,1419,
dataflow,ESTAT:HSW_AW_NNASV(1.0),A,D21-M1,E,NR,EU15_NO,2001,1300,
dataflow,ESTAT:HSW_AW_NNASV(1.0),A,D21-M1,E,NR,EU15_NO,2002,1288,
dataflow,ESTAT:HSW_AW_NNASV(1.0),A,D21-M1,E,NR,EU15_NO,2003,2764,
dataflow,ESTAT:HSW_AW_NNASV(1.0),A,D21-M1,E,NR,EU15_NO,2004,1868,
dataflow,ESTAT:HSW_AW_NNASV(1.0),A,D21-M1,E,NR,EU15_NO,2005,1749,
dataflow,ESTAT:HSW_AW_NNASV(1.0),A,D21-M1,E,NR,EU15_NO,2006,1421,
dataflow,ESTAT:HSW_AW_NNASV(1.0),A,D21-M1,E,NR,EU15_NO,2007,1028,p
dataflow,ESTAT:HSW_AW_NNASV(1.0),A,D21-M1,F,NR,EU15_NO,1996,50992,
dataflow,ESTAT:HSW_AW_NNASV(1.0),A,D21-M1,F,NR,EU15_NO,1997,42866,
dataflow,ESTAT:HSW_AW_NNASV(1.0),A,D21-M1,F,NR,EU15_NO,1998,44354,
dataflow,ESTAT:HSW_AW_NNASV(1.0),A,D21-M1,F,NR,EU15_NO,1999,44287,
dataflow,ESTAT:HSW_AW_NNASV(1.0),A,D21-M1,F,NR,EU15_NO,2000,47955,
dataflow,ESTAT:HSW_AW_NNASV(1.0),A,D21-M1,F,NR,EU15_NO,2001,49561,
dataflow,ESTAT:HSW_AW_NNASV(1.0),A,D21-M1,F,NR,EU15_NO,2002,48144,
dataflow,ESTAT:HSW_AW_NNASV(1.0),A,D21-M1,F,NR,EU15_NO,2003,112148,
dataflow,ESTAT:HSW_AW_NNASV(1.0),A,D21-M1,F,NR,EU15_NO,2004,68824,
dataflow,ESTAT:HSW_AW_NNASV(1.0),A,D21-M1,F,NR,EU15_NO,2005,75116,
dataflow,ESTAT:HSW_AW_NNASV(1.0),A,D21-M1,F,NR,EU15_NO,2006,66984,
dataflow,ESTAT:HSW_AW_NNASV(1.0),A,D21-M1,F,NR,EU15_NO,2007,44440,p
dataflow,ESTAT:HSW_AW_NNASV(1.0),A,D21-M1,G,NR,EU15_NO,1996,33925,
dataflow,ESTAT:HSW_AW_NNASV(1.0),A,D21-M1,G,NR,EU15_NO,1997,27582,
dataflow,ESTAT:HSW_AW_NNASV(1.0),A,D21-M1,G,NR,EU15_NO,1998,28300,
dataflow,ESTAT:HSW_AW_NNASV(1.0),A,D21-M1,G,NR,EU15_NO,1999,28944,
dataflow,ESTAT:HSW_AW_NNASV(1.0),A,D21-M1,G,NR,EU15_NO,2000,31425,
dataflow,ESTAT:HSW_AW_NNASV(1.0),A,D21-M1,G,NR,EU15_NO,2001,31486,
dataflow,ESTAT:HSW_AW_NNASV(1.0),A,D21-M1,G,NR,EU15_NO,2002,33217,
dataflow,ESTAT:HSW_AW_NNASV(1.0),A,D21-M1,G,NR,EU15_NO,2003,64651,
dataflow,ESTAT:HSW_AW_NNASV(1.0),A,D21-M1,G,NR,EU15_NO,2004,44670,
dataflow,ESTAT:HSW_AW_NNASV(1.0),A,D21-M1,G,NR,EU15_NO,2005,46810,
dataflow,ESTAT:HSW_AW_NNASV(1.0),A,D21-M1,G,NR,EU15_NO,2006,38788,
dataflow,ESTAT:HSW_AW_NNASV(1.0),A,D21-M1,G,NR,EU15_NO,2007,29624,p
dataflow,ESTAT:HSW_AW_NNASV(1.0),A,D21-M1,H,NR,EU15_NO,1996,11363,
dataflow,ESTAT:HSW_AW_NNASV(1.0),A,D21-M1,H,NR,EU15_NO,1997,9548,
dataflow,ESTAT:HSW_AW_NNASV(1.0),A,D21-M1,H,NR,EU15_NO,1998,10120,
dataflow,ESTAT:HSW_AW_NNASV(1.0),A,D21-M1,H,NR,EU15_NO,1999,10933,
dataflow,ESTAT:HSW_AW_NNASV(1.0),A,D21-M1,H,NR,EU15_NO,2000,11762,
dataflow,ESTAT:HSW_AW_NNASV(1.0),A,D21-M1,H,NR,EU15_NO,2001,11353,
dataflow,ESTAT:HSW_AW_NNASV(1.0),A,D21-M1,H,NR,EU15_NO,2002,12066,
dataflow,ESTAT:HSW_AW_NNASV(1.0),A,D21-M1,H,NR,EU15_NO,2003,25101,
dataflow,ESTAT:HSW_AW_NNASV(1.0),A,D21-M1,H,NR,EU15_NO,2004,16719,
dataflow,ESTAT:HSW_AW_NNASV(1.0),A,D21-M1,H,NR,EU15_NO,2005,17513,
dataflow,ESTAT:HSW_AW_NNASV(1.0),A,D21-M1,H,NR,EU15_NO,2006,15942,
dataflow,ESTAT:HSW_AW_NNASV(1.0),A,D21-M1,H,NR,EU15_NO,2007,11680,p
dataflow,ESTAT:HSW_AW_NNASV(1.0),A,D21-M1,I,NR,EU15_NO,1996,21610,
dataflow,ESTAT:HSW_AW_NNASV(1.0),A,D21-M1,I,NR,EU15_NO,1997,18275,
dataflow,ESTAT:HSW_AW_NNASV(1.0),A,D21-M1,I,NR,EU15_NO,1998,19031,
dataflow,ESTAT:HSW_AW_NNASV(1.0),A,D21-M1,I,NR,EU15_NO,1999,19776,
dataflow,ESTAT:HSW_AW_NNASV(1.0),A,D21-M1,I,NR,EU15_NO,2000,21541,
dataflow,ESTAT:HSW_AW_NNASV(1.0),A,D21-M1,I,NR,EU15_NO,2001,21758,
dataflow,ESTAT:HSW_AW_NNASV(1.0),A,D21-M1,I,NR,EU15_NO,2002,23183,
dataflow,ESTAT:HSW_AW_NNASV(1.0),A,D21-M1,I,NR,EU15_NO,2003,38785,
dataflow,ESTAT:HSW_AW_NNASV(1.0),A,D21-M1,I,NR,EU15_NO,2004,28927,
dataflow,ESTAT:HSW_AW_NNASV(1.0),A,D21-M1,I,NR,EU15_NO,2005,29244,
dataflow,ESTAT:HSW_AW_NNASV(1.0),A,D21-M1,I,NR,EU15_NO,2006,26419,
dataflow,ESTAT:HSW_AW_NNASV(1.0),A,D21-M1,I,NR,EU15_NO,2007,21222,p
dataflow,ESTAT:HSW_AW_NNASV(1.0),A,D21-M1,J_K,NR,EU15_NO,1996,19620,
dataflow,ESTAT:HSW_AW_NNASV(1.0),A,D21-M1,J_K,NR,EU15_NO,1997,16815,
dataflow,ESTAT:HSW_AW_NNASV(1.0),A,D21-M1,J_K,NR,EU15_NO,1998,18177,
dataflow,ESTAT:HSW_AW_NNASV(1.0),A,D21-M1,J_K,NR,EU15_NO,1999,21375,
dataflow,ESTAT:HSW_AW_NNASV(1.0),A,D21-M1,J_K,NR,EU15_NO,2000,24007,
dataflow,ESTAT:HSW_AW_NNASV(1.0),A,D21-M1,J_K,NR,EU15_NO,2001,24350,
dataflow,ESTAT:HSW_AW_NNASV(1.0),A,D21-M1,J_K,NR,EU15_NO,2002,24882,
dataflow,ESTAT:HSW_AW_NNASV(1.0),A,D21-M1,J_K,NR,EU15_NO,2003,40949,
dataflow,ESTAT:HSW_AW_NNASV(1.0),A,D21-M1,J_K,NR,EU15_NO,2004,26929,
dataflow,ESTAT:HSW_AW_NNASV(1.0),A,D21-M1,J_K,NR,EU15_NO,2005,26632,
dataflow,ESTAT:HSW_AW_NNASV(1.0),A,D21-M1,J_K,NR,EU15_NO,2006,25051,
dataflow,ESTAT:HSW_AW_NNASV(1.0),A,D21-M1,J_K,NR,EU15_NO,2007,22039,p
dataflow,ESTAT:HSW_AW_NNASV(1.0),A,D21-M1,TOTAL,NR,EU15_NO,1996,297775,
dataflow,ESTAT:HSW_AW_NNASV(1.0),A,D21-M1,TOTAL,NR,EU15_NO,1997,240793,
dataflow,ESTAT:HSW_AW_NNASV(1.0),A,D21-M1,TOTAL,NR,EU15_NO,1998,247131,
dataflow,ESTAT:HSW_AW_NNASV(1.0),A,D21-M1,TOTAL,NR,EU15_NO,1999,249687,
dataflow,ESTAT:HSW_AW_NNASV(1.0),A,D21-M1,TOTAL,NR,EU15_NO,2000,266500,
dataflow,ESTAT:HSW_AW_NNASV(1.0),A,D21-M1,TOTAL,NR,EU15_NO,2001,269260,
dataflow,ESTAT:HSW_AW_NNASV(1.0),A,D21-M1,TOTAL,NR,EU15_NO,2002,266107,
dataflow,ESTAT:HSW_AW_NNASV(1.0),A,D21-M1,TOTAL,NR,EU15_NO,2003,516906,
dataflow,ESTAT:HSW_AW_NNASV(1.0),A,D21-M1,TOTAL,NR,EU15_NO,2004,357234,
dataflow,ESTAT:HSW_AW_NNASV(1.0),A,D21-M1,TOTAL,NR,EU15_NO,2005,361973,
dataflow,ESTAT:HSW_AW_NNASV(1.0),A,D21-M1,TOTAL,NR,EU15_NO,2006,315325,
dataflow,ESTAT:HSW_AW_NNASV(1.0),A,D21-M1,TOTAL,NR,EU15_NO,2007,230765,p
dataflow,ESTAT:HSW_AW_NNASV(1.0),A,D4-6,A,NR,EU15_NO,1996,18471,
dataflow,ESTAT:HSW_AW_NNASV(1.0),A,D4-6,A,NR,EU15_NO,1997,18498,
dataflow,ESTAT:HSW_AW_NNASV(1.0),A,D4-6,A,NR,EU15_NO,1998,17258,
dataflow,ESTAT:HSW_AW_NNASV(1.0),A,D4-6,A,NR,EU15_NO,1999,16464,
dataflow,ESTAT:HSW_AW_NNASV(1.0),A,D4-6,A,NR,EU15_NO,2000,16052,
dataflow,ESTAT:HSW_AW_NNASV(1.0),A,D4-6,A,NR,EU15_NO,2001,15549,
dataflow,ESTAT:HSW_AW_NNASV(1.0),A,D4-6,A,NR,EU15_NO,2002,14093,
dataflow,ESTAT:HSW_AW_NNASV(1.0),A,D4-6,A,NR,EU15_NO,2003,14783,
dataflow,ESTAT:HSW_AW_NNASV(1.0),A,D4-6,A,NR,EU15_NO,2004,15708,
dataflow,ESTAT:HSW_AW_NNASV(1.0),A,D4-6,A,NR,EU15_NO,2005,16455,
dataflow,ESTAT:HSW_AW_NNASV(1.0),A,D4-6,A,NR,EU15_NO,2006,11243,
dataflow,ESTAT:HSW_AW_NNASV(1.0),A,D4-6,A,NR,EU15_NO,2007,8801,p
dataflow,ESTAT:HSW_AW_NNASV(1.0),A,D4-6,A_D-K,NR,EU15_NO,1996,390871,
dataflow,ESTAT:HSW_AW_NNASV(1.0),A,D4-6,A_D-K,NR,EU15_NO,1997,336764,
dataflow,ESTAT:HSW_AW_NNASV(1.0),A,D4-6,A_D-K,NR,EU15_NO,1998,347475,
dataflow,ESTAT:HSW_AW_NNASV(1.0),A,D4-6,A_D-K,NR,EU15_NO,1999,344808,
dataflow,ESTAT:HSW_AW_NNASV(1.0),A,D4-6,A_D-K,NR,EU15_NO,2000,359807,
dataflow,ESTAT:HSW_AW_NNASV(1.0),A,D4-6,A_D-K,NR,EU15_NO,2001,371655,
dataflow,ESTAT:HSW_AW_NNASV(1.0),A,D4-6,A_D-K,NR,EU15_NO,2002,355875,
dataflow,ESTAT:HSW_AW_NNASV(1.0),A,D4-6,A_D-K,NR,EU15_NO,2003,362485,
dataflow,ESTAT:HSW_AW_NNASV(1.0),A,D4-6,A_D-K,NR,EU15_NO,2004,372456,
dataflow,ESTAT:HSW_AW_NNASV(1.0),A,D4-6,A_D-K,NR,EU15_NO,2005,401512,
dataflow,ESTAT:HSW_AW_NNASV(1.0),A,D4-6,A_D-K,NR,EU15_NO,2006,385295,
dataflow,ESTAT:HSW_AW_NNASV(1.0),A,D4-6,A_D-K,NR,EU15_NO,2007,350761,p
dataflow,ESTAT:HSW_AW_NNASV(1.0),A,D4-6,D,NR,EU15_NO,1996,152334,
dataflow,ESTAT:HSW_AW_NNASV(1.0),A,D4-6,D,NR,EU15_NO,1997,136066,
dataflow,ESTAT:HSW_AW_NNASV(1.0),A,D4-6,D,NR,EU15_NO,1998,138865,
dataflow,ESTAT:HSW_AW_NNASV(1.0),A,D4-6,D,NR,EU15_NO,1999,130795,
dataflow,ESTAT:HSW_AW_NNASV(1.0),A,D4-6,D,NR,EU15_NO,2000,133656,
dataflow,ESTAT:HSW_AW_NNASV(1.0),A,D4-6,D,NR,EU15_NO,2001,137640,
dataflow,ESTAT:HSW_AW_NNASV(1.0),A,D4-6,D,NR,EU15_NO,2002,124468,
dataflow,ESTAT:HSW_AW_NNASV(1.0),A,D4-6,D,NR,EU15_NO,2003,123101,
dataflow,ESTAT:HSW_AW_NNASV(1.0),A,D4-6,D,NR,EU15_NO,2004,122082,
dataflow,ESTAT:HSW_AW_NNASV(1.0),A,D4-6,D,NR,EU15_NO,2005,122697,
dataflow,ESTAT:HSW_AW_NNASV(1.0),A,D4-6,D,NR,EU15_NO,2006,122804,
dataflow,ESTAT:HSW_AW_NNASV(1.0),A,D4-6,D,NR,EU15_NO,2007,108670,p
dataflow,ESTAT:HSW_AW_NNASV(1.0),A,D4-6,E,NR,EU15_NO,1996,2589,
dataflow,ESTAT:HSW_AW_NNASV(1.0),A,D4-6,E,NR,EU15_NO,1997,3530,
dataflow,ESTAT:HSW_AW_NNASV(1.0),A,D4-6,E,NR,EU15_NO,1998,3536,
dataflow,ESTAT:HSW_AW_NNASV(1.0),A,D4-6,E,NR,EU15_NO,1999,2192,
dataflow,ESTAT:HSW_AW_NNASV(1.0),A,D4-6,E,NR,EU15_NO,2000,2325,
dataflow,ESTAT:HSW_AW_NNASV(1.0),A,D4-6,E,NR,EU15_NO,2001,2232,
dataflow,ESTAT:HSW_AW_NNASV(1.0),A,D4-6,E,NR,EU15_NO,2002,2062,
dataflow,ESTAT:HSW_AW_NNASV(1.0),A,D4-6,E,NR,EU15_NO,2003,2100,
dataflow,ESTAT:HSW_AW_NNASV(1.0),A,D4-6,E,NR,EU15_NO,2004,2332,
dataflow,ESTAT:HSW_AW_NNASV(1.0),A,D4-6,E,NR,EU15_NO,2005,2560,
dataflow,ESTAT:HSW_AW_NNASV(1.0),A,D4-6,E,NR,EU15_NO,2006,1972,
dataflow,ESTAT:HSW_AW_NNASV(1.0),A,D4-6,E,NR,EU15_NO,2007,2067,p
dataflow,ESTAT:HSW_AW_NNASV(1.0),A,D4-6,F,NR,EU15_NO,1996,72817,
dataflow,ESTAT:HSW_AW_NNASV(1.0),A,D4-6,F,NR,EU15_NO,1997,62399,
dataflow,ESTAT:HSW_AW_NNASV(1.0),A,D4-6,F,NR,EU15_NO,1998,65511,
dataflow,ESTAT:HSW_AW_NNASV(1.0),A,D4-6,F,NR,EU15_NO,1999,66397,
dataflow,ESTAT:HSW_AW_NNASV(1.0),A,D4-6,F,NR,EU15_NO,2000,70821,
dataflow,ESTAT:HSW_AW_NNASV(1.0),A,D4-6,F,NR,EU15_NO,2001,76068,
dataflow,ESTAT:HSW_AW_NNASV(1.0),A,D4-6,F,NR,EU15_NO,2002,70518,
dataflow,ESTAT:HSW_AW_NNASV(1.0),A,D4-6,F,NR,EU15_NO,2003,78410,
dataflow,ESTAT:HSW_AW_NNASV(1.0),A,D4-6,F,NR,EU15_NO,2004,84429,
dataflow,ESTAT:HSW_AW_NNASV(1.0),A,D4-6,F,NR,EU15_NO,2005,91110,
dataflow,ESTAT:HSW_AW_NNASV(1.0),A,D4-6,F,NR,EU15_NO,2006,89165,
dataflow,ESTAT:HSW_AW_NNASV(1.0),A,D4-6,F,NR,EU15_NO,2007,81709,p
dataflow,ESTAT:HSW_AW_NNASV(1.0),A,D4-6,G,NR,EU15_NO,1996,60657,
dataflow,ESTAT:HSW_AW_NNASV(1.0),A,D4-6,G,NR,EU15_NO,1997,47402,
dataflow,ESTAT:HSW_AW_NNASV(1.0),A,D4-6,G,NR,EU15_NO,1998,48685,
dataflow,ESTAT:HSW_AW_NNASV(1.0),A,D4-6,G,NR,EU15_NO,1999,49243,
dataflow,ESTAT:HSW_AW_NNASV(1.0),A,D4-6,G,NR,EU15_NO,2000,52047,
dataflow,ESTAT:HSW_AW_NNASV(1.0),A,D4-6,G,NR,EU15_NO,2001,53900,
dataflow,ESTAT:HSW_AW_NNASV(1.0),A,D4-6,G,NR,EU15_NO,2002,56246,
dataflow,ESTAT:HSW_AW_NNASV(1.0),A,D4-6,G,NR,EU15_NO,2003,56865,
dataflow,ESTAT:HSW_AW_NNASV(1.0),A,D4-6,G,NR,EU15_NO,2004,58919,
dataflow,ESTAT:HSW_AW_NNASV(1.0),A,D4-6,G,NR,EU15_NO,2005,65445,
dataflow,ESTAT:HSW_AW_NNASV(1.0),A,D4-6,G,NR,EU15_NO,2006,60180,
dataflow,ESTAT:HSW_AW_NNASV(1.0),A,D4-6,G,NR,EU15_NO,2007,56486,p
dataflow,ESTAT:HSW_AW_NNASV(1.0),A,D4-6,H,NR,EU15_NO,1996,19941,
dataflow,ESTAT:HSW_AW_NNASV(1.0),A,D4-6,H,NR,EU15_NO,1997,15018,
dataflow,ESTAT:HSW_AW_NNASV(1.0),A,D4-6,H,NR,EU15_NO,1998,16208,
dataflow,ESTAT:HSW_AW_NNASV(1.0),A,D4-6,H,NR,EU15_NO,1999,16770,
dataflow,ESTAT:HSW_AW_NNASV(1.0),A,D4-6,H,NR,EU15_NO,2000,17899,
dataflow,ESTAT:HSW_AW_NNASV(1.0),A,D4-6,H,NR,EU15_NO,2001,18089,
dataflow,ESTAT:HSW_AW_NNASV(1.0),A,D4-6,H,NR,EU15_NO,2002,19192,
dataflow,ESTAT:HSW_AW_NNASV(1.0),A,D4-6,H,NR,EU15_NO,2003,19307,
dataflow,ESTAT:HSW_AW_NNASV(1.0),A,D4-6,H,NR,EU15_NO,2004,20657,
dataflow,ESTAT:HSW_AW_NNASV(1.0),A,D4-6,H,NR,EU15_NO,2005,24459,
dataflow,ESTAT:HSW_AW_NNASV(1.0),A,D4-6,H,NR,EU15_NO,2006,20853,
dataflow,ESTAT:HSW_AW_NNASV(1.0),A,D4-6,H,NR,EU15_NO,2007,21138,p
dataflow,ESTAT:HSW_AW_NNASV(1.0),A,D4-6,I,NR,EU15_NO,1996,28630,
dataflow,ESTAT:HSW_AW_NNASV(1.0),A,D4-6,I,NR,EU15_NO,1997,25964,
dataflow,ESTAT:HSW_AW_NNASV(1.0),A,D4-6,I,NR,EU15_NO,1998,27031,
dataflow,ESTAT:HSW_AW_NNASV(1.0),A,D4-6,I,NR,EU15_NO,1999,28126,
dataflow,ESTAT:HSW_AW_NNASV(1.0),A,D4-6,I,NR,EU15_NO,2000,28717,
dataflow,ESTAT:HSW_AW_NNASV(1.0),A,D4-6,I,NR,EU15_NO,2001,29099,
dataflow,ESTAT:HSW_AW_NNASV(1.0),A,D4-6,I,NR,EU15_NO,2002,30104,
dataflow,ESTAT:HSW_AW_NNASV(1.0),A,D4-6,I,NR,EU15_NO,2003,31440,
dataflow,ESTAT:HSW_AW_NNASV(1.0),A,D4-6,I,NR,EU15_NO,2004,33507,
dataflow,ESTAT:HSW_AW_NNASV(1.0),A,D4-6,I,NR,EU15_NO,2005,38527,
dataflow,ESTAT:HSW_AW_NNASV(1.0),A,D4-6,I,NR,EU15_NO,2006,40601,
dataflow,ESTAT:HSW_AW_NNASV(1.0),A,D4-6,I,NR,EU15_NO,2007,34546,p
dataflow,ESTAT:HSW_AW_NNASV(1.0),A,D4-6,J_K,NR,EU15_NO,1996,33011,
dataflow,ESTAT:HSW_AW_NNASV(1.0),A,D4-6,J_K,NR,EU15_NO,1997,27887,
dataflow,ESTAT:HSW_AW_NNASV(1.0),A,D4-6,J_K,NR,EU15_NO,1998,30381,
dataflow,ESTAT:HSW_AW_NNASV(1.0),A,D4-6,J_K,NR,EU15_NO,1999,34821,
dataflow,ESTAT:HSW_AW_NNASV(1.0),A,D4-6,J_K,NR,EU15_NO,2000,38291,
dataflow,ESTAT:HSW_AW_NNASV(1.0),A,D4-6,J_K,NR,EU15_NO,2001,39076,
dataflow,ESTAT:HSW_AW_NNASV(1.0),A,D4-6,J_K,NR,EU15_NO,2002,39192,
dataflow,ESTAT:HSW_AW_NNASV(1.0),A,D4-6,J_K,NR,EU15_NO,2003,36479,
dataflow,ESTAT:HSW_AW_NNASV(1.0),A,D4-6,J_K,NR,EU15_NO,2004,34822,
dataflow,ESTAT:HSW_AW_NNASV(1.0),A,D4-6,J_K,NR,EU15_NO,2005,40258,
dataflow,ESTAT:HSW_AW_NNASV(1.0),A,D4-6,J_K,NR,EU15_NO,2006,38477,
dataflow,ESTAT:HSW_AW_NNASV(1.0),A,D4-6,J_K,NR,EU15_NO,2007,37344,p
dataflow,ESTAT:HSW_AW_NNASV(1.0),A,D4-6,TOTAL,NR,EU15_NO,1996,467933,
dataflow,ESTAT:HSW_AW_NNASV(1.0),A,D4-6,TOTAL,NR,EU15_NO,1997,390455,
dataflow,ESTAT:HSW_AW_NNASV(1.0),A,D4-6,TOTAL,NR,EU15_NO,1998,402070,
dataflow,ESTAT:HSW_AW_NNASV(1.0),A,D4-6,TOTAL,NR,EU15_NO,1999,403358,
dataflow,ESTAT:HSW_AW_NNASV(1.0),A,D4-6,TOTAL,NR,EU15_NO,2000,421722,
dataflow,ESTAT:HSW_AW_NNASV(1.0),A,D4-6,TOTAL,NR,EU15_NO,2001,439388,
dataflow,ESTAT:HSW_AW_NNASV(1.0),A,D4-6,TOTAL,NR,EU15_NO,2002,419491,
dataflow,ESTAT:HSW_AW_NNASV(1.0),A,D4-6,TOTAL,NR,EU15_NO,2003,426894,
dataflow,ESTAT:HSW_AW_NNASV(1.0),A,D4-6,TOTAL,NR,EU15_NO,2004,440736,
dataflow,ESTAT:HSW_AW_NNASV(1.0),A,D4-6,TOTAL,NR,EU15_NO,2005,487466,
dataflow,ESTAT:HSW_AW_NNASV(1.0),A,D4-6,TOTAL,NR,EU15_NO,2006,467223,
dataflow,ESTAT:HSW_AW_NNASV(1.0),A,D4-6,TOTAL,NR,EU15_NO,2007,420400,p
dataflow,ESTAT:HSW_AW_NNASV(1.0),A,D7-13,A,NR,EU15_NO,1996,48523,
dataflow,ESTAT:HSW_AW_NNASV(1.0),A,D7-13,A,NR,EU15_NO,1997,51577,
dataflow,ESTAT:HSW_AW_NNASV(1.0),A,D7-13,A,NR,EU15_NO,1998,47725,
dataflow,ESTAT:HSW_AW_NNASV(1.0),A,D7-13,A,NR,EU15_NO,1999,42233,
dataflow,ESTAT:HSW_AW_NNASV(1.0),A,D7-13,A,NR,EU15_NO,2000,40321,
dataflow,ESTAT:HSW_AW_NNASV(1.0),A,D7-13,A,NR,EU15_NO,2001,36719,
dataflow,ESTAT:HSW_AW_NNASV(1.0),A,D7-13,A,NR,EU15_NO,2002,32577,
dataflow,ESTAT:HSW_AW_NNASV(1.0),A,D7-13,A,NR,EU15_NO,2003,30692,
dataflow,ESTAT:HSW_AW_NNASV(1.0),A,D7-13,A,NR,EU15_NO,2004,32638,
dataflow,ESTAT:HSW_AW_NNASV(1.0),A,D7-13,A,NR,EU15_NO,2005,30053,
dataflow,ESTAT:HSW_AW_NNASV(1.0),A,D7-13,A,NR,EU15_NO,2006,21197,
dataflow,ESTAT:HSW_AW_NNASV(1.0),A,D7-13,A,NR,EU15_NO,2007,19063,p
dataflow,ESTAT:HSW_AW_NNASV(1.0),A,D7-13,A_D-K,NR,EU15_NO,1996,659875,
dataflow,ESTAT:HSW_AW_NNASV(1.0),A,D7-13,A_D-K,NR,EU15_NO,1997,609162,
dataflow,ESTAT:HSW_AW_NNASV(1.0),A,D7-13,A_D-K,NR,EU15_NO,1998,636761,
dataflow,ESTAT:HSW_AW_NNASV(1.0),A,D7-13,A_D-K,NR,EU15_NO,1999,635379,
dataflow,ESTAT:HSW_AW_NNASV(1.0),A,D7-13,A_D-K,NR,EU15_NO,2000,672774,
dataflow,ESTAT:HSW_AW_NNASV(1.0),A,D7-13,A_D-K,NR,EU15_NO,2001,645259,
dataflow,ESTAT:HSW_AW_NNASV(1.0),A,D7-13,A_D-K,NR,EU15_NO,2002,647646,
dataflow,ESTAT:HSW_AW_NNASV(1.0),A,D7-13,A_D-K,NR,EU15_NO,2003,582808,
dataflow,ESTAT:HSW_AW_NNASV(1.0),A,D7-13,A_D-K,NR,EU15_NO,2004,608795,
dataflow,ESTAT:HSW_AW_NNASV(1.0),A,D7-13,A_D-K,NR,EU15_NO,2005,579211,
dataflow,ESTAT:HSW_AW_NNASV(1.0),A,D7-13,A_D-K,NR,EU15_NO,2006,571749,
dataflow,ESTAT:HSW_AW_NNASV(1.0),A,D7-13,A_D-K,NR,EU15_NO,2007,557132,p
dataflow,ESTAT:HSW_AW_NNASV(1.0),A,D7-13,D,NR,EU15_NO,1996,242141,
dataflow,ESTAT:HSW_AW_NNASV(1.0),A,D7-13,D,NR,EU15_NO,1997,221995,
dataflow,ESTAT:HSW_AW_NNASV(1.0),A,D7-13,D,NR,EU15_NO,1998,230004,
dataflow,ESTAT:HSW_AW_NNASV(1.0),A,D7-13,D,NR,EU15_NO,1999,221996,
dataflow,ESTAT:HSW_AW_NNASV(1.0),A,D7-13,D,NR,EU15_NO,2000,229129,
dataflow,ESTAT:HSW_AW_NNASV(1.0),A,D7-13,D,NR,EU15_NO,2001,219982,
dataflow,ESTAT:HSW_AW_NNASV(1.0),A,D7-13,D,NR,EU15_NO,2002,213764,
dataflow,ESTAT:HSW_AW_NNASV(1.0),A,D7-13,D,NR,EU15_NO,2003,188415,
dataflow,ESTAT:HSW_AW_NNASV(1.0),A,D7-13,D,NR,EU15_NO,2004,191493,
dataflow,ESTAT:HSW_AW_NNASV(1.0),A,D7-13,D,NR,EU15_NO,2005,177821,
dataflow,ESTAT:HSW_AW_NNASV(1.0),A,D7-13,D,NR,EU15_NO,2006,174028,
dataflow,ESTAT:HSW_AW_NNASV(1.0),A,D7-13,D,NR,EU15_NO,2007,164790,p
dataflow,ESTAT:HSW_AW_NNASV(1.0),A,D7-13,E,NR,EU15_NO,1996,4334,
dataflow,ESTAT:HSW_AW_NNASV(1.0),A,D7-13,E,NR,EU15_NO,1997,3724,
dataflow,ESTAT:HSW_AW_NNASV(1.0),A,D7-13,E,NR,EU15_NO,1998,3892,
dataflow,ESTAT:HSW_AW_NNASV(1.0),A,D7-13,E,NR,EU15_NO,1999,3390,
dataflow,ESTAT:HSW_AW_NNASV(1.0),A,D7-13,E,NR,EU15_NO,2000,3890,
dataflow,ESTAT:HSW_AW_NNASV(1.0),A,D7-13,E,NR,EU15_NO,2001,3544,
dataflow,ESTAT:HSW_AW_NNASV(1.0),A,D7-13,E,NR,EU15_NO,2002,3580,
dataflow,ESTAT:HSW_AW_NNASV(1.0),A,D7-13,E,NR,EU15_NO,2003,3183,
dataflow,ESTAT:HSW_AW_NNASV(1.0),A,D7-13,E,NR,EU15_NO,2004,3459,
dataflow,ESTAT:HSW_AW_NNASV(1.0),A,D7-13,E,NR,EU15_NO,2005,3564,
dataflow,ESTAT:HSW_AW_NNASV(1.0),A,D7-13,E,NR,EU15_NO,2006,2828,
dataflow,ESTAT:HSW_AW_NNASV(1.0),A,D7-13,E,NR,EU15_NO,2007,2866,p
dataflow,ESTAT:HSW_AW_NNASV(1.0),A,D7-13,F,NR,EU15_NO,1996,126242,
dataflow,ESTAT:HSW_AW_NNASV(1.0),A,D7-13,F,NR,EU15_NO,1997,119513,
dataflow,ESTAT:HSW_AW_NNASV(1.0),A,D7-13,F,NR,EU15_NO,1998,127847,
dataflow,ESTAT:HSW_AW_NNASV(1.0),A,D7-13,F,NR,EU15_NO,1999,129099,
dataflow,ESTAT:HSW_AW_NNASV(1.0),A,D7-13,F,NR,EU15_NO,2000,142026,
dataflow,ESTAT:HSW_AW_NNASV(1.0),A,D7-13,F,NR,EU15_NO,2001,137346,
dataflow,ESTAT:HSW_AW_NNASV(1.0),A,D7-13,F,NR,EU15_NO,2002,140179,
dataflow,ESTAT:HSW_AW_NNASV(1.0),A,D7-13,F,NR,EU15_NO,2003,125498,
dataflow,ESTAT:HSW_AW_NNASV(1.0),A,D7-13,F,NR,EU15_NO,2004,136780,
dataflow,ESTAT:HSW_AW_NNASV(1.0),A,D7-13,F,NR,EU15_NO,2005,134301,
dataflow,ESTAT:HSW_AW_NNASV(1.0),A,D7-13,F,NR,EU15_NO,2006,136801,
dataflow,ESTAT:HSW_AW_NNASV(1.0),A,D7-13,F,NR,EU15_NO,2007,130090,p
dataflow,ESTAT:HSW_AW_NNASV(1.0),A,D7-13,G,NR,EU15_NO,1996,101341,
dataflow,ESTAT:HSW_AW_NNASV(1.0),A,D7-13,G,NR,EU15_NO,1997,87564,
dataflow,ESTAT:HSW_AW_NNASV(1.0),A,D7-13,G,NR,EU15_NO,1998,92002,
dataflow,ESTAT:HSW_AW_NNASV(1.0),A,D7-13,G,NR,EU15_NO,1999,92714,
dataflow,ESTAT:HSW_AW_NNASV(1.0),A,D7-13,G,NR,EU15_NO,2000,98632,
dataflow,ESTAT:HSW_AW_NNASV(1.0),A,D7-13,G,NR,EU15_NO,2001,94396,
dataflow,ESTAT:HSW_AW_NNASV(1.0),A,D7-13,G,NR,EU15_NO,2002,100156,
dataflow,ESTAT:HSW_AW_NNASV(1.0),A,D7-13,G,NR,EU15_NO,2003,92155,
dataflow,ESTAT:HSW_AW_NNASV(1.0),A,D7-13,G,NR,EU15_NO,2004,96377,
dataflow,ESTAT:HSW_AW_NNASV(1.0),A,D7-13,G,NR,EU15_NO,2005,91682,
dataflow,ESTAT:HSW_AW_NNASV(1.0),A,D7-13,G,NR,EU15_NO,2006,91443,
dataflow,ESTAT:HSW_AW_NNASV(1.0),A,D7-13,G,NR,EU15_NO,2007,89674,p
dataflow,ESTAT:HSW_AW_NNASV(1.0),A,D7-13,H,NR,EU15_NO,1996,34720,
dataflow,ESTAT:HSW_AW_NNASV(1.0),A,D7-13,H,NR,EU15_NO,1997,33068,
dataflow,ESTAT:HSW_AW_NNASV(1.0),A,D7-13,H,NR,EU15_NO,1998,35645,
dataflow,ESTAT:HSW_AW_NNASV(1.0),A,D7-13,H,NR,EU15_NO,1999,37243,
dataflow,ESTAT:HSW_AW_NNASV(1.0),A,D7-13,H,NR,EU15_NO,2000,40189,
dataflow,ESTAT:HSW_AW_NNASV(1.0),A,D7-13,H,NR,EU15_NO,2001,37684,
dataflow,ESTAT:HSW_AW_NNASV(1.0),A,D7-13,H,NR,EU15_NO,2002,39355,
dataflow,ESTAT:HSW_AW_NNASV(1.0),A,D7-13,H,NR,EU15_NO,2003,35995,
dataflow,ESTAT:HSW_AW_NNASV(1.0),A,D7-13,H,NR,EU15_NO,2004,39901,
dataflow,ESTAT:HSW_AW_NNASV(1.0),A,D7-13,H,NR,EU15_NO,2005,38644,
dataflow,ESTAT:HSW_AW_NNASV(1.0),A,D7-13,H,NR,EU15_NO,2006,38391,
dataflow,ESTAT:HSW_AW_NNASV(1.0),A,D7-13,H,NR,EU15_NO,2007,38360,p
dataflow,ESTAT:HSW_AW_NNASV(1.0),A,D7-13,I,NR,EU15_NO,1996,47401,
dataflow,ESTAT:HSW_AW_NNASV(1.0),A,D7-13,I,NR,EU15_NO,1997,43284,
dataflow,ESTAT:HSW_AW_NNASV(1.0),A,D7-13,I,NR,EU15_NO,1998,46093,
dataflow,ESTAT:HSW_AW_NNASV(1.0),A,D7-13,I,NR,EU15_NO,1999,47659,
dataflow,ESTAT:HSW_AW_NNASV(1.0),A,D7-13,I,NR,EU15_NO,2000,50740,
dataflow,ESTAT:HSW_AW_NNASV(1.0),A,D7-13,I,NR,EU15_NO,2001,49238,
dataflow,ESTAT:HSW_AW_NNASV(1.0),A,D7-13,I,NR,EU15_NO,2002,51552,
dataflow,ESTAT:HSW_AW_NNASV(1.0),A,D7-13,I,NR,EU15_NO,2003,48614,
dataflow,ESTAT:HSW_AW_NNASV(1.0),A,D7-13,I,NR,EU15_NO,2004,53163,
dataflow,ESTAT:HSW_AW_NNASV(1.0),A,D7-13,I,NR,EU15_NO,2005,50689,
dataflow,ESTAT:HSW_AW_NNASV(1.0),A,D7-13,I,NR,EU15_NO,2006,51091,
dataflow,ESTAT:HSW_AW_NNASV(1.0),A,D7-13,I,NR,EU15_NO,2007,51694,p
dataflow,ESTAT:HSW_AW_NNASV(1.0),A,D7-13,J_K,NR,EU15_NO,1996,48813,
dataflow,ESTAT:HSW_AW_NNASV(1.0),A,D7-13,J_K,NR,EU15_NO,1997,48437,
dataflow,ESTAT:HSW_AW_NNASV(1.0),A,D7-13,J_K,NR,EU15_NO,1998,53553,
dataflow,ESTAT:HSW_AW_NNASV(1.0),A,D7-13,J_K,NR,EU15_NO,1999,61045,
dataflow,ESTAT:HSW_AW_NNASV(1.0),A,D7-13,J_K,NR,EU15_NO,2000,67846,
dataflow,ESTAT:HSW_AW_NNASV(1.0),A,D7-13,J_K,NR,EU15_NO,2001,66350,
dataflow,ESTAT:HSW_AW_NNASV(1.0),A,D7-13,J_K,NR,EU15_NO,2002,66482,
dataflow,ESTAT:HSW_AW_NNASV(1.0),A,D7-13,J_K,NR,EU15_NO,2003,58255,
dataflow,ESTAT:HSW_AW_NNASV(1.0),A,D7-13,J_K,NR,EU15_NO,2004,54983,
dataflow,ESTAT:HSW_AW_NNASV(1.0),A,D7-13,J_K,NR,EU15_NO,2005,52457,
dataflow,ESTAT:HSW_AW_NNASV(1.0),A,D7-13,J_K,NR,EU15_NO,2006,55970,
dataflow,ESTAT:HSW_AW_NNASV(1.0),A,D7-13,J_K,NR,EU15_NO,2007,60595,p
dataflow,ESTAT:HSW_AW_NNASV(1.0),A,D7-13,TOTAL,NR,EU15_NO,1996,774301,
dataflow,ESTAT:HSW_AW_NNASV(1.0),A,D7-13,TOTAL,NR,EU15_NO,1997,689197,
dataflow,ESTAT:HSW_AW_NNASV(1.0),A,D7-13,TOTAL,NR,EU15_NO,1998,718997,
dataflow,ESTAT:HSW_AW_NNASV(1.0),A,D7-13,TOTAL,NR,EU15_NO,1999,720312,
dataflow,ESTAT:HSW_AW_NNASV(1.0),A,D7-13,TOTAL,NR,EU15_NO,2000,764133,
dataflow,ESTAT:HSW_AW_NNASV(1.0),A,D7-13,TOTAL,NR,EU15_NO,2001,738970,
dataflow,ESTAT:HSW_AW_NNASV(1.0),A,D7-13,TOTAL,NR,EU15_NO,2002,739296,
dataflow,ESTAT:HSW_AW_NNASV(1.0),A,D7-13,TOTAL,NR,EU15_NO,2003,671089,
dataflow,ESTAT:HSW_AW_NNASV(1.0),A,D7-13,TOTAL,NR,EU15_NO,2004,701480,
dataflow,ESTAT:HSW_AW_NNASV(1.0),A,D7-13,TOTAL,NR,EU15_NO,2005,668624,
dataflow,ESTAT:HSW_AW_NNASV(1.0),A,D7-13,TOTAL,NR,EU15_NO,2006,663734,
dataflow,ESTAT:HSW_AW_NNASV(1.0),A,D7-13,TOTAL,NR,EU15_NO,2007,651371,p
dataflow,ESTAT:HSW_AW_NNASV(1.0),A,D_GE183_PI,A,NR,EU15_NO,1996,2574,
dataflow,ESTAT:HSW_AW_NNASV(1.0),A,D_GE183_PI,A,NR,EU15_NO,1997,9400,
dataflow,ESTAT:HSW_AW_NNASV(1.0),A,D_GE183_PI,A,NR,EU15_NO,1998,9034,
dataflow,ESTAT:HSW_AW_NNASV(1.0),A,D_GE183_PI,A,NR,EU15_NO,1999,9080,
dataflow,ESTAT:HSW_AW_NNASV(1.0),A,D_GE183_PI,A,NR,EU15_NO,2000,5996,
dataflow,ESTAT:HSW_AW_NNASV(1.0),A,D_GE183_PI,A,NR,EU15_NO,2001,4912,
dataflow,ESTAT:HSW_AW_NNASV(1.0),A,D_GE183_PI,A,NR,EU15_NO,2002,5365,
dataflow,ESTAT:HSW_AW_NNASV(1.0),A,D_GE183_PI,A,NR,EU15_NO,2003,5865,
dataflow,ESTAT:HSW_AW_NNASV(1.0),A,D_GE183_PI,A,NR,EU15_NO,2004,5959,
dataflow,ESTAT:HSW_AW_NNASV(1.0),A,D_GE183_PI,A,NR,EU15_NO,2005,7199,
dataflow,ESTAT:HSW_AW_NNASV(1.0),A,D_GE183_PI,A,NR,EU15_NO,2006,5559,
dataflow,ESTAT:HSW_AW_NNASV(1.0),A,D_GE183_PI,A,NR,EU15_NO,2007,5070,p
dataflow,ESTAT:HSW_AW_NNASV(1.0),A,D_GE183_PI,A_D-K,NR,EU15_NO,1996,44178,
dataflow,ESTAT:HSW_AW_NNASV(1.0),A,D_GE183_PI,A_D-K,NR,EU15_NO,1997,67435,
dataflow,ESTAT:HSW_AW_NNASV(1.0),A,D_GE183_PI,A_D-K,NR,EU15_NO,1998,69598,
dataflow,ESTAT:HSW_AW_NNASV(1.0),A,D_GE183_PI,A_D-K,NR,EU15_NO,1999,69946,
dataflow,ESTAT:HSW_AW_NNASV(1.0),A,D_GE183_PI,A_D-K,NR,EU15_NO,2000,63571,
dataflow,ESTAT:HSW_AW_NNASV(1.0),A,D_GE183_PI,A_D-K,NR,EU15_NO,2001,62044,
dataflow,ESTAT:HSW_AW_NNASV(1.0),A,D_GE183_PI,A_D-K,NR,EU15_NO,2002,65065,
dataflow,ESTAT:HSW_AW_NNASV(1.0),A,D_GE183_PI,A_D-K,NR,EU15_NO,2003,70327,
dataflow,ESTAT:HSW_AW_NNASV(1.0),A,D_GE183_PI,A_D-K,NR,EU15_NO,2004,66415,
dataflow,ESTAT:HSW_AW_NNASV(1.0),A,D_GE183_PI,A_D-K,NR,EU15_NO,2005,78964,
dataflow,ESTAT:HSW_AW_NNASV(1.0),A,D_GE183_PI,A_D-K,NR,EU15_NO,2006,83799,
dataflow,ESTAT:HSW_AW_NNASV(1.0),A,D_GE183_PI,A_D-K,NR,EU15_NO,2007,83820,p
dataflow,ESTAT:HSW_AW_NNASV(1.0),A,D_GE183_PI,D,NR,EU15_NO,1996,12782,
dataflow,ESTAT:HSW_AW_NNASV(1.0),A,D_GE183_PI,D,NR,EU15_NO,1997,20181,
dataflow,ESTAT:HSW_AW_NNASV(1.0),A,D_GE183_PI,D,NR,EU15_NO,1998,21060,
dataflow,ESTAT:HSW_AW_NNASV(1.0),A,D_GE183_PI,D,NR,EU15_NO,1999,19854,
dataflow,ESTAT:HSW_AW_NNASV(1.0),A,D_GE183_PI,D,NR,EU15_NO,2000,18145,
dataflow,ESTAT:HSW_AW_NNASV(1.0),A,D_GE183_PI,D,NR,EU15_NO,2001,17491,
dataflow,ESTAT:HSW_AW_NNASV(1.0),A,D_GE183_PI,D,NR,EU15_NO,2002,18000,
dataflow,ESTAT:HSW_AW_NNASV(1.0),A,D_GE183_PI,D,NR,EU15_NO,2003,18689,
dataflow,ESTAT:HSW_AW_NNASV(1.0),A,D_GE183_PI,D,NR,EU15_NO,2004,17346,
dataflow,ESTAT:HSW_AW_NNASV(1.0),A,D_GE183_PI,D,NR,EU15_NO,2005,17621,
dataflow,ESTAT:HSW_AW_NNASV(1.0),A,D_GE183_PI,D,NR,EU15_NO,2006,22307,
dataflow,ESTAT:HSW_AW_NNASV(1.0),A,D_GE183_PI,D,NR,EU15_NO,2007,19713,p
dataflow,ESTAT:HSW_AW_NNASV(1.0),A,D_GE183_PI,E,NR,EU15_NO,1996,254,
dataflow,ESTAT:HSW_AW_NNASV(1.0),A,D_GE183_PI,E,NR,EU15_NO,1997,359,
dataflow,ESTAT:HSW_AW_NNASV(1.0),A,D_GE183_PI,E,NR,EU15_NO,1998,359,
dataflow,ESTAT:HSW_AW_NNASV(1.0),A,D_GE183_PI,E,NR,EU15_NO,1999,420,
dataflow,ESTAT:HSW_AW_NNASV(1.0),A,D_GE183_PI,E,NR,EU15_NO,2000,412,
dataflow,ESTAT:HSW_AW_NNASV(1.0),A,D_GE183_PI,E,NR,EU15_NO,2001,372,
dataflow,ESTAT:HSW_AW_NNASV(1.0),A,D_GE183_PI,E,NR,EU15_NO,2002,403,
dataflow,ESTAT:HSW_AW_NNASV(1.0),A,D_GE183_PI,E,NR,EU15_NO,2003,406,
dataflow,ESTAT:HSW_AW_NNASV(1.0),A,D_GE183_PI,E,NR,EU15_NO,2004,376,
dataflow,ESTAT:HSW_AW_NNASV(1.0),A,D_GE183_PI,E,NR,EU15_NO,2005,674,
dataflow,ESTAT:HSW_AW_NNASV(1.0),A,D_GE183_PI,E,NR,EU15_NO,2006,378,
dataflow,ESTAT:HSW_AW_NNASV(1.0),A,D_GE183_PI,E,NR,EU15_NO,2007,330,p
dataflow,ESTAT:HSW_AW_NNASV(1.0),A,D_GE183_PI,F,NR,EU15_NO,1996,11935,
dataflow,ESTAT:HSW_AW_NNASV(1.0),A,D_GE183_PI,F,NR,EU15_NO,1997,16412,
dataflow,ESTAT:HSW_AW_NNASV(1.0),A,D_GE183_PI,F,NR,EU15_NO,1998,17001,
dataflow,ESTAT:HSW_AW_NNASV(1.0),A,D_GE183_PI,F,NR,EU15_NO,1999,16400,
dataflow,ESTAT:HSW_AW_NNASV(1.0),A,D_GE183_PI,F,NR,EU15_NO,2000,15528,
dataflow,ESTAT:HSW_AW_NNASV(1.0),A,D_GE183_PI,F,NR,EU15_NO,2001,15489,
dataflow,ESTAT:HSW_AW_NNASV(1.0),A,D_GE183_PI,F,NR,EU15_NO,2002,15912,
dataflow,ESTAT:HSW_AW_NNASV(1.0),A,D_GE183_PI,F,NR,EU15_NO,2003,17624,
dataflow,ESTAT:HSW_AW_NNASV(1.0),A,D_GE183_PI,F,NR,EU15_NO,2004,16252,
dataflow,ESTAT:HSW_AW_NNASV(1.0),A,D_GE183_PI,F,NR,EU15_NO,2005,21305,
dataflow,ESTAT:HSW_AW_NNASV(1.0),A,D_GE183_PI,F,NR,EU15_NO,2006,19249,
dataflow,ESTAT:HSW_AW_NNASV(1.0),A,D_GE183_PI,F,NR,EU15_NO,2007,19455,p
dataflow,ESTAT:HSW_AW_NNASV(1.0),A,D_GE183_PI,G,NR,EU15_NO,1996,6146,
dataflow,ESTAT:HSW_AW_NNASV(1.0),A,D_GE183_PI,G,NR,EU15_NO,1997,7840,
dataflow,ESTAT:HSW_AW_NNASV(1.0),A,D_GE183_PI,G,NR,EU15_NO,1998,8116,
dataflow,ESTAT:HSW_AW_NNASV(1.0),A,D_GE183_PI,G,NR,EU15_NO,1999,8342,
dataflow,ESTAT:HSW_AW_NNASV(1.0),A,D_GE183_PI,G,NR,EU15_NO,2000,7987,
dataflow,ESTAT:HSW_AW_NNASV(1.0),A,D_GE183_PI,G,NR,EU15_NO,2001,8086,
dataflow,ESTAT:HSW_AW_NNASV(1.0),A,D_GE183_PI,G,NR,EU15_NO,2002,8671,
dataflow,ESTAT:HSW_AW_NNASV(1.0),A,D_GE183_PI,G,NR,EU15_NO,2003,9232,
dataflow,ESTAT:HSW_AW_NNASV(1.0),A,D_GE183_PI,G,NR,EU15_NO,2004,8873,
dataflow,ESTAT:HSW_AW_NNASV(1.0),A,D_GE183_PI,G,NR,EU15_NO,2005,11471,
dataflow,ESTAT:HSW_AW_NNASV(1.0),A,D_GE183_PI,G,NR,EU15_NO,2006,11821,
dataflow,ESTAT:HSW_AW_NNASV(1.0),A,D_GE183_PI,G,NR,EU15_NO,2007,12310,p
dataflow,ESTAT:HSW_AW_NNASV(1.0),A,D_GE183_PI,H,NR,EU15_NO,1996,1908,
dataflow,ESTAT:HSW_AW_NNASV(1.0),A,D_GE183_PI,H,NR,EU15_NO,1997,1925,
dataflow,ESTAT:HSW_AW_NNASV(1.0),A,D_GE183_PI,H,NR,EU15_NO,1998,1992,
dataflow,ESTAT:HSW_AW_NNASV(1.0),A,D_GE183_PI,H,NR,EU15_NO,1999,2138,
dataflow,ESTAT:HSW_AW_NNASV(1.0),A,D_GE183_PI,H,NR,EU15_NO,2000,2195,
dataflow,ESTAT:HSW_AW_NNASV(1.0),A,D_GE183_PI,H,NR,EU15_NO,2001,2163,
dataflow,ESTAT:HSW_AW_NNASV(1.0),A,D_GE183_PI,H,NR,EU15_NO,2002,2359,
dataflow,ESTAT:HSW_AW_NNASV(1.0),A,D_GE183_PI,H,NR,EU15_NO,2003,2524,
dataflow,ESTAT:HSW_AW_NNASV(1.0),A,D_GE183_PI,H,NR,EU15_NO,2004,2428,
dataflow,ESTAT:HSW_AW_NNASV(1.0),A,D_GE183_PI,H,NR,EU15_NO,2005,3374,
dataflow,ESTAT:HSW_AW_NNASV(1.0),A,D_GE183_PI,H,NR,EU15_NO,2006,4315,
dataflow,ESTAT:HSW_AW_NNASV(1.0),A,D_GE183_PI,H,NR,EU15_NO,2007,4417,p
dataflow,ESTAT:HSW_AW_NNASV(1.0),A,D_GE183_PI,I,NR,EU15_NO,1996,4124,
dataflow,ESTAT:HSW_AW_NNASV(1.0),A,D_GE183_PI,I,NR,EU15_NO,1997,6194,
dataflow,ESTAT:HSW_AW_NNASV(1.0),A,D_GE183_PI,I,NR,EU15_NO,1998,6557,
dataflow,ESTAT:HSW_AW_NNASV(1.0),A,D_GE183_PI,I,NR,EU15_NO,1999,7206,
dataflow,ESTAT:HSW_AW_NNASV(1.0),A,D_GE183_PI,I,NR,EU15_NO,2000,6363,
dataflow,ESTAT:HSW_AW_NNASV(1.0),A,D_GE183_PI,I,NR,EU15_NO,2001,6683,
dataflow,ESTAT:HSW_AW_NNASV(1.0),A,D_GE183_PI,I,NR,EU15_NO,2002,7128,
dataflow,ESTAT:HSW_AW_NNASV(1.0),A,D_GE183_PI,I,NR,EU15_NO,2003,8234,
dataflow,ESTAT:HSW_AW_NNASV(1.0),A,D_GE183_PI,I,NR,EU15_NO,2004,7929,
dataflow,ESTAT:HSW_AW_NNASV(1.0),A,D_GE183_PI,I,NR,EU15_NO,2005,8936,
dataflow,ESTAT:HSW_AW_NNASV(1.0),A,D_GE183_PI,I,NR,EU15_NO,2006,10347,
dataflow,ESTAT:HSW_AW_NNASV(1.0),A,D_GE183_PI,I,NR,EU15_NO,2007,10725,p
dataflow,ESTAT:HSW_AW_NNASV(1.0),A,D_GE183_PI,J_K,NR,EU15_NO,1996,4118,
dataflow,ESTAT:HSW_AW_NNASV(1.0),A,D_GE183_PI,J_K,NR,EU15_NO,1997,5124,
dataflow,ESTAT:HSW_AW_NNASV(1.0),A,D_GE183_PI,J_K,NR,EU15_NO,1998,5479,
dataflow,ESTAT:HSW_AW_NNASV(1.0),A,D_GE183_PI,J_K,NR,EU15_NO,1999,6506,
dataflow,ESTAT:HSW_AW_NNASV(1.0),A,D_GE183_PI,J_K,NR,EU15_NO,2000,6946,
dataflow,ESTAT:HSW_AW_NNASV(1.0),A,D_GE183_PI,J_K,NR,EU15_NO,2001,6848,
dataflow,ESTAT:HSW_AW_NNASV(1.0),A,D_GE183_PI,J_K,NR,EU15_NO,2002,7228,
dataflow,ESTAT:HSW_AW_NNASV(1.0),A,D_GE183_PI,J_K,NR,EU15_NO,2003,7753,
dataflow,ESTAT:HSW_AW_NNASV(1.0),A,D_GE183_PI,J_K,NR,EU15_NO,2004,7251,
dataflow,ESTAT:HSW_AW_NNASV(1.0),A,D_GE183_PI,J_K,NR,EU15_NO,2005,8384,
dataflow,ESTAT:HSW_AW_NNASV(1.0),A,D_GE183_PI,J_K,NR,EU15_NO,2006,9823,
dataflow,ESTAT:HSW_AW_NNASV(1.0),A,D_GE183_PI,J_K,NR,EU15_NO,2007,11800,p
dataflow,ESTAT:HSW_AW_NNASV(1.0),A,D_GE183_PI,TOTAL,NR,EU15_NO,1996,52877,
dataflow,ESTAT:HSW_AW_NNASV(1.0),A,D_GE183_PI,TOTAL,NR,EU15_NO,1997,76370,
dataflow,ESTAT:HSW_AW_NNASV(1.0),A,D_GE183_PI,TOTAL,NR,EU15_NO,1998,79172,
dataflow,ESTAT:HSW_AW_NNASV(1.0),A,D_GE183_PI,TOTAL,NR,EU15_NO,1999,80500,
dataflow,ESTAT:HSW_AW_NNASV(1.0),A,D_GE183_PI,TOTAL,NR,EU15_NO,2000,74088,
dataflow,ESTAT:HSW_AW_NNASV(1.0),A,D_GE183_PI,TOTAL,NR,EU15_NO,2001,72525,
dataflow,ESTAT:HSW_AW_NNASV(1.0),A,D_GE183_PI,TOTAL,NR,EU15_NO,2002,75378,
dataflow,ESTAT:HSW_AW_NNASV(1.0),A,D_GE183_PI,TOTAL,NR,EU15_NO,2003,83341,
dataflow,ESTAT:HSW_AW_NNASV(1.0),A,D_GE183_PI,TOTAL,NR,EU15_NO,2004,78108,
dataflow,ESTAT:HSW_AW_NNASV(1.0),A,D_GE183_PI,TOTAL,NR,EU15_NO,2005,98654,
dataflow,ESTAT:HSW_AW_NNASV(1.0),A,D_GE183_PI,TOTAL,NR,EU15_NO,2006,103832,
dataflow,ESTAT:HSW_AW_NNASV(1.0),A,D_GE183_PI,TOTAL,NR,EU15_NO,2007,105168,p
dataflow,ESTAT:HSW_AW_NNASV(1.0),A,D_GE4,A,NR,EU15_NO,1996,362241,
dataflow,ESTAT:HSW_AW_NNASV(1.0),A,D_GE4,A,NR,EU15_NO,1997,352013,
dataflow,ESTAT:HSW_AW_NNASV(1.0),A,D_GE4,A,NR,EU15_NO,1998,346934,
dataflow,ESTAT:HSW_AW_NNASV(1.0),A,D_GE4,A,NR,EU15_NO,1999,362931,
dataflow,ESTAT:HSW_AW_NNASV(1.0),A,D_GE4,A,NR,EU15_NO,2000,342588,
dataflow,ESTAT:HSW_AW_NNASV(1.0),A,D_GE4,A,NR,EU15_NO,2001,319215,
dataflow,ESTAT:HSW_AW_NNASV(1.0),A,D_GE4,A,NR,EU15_NO,2002,284998,
dataflow,ESTAT:HSW_AW_NNASV(1.0),A,D_GE4,A,NR,EU15_NO,2003,271568,
dataflow,ESTAT:HSW_AW_NNASV(1.0),A,D_GE4,A,NR,EU15_NO,2004,260458,
dataflow,ESTAT:HSW_AW_NNASV(1.0),A,D_GE4,A,NR,EU15_NO,2005,233072,
dataflow,ESTAT:HSW_AW_NNASV(1.0),A,D_GE4,A,NR,EU15_NO,2006,200786,
dataflow,ESTAT:HSW_AW_NNASV(1.0),A,D_GE4,A,NR,EU15_NO,2007,179078,p
dataflow,ESTAT:HSW_AW_NNASV(1.0),A,D_GE4,A_D-K,NR,EU15_NO,1996,4010391,
dataflow,ESTAT:HSW_AW_NNASV(1.0),A,D_GE4,A_D-K,NR,EU15_NO,1997,3938564,
dataflow,ESTAT:HSW_AW_NNASV(1.0),A,D_GE4,A_D-K,NR,EU15_NO,1998,4002123,
dataflow,ESTAT:HSW_AW_NNASV(1.0),A,D_GE4,A_D-K,NR,EU15_NO,1999,4108755,
dataflow,ESTAT:HSW_AW_NNASV(1.0),A,D_GE4,A_D-K,NR,EU15_NO,2000,4131112,
dataflow,ESTAT:HSW_AW_NNASV(1.0),A,D_GE4,A_D-K,NR,EU15_NO,2001,4022507,
dataflow,ESTAT:HSW_AW_NNASV(1.0),A,D_GE4,A_D-K,NR,EU15_NO,2002,3729775,
dataflow,ESTAT:HSW_AW_NNASV(1.0),A,D_GE4,A_D-K,NR,EU15_NO,2003,3522747,
dataflow,ESTAT:HSW_AW_NNASV(1.0),A,D_GE4,A_D-K,NR,EU15_NO,2004,3345092,
dataflow,ESTAT:HSW_AW_NNASV(1.0),A,D_GE4,A_D-K,NR,EU15_NO,2005,3315074,
dataflow,ESTAT:HSW_AW_NNASV(1.0),A,D_GE4,A_D-K,NR,EU15_NO,2006,3243998,
dataflow,ESTAT:HSW_AW_NNASV(1.0),A,D_GE4,A_D-K,NR,EU15_NO,2007,3082443,p
dataflow,ESTAT:HSW_AW_NNASV(1.0),A,D_GE4,D,NR,EU15_NO,1996,1380485,
dataflow,ESTAT:HSW_AW_NNASV(1.0),A,D_GE4,D,NR,EU15_NO,1997,1361948,
dataflow,ESTAT:HSW_AW_NNASV(1.0),A,D_GE4,D,NR,EU15_NO,1998,1381397,
dataflow,ESTAT:HSW_AW_NNASV(1.0),A,D_GE4,D,NR,EU15_NO,1999,1365190,
dataflow,ESTAT:HSW_AW_NNASV(1.0),A,D_GE4,D,NR,EU15_NO,2000,1351293,
dataflow,ESTAT:HSW_AW_NNASV(1.0),A,D_GE4,D,NR,EU15_NO,2001,1311366,
dataflow,ESTAT:HSW_AW_NNASV(1.0),A,D_GE4,D,NR,EU15_NO,2002,1170136,
dataflow,ESTAT:HSW_AW_NNASV(1.0),A,D_GE4,D,NR,EU15_NO,2003,1086018,
dataflow,ESTAT:HSW_AW_NNASV(1.0),A,D_GE4,D,NR,EU15_NO,2004,1020907,
dataflow,ESTAT:HSW_AW_NNASV(1.0),A,D_GE4,D,NR,EU15_NO,2005,986033,
dataflow,ESTAT:HSW_AW_NNASV(1.0),A,D_GE4,D,NR,EU15_NO,2006,961490,
dataflow,ESTAT:HSW_AW_NNASV(1.0),A,D_GE4,D,NR,EU15_NO,2007,893919,p
dataflow,ESTAT:HSW_AW_NNASV(1.0),A,D_GE4,E,NR,EU15_NO,1996,21319,
dataflow,ESTAT:HSW_AW_NNASV(1.0),A,D_GE4,E,NR,EU15_NO,1997,21529,
dataflow,ESTAT:HSW_AW_NNASV(1.0),A,D_GE4,E,NR,EU15_NO,1998,20825,
dataflow,ESTAT:HSW_AW_NNASV(1.0),A,D_GE4,E,NR,EU15_NO,1999,17812,
dataflow,ESTAT:HSW_AW_NNASV(1.0),A,D_GE4,E,NR,EU15_NO,2000,18505,
dataflow,ESTAT:HSW_AW_NNASV(1.0),A,D_GE4,E,NR,EU15_NO,2001,16558,
dataflow,ESTAT:HSW_AW_NNASV(1.0),A,D_GE4,E,NR,EU15_NO,2002,21596,
dataflow,ESTAT:HSW_AW_NNASV(1.0),A,D_GE4,E,NR,EU15_NO,2003,21756,
dataflow,ESTAT:HSW_AW_NNASV(1.0),A,D_GE4,E,NR,EU15_NO,2004,20902,
dataflow,ESTAT:HSW_AW_NNASV(1.0),A,D_GE4,E,NR,EU15_NO,2005,21338,
dataflow,ESTAT:HSW_AW_NNASV(1.0),A,D_GE4,E,NR,EU15_NO,2006,18498,
dataflow,ESTAT:HSW_AW_NNASV(1.0),A,D_GE4,E,NR,EU15_NO,2007,17168,p
dataflow,ESTAT:HSW_AW_NNASV(1.0),A,D_GE4,F,NR,EU15_NO,1996,838895,
dataflow,ESTAT:HSW_AW_NNASV(1.0),A,D_GE4,F,NR,EU15_NO,1997,833024,
dataflow,ESTAT:HSW_AW_NNASV(1.0),A,D_GE4,F,NR,EU15_NO,1998,840198,
dataflow,ESTAT:HSW_AW_NNASV(1.0),A,D_GE4,F,NR,EU15_NO,1999,854295,
dataflow,ESTAT:HSW_AW_NNASV(1.0),A,D_GE4,F,NR,EU15_NO,2000,855708,
dataflow,ESTAT:HSW_AW_NNASV(1.0),A,D_GE4,F,NR,EU15_NO,2001,834266,
dataflow,ESTAT:HSW_AW_NNASV(1.0),A,D_GE4,F,NR,EU15_NO,2002,795229,
dataflow,ESTAT:HSW_AW_NNASV(1.0),A,D_GE4,F,NR,EU15_NO,2003,761353,
dataflow,ESTAT:HSW_AW_NNASV(1.0),A,D_GE4,F,NR,EU15_NO,2004,728945,
dataflow,ESTAT:HSW_AW_NNASV(1.0),A,D_GE4,F,NR,EU15_NO,2005,735377,
dataflow,ESTAT:HSW_AW_NNASV(1.0),A,D_GE4,F,NR,EU15_NO,2006,725995,
dataflow,ESTAT:HSW_AW_NNASV(1.0),A,D_GE4,F,NR,EU15_NO,2007,680887,p
dataflow,ESTAT:HSW_AW_NNASV(1.0),A,D_GE4,G,NR,EU15_NO,1996,494554,
dataflow,ESTAT:HSW_AW_NNASV(1.0),A,D_GE4,G,NR,EU15_NO,1997,488016,
dataflow,ESTAT:HSW_AW_NNASV(1.0),A,D_GE4,G,NR,EU15_NO,1998,504301,
dataflow,ESTAT:HSW_AW_NNASV(1.0),A,D_GE4,G,NR,EU15_NO,1999,530309,
dataflow,ESTAT:HSW_AW_NNASV(1.0),A,D_GE4,G,NR,EU15_NO,2000,547658,
dataflow,ESTAT:HSW_AW_NNASV(1.0),A,D_GE4,G,NR,EU15_NO,2001,537176,
dataflow,ESTAT:HSW_AW_NNASV(1.0),A,D_GE4,G,NR,EU15_NO,2002,548073,
dataflow,ESTAT:HSW_AW_NNASV(1.0),A,D_GE4,G,NR,EU15_NO,2003,520314,
dataflow,ESTAT:HSW_AW_NNASV(1.0),A,D_GE4,G,NR,EU15_NO,2004,495037,
dataflow,ESTAT:HSW_AW_NNASV(1.0),A,D_GE4,G,NR,EU15_NO,2005,503122,
dataflow,ESTAT:HSW_AW_NNASV(1.0),A,D_GE4,G,NR,EU15_NO,2006,487288,
dataflow,ESTAT:HSW_AW_NNASV(1.0),A,D_GE4,G,NR,EU15_NO,2007,470551,p
dataflow,ESTAT:HSW_AW_NNASV(1.0),A,D_GE4,H,NR,EU15_NO,1996,177782,
dataflow,ESTAT:HSW_AW_NNASV(1.0),A,D_GE4,H,NR,EU15_NO,1997,182052,
dataflow,ESTAT:HSW_AW_NNASV(1.0),A,D_GE4,H,NR,EU15_NO,1998,189210,
dataflow,ESTAT:HSW_AW_NNASV(1.0),A,D_GE4,H,NR,EU15_NO,1999,202638,
dataflow,ESTAT:HSW_AW_NNASV(1.0),A,D_GE4,H,NR,EU15_NO,2000,215111,
dataflow,ESTAT:HSW_AW_NNASV(1.0),A,D_GE4,H,NR,EU15_NO,2001,207984,
dataflow,ESTAT:HSW_AW_NNASV(1.0),A,D_GE4,H,NR,EU15_NO,2002,201984,
dataflow,ESTAT:HSW_AW_NNASV(1.0),A,D_GE4,H,NR,EU15_NO,2003,198518,
dataflow,ESTAT:HSW_AW_NNASV(1.0),A,D_GE4,H,NR,EU15_NO,2004,193351,
dataflow,ESTAT:HSW_AW_NNASV(1.0),A,D_GE4,H,NR,EU15_NO,2005,198097,
dataflow,ESTAT:HSW_AW_NNASV(1.0),A,D_GE4,H,NR,EU15_NO,2006,195245,
dataflow,ESTAT:HSW_AW_NNASV(1.0),A,D_GE4,H,NR,EU15_NO,2007,189581,p
dataflow,ESTAT:HSW_AW_NNASV(1.0),A,D_GE4,I,NR,EU15_NO,1996,445853,
dataflow,ESTAT:HSW_AW_NNASV(1.0),A,D_GE4,I,NR,EU15_NO,1997,442782,
dataflow,ESTAT:HSW_AW_NNASV(1.0),A,D_GE4,I,NR,EU15_NO,1998,446888,
dataflow,ESTAT:HSW_AW_NNASV(1.0),A,D_GE4,I,NR,EU15_NO,1999,453407,
dataflow,ESTAT:HSW_AW_NNASV(1.0),A,D_GE4,I,NR,EU15_NO,2000,457192,
dataflow,ESTAT:HSW_AW_NNASV(1.0),A,D_GE4,I,NR,EU15_NO,2001,446806,
dataflow,ESTAT:HSW_AW_NNASV(1.0),A,D_GE4,I,NR,EU15_NO,2002,350334,
dataflow,ESTAT:HSW_AW_NNASV(1.0),A,D_GE4,I,NR,EU15_NO,2003,320748,
dataflow,ESTAT:HSW_AW_NNASV(1.0),A,D_GE4,I,NR,EU15_NO,2004,320710,
dataflow,ESTAT:HSW_AW_NNASV(1.0),A,D_GE4,I,NR,EU15_NO,2005,321941,
dataflow,ESTAT:HSW_AW_NNASV(1.0),A,D_GE4,I,NR,EU15_NO,2006,324355,
dataflow,ESTAT:HSW_AW_NNASV(1.0),A,D_GE4,I,NR,EU15_NO,2007,313254,p
dataflow,ESTAT:HSW_AW_NNASV(1.0),A,D_GE4,J_K,NR,EU15_NO,1996,241782,
dataflow,ESTAT:HSW_AW_NNASV(1.0),A,D_GE4,J_K,NR,EU15_NO,1997,257200,
dataflow,ESTAT:HSW_AW_NNASV(1.0),A,D_GE4,J_K,NR,EU15_NO,1998,272370,
dataflow,ESTAT:HSW_AW_NNASV(1.0),A,D_GE4,J_K,NR,EU15_NO,1999,322173,
dataflow,ESTAT:HSW_AW_NNASV(1.0),A,D_GE4,J_K,NR,EU15_NO,2000,343058,
dataflow,ESTAT:HSW_AW_NNASV(1.0),A,D_GE4,J_K,NR,EU15_NO,2001,349135,
dataflow,ESTAT:HSW_AW_NNASV(1.0),A,D_GE4,J_K,NR,EU15_NO,2002,357425,
dataflow,ESTAT:HSW_AW_NNASV(1.0),A,D_GE4,J_K,NR,EU15_NO,2003,342473,
dataflow,ESTAT:HSW_AW_NNASV(1.0),A,D_GE4,J_K,NR,EU15_NO,2004,304781,
dataflow,ESTAT:HSW_AW_NNASV(1.0),A,D_GE4,J_K,NR,EU15_NO,2005,316095,
dataflow,ESTAT:HSW_AW_NNASV(1.0),A,D_GE4,J_K,NR,EU15_NO,2006,330342,
dataflow,ESTAT:HSW_AW_NNASV(1.0),A,D_GE4,J_K,NR,EU15_NO,2007,338005,p
dataflow,ESTAT:HSW_AW_NNASV(1.0),A,D_GE4,TOTAL,NR,EU15_NO,1996,4832329,
dataflow,ESTAT:HSW_AW_NNASV(1.0),A,D_GE4,TOTAL,NR,EU15_NO,1997,4695933,
dataflow,ESTAT:HSW_AW_NNASV(1.0),A,D_GE4,TOTAL,NR,EU15_NO,1998,4766484,
dataflow,ESTAT:HSW_AW_NNASV(1.0),A,D_GE4,TOTAL,NR,EU15_NO,1999,4871588,
dataflow,ESTAT:HSW_AW_NNASV(1.0),A,D_GE4,TOTAL,NR,EU15_NO,2000,4904162,
dataflow,ESTAT:HSW_AW_NNASV(1.0),A,D_GE4,TOTAL,NR,EU15_NO,2001,4779030,
dataflow,ESTAT:HSW_AW_NNASV(1.0),A,D_GE4,TOTAL,NR,EU15_NO,2002,4479911,
dataflow,ESTAT:HSW_AW_NNASV(1.0),A,D_GE4,TOTAL,NR,EU15_NO,2003,4244294,
dataflow,ESTAT:HSW_AW_NNASV(1.0),A,D_GE4,TOTAL,NR,EU15_NO,2004,4035176,
dataflow,ESTAT:HSW_AW_NNASV(1.0),A,D_GE4,TOTAL,NR,EU15_NO,2005,4048491,
dataflow,ESTAT:HSW_AW_NNASV(1.0),A,D_GE4,TOTAL,NR,EU15_NO,2006,3955550,
dataflow,ESTAT:HSW_AW_NNASV(1.0),A,D_GE4,TOTAL,NR,EU15_NO,2007,3808859,p
dataflow,ESTAT:HSW_AW_NNASV(1.0),A,FAT,A,NR,EU15_NO,1996,676,
dataflow,ESTAT:HSW_AW_NNASV(1.0),A,FAT,A,NR,EU15_NO,1997,667,
dataflow,ESTAT:HSW_AW_NNASV(1.0),A,FAT,A,NR,EU15_NO,1998,640,
dataflow,ESTAT:HSW_AW_NNASV(1.0),A,FAT,A,NR,EU15_NO,1999,687,
dataflow,ESTAT:HSW_AW_NNASV(1.0),A,FAT,A,NR,EU15_NO,2000,665,
dataflow,ESTAT:HSW_AW_NNASV(1.0),A,FAT,A,NR,EU15_NO,2001,618,
dataflow,ESTAT:HSW_AW_NNASV(1.0),A,FAT,A,NR,EU15_NO,2002,615,
dataflow,ESTAT:HSW_AW_NNASV(1.0),A,FAT,A,NR,EU15_NO,2003,558,
dataflow,ESTAT:HSW_AW_NNASV(1.0),A,FAT,A,NR,EU15_NO,2004,627,
dataflow,ESTAT:HSW_AW_NNASV(1.0),A,FAT,A,NR,EU15_NO,2005,528,
dataflow,ESTAT:HSW_AW_NNASV(1.0),A,FAT,A,NR,EU15_NO,2006,466,
dataflow,ESTAT:HSW_AW_NNASV(1.0),A,FAT,A,NR,EU15_NO,2007,421,p
dataflow,ESTAT:HSW_AW_NNASV(1.0),A,FAT,A_D-K,NR,EU15_NO,1996,4858,
dataflow,ESTAT:HSW_AW_NNASV(1.0),A,FAT,A_D-K,NR,EU15_NO,1997,4971,
dataflow,ESTAT:HSW_AW_NNASV(1.0),A,FAT,A_D-K,NR,EU15_NO,1998,4895,
dataflow,ESTAT:HSW_AW_NNASV(1.0),A,FAT,A_D-K,NR,EU15_NO,1999,4757,
dataflow,ESTAT:HSW_AW_NNASV(1.0),A,FAT,A_D-K,NR,EU15_NO,2000,4679,
dataflow,ESTAT:HSW_AW_NNASV(1.0),A,FAT,A_D-K,NR,EU15_NO,2001,4424,
dataflow,ESTAT:HSW_AW_NNASV(1.0),A,FAT,A_D-K,NR,EU15_NO,2002,4320,
dataflow,ESTAT:HSW_AW_NNASV(1.0),A,FAT,A_D-K,NR,EU15_NO,2003,4147,
dataflow,ESTAT:HSW_AW_NNASV(1.0),A,FAT,A_D-K,NR,EU15_NO,2004,3964,
dataflow,ESTAT:HSW_AW_NNASV(1.0),A,FAT,A_D-K,NR,EU15_NO,2005,3685,
dataflow,ESTAT:HSW_AW_NNASV(1.0),A,FAT,A_D-K,NR,EU15_NO,2006,3743,
dataflow,ESTAT:HSW_AW_NNASV(1.0),A,FAT,A_D-K,NR,EU15_NO,2007,3234,p
dataflow,ESTAT:HSW_AW_NNASV(1.0),A,FAT,D,NR,EU15_NO,1996,1128,
dataflow,ESTAT:HSW_AW_NNASV(1.0),A,FAT,D,NR,EU15_NO,1997,1169,
dataflow,ESTAT:HSW_AW_NNASV(1.0),A,FAT,D,NR,EU15_NO,1998,1112,
dataflow,ESTAT:HSW_AW_NNASV(1.0),A,FAT,D,NR,EU15_NO,1999,1015,
dataflow,ESTAT:HSW_AW_NNASV(1.0),A,FAT,D,NR,EU15_NO,2000,984,
dataflow,ESTAT:HSW_AW_NNASV(1.0),A,FAT,D,NR,EU15_NO,2001,942,
dataflow,ESTAT:HSW_AW_NNASV(1.0),A,FAT,D,NR,EU15_NO,2002,879,
dataflow,ESTAT:HSW_AW_NNASV(1.0),A,FAT,D,NR,EU15_NO,2003,818,
dataflow,ESTAT:HSW_AW_NNASV(1.0),A,FAT,D,NR,EU15_NO,2004,800,
dataflow,ESTAT:HSW_AW_NNASV(1.0),A,FAT,D,NR,EU15_NO,2005,729,
dataflow,ESTAT:HSW_AW_NNASV(1.0),A,FAT,D,NR,EU15_NO,2006,725,
dataflow,ESTAT:HSW_AW_NNASV(1.0),A,FAT,D,NR,EU15_NO,2007,628,p
dataflow,ESTAT:HSW_AW_NNASV(1.0),A,FAT,E,NR,EU15_NO,1996,67,
dataflow,ESTAT:HSW_AW_NNASV(1.0),A,FAT,E,NR,EU15_NO,1997,44,
dataflow,ESTAT:HSW_AW_NNASV(1.0),A,FAT,E,NR,EU15_NO,1998,39,
dataflow,ESTAT:HSW_AW_NNASV(1.0),A,FAT,E,NR,EU15_NO,1999,37,
dataflow,ESTAT:HSW_AW_NNASV(1.0),A,FAT,E,NR,EU15_NO,2000,43,
dataflow,ESTAT:HSW_AW_NNASV(1.0),A,FAT,E,NR,EU15_NO,2001,48,
dataflow,ESTAT:HSW_AW_NNASV(1.0),A,FAT,E,NR,EU15_NO,2002,48,
dataflow,ESTAT:HSW_AW_NNASV(1.0),A,FAT,E,NR,EU15_NO,2003,50,
dataflow,ESTAT:HSW_AW_NNASV(1.0),A,FAT,E,NR,EU15_NO,2004,51,
dataflow,ESTAT:HSW_AW_NNASV(1.0),A,FAT,E,NR,EU15_NO,2005,39,
dataflow,ESTAT:HSW_AW_NNASV(1.0),A,FAT,E,NR,EU15_NO,2006,49,
dataflow,ESTAT:HSW_AW_NNASV(1.0),A,FAT,E,NR,EU15_NO,2007,22,p
dataflow,ESTAT:HSW_AW_NNASV(1.0),A,FAT,F,NR,EU15_NO,1996,1349,
dataflow,ESTAT:HSW_AW_NNASV(1.0),A,FAT,F,NR,EU15_NO,1997,1363,
dataflow,ESTAT:HSW_AW_NNASV(1.0),A,FAT,F,NR,EU15_NO,1998,1341,
dataflow,ESTAT:HSW_AW_NNASV(1.0),A,FAT,F,NR,EU15_NO,1999,1272,
dataflow,ESTAT:HSW_AW_NNASV(1.0),A,FAT,F,NR,EU15_NO,2000,1285,
dataflow,ESTAT:HSW_AW_NNASV(1.0),A,FAT,F,NR,EU15_NO,2001,1223,
dataflow,ESTAT:HSW_AW_NNASV(1.0),A,FAT,F,NR,EU15_NO,2002,1198,
dataflow,ESTAT:HSW_AW_NNASV(1.0),A,FAT,F,NR,EU15_NO,2003,1248,
dataflow,ESTAT:HSW_AW_NNASV(1.0),A,FAT,F,NR,EU15_NO,2004,1119,
dataflow,ESTAT:HSW_AW_NNASV(1.0),A,FAT,F,NR,EU15_NO,2005,1065,
dataflow,ESTAT:HSW_AW_NNASV(1.0),A,FAT,F,NR,EU15_NO,2006,1151,
dataflow,ESTAT:HSW_AW_NNASV(1.0),A,FAT,F,NR,EU15_NO,2007,1019,p
dataflow,ESTAT:HSW_AW_NNASV(1.0),A,FAT,G,NR,EU15_NO,1996,486,
dataflow,ESTAT:HSW_AW_NNASV(1.0),A,FAT,G,NR,EU15_NO,1997,480,
dataflow,ESTAT:HSW_AW_NNASV(1.0),A,FAT,G,NR,EU15_NO,1998,518,
dataflow,ESTAT:HSW_AW_NNASV(1.0),A,FAT,G,NR,EU15_NO,1999,492,
dataflow,ESTAT:HSW_AW_NNASV(1.0),A,FAT,G,NR,EU15_NO,2000,462,
dataflow,ESTAT:HSW_AW_NNASV(1.0),A,FAT,G,NR,EU15_NO,2001,387,
dataflow,ESTAT:HSW_AW_NNASV(1.0),A,FAT,G,NR,EU15_NO,2002,411,
dataflow,ESTAT:HSW_AW_NNASV(1.0),A,FAT,G,NR,EU15_NO,2003,381,
dataflow,ESTAT:HSW_AW_NNASV(1.0),A,FAT,G,NR,EU15_NO,2004,341,
dataflow,ESTAT:HSW_AW_NNASV(1.0),A,FAT,G,NR,EU15_NO,2005,323,
dataflow,ESTAT:HSW_AW_NNASV(1.0),A,FAT,G,NR,EU15_NO,2006,349,
dataflow,ESTAT:HSW_AW_NNASV(1.0),A,FAT,G,NR,EU15_NO,2007,266,p
dataflow,ESTAT:HSW_AW_NNASV(1.0),A,FAT,H,NR,EU15_NO,1996,53,
dataflow,ESTAT:HSW_AW_NNASV(1.0),A,FAT,H,NR,EU15_NO,1997,67,
dataflow,ESTAT:HSW_AW_NNASV(1.0),A,FAT,H,NR,EU15_NO,1998,67,
dataflow,ESTAT:HSW_AW_NNASV(1.0),A,FAT,H,NR,EU15_NO,1999,75,
dataflow,ESTAT:HSW_AW_NNASV(1.0),A,FAT,H,NR,EU15_NO,2000,73,
dataflow,ESTAT:HSW_AW_NNASV(1.0),A,FAT,H,NR,EU15_NO,2001,49,
dataflow,ESTAT:HSW_AW_NNASV(1.0),A,FAT,H,NR,EU15_NO,2002,51,
dataflow,ESTAT:HSW_AW_NNASV(1.0),A,FAT,H,NR,EU15_NO,2003,62,
dataflow,ESTAT:HSW_AW_NNASV(1.0),A,FAT,H,NR,EU15_NO,2004,61,
dataflow,ESTAT:HSW_AW_NNASV(1.0),A,FAT,H,NR,EU15_NO,2005,62,
dataflow,ESTAT:HSW_AW_NNASV(1.0),A,FAT,H,NR,EU15_NO,2006,61,
dataflow,ESTAT:HSW_AW_NNASV(1.0),A,FAT,H,NR,EU15_NO,2007,58,p
dataflow,ESTAT:HSW_AW_NNASV(1.0),A,FAT,I,NR,EU15_NO,1996,841,
dataflow,ESTAT:HSW_AW_NNASV(1.0),A,FAT,I,NR,EU15_NO,1997,900,
dataflow,ESTAT:HSW_AW_NNASV(1.0),A,FAT,I,NR,EU15_NO,1998,888,
dataflow,ESTAT:HSW_AW_NNASV(1.0),A,FAT,I,NR,EU15_NO,1999,893,
dataflow,ESTAT:HSW_AW_NNASV(1.0),A,FAT,I,NR,EU15_NO,2000,895,
dataflow,ESTAT:HSW_AW_NNASV(1.0),A,FAT,I,NR,EU15_NO,2001,888,
dataflow,ESTAT:HSW_AW_NNASV(1.0),A,FAT,I,NR,EU15_NO,2002,796,
dataflow,ESTAT:HSW_AW_NNASV(1.0),A,FAT,I,NR,EU15_NO,2003,705,
dataflow,ESTAT:HSW_AW_NNASV(1.0),A,FAT,I,NR,EU15_NO,2004,710,
dataflow,ESTAT:HSW_AW_NNASV(1.0),A,FAT,I,NR,EU15_NO,2005,662,
dataflow,ESTAT:HSW_AW_NNASV(1.0),A,FAT,I,NR,EU15_NO,2006,670,
dataflow,ESTAT:HSW_AW_NNASV(1.0),A,FAT,I,NR,EU15_NO,2007,575,p
dataflow,ESTAT:HSW_AW_NNASV(1.0),A,FAT,J_K,NR,EU15_NO,1996,258,
dataflow,ESTAT:HSW_AW_NNASV(1.0),A,FAT,J_K,NR,EU15_NO,1997,281,
dataflow,ESTAT:HSW_AW_NNASV(1.0),A,FAT,J_K,NR,EU15_NO,1998,290,
dataflow,ESTAT:HSW_AW_NNASV(1.0),A,FAT,J_K,NR,EU15_NO,1999,286,
dataflow,ESTAT:HSW_AW_NNASV(1.0),A,FAT,J_K,NR,EU15_NO,2000,272,
dataflow,ESTAT:HSW_AW_NNASV(1.0),A,FAT,J_K,NR,EU15_NO,2001,269,
dataflow,ESTAT:HSW_AW_NNASV(1.0),A,FAT,J_K,NR,EU15_NO,2002,322,
dataflow,ESTAT:HSW_AW_NNASV(1.0),A,FAT,J_K,NR,EU15_NO,2003,325,
dataflow,ESTAT:HSW_AW_NNASV(1.0),A,FAT,J_K,NR,EU15_NO,2004,255,
dataflow,ESTAT:HSW_AW_NNASV(1.0),A,FAT,J_K,NR,EU15_NO,2005,277,
dataflow,ESTAT:HSW_AW_NNASV(1.0),A,FAT,J_K,NR,EU15_NO,2006,272,
dataflow,ESTAT:HSW_AW_NNASV(1.0),A,FAT,J_K,NR,EU15_NO,2007,245,p
dataflow,ESTAT:HSW_AW_NNASV(1.0),A,FAT,TOTAL,NR,EU15_NO,1996,5549,
dataflow,ESTAT:HSW_AW_NNASV(1.0),A,FAT,TOTAL,NR,EU15_NO,1997,5608,
dataflow,ESTAT:HSW_AW_NNASV(1.0),A,FAT,TOTAL,NR,EU15_NO,1998,5519,
dataflow,ESTAT:HSW_AW_NNASV(1.0),A,FAT,TOTAL,NR,EU15_NO,1999,5305,
dataflow,ESTAT:HSW_AW_NNASV(1.0),A,FAT,TOTAL,NR,EU15_NO,2000,5285,
dataflow,ESTAT:HSW_AW_NNASV(1.0),A,FAT,TOTAL,NR,EU15_NO,2001,4968,
dataflow,ESTAT:HSW_AW_NNASV(1.0),A,FAT,TOTAL,NR,EU15_NO,2002,4828,
dataflow,ESTAT:HSW_AW_NNASV(1.0),A,FAT,TOTAL,NR,EU15_NO,2003,4666,
dataflow,ESTAT:HSW_AW_NNASV(1.0),A,FAT,TOTAL,NR,EU15_NO,2004,4409,
dataflow,ESTAT:HSW_AW_NNASV(1.0),A,FAT,TOTAL,NR,EU15_NO,2005,4056,
dataflow,ESTAT:HSW_AW_NNASV(1.0),A,FAT,TOTAL,NR,EU15_NO,2006,4170,
dataflow,ESTAT:HSW_AW_NNASV(1.0),A,FAT,TOTAL,NR,EU15_NO,2007,3616,p
dataflow,ESTAT:HSW_AW_NNASV(1.0),A,M1-3,A,NR,EU15_NO,1996,45409,
dataflow,ESTAT:HSW_AW_NNASV(1.0),A,M1-3,A,NR,EU15_NO,1997,41795,
dataflow,ESTAT:HSW_AW_NNASV(1.0),A,M1-3,A,NR,EU15_NO,1998,43754,
dataflow,ESTAT:HSW_AW_NNASV(1.0),A,M1-3,A,NR,EU15_NO,1999,46462,
dataflow,ESTAT:HSW_AW_NNASV(1.0),A,M1-3,A,NR,EU15_NO,2000,39097,
dataflow,ESTAT:HSW_AW_NNASV(1.0),A,M1-3,A,NR,EU15_NO,2001,40285,
dataflow,ESTAT:HSW_AW_NNASV(1.0),A,M1-3,A,NR,EU15_NO,2002,35031,
dataflow,ESTAT:HSW_AW_NNASV(1.0),A,M1-3,A,NR,EU15_NO,2003,26374,
dataflow,ESTAT:HSW_AW_NNASV(1.0),A,M1-3,A,NR,EU15_NO,2004,27061,
dataflow,ESTAT:HSW_AW_NNASV(1.0),A,M1-3,A,NR,EU15_NO,2005,26543,
dataflow,ESTAT:HSW_AW_NNASV(1.0),A,M1-3,A,NR,EU15_NO,2006,20428,
dataflow,ESTAT:HSW_AW_NNASV(1.0),A,M1-3,A,NR,EU15_NO,2007,18869,p
dataflow,ESTAT:HSW_AW_NNASV(1.0),A,M1-3,A_D-K,NR,EU15_NO,1996,482175,
dataflow,ESTAT:HSW_AW_NNASV(1.0),A,M1-3,A_D-K,NR,EU15_NO,1997,387260,
dataflow,ESTAT:HSW_AW_NNASV(1.0),A,M1-3,A_D-K,NR,EU15_NO,1998,421241,
dataflow,ESTAT:HSW_AW_NNASV(1.0),A,M1-3,A_D-K,NR,EU15_NO,1999,482872,
dataflow,ESTAT:HSW_AW_NNASV(1.0),A,M1-3,A_D-K,NR,EU15_NO,2000,450702,
dataflow,ESTAT:HSW_AW_NNASV(1.0),A,M1-3,A_D-K,NR,EU15_NO,2001,505385,
dataflow,ESTAT:HSW_AW_NNASV(1.0),A,M1-3,A_D-K,NR,EU15_NO,2002,519750,
dataflow,ESTAT:HSW_AW_NNASV(1.0),A,M1-3,A_D-K,NR,EU15_NO,2003,329088,
dataflow,ESTAT:HSW_AW_NNASV(1.0),A,M1-3,A_D-K,NR,EU15_NO,2004,342559,
dataflow,ESTAT:HSW_AW_NNASV(1.0),A,M1-3,A_D-K,NR,EU15_NO,2005,365948,
dataflow,ESTAT:HSW_AW_NNASV(1.0),A,M1-3,A_D-K,NR,EU15_NO,2006,361066,
dataflow,ESTAT:HSW_AW_NNASV(1.0),A,M1-3,A_D-K,NR,EU15_NO,2007,360582,p
dataflow,ESTAT:HSW_AW_NNASV(1.0),A,M1-3,D,NR,EU15_NO,1996,154028,
dataflow,ESTAT:HSW_AW_NNASV(1.0),A,M1-3,D,NR,EU15_NO,1997,122530,
dataflow,ESTAT:HSW_AW_NNASV(1.0),A,M1-3,D,NR,EU15_NO,1998,132386,
dataflow,ESTAT:HSW_AW_NNASV(1.0),A,M1-3,D,NR,EU15_NO,1999,143899,
dataflow,ESTAT:HSW_AW_NNASV(1.0),A,M1-3,D,NR,EU15_NO,2000,133516,
dataflow,ESTAT:HSW_AW_NNASV(1.0),A,M1-3,D,NR,EU15_NO,2001,148823,
dataflow,ESTAT:HSW_AW_NNASV(1.0),A,M1-3,D,NR,EU15_NO,2002,147753,
dataflow,ESTAT:HSW_AW_NNASV(1.0),A,M1-3,D,NR,EU15_NO,2003,94622,
dataflow,ESTAT:HSW_AW_NNASV(1.0),A,M1-3,D,NR,EU15_NO,2004,95563,
dataflow,ESTAT:HSW_AW_NNASV(1.0),A,M1-3,D,NR,EU15_NO,2005,99740,
dataflow,ESTAT:HSW_AW_NNASV(1.0),A,M1-3,D,NR,EU15_NO,2006,97399,
dataflow,ESTAT:HSW_AW_NNASV(1.0),A,M1-3,D,NR,EU15_NO,2007,94227,p
dataflow,ESTAT:HSW_AW_NNASV(1.0),A,M1-3,E,NR,EU15_NO,1996,3812,
dataflow,ESTAT:HSW_AW_NNASV(1.0),A,M1-3,E,NR,EU15_NO,1997,2973,
dataflow,ESTAT:HSW_AW_NNASV(1.0),A,M1-3,E,NR,EU15_NO,1998,2980,
dataflow,ESTAT:HSW_AW_NNASV(1.0),A,M1-3,E,NR,EU15_NO,1999,3228,
dataflow,ESTAT:HSW_AW_NNASV(1.0),A,M1-3,E,NR,EU15_NO,2000,2959,
dataflow,ESTAT:HSW_AW_NNASV(1.0),A,M1-3,E,NR,EU15_NO,2001,2789,
dataflow,ESTAT:HSW_AW_NNASV(1.0),A,M1-3,E,NR,EU15_NO,2002,3024,
dataflow,ESTAT:HSW_AW_NNASV(1.0),A,M1-3,E,NR,EU15_NO,2003,2095,
dataflow,ESTAT:HSW_AW_NNASV(1.0),A,M1-3,E,NR,EU15_NO,2004,2403,
dataflow,ESTAT:HSW_AW_NNASV(1.0),A,M1-3,E,NR,EU15_NO,2005,2411,
dataflow,ESTAT:HSW_AW_NNASV(1.0),A,M1-3,E,NR,EU15_NO,2006,2321,
dataflow,ESTAT:HSW_AW_NNASV(1.0),A,M1-3,E,NR,EU15_NO,2007,1838,p
dataflow,ESTAT:HSW_AW_NNASV(1.0),A,M1-3,F,NR,EU15_NO,1996,102963,
dataflow,ESTAT:HSW_AW_NNASV(1.0),A,M1-3,F,NR,EU15_NO,1997,86640,
dataflow,ESTAT:HSW_AW_NNASV(1.0),A,M1-3,F,NR,EU15_NO,1998,95832,
dataflow,ESTAT:HSW_AW_NNASV(1.0),A,M1-3,F,NR,EU15_NO,1999,112086,
dataflow,ESTAT:HSW_AW_NNASV(1.0),A,M1-3,F,NR,EU15_NO,2000,103526,
dataflow,ESTAT:HSW_AW_NNASV(1.0),A,M1-3,F,NR,EU15_NO,2001,121693,
dataflow,ESTAT:HSW_AW_NNASV(1.0),A,M1-3,F,NR,EU15_NO,2002,126711,
dataflow,ESTAT:HSW_AW_NNASV(1.0),A,M1-3,F,NR,EU15_NO,2003,70298,
dataflow,ESTAT:HSW_AW_NNASV(1.0),A,M1-3,F,NR,EU15_NO,2004,75992,
dataflow,ESTAT:HSW_AW_NNASV(1.0),A,M1-3,F,NR,EU15_NO,2005,82028,
dataflow,ESTAT:HSW_AW_NNASV(1.0),A,M1-3,F,NR,EU15_NO,2006,83797,
dataflow,ESTAT:HSW_AW_NNASV(1.0),A,M1-3,F,NR,EU15_NO,2007,82686,p
dataflow,ESTAT:HSW_AW_NNASV(1.0),A,M1-3,G,NR,EU15_NO,1996,66553,
dataflow,ESTAT:HSW_AW_NNASV(1.0),A,M1-3,G,NR,EU15_NO,1997,49994,
dataflow,ESTAT:HSW_AW_NNASV(1.0),A,M1-3,G,NR,EU15_NO,1998,54188,
dataflow,ESTAT:HSW_AW_NNASV(1.0),A,M1-3,G,NR,EU15_NO,1999,63307,
dataflow,ESTAT:HSW_AW_NNASV(1.0),A,M1-3,G,NR,EU15_NO,2000,59565,
dataflow,ESTAT:HSW_AW_NNASV(1.0),A,M1-3,G,NR,EU15_NO,2001,66819,
dataflow,ESTAT:HSW_AW_NNASV(1.0),A,M1-3,G,NR,EU15_NO,2002,73597,
dataflow,ESTAT:HSW_AW_NNASV(1.0),A,M1-3,G,NR,EU15_NO,2003,46822,
dataflow,ESTAT:HSW_AW_NNASV(1.0),A,M1-3,G,NR,EU15_NO,2004,47150,
dataflow,ESTAT:HSW_AW_NNASV(1.0),A,M1-3,G,NR,EU15_NO,2005,53028,
dataflow,ESTAT:HSW_AW_NNASV(1.0),A,M1-3,G,NR,EU15_NO,2006,51839,
dataflow,ESTAT:HSW_AW_NNASV(1.0),A,M1-3,G,NR,EU15_NO,2007,55676,p
dataflow,ESTAT:HSW_AW_NNASV(1.0),A,M1-3,H,NR,EU15_NO,1996,21909,
dataflow,ESTAT:HSW_AW_NNASV(1.0),A,M1-3,H,NR,EU15_NO,1997,17451,
dataflow,ESTAT:HSW_AW_NNASV(1.0),A,M1-3,H,NR,EU15_NO,1998,19358,
dataflow,ESTAT:HSW_AW_NNASV(1.0),A,M1-3,H,NR,EU15_NO,1999,23230,
dataflow,ESTAT:HSW_AW_NNASV(1.0),A,M1-3,H,NR,EU15_NO,2000,22407,
dataflow,ESTAT:HSW_AW_NNASV(1.0),A,M1-3,H,NR,EU15_NO,2001,25653,
dataflow,ESTAT:HSW_AW_NNASV(1.0),A,M1-3,H,NR,EU15_NO,2002,27348,
dataflow,ESTAT:HSW_AW_NNASV(1.0),A,M1-3,H,NR,EU15_NO,2003,15692,
dataflow,ESTAT:HSW_AW_NNASV(1.0),A,M1-3,H,NR,EU15_NO,2004,18480,
dataflow,ESTAT:HSW_AW_NNASV(1.0),A,M1-3,H,NR,EU15_NO,2005,18037,
dataflow,ESTAT:HSW_AW_NNASV(1.0),A,M1-3,H,NR,EU15_NO,2006,20091,
dataflow,ESTAT:HSW_AW_NNASV(1.0),A,M1-3,H,NR,EU15_NO,2007,19992,p
dataflow,ESTAT:HSW_AW_NNASV(1.0),A,M1-3,I,NR,EU15_NO,1996,43550,
dataflow,ESTAT:HSW_AW_NNASV(1.0),A,M1-3,I,NR,EU15_NO,1997,34689,
dataflow,ESTAT:HSW_AW_NNASV(1.0),A,M1-3,I,NR,EU15_NO,1998,37249,
dataflow,ESTAT:HSW_AW_NNASV(1.0),A,M1-3,I,NR,EU15_NO,1999,43356,
dataflow,ESTAT:HSW_AW_NNASV(1.0),A,M1-3,I,NR,EU15_NO,2000,42829,
dataflow,ESTAT:HSW_AW_NNASV(1.0),A,M1-3,I,NR,EU15_NO,2001,46529,
dataflow,ESTAT:HSW_AW_NNASV(1.0),A,M1-3,I,NR,EU15_NO,2002,50765,
dataflow,ESTAT:HSW_AW_NNASV(1.0),A,M1-3,I,NR,EU15_NO,2003,36620,
dataflow,ESTAT:HSW_AW_NNASV(1.0),A,M1-3,I,NR,EU15_NO,2004,39888,
dataflow,ESTAT:HSW_AW_NNASV(1.0),A,M1-3,I,NR,EU15_NO,2005,43807,
dataflow,ESTAT:HSW_AW_NNASV(1.0),A,M1-3,I,NR,EU15_NO,2006,43530,
dataflow,ESTAT:HSW_AW_NNASV(1.0),A,M1-3,I,NR,EU15_NO,2007,44301,p
dataflow,ESTAT:HSW_AW_NNASV(1.0),A,M1-3,J_K,NR,EU15_NO,1996,37999,
dataflow,ESTAT:HSW_AW_NNASV(1.0),A,M1-3,J_K,NR,EU15_NO,1997,31188,
dataflow,ESTAT:HSW_AW_NNASV(1.0),A,M1-3,J_K,NR,EU15_NO,1998,35494,
dataflow,ESTAT:HSW_AW_NNASV(1.0),A,M1-3,J_K,NR,EU15_NO,1999,47304,
dataflow,ESTAT:HSW_AW_NNASV(1.0),A,M1-3,J_K,NR,EU15_NO,2000,46803,
dataflow,ESTAT:HSW_AW_NNASV(1.0),A,M1-3,J_K,NR,EU15_NO,2001,52794,
dataflow,ESTAT:HSW_AW_NNASV(1.0),A,M1-3,J_K,NR,EU15_NO,2002,55521,
dataflow,ESTAT:HSW_AW_NNASV(1.0),A,M1-3,J_K,NR,EU15_NO,2003,36564,
dataflow,ESTAT:HSW_AW_NNASV(1.0),A,M1-3,J_K,NR,EU15_NO,2004,36021,
dataflow,ESTAT:HSW_AW_NNASV(1.0),A,M1-3,J_K,NR,EU15_NO,2005,40355,
dataflow,ESTAT:HSW_AW_NNASV(1.0),A,M1-3,J_K,NR,EU15_NO,2006,41661,
dataflow,ESTAT:HSW_AW_NNASV(1.0),A,M1-3,J_K,NR,EU15_NO,2007,42993,p
dataflow,ESTAT:HSW_AW_NNASV(1.0),A,M1-3,TOTAL,NR,EU15_NO,1996,575335,
dataflow,ESTAT:HSW_AW_NNASV(1.0),A,M1-3,TOTAL,NR,EU15_NO,1997,452084,
dataflow,ESTAT:HSW_AW_NNASV(1.0),A,M1-3,TOTAL,NR,EU15_NO,1998,490008,
dataflow,ESTAT:HSW_AW_NNASV(1.0),A,M1-3,TOTAL,NR,EU15_NO,1999,558484,
dataflow,ESTAT:HSW_AW_NNASV(1.0),A,M1-3,TOTAL,NR,EU15_NO,2000,527497,
dataflow,ESTAT:HSW_AW_NNASV(1.0),A,M1-3,TOTAL,NR,EU15_NO,2001,594135,
dataflow,ESTAT:HSW_AW_NNASV(1.0),A,M1-3,TOTAL,NR,EU15_NO,2002,614220,
dataflow,ESTAT:HSW_AW_NNASV(1.0),A,M1-3,TOTAL,NR,EU15_NO,2003,391477,
dataflow,ESTAT:HSW_AW_NNASV(1.0),A,M1-3,TOTAL,NR,EU15_NO,2004,409526,
dataflow,ESTAT:HSW_AW_NNASV(1.0),A,M1-3,TOTAL,NR,EU15_NO,2005,448279,
dataflow,ESTAT:HSW_AW_NNASV(1.0),A,M1-3,TOTAL,NR,EU15_NO,2006,438340,
dataflow,ESTAT:HSW_AW_NNASV(1.0),A,M1-3,TOTAL,NR,EU15_NO,2007,446617,p
dataflow,ESTAT:HSW_AW_NNASV(1.0),A,M3-6,A,NR,EU15_NO,1996,6698,
dataflow,ESTAT:HSW_AW_NNASV(1.0),A,M3-6,A,NR,EU15_NO,1997,4444,
dataflow,ESTAT:HSW_AW_NNASV(1.0),A,M3-6,A,NR,EU15_NO,1998,4506,
dataflow,ESTAT:HSW_AW_NNASV(1.0),A,M3-6,A,NR,EU15_NO,1999,4604,
dataflow,ESTAT:HSW_AW_NNASV(1.0),A,M3-6,A,NR,EU15_NO,2000,6029,
dataflow,ESTAT:HSW_AW_NNASV(1.0),A,M3-6,A,NR,EU15_NO,2001,6535,
dataflow,ESTAT:HSW_AW_NNASV(1.0),A,M3-6,A,NR,EU15_NO,2002,4620,
dataflow,ESTAT:HSW_AW_NNASV(1.0),A,M3-6,A,NR,EU15_NO,2003,4430,
dataflow,ESTAT:HSW_AW_NNASV(1.0),A,M3-6,A,NR,EU15_NO,2004,4713,
dataflow,ESTAT:HSW_AW_NNASV(1.0),A,M3-6,A,NR,EU15_NO,2005,4902,
dataflow,ESTAT:HSW_AW_NNASV(1.0),A,M3-6,A,NR,EU15_NO,2006,3116,
dataflow,ESTAT:HSW_AW_NNASV(1.0),A,M3-6,A,NR,EU15_NO,2007,3117,p
dataflow,ESTAT:HSW_AW_NNASV(1.0),A,M3-6,A_D-K,NR,EU15_NO,1996,67980,
dataflow,ESTAT:HSW_AW_NNASV(1.0),A,M3-6,A_D-K,NR,EU15_NO,1997,52175,
dataflow,ESTAT:HSW_AW_NNASV(1.0),A,M3-6,A_D-K,NR,EU15_NO,1998,54279,
dataflow,ESTAT:HSW_AW_NNASV(1.0),A,M3-6,A_D-K,NR,EU15_NO,1999,58021,
dataflow,ESTAT:HSW_AW_NNASV(1.0),A,M3-6,A_D-K,NR,EU15_NO,2000,69439,
dataflow,ESTAT:HSW_AW_NNASV(1.0),A,M3-6,A_D-K,NR,EU15_NO,2001,73404,
dataflow,ESTAT:HSW_AW_NNASV(1.0),A,M3-6,A_D-K,NR,EU15_NO,2002,66496,
dataflow,ESTAT:HSW_AW_NNASV(1.0),A,M3-6,A_D-K,NR,EU15_NO,2003,64513,
dataflow,ESTAT:HSW_AW_NNASV(1.0),A,M3-6,A_D-K,NR,EU15_NO,2004,66999,
dataflow,ESTAT:HSW_AW_NNASV(1.0),A,M3-6,A_D-K,NR,EU15_NO,2005,72407,
dataflow,ESTAT:HSW_AW_NNASV(1.0),A,M3-6,A_D-K,NR,EU15_NO,2006,67289,
dataflow,ESTAT:HSW_AW_NNASV(1.0),A,M3-6,A_D-K,NR,EU15_NO,2007,68949,p
dataflow,ESTAT:HSW_AW_NNASV(1.0),A,M3-6,D,NR,EU15_NO,1996,19997,
dataflow,ESTAT:HSW_AW_NNASV(1.0),A,M3-6,D,NR,EU15_NO,1997,14628,
dataflow,ESTAT:HSW_AW_NNASV(1.0),A,M3-6,D,NR,EU15_NO,1998,15013,
dataflow,ESTAT:HSW_AW_NNASV(1.0),A,M3-6,D,NR,EU15_NO,1999,15626,
dataflow,ESTAT:HSW_AW_NNASV(1.0),A,M3-6,D,NR,EU15_NO,2000,18330,
dataflow,ESTAT:HSW_AW_NNASV(1.0),A,M3-6,D,NR,EU15_NO,2001,19434,
dataflow,ESTAT:HSW_AW_NNASV(1.0),A,M3-6,D,NR,EU15_NO,2002,17248,
dataflow,ESTAT:HSW_AW_NNASV(1.0),A,M3-6,D,NR,EU15_NO,2003,16466,
dataflow,ESTAT:HSW_AW_NNASV(1.0),A,M3-6,D,NR,EU15_NO,2004,16526,
dataflow,ESTAT:HSW_AW_NNASV(1.0),A,M3-6,D,NR,EU15_NO,2005,17691,
dataflow,ESTAT:HSW_AW_NNASV(1.0),A,M3-6,D,NR,EU15_NO,2006,16479,
dataflow,ESTAT:HSW_AW_NNASV(1.0),A,M3-6,D,NR,EU15_NO,2007,16785,p
dataflow,ESTAT:HSW_AW_NNASV(1.0),A,M3-6,E,NR,EU15_NO,1996,499,
dataflow,ESTAT:HSW_AW_NNASV(1.0),A,M3-6,E,NR,EU15_NO,1997,391,
dataflow,ESTAT:HSW_AW_NNASV(1.0),A,M3-6,E,NR,EU15_NO,1998,358,
dataflow,ESTAT:HSW_AW_NNASV(1.0),A,M3-6,E,NR,EU15_NO,1999,398,
dataflow,ESTAT:HSW_AW_NNASV(1.0),A,M3-6,E,NR,EU15_NO,2000,487,
dataflow,ESTAT:HSW_AW_NNASV(1.0),A,M3-6,E,NR,EU15_NO,2001,458,
dataflow,ESTAT:HSW_AW_NNASV(1.0),A,M3-6,E,NR,EU15_NO,2002,418,
dataflow,ESTAT:HSW_AW_NNASV(1.0),A,M3-6,E,NR,EU15_NO,2003,406,
dataflow,ESTAT:HSW_AW_NNASV(1.0),A,M3-6,E,NR,EU15_NO,2004,491,
dataflow,ESTAT:HSW_AW_NNASV(1.0),A,M3-6,E,NR,EU15_NO,2005,491,
dataflow,ESTAT:HSW_AW_NNASV(1.0),A,M3-6,E,NR,EU15_NO,2006,397,
dataflow,ESTAT:HSW_AW_NNASV(1.0),A,M3-6,E,NR,EU15_NO,2007,362,p
dataflow,ESTAT:HSW_AW_NNASV(1.0),A,M3-6,F,NR,EU15_NO,1996,16403,
dataflow,ESTAT:HSW_AW_NNASV(1.0),A,M3-6,F,NR,EU15_NO,1997,12949,
dataflow,ESTAT:HSW_AW_NNASV(1.0),A,M3-6,F,NR,EU15_NO,1998,13614,
dataflow,ESTAT:HSW_AW_NNASV(1.0),A,M3-6,F,NR,EU15_NO,1999,13512,
dataflow,ESTAT:HSW_AW_NNASV(1.0),A,M3-6,F,NR,EU15_NO,2000,16426,
dataflow,ESTAT:HSW_AW_NNASV(1.0),A,M3-6,F,NR,EU15_NO,2001,17207,
dataflow,ESTAT:HSW_AW_NNASV(1.0),A,M3-6,F,NR,EU15_NO,2002,15428,
dataflow,ESTAT:HSW_AW_NNASV(1.0),A,M3-6,F,NR,EU15_NO,2003,14810,
dataflow,ESTAT:HSW_AW_NNASV(1.0),A,M3-6,F,NR,EU15_NO,2004,16157,
dataflow,ESTAT:HSW_AW_NNASV(1.0),A,M3-6,F,NR,EU15_NO,2005,17373,
dataflow,ESTAT:HSW_AW_NNASV(1.0),A,M3-6,F,NR,EU15_NO,2006,17174,
dataflow,ESTAT:HSW_AW_NNASV(1.0),A,M3-6,F,NR,EU15_NO,2007,17327,p
dataflow,ESTAT:HSW_AW_NNASV(1.0),A,M3-6,G,NR,EU15_NO,1996,8120,
dataflow,ESTAT:HSW_AW_NNASV(1.0),A,M3-6,G,NR,EU15_NO,1997,6613,
dataflow,ESTAT:HSW_AW_NNASV(1.0),A,M3-6,G,NR,EU15_NO,1998,7149,
dataflow,ESTAT:HSW_AW_NNASV(1.0),A,M3-6,G,NR,EU15_NO,1999,7731,
dataflow,ESTAT:HSW_AW_NNASV(1.0),A,M3-6,G,NR,EU15_NO,2000,8948,
dataflow,ESTAT:HSW_AW_NNASV(1.0),A,M3-6,G,NR,EU15_NO,2001,9560,
dataflow,ESTAT:HSW_AW_NNASV(1.0),A,M3-6,G,NR,EU15_NO,2002,9214,
dataflow,ESTAT:HSW_AW_NNASV(1.0),A,M3-6,G,NR,EU15_NO,2003,9152,
dataflow,ESTAT:HSW_AW_NNASV(1.0),A,M3-6,G,NR,EU15_NO,2004,9388,
dataflow,ESTAT:HSW_AW_NNASV(1.0),A,M3-6,G,NR,EU15_NO,2005,10249,
dataflow,ESTAT:HSW_AW_NNASV(1.0),A,M3-6,G,NR,EU15_NO,2006,9529,
dataflow,ESTAT:HSW_AW_NNASV(1.0),A,M3-6,G,NR,EU15_NO,2007,9918,p
dataflow,ESTAT:HSW_AW_NNASV(1.0),A,M3-6,H,NR,EU15_NO,1996,2508,
dataflow,ESTAT:HSW_AW_NNASV(1.0),A,M3-6,H,NR,EU15_NO,1997,2341,
dataflow,ESTAT:HSW_AW_NNASV(1.0),A,M3-6,H,NR,EU15_NO,1998,2469,
dataflow,ESTAT:HSW_AW_NNASV(1.0),A,M3-6,H,NR,EU15_NO,1999,2731,
dataflow,ESTAT:HSW_AW_NNASV(1.0),A,M3-6,H,NR,EU15_NO,2000,3267,
dataflow,ESTAT:HSW_AW_NNASV(1.0),A,M3-6,H,NR,EU15_NO,2001,3244,
dataflow,ESTAT:HSW_AW_NNASV(1.0),A,M3-6,H,NR,EU15_NO,2002,3285,
dataflow,ESTAT:HSW_AW_NNASV(1.0),A,M3-6,H,NR,EU15_NO,2003,3256,
dataflow,ESTAT:HSW_AW_NNASV(1.0),A,M3-6,H,NR,EU15_NO,2004,3327,
dataflow,ESTAT:HSW_AW_NNASV(1.0),A,M3-6,H,NR,EU15_NO,2005,3837,
dataflow,ESTAT:HSW_AW_NNASV(1.0),A,M3-6,H,NR,EU15_NO,2006,3510,
dataflow,ESTAT:HSW_AW_NNASV(1.0),A,M3-6,H,NR,EU15_NO,2007,3645,p
dataflow,ESTAT:HSW_AW_NNASV(1.0),A,M3-6,I,NR,EU15_NO,1996,7463,
dataflow,ESTAT:HSW_AW_NNASV(1.0),A,M3-6,I,NR,EU15_NO,1997,5528,
dataflow,ESTAT:HSW_AW_NNASV(1.0),A,M3-6,I,NR,EU15_NO,1998,5596,
dataflow,ESTAT:HSW_AW_NNASV(1.0),A,M3-6,I,NR,EU15_NO,1999,6502,
dataflow,ESTAT:HSW_AW_NNASV(1.0),A,M3-6,I,NR,EU15_NO,2000,7657,
dataflow,ESTAT:HSW_AW_NNASV(1.0),A,M3-6,I,NR,EU15_NO,2001,8355,
dataflow,ESTAT:HSW_AW_NNASV(1.0),A,M3-6,I,NR,EU15_NO,2002,7674,
dataflow,ESTAT:HSW_AW_NNASV(1.0),A,M3-6,I,NR,EU15_NO,2003,7703,
dataflow,ESTAT:HSW_AW_NNASV(1.0),A,M3-6,I,NR,EU15_NO,2004,8100,
dataflow,ESTAT:HSW_AW_NNASV(1.0),A,M3-6,I,NR,EU15_NO,2005,8920,
dataflow,ESTAT:HSW_AW_NNASV(1.0),A,M3-6,I,NR,EU15_NO,2006,8388,
dataflow,ESTAT:HSW_AW_NNASV(1.0),A,M3-6,I,NR,EU15_NO,2007,8564,p
dataflow,ESTAT:HSW_AW_NNASV(1.0),A,M3-6,J_K,NR,EU15_NO,1996,5414,
dataflow,ESTAT:HSW_AW_NNASV(1.0),A,M3-6,J_K,NR,EU15_NO,1997,5281,
dataflow,ESTAT:HSW_AW_NNASV(1.0),A,M3-6,J_K,NR,EU15_NO,1998,5574,
dataflow,ESTAT:HSW_AW_NNASV(1.0),A,M3-6,J_K,NR,EU15_NO,1999,6917,
dataflow,ESTAT:HSW_AW_NNASV(1.0),A,M3-6,J_K,NR,EU15_NO,2000,8294,
dataflow,ESTAT:HSW_AW_NNASV(1.0),A,M3-6,J_K,NR,EU15_NO,2001,8612,
dataflow,ESTAT:HSW_AW_NNASV(1.0),A,M3-6,J_K,NR,EU15_NO,2002,8611,
dataflow,ESTAT:HSW_AW_NNASV(1.0),A,M3-6,J_K,NR,EU15_NO,2003,8292,
dataflow,ESTAT:HSW_AW_NNASV(1.0),A,M3-6,J_K,NR,EU15_NO,2004,8297,
dataflow,ESTAT:HSW_AW_NNASV(1.0),A,M3-6,J_K,NR,EU15_NO,2005,8944,
dataflow,ESTAT:HSW_AW_NNASV(1.0),A,M3-6,J_K,NR,EU15_NO,2006,8697,
dataflow,ESTAT:HSW_AW_NNASV(1.0),A,M3-6,J_K,NR,EU15_NO,2007,9231,p
dataflow,ESTAT:HSW_AW_NNASV(1.0),A,M3-6,TOTAL,NR,EU15_NO,1996,85460,
dataflow,ESTAT:HSW_AW_NNASV(1.0),A,M3-6,TOTAL,NR,EU15_NO,1997,61431,
dataflow,ESTAT:HSW_AW_NNASV(1.0),A,M3-6,TOTAL,NR,EU15_NO,1998,63825,
dataflow,ESTAT:HSW_AW_NNASV(1.0),A,M3-6,TOTAL,NR,EU15_NO,1999,68547,
dataflow,ESTAT:HSW_AW_NNASV(1.0),A,M3-6,TOTAL,NR,EU15_NO,2000,81430,
dataflow,ESTAT:HSW_AW_NNASV(1.0),A,M3-6,TOTAL,NR,EU15_NO,2001,86544,
dataflow,ESTAT:HSW_AW_NNASV(1.0),A,M3-6,TOTAL,NR,EU15_NO,2002,77964,
dataflow,ESTAT:HSW_AW_NNASV(1.0),A,M3-6,TOTAL,NR,EU15_NO,2003,76584,
dataflow,ESTAT:HSW_AW_NNASV(1.0),A,M3-6,TOTAL,NR,EU15_NO,2004,79778,
dataflow,ESTAT:HSW_AW_NNASV(1.0),A,M3-6,TOTAL,NR,EU15_NO,2005,86799,
dataflow,ESTAT:HSW_AW_NNASV(1.0),A,M3-6,TOTAL,NR,EU15_NO,2006,80954,
dataflow,ESTAT:HSW_AW_NNASV(1.0),A,M3-6,TOTAL,NR,EU15_NO,2007,83463,p
dataflow,ESTAT:HSW_AW_NNASV(1.0),A,NSP,A,NR,EU15_NO,1996,180189,
dataflow,ESTAT:HSW_AW_NNASV(1.0),A,NSP,A,NR,EU15_NO,1997,166200,
dataflow,ESTAT:HSW_AW_NNASV(1.0),A,NSP,A,NR,EU15_NO,1998,169112,
dataflow,ESTAT:HSW_AW_NNASV(1.0),A,NSP,A,NR,EU15_NO,1999,192661,
dataflow,ESTAT:HSW_AW_NNASV(1.0),A,NSP,A,NR,EU15_NO,2000,186116,
dataflow,ESTAT:HSW_AW_NNASV(1.0),A,NSP,A,NR,EU15_NO,2001,169668,
dataflow,ESTAT:HSW_AW_NNASV(1.0),A,NSP,A,NR,EU15_NO,2002,155487,
dataflow,ESTAT:HSW_AW_NNASV(1.0),A,NSP,A,NR,EU15_NO,2003,141733,
dataflow,ESTAT:HSW_AW_NNASV(1.0),A,NSP,A,NR,EU15_NO,2004,133263,
dataflow,ESTAT:HSW_AW_NNASV(1.0),A,NSP,A,NR,EU15_NO,2005,106653,
dataflow,ESTAT:HSW_AW_NNASV(1.0),A,NSP,A,NR,EU15_NO,2006,107611,
dataflow,ESTAT:HSW_AW_NNASV(1.0),A,NSP,A,NR,EU15_NO,2007,94349,p
dataflow,ESTAT:HSW_AW_NNASV(1.0),A,NSP,A_D-K,NR,EU15_NO,1996,1775572,
dataflow,ESTAT:HSW_AW_NNASV(1.0),A,NSP,A_D-K,NR,EU15_NO,1997,1960776,
dataflow,ESTAT:HSW_AW_NNASV(1.0),A,NSP,A_D-K,NR,EU15_NO,1998,1933612,
dataflow,ESTAT:HSW_AW_NNASV(1.0),A,NSP,A_D-K,NR,EU15_NO,1999,1976674,
dataflow,ESTAT:HSW_AW_NNASV(1.0),A,NSP,A_D-K,NR,EU15_NO,2000,1940825,
dataflow,ESTAT:HSW_AW_NNASV(1.0),A,NSP,A_D-K,NR,EU15_NO,2001,1801273,
dataflow,ESTAT:HSW_AW_NNASV(1.0),A,NSP,A_D-K,NR,EU15_NO,2002,1526860,
dataflow,ESTAT:HSW_AW_NNASV(1.0),A,NSP,A_D-K,NR,EU15_NO,2003,1380603,
dataflow,ESTAT:HSW_AW_NNASV(1.0),A,NSP,A_D-K,NR,EU15_NO,2004,1279841,
dataflow,ESTAT:HSW_AW_NNASV(1.0),A,NSP,A_D-K,NR,EU15_NO,2005,1192831,
dataflow,ESTAT:HSW_AW_NNASV(1.0),A,NSP,A_D-K,NR,EU15_NO,2006,1188272,
dataflow,ESTAT:HSW_AW_NNASV(1.0),A,NSP,A_D-K,NR,EU15_NO,2007,1026741,p
dataflow,ESTAT:HSW_AW_NNASV(1.0),A,NSP,D,NR,EU15_NO,1996,600930,
dataflow,ESTAT:HSW_AW_NNASV(1.0),A,NSP,D,NR,EU15_NO,1997,668738,
dataflow,ESTAT:HSW_AW_NNASV(1.0),A,NSP,D,NR,EU15_NO,1998,661141,
dataflow,ESTAT:HSW_AW_NNASV(1.0),A,NSP,D,NR,EU15_NO,1999,657564,
dataflow,ESTAT:HSW_AW_NNASV(1.0),A,NSP,D,NR,EU15_NO,2000,635296,
dataflow,ESTAT:HSW_AW_NNASV(1.0),A,NSP,D,NR,EU15_NO,2001,587709,
dataflow,ESTAT:HSW_AW_NNASV(1.0),A,NSP,D,NR,EU15_NO,2002,478870,
dataflow,ESTAT:HSW_AW_NNASV(1.0),A,NSP,D,NR,EU15_NO,2003,426054,
dataflow,ESTAT:HSW_AW_NNASV(1.0),A,NSP,D,NR,EU15_NO,2004,392102,
dataflow,ESTAT:HSW_AW_NNASV(1.0),A,NSP,D,NR,EU15_NO,2005,369712,
dataflow,ESTAT:HSW_AW_NNASV(1.0),A,NSP,D,NR,EU15_NO,2006,359944,
dataflow,ESTAT:HSW_AW_NNASV(1.0),A,NSP,D,NR,EU15_NO,2007,308025,p
dataflow,ESTAT:HSW_AW_NNASV(1.0),A,NSP,E,NR,EU15_NO,1996,5676,
dataflow,ESTAT:HSW_AW_NNASV(1.0),A,NSP,E,NR,EU15_NO,1997,6931,
dataflow,ESTAT:HSW_AW_NNASV(1.0),A,NSP,E,NR,EU15_NO,1998,6160,
dataflow,ESTAT:HSW_AW_NNASV(1.0),A,NSP,E,NR,EU15_NO,1999,5090,
dataflow,ESTAT:HSW_AW_NNASV(1.0),A,NSP,E,NR,EU15_NO,2000,4934,
dataflow,ESTAT:HSW_AW_NNASV(1.0),A,NSP,E,NR,EU15_NO,2001,4026,
dataflow,ESTAT:HSW_AW_NNASV(1.0),A,NSP,E,NR,EU15_NO,2002,9134,
dataflow,ESTAT:HSW_AW_NNASV(1.0),A,NSP,E,NR,EU15_NO,2003,9166,
dataflow,ESTAT:HSW_AW_NNASV(1.0),A,NSP,E,NR,EU15_NO,2004,8030,
dataflow,ESTAT:HSW_AW_NNASV(1.0),A,NSP,E,NR,EU15_NO,2005,7972,
dataflow,ESTAT:HSW_AW_NNASV(1.0),A,NSP,E,NR,EU15_NO,2006,7210,
dataflow,ESTAT:HSW_AW_NNASV(1.0),A,NSP,E,NR,EU15_NO,2007,6307,p
dataflow,ESTAT:HSW_AW_NNASV(1.0),A,NSP,F,NR,EU15_NO,1996,391867,
dataflow,ESTAT:HSW_AW_NNASV(1.0),A,NSP,F,NR,EU15_NO,1997,430365,
dataflow,ESTAT:HSW_AW_NNASV(1.0),A,NSP,F,NR,EU15_NO,1998,411246,
dataflow,ESTAT:HSW_AW_NNASV(1.0),A,NSP,F,NR,EU15_NO,1999,406964,
dataflow,ESTAT:HSW_AW_NNASV(1.0),A,NSP,F,NR,EU15_NO,2000,388656,
dataflow,ESTAT:HSW_AW_NNASV(1.0),A,NSP,F,NR,EU15_NO,2001,348250,
dataflow,ESTAT:HSW_AW_NNASV(1.0),A,NSP,F,NR,EU15_NO,2002,310640,
dataflow,ESTAT:HSW_AW_NNASV(1.0),A,NSP,F,NR,EU15_NO,2003,280439,
dataflow,ESTAT:HSW_AW_NNASV(1.0),A,NSP,F,NR,EU15_NO,2004,262879,
dataflow,ESTAT:HSW_AW_NNASV(1.0),A,NSP,F,NR,EU15_NO,2005,243432,
dataflow,ESTAT:HSW_AW_NNASV(1.0),A,NSP,F,NR,EU15_NO,2006,241255,
dataflow,ESTAT:HSW_AW_NNASV(1.0),A,NSP,F,NR,EU15_NO,2007,194842,p
dataflow,ESTAT:HSW_AW_NNASV(1.0),A,NSP,G,NR,EU15_NO,1996,170334,
dataflow,ESTAT:HSW_AW_NNASV(1.0),A,NSP,G,NR,EU15_NO,1997,218949,
dataflow,ESTAT:HSW_AW_NNASV(1.0),A,NSP,G,NR,EU15_NO,1998,222294,
dataflow,ESTAT:HSW_AW_NNASV(1.0),A,NSP,G,NR,EU15_NO,1999,235968,
dataflow,ESTAT:HSW_AW_NNASV(1.0),A,NSP,G,NR,EU15_NO,2000,241171,
dataflow,ESTAT:HSW_AW_NNASV(1.0),A,NSP,G,NR,EU15_NO,2001,226261,
dataflow,ESTAT:HSW_AW_NNASV(1.0),A,NSP,G,NR,EU15_NO,2002,219293,
dataflow,ESTAT:HSW_AW_NNASV(1.0),A,NSP,G,NR,EU15_NO,2003,197101,
dataflow,ESTAT:HSW_AW_NNASV(1.0),A,NSP,G,NR,EU15_NO,2004,183405,
dataflow,ESTAT:HSW_AW_NNASV(1.0),A,NSP,G,NR,EU15_NO,2005,175603,
dataflow,ESTAT:HSW_AW_NNASV(1.0),A,NSP,G,NR,EU15_NO,2006,172240,
dataflow,ESTAT:HSW_AW_NNASV(1.0),A,NSP,G,NR,EU15_NO,2007,149737,p
dataflow,ESTAT:HSW_AW_NNASV(1.0),A,NSP,H,NR,EU15_NO,1996,69246,
dataflow,ESTAT:HSW_AW_NNASV(1.0),A,NSP,H,NR,EU15_NO,1997,87546,
dataflow,ESTAT:HSW_AW_NNASV(1.0),A,NSP,H,NR,EU15_NO,1998,87124,
dataflow,ESTAT:HSW_AW_NNASV(1.0),A,NSP,H,NR,EU15_NO,1999,92203,
dataflow,ESTAT:HSW_AW_NNASV(1.0),A,NSP,H,NR,EU15_NO,2000,98466,
dataflow,ESTAT:HSW_AW_NNASV(1.0),A,NSP,H,NR,EU15_NO,2001,92350,
dataflow,ESTAT:HSW_AW_NNASV(1.0),A,NSP,H,NR,EU15_NO,2002,80664,
dataflow,ESTAT:HSW_AW_NNASV(1.0),A,NSP,H,NR,EU15_NO,2003,79791,
dataflow,ESTAT:HSW_AW_NNASV(1.0),A,NSP,H,NR,EU15_NO,2004,73723,
dataflow,ESTAT:HSW_AW_NNASV(1.0),A,NSP,H,NR,EU15_NO,2005,72932,
dataflow,ESTAT:HSW_AW_NNASV(1.0),A,NSP,H,NR,EU15_NO,2006,72285,
dataflow,ESTAT:HSW_AW_NNASV(1.0),A,NSP,H,NR,EU15_NO,2007,61630,p
dataflow,ESTAT:HSW_AW_NNASV(1.0),A,NSP,I,NR,EU15_NO,1996,265516,
dataflow,ESTAT:HSW_AW_NNASV(1.0),A,NSP,I,NR,EU15_NO,1997,283571,
dataflow,ESTAT:HSW_AW_NNASV(1.0),A,NSP,I,NR,EU15_NO,1998,278999,
dataflow,ESTAT:HSW_AW_NNASV(1.0),A,NSP,I,NR,EU15_NO,1999,272695,
dataflow,ESTAT:HSW_AW_NNASV(1.0),A,NSP,I,NR,EU15_NO,2000,269712,
dataflow,ESTAT:HSW_AW_NNASV(1.0),A,NSP,I,NR,EU15_NO,2001,256071,
dataflow,ESTAT:HSW_AW_NNASV(1.0),A,NSP,I,NR,EU15_NO,2002,151020,
dataflow,ESTAT:HSW_AW_NNASV(1.0),A,NSP,I,NR,EU15_NO,2003,121767,
dataflow,ESTAT:HSW_AW_NNASV(1.0),A,NSP,I,NR,EU15_NO,2004,119051,
dataflow,ESTAT:HSW_AW_NNASV(1.0),A,NSP,I,NR,EU15_NO,2005,107497,
dataflow,ESTAT:HSW_AW_NNASV(1.0),A,NSP,I,NR,EU15_NO,2006,109999,
dataflow,ESTAT:HSW_AW_NNASV(1.0),A,NSP,I,NR,EU15_NO,2007,100154,p
dataflow,ESTAT:HSW_AW_NNASV(1.0),A,NSP,J_K,NR,EU15_NO,1996,68196,
dataflow,ESTAT:HSW_AW_NNASV(1.0),A,NSP,J_K,NR,EU15_NO,1997,98476,
dataflow,ESTAT:HSW_AW_NNASV(1.0),A,NSP,J_K,NR,EU15_NO,1998,97536,
dataflow,ESTAT:HSW_AW_NNASV(1.0),A,NSP,J_K,NR,EU15_NO,1999,113529,
dataflow,ESTAT:HSW_AW_NNASV(1.0),A,NSP,J_K,NR,EU15_NO,2000,116475,
dataflow,ESTAT:HSW_AW_NNASV(1.0),A,NSP,J_K,NR,EU15_NO,2001,116938,
dataflow,ESTAT:HSW_AW_NNASV(1.0),A,NSP,J_K,NR,EU15_NO,2002,121751,
dataflow,ESTAT:HSW_AW_NNASV(1.0),A,NSP,J_K,NR,EU15_NO,2003,124553,
dataflow,ESTAT:HSW_AW_NNASV(1.0),A,NSP,J_K,NR,EU15_NO,2004,107388,
dataflow,ESTAT:HSW_AW_NNASV(1.0),A,NSP,J_K,NR,EU15_NO,2005,109031,
dataflow,ESTAT:HSW_AW_NNASV(1.0),A,NSP,J_K,NR,EU15_NO,2006,117730,
dataflow,ESTAT:HSW_AW_NNASV(1.0),A,NSP,J_K,NR,EU15_NO,2007,111697,p
dataflow,ESTAT:HSW_AW_NNASV(1.0),A,NSP,TOTAL,NR,EU15_NO,1996,2176922,
dataflow,ESTAT:HSW_AW_NNASV(1.0),A,NSP,TOTAL,NR,EU15_NO,1997,2425465,
dataflow,ESTAT:HSW_AW_NNASV(1.0),A,NSP,TOTAL,NR,EU15_NO,1998,2395387,
dataflow,ESTAT:HSW_AW_NNASV(1.0),A,NSP,TOTAL,NR,EU15_NO,1999,2417844,
dataflow,ESTAT:HSW_AW_NNASV(1.0),A,NSP,TOTAL,NR,EU15_NO,2000,2372167,
dataflow,ESTAT:HSW_AW_NNASV(1.0),A,NSP,TOTAL,NR,EU15_NO,2001,2190618,
dataflow,ESTAT:HSW_AW_NNASV(1.0),A,NSP,TOTAL,NR,EU15_NO,2002,1916815,
dataflow,ESTAT:HSW_AW_NNASV(1.0),A,NSP,TOTAL,NR,EU15_NO,2003,1735397,
dataflow,ESTAT:HSW_AW_NNASV(1.0),A,NSP,TOTAL,NR,EU15_NO,2004,1606838,
dataflow,ESTAT:HSW_AW_NNASV(1.0),A,NSP,TOTAL,NR,EU15_NO,2005,1512523,
dataflow,ESTAT:HSW_AW_NNASV(1.0),A,NSP,TOTAL,NR,EU15_NO,2006,1499211,
dataflow,ESTAT:HSW_AW_NNASV(1.0),A,NSP,TOTAL,NR,EU15_NO,2007,1338666,p
